identifier,label_str,label_int
ABACOX,salt,1
ABADAK,salt,1
ABADOY,salt,1
ABADUD,cocrystal,2
ABAFIU,salt,1
ABAGER,salt,1
ABAJAQ,salt,1
ABAKOF,salt,1
ABAMAV,solvate,4
ABAQEB,salt,1
ABDECO10,cocrystal,2
ABEBUF,cocrystal,2
ABEHOF,salt,1
ABEJUN,solvate,4
ABEKUN,cocrystal,2
ABELAU,cocrystal,2
ABELEY,cocrystal,2
ABELIC,cocrystal,2
ABELUP,salt,1
ABEQIH,hydrate,3
ABEQIL,salt,1
ABEQON,salt,1
ABERAB,hydrate,3
ABIROW,salt,1
ABIRUC,hydrate,3
ABISAJ,solvate,4
ABISEN,hydrate,3
ABISIR,salt,1
ABISOX,solvate,4
ABISUD,solvate,4
ABITAK,cocrystal,2
ABITEO,salt,1
ABOQUF,cocrystal,2
ABORAM,cocrystal,2
ABORAO,hydrate,3
ABOTUK,cocrystal,2
ABOVAS,cocrystal,2
ABOVEW,cocrystal,2
ABOVIA,cocrystal,2
ABUHIO,cocrystal,2
ABUHOU,hydrate,3
ABUHUA,salt,1
ABUHUD,salt,1
ABUJUE,salt,1
ABUJUF,hydrate,3
ABUKEP,salt,1
ABUKIT,salt,1
ABUKOZ,salt,1
ABUKUF,salt,1
ABULAM,salt,1
ABULEQ,cocrystal,2
ABULIU,hydrate,3
ABUMIX,salt,1
ABUNAM,cocrystal,2
ABUNIU,cocrystal,2
ABUNOA,cocrystal,2
ABUNUG,cocrystal,2
ABUPES,cocrystal,2
ABUQAR,salt,1
ABUWAY,hydrate,3
ABUWEC,salt,1
ACABUD,salt,1
ACACAK,salt,1
ACACIS,hydrate,3
ACACOY,salt,1
ACACUC,salt,1
ACACUE,salt,1
ACADAJ,salt,1
ACAFOD,salt,1
ACAGAN,cocrystal,2
ACAHUK,solvate,4
ACARBM,salt,1
ACASUL,salt,1
ACAXAD,salt,1
ACAYIM,hydrate,3
ACELOK,salt,1
ACERAD,cocrystal,2
ACEREH,cocrystal,2
ACEREJ,hydrate,3
ACERUX,hydrate,3
ACESAE,cocrystal,2
ACESEI,cocrystal,2
ACESIL,cocrystal,2
ACESIM,hydrate,3
ACESOS,hydrate,3
ACETAF,cocrystal,2
ACETEJ,cocrystal,2
ACETFS,salt,1
ACETIN,salt,1
ACETOT,salt,1
ACEWIP,salt,1
ACEYEN,hydrate,3
ACEYUD,hydrate,3
ACIFAT,salt,1
ACIKIH,hydrate,3
ACIRIO,salt,1
ACMNPH,cocrystal,2
ACNTCB,cocrystal,2
ACNTCQ,cocrystal,2
ACOFAC,cocrystal,2
ACOGII,cocrystal,2
ACOGOO,cocrystal,2
ACOJIO,cocrystal,2
ACOJOU,salt,1
ACOJUA,salt,1
ACOMEN,salt,1
ACOMOW,cocrystal,2
ACOMUC,cocrystal,2
ACONIR,cocrystal,2
ACOPOA,cocrystal,2
ACOPUG,cocrystal,2
ACOSIV,salt,1
ACOSOB,salt,1
ACOSUH,salt,1
ACOVOE,salt,1
ACOYOG,cocrystal,2
ACOYUM,cocrystal,2
ACOZIB,solvate,4
ACOZOI,hydrate,3
ACRMSB,salt,1
ACTHCO10,salt,1
ACUBAC,hydrate,3
ACUDAG,cocrystal,2
ACUDEK,cocrystal,2
ACUDIO,cocrystal,2
ACUKIV,hydrate,3
ACUPIX,salt,1
ACUXIG,hydrate,3
ADAGUL,cocrystal,2
ADAHAR,hydrate,3
ADAKAR,solvate,4
ADALAS,solvate,4
ADALEW,solvate,4
ADALIA,salt,1
ADAPUR,salt,1
ADAQIG,salt,1
ADARIH,cocrystal,2
ADASEE,salt,1
ADATIJ,salt,1
ADAVIK,hydrate,3
ADAVOQ,hydrate,3
ADAVUW,salt,1
ADAWIP,salt,1
ADAWOV,hydrate,3
ADEBOE,salt,1
ADECIW,cocrystal,2
ADEDIX,cocrystal,2
ADEHAV,salt,1
ADEHEA,salt,1
ADEHUN,salt,1
ADELOX10,salt,1
ADENIJ,salt,1
ADENPH,salt,1
ADENSL,salt,1
ADEPOO,solvate,4
ADEPUU,salt,1
ADEQAB,salt,1
ADEQEJ,solvate,4
ADESEI,salt,1
ADESON10,salt,1
ADESUL,hydrate,3
ADETOT,cocrystal,2
ADEYOA,salt,1
ADEYUG,salt,1
ADEZER,salt,1
ADIFIE,cocrystal,2
ADIHOK,cocrystal,2
ADIHOL,salt,1
ADIJIH,hydrate,3
ADIJUT,hydrate,3
ADIKII,salt,1
ADIZIA,salt,1
ADMINA,salt,1
ADMPOS10,salt,1
ADOFIJ,cocrystal,2
ADOHEI,cocrystal,2
ADOKIN,salt,1
ADOSBU,cocrystal,2
ADOTAO,cocrystal,2
ADOZOI,salt,1
ADRBFT10,hydrate,3
ADRTAR,salt,1
ADUBOU,salt,1
ADUCEI,salt,1
ADUCIM,salt,1
ADULEQ,cocrystal,2
ADUNIA,hydrate,3
ADUPUL,solvate,4
ADUQEZ,cocrystal,2
ADUWIG,salt,1
ADUYUX,salt,1
AFABEP,cocrystal,2
AFABOZ,cocrystal,2
AFABUF,cocrystal,2
AFAJOK,solvate,4
AFAKOJ,salt,1
AFALAW,salt,1
AFAYAI,salt,1
AFAYEO,salt,1
AFAYIS,salt,1
AFAYUB,salt,1
AFAZAI,cocrystal,2
AFEBES,salt,1
AFEBIW,solvate,4
AFEBIY,salt,1
AFEDIY,salt,1
AFEDOE,salt,1
AFEDUK,salt,1
AFEFAS,salt,1
AFEFID,hydrate,3
AFEMIJ,cocrystal,2
AFEQEJ,cocrystal,2
AFEQIN,cocrystal,2
AFEQOT,cocrystal,2
AFEQOU,salt,1
AFEQUZ,cocrystal,2
AFERAG,cocrystal,2
AFEREK,cocrystal,2
AFESOU,salt,1
AFEYIU,salt,1
AFICEZ,salt,1
AFICID,cocrystal,2
AFIGED,cocrystal,2
AFIJAC,salt,1
AFIJEF,salt,1
AFIKEG,salt,1
AFIMOV,hydrate,3
AFINEJ,salt,1
AFIQEL,salt,1
AFIQEN,solvate,4
AFIQOX,salt,1
AFIREO,salt,1
AFIRIU,cocrystal,2
AFIROA,cocrystal,2
AFITOA,salt,1
AFITUG,salt,1
AFIVAO,salt,1
AFIWUK,salt,1
AFIXOG,cocrystal,2
AFIXUM,cocrystal,2
AFIYAT,cocrystal,2
AFIYEX,hydrate,3
AFIYIB,hydrate,3
AFIYOF,cocrystal,2
AFOHIO,salt,1
AFONIV,cocrystal,2
AFONOB,cocrystal,2
AFONUH,cocrystal,2
AFOPAP,cocrystal,2
AFOPIX,cocrystal,2
AFOPOD,cocrystal,2
AFOQAN,salt,1
AFOQIX,salt,1
AFUGAN,salt,1
AFUGER,hydrate,3
AFUHAM,hydrate,3
AFUHEQ,salt,1
AFUHIU,salt,1
AFUHUG,cocrystal,2
AFUJAO,salt,1
AFUJES,salt,1
AFUJIW,salt,1
AFUJOC,salt,1
AFULIZ,salt,1
AFULOF,salt,1
AFUNOF,salt,1
AFUNUL,salt,1
AFUNUM,salt,1
AFUPAT,salt,1
AFUROL,cocrystal,2
AFUSEC,salt,1
AFUVEG,cocrystal,2
AFUVON,solvate,4
AFUZAC,salt,1
AGAGAU,hydrate,3
AGAHUN,salt,1
AGAJAV,salt,1
AGAPAB,salt,1
AGAPOP,salt,1
AGAPUV,salt,1
AGAQEG,salt,1
AGAQIK,salt,1
AGAQOQ,hydrate,3
AGASOS,cocrystal,2
AGAVEJ,hydrate,3
AGECEX,salt,1
AGECOI,salt,1
AGEDAU,salt,1
AGEGOM,solvate,4
AGEJAA,hydrate,3
AGEQIN,salt,1
AGEQIO,hydrate,3
AGEREN,salt,1
AGEROV,salt,1
AGEWAO,cocrystal,2
AGEXER,salt,1
AGEXIV,salt,1
AGEYIX,salt,1
AGEYOD,solvate,4
AGIBAW,hydrate,3
AGIGEE,cocrystal,2
AGIGUU,hydrate,3
AGIHEF,hydrate,3
AGIHOP,salt,1
AGIJAF,cocrystal,2
AGIJIN,cocrystal,2
AGIKUY,hydrate,3
AGIPUD,solvate,4
AGITUJ,cocrystal,2
AGIVAR,cocrystal,2
AGOCIK,salt,1
AGOCOQ,salt,1
AGOKUC,salt,1
AGONOA,salt,1
AGOPEU,cocrystal,2
AGOPIY,hydrate,3
AGOQOE,salt,1
AGORAS,cocrystal,2
AGOREW,cocrystal,2
AGOSOI,solvate,4
AGOSUN,salt,1
AGOSUO,cocrystal,2
AGOTAT,salt,1
AGOTAV,cocrystal,2
AGOTEY,salt,1
AGOTEZ,solvate,4
AGOVIE,salt,1
AGUFUH,salt,1
AGUJAO,hydrate,3
AGULIA,cocrystal,2
AGUSEB,hydrate,3
AGUSIF,salt,1
AGUTON,hydrate,3
AGUTUT,hydrate,3
AHASUX,cocrystal,2
AHATAE,cocrystal,2
AHATEI,cocrystal,2
AHATIM,cocrystal,2
AHAWUD,solvate,4
AHAXUE,solvate,4
AHCABS,salt,1
AHCNPI,salt,1
AHCROC10,salt,1
AHENUW,salt,1
AHERAG,salt,1
AHEROU,hydrate,3
AHEVIT,cocrystal,2
AHEVOB,cocrystal,2
AHEVOZ,cocrystal,2
AHGLUT,salt,1
AHIRER,solvate,4
AHOREW,hydrate,3
AHORIA,hydrate,3
AHOROG,hydrate,3
AHOSAR,salt,1
AHOVOJ,salt,1
AHOXLH,hydrate,3
AHPHAL,salt,1
AHTPAL,salt,1
AHUDAK,salt,1
AHUDIS,salt,1
AHULAS,salt,1
AHULOG,salt,1
AHUVEH,salt,1
AHUYIL,salt,1
AIPMLM,salt,1
AJACOF,cocrystal,2
AJACOG,hydrate,3
AJACUM,hydrate,3
AJADEX,salt,1
AJAGEX,cocrystal,2
AJAGIB,cocrystal,2
AJAGOH,cocrystal,2
AJAGUN,cocrystal,2
AJAHEY,cocrystal,2
AJAHIC,cocrystal,2
AJAHOI,cocrystal,2
AJAHUO,cocrystal,2
AJAJEA,cocrystal,2
AJAKAX,cocrystal,2
AJAKEB,cocrystal,2
AJAKOL,cocrystal,2
AJAKUR,cocrystal,2
AJALAY,cocrystal,2
AJALEC,cocrystal,2
AJAMIJ,solvate,4
AJAQOU,salt,1
AJARAF,salt,1
AJARIN,hydrate,3
AJAROV,solvate,4
AJASAG,salt,1
AJASEK,salt,1
AJAVAK,cocrystal,2
AJEBOG,salt,1
AJECAT,salt,1
AJEQIP,salt,1
AJEQOV,salt,1
AJESEQ,salt,1
AJEYIY,salt,1
AJEZAR,hydrate,3
AJEZEV,cocrystal,2
AJIDII,salt,1
AJISIX,cocrystal,2
AJISOD,cocrystal,2
AJISUI,salt,1
AJIVAR,hydrate,3
AJIWIA,cocrystal,2
AJIXEX,solvate,4
AJODAH,salt,1
AJODOU,hydrate,3
AJODUB,cocrystal,2
AJOFUA,hydrate,3
AJOGAJ,cocrystal,2
AJOGEN,cocrystal,2
AJOGOX,cocrystal,2
AJOGUE,cocrystal,2
AJOHAL,cocrystal,2
AJOHEM,salt,1
AJOHEP,cocrystal,2
AJOHOW,salt,1
AJOHOZ,cocrystal,2
AJOHUC,hydrate,3
AJOHUF,cocrystal,2
AJOLOB,salt,1
AJOMOE,cocrystal,2
AJORUO,salt,1
AJOSEZ,salt,1
AJOVIF,salt,1
AJOZIL,cocrystal,2
AJOZOR,cocrystal,2
AJUBOZ,hydrate,3
AJUKIZ,salt,1
AJULEW,salt,1
AJUMIC,cocrystal,2
AJUMOH,hydrate,3
AJUSOO,cocrystal,2
AJUVOS,salt,1
AJUVUW,salt,1
AJUXOS,cocrystal,2
AJUXUY,cocrystal,2
AJUYAF,cocrystal,2
AJUYIN,cocrystal,2
AKAQIM,salt,1
AKAQOS,salt,1
AKASAG,cocrystal,2
AKASEK,cocrystal,2
AKATUB,cocrystal,2
AKATUC,salt,1
AKAVEN,solvate,4
AKAVIR,hydrate,3
AKAWAN,salt,1
AKAXES,salt,1
AKAXIW,salt,1
AKEMOU,salt,1
AKENEK,cocrystal,2
AKENUA,salt,1
AKEQUD,cocrystal,2
AKEREN,salt,1
AKESAK,salt,1
AKETOZ,salt,1
AKIBOM,cocrystal,2
AKIGAE,cocrystal,2
AKISEU,cocrystal,2
AKITAR,solvate,4
AKIXID,cocrystal,2
AKIXOH,hydrate,3
AKIXOJ,cocrystal,2
AKIXUP,cocrystal,2
AKIYAW,cocrystal,2
AKIYEA,cocrystal,2
AKIYIE,cocrystal,2
AKIZAV,salt,1
AKOCIO,cocrystal,2
AKOFUB,hydrate,3
AKOHIT,solvate,4
AKOJAM,salt,1
AKOJEQ,solvate,4
AKOTOJ,cocrystal,2
AKOXON,salt,1
AKOZEF,solvate,4
AKUSOP,salt,1
AKUSUW,solvate,4
AKUVIO,salt,1
AKUZUD,cocrystal,2
ALABEU,hydrate,3
ALACAT,cocrystal,2
ALAHEA,cocrystal,2
ALAMEF,salt,1
ALAPIO,solvate,4
ALATEN,solvate,4
ALEDIH,salt,1
ALETIW,hydrate,3
ALETOC,cocrystal,2
ALIGEH,hydrate,3
ALIGIL,salt,1
ALIGUZ,hydrate,3
ALIWID,salt,1
ALIWIE,salt,1
ALIWUQ,salt,1
ALODAH,hydrate,3
ALOKIW,salt,1
ALOLAP,salt,1
ALOLIW,cocrystal,2
ALOQIC,salt,1
ALOQOI,salt,1
ALOQUO,salt,1
ALORAV,salt,1
ALORIF,cocrystal,2
ALOROL,cocrystal,2
ALOTEA,salt,1
ALOTIE,salt,1
ALOWUW,salt,1
ALUCIV,solvate,4
ALUHAS,salt,1
ALULOK,hydrate,3
ALUMAV,cocrystal,2
ALUMID,cocrystal,2
ALUMOJ,cocrystal,2
ALUNOK,salt,1
ALURUW,salt,1
ALZFLR,solvate,4
AMACET,salt,1
AMACEY,cocrystal,2
AMAKUV,salt,1
AMANNS,hydrate,3
AMAPEK,hydrate,3
AMAQUD,salt,1
AMAREO,salt,1
AMARIS,salt,1
AMASEO,hydrate,3
AMASIS,hydrate,3
AMATEO,hydrate,3
AMAVEP,salt,1
AMAYIZ,salt,1
AMAYOF,solvate,4
AMAYUL,salt,1
AMAZAS,salt,1
AMBARB,salt,1
AMBSAM10,cocrystal,2
AMCLAN10,hydrate,3
AMCYME,salt,1
AMDFAC,salt,1
AMDMCN,salt,1
AMEBUS,salt,1
AMECUT,salt,1
AMEMAI,salt,1
AMEQIS,cocrystal,2
AMESET,cocrystal,2
AMETOD,salt,1
AMFORM,salt,1
AMHBZO,salt,1
AMHCIN,salt,1
AMHCLA,salt,1
AMHMAM,salt,1
AMHMAN,hydrate,3
AMHTAR,salt,1
AMHTCA,salt,1
AMIDEF,cocrystal,2
AMIDIJ,cocrystal,2
AMIDOP,salt,1
AMIFAD,salt,1
AMIFEH,salt,1
AMIGUA,hydrate,3
AMIHAH,cocrystal,2
AMIKIS,salt,1
AMILEN,cocrystal,2
AMILOX,cocrystal,2
AMILUD,cocrystal,2
AMIMAK,cocrystal,2
AMIMCC,salt,1
AMIMEO,cocrystal,2
AMINER,salt,1
AMIVOI,hydrate,3
AMIVUO,cocrystal,2
AMIWAV,hydrate,3
AMIWEZ,hydrate,3
AMIYUR,salt,1
AMIZAY,salt,1
AMMFAC,salt,1
AMONAN10,salt,1
AMOROT,hydrate,3
AMOXAL,hydrate,3
AMOXAM,salt,1
AMOZAG,salt,1
AMPETP,salt,1
AMPETS,salt,1
AMPICR,salt,1
AMPPSM,salt,1
AMTBUB,salt,1
AMTFAC,salt,1
AMTPCY,salt,1
AMUBAM,cocrystal,2
AMUCAO,cocrystal,2
AMUQAB,salt,1
ANAPOX,salt,1
ANAWOE,cocrystal,2
ANAYOG,cocrystal,2
ANAZAT,cocrystal,2
ANCPOL,cocrystal,2
ANCTNB,cocrystal,2
ANDTRD,cocrystal,2
ANEFIL,hydrate,3
ANEGEH,salt,1
ANEGIL,salt,1
ANEJOT,solvate,4
ANEJUZ,salt,1
ANEKAG,solvate,4
ANEKEK,solvate,4
ANEKOU,hydrate,3
ANELAH,solvate,4
ANELEL,solvate,4
ANENOX,hydrate,3
ANENUD,hydrate,3
ANEPAL,hydrate,3
ANEYOI,salt,1
ANEYUO,salt,1
ANEZEB,salt,1
ANGSTF,salt,1
ANILEQ,hydrate,3
ANIMUH,cocrystal,2
ANINAO,cocrystal,2
ANINES,cocrystal,2
ANIPET,hydrate,3
ANIPIX,salt,1
ANIPOD,solvate,4
ANIQAQ,salt,1
ANITOJ,salt,1
ANITUP,salt,1
ANIVAX,hydrate,3
ANLPCP,cocrystal,2
ANOLIZ,cocrystal,2
ANOLOF,cocrystal,2
ANOLUL,cocrystal,2
ANOMAS,cocrystal,2
ANOPOK,salt,1
ANOPUP,cocrystal,2
ANORAX,cocrystal,2
ANOTAZ,cocrystal,2
ANOVAC,salt,1
ANOVIK,salt,1
ANPHXN,cocrystal,2
ANTCYB,cocrystal,2
ANTPIC,cocrystal,2
ANTPML,cocrystal,2
ANTTCN,solvate,4
ANULIF,cocrystal,2
ANUMEC,cocrystal,2
ANUNAZ,hydrate,3
ANUNED,cocrystal,2
ANUPIJ,cocrystal,2
ANUPUV,cocrystal,2
ANUQAC,cocrystal,2
APADIH,solvate,4
APADOL,solvate,4
APADUS,salt,1
APAKIM,salt,1
APAKOS,salt,1
APALIN,salt,1
APALOT,salt,1
APALUZ,salt,1
APAMEK,hydrate,3
APAMIO,hydrate,3
APANBZ,cocrystal,2
APARUF,solvate,4
APASEQ,salt,1
APCDPS,salt,1
APCRBP10,salt,1
APEGEI,cocrystal,2
APEGEJ,cocrystal,2
APEGIN,cocrystal,2
APEGUZ,cocrystal,2
APEHEJ,cocrystal,2
APEHEK,cocrystal,2
APESOE,solvate,4
APEVAU,hydrate,3
APICEI,salt,1
APIJUH,salt,1
APITAW,salt,1
APITIE,salt,1
APITOK,salt,1
APITUQ,salt,1
APIVAY,salt,1
APIVEC,salt,1
APIVED,cocrystal,2
APIWAA,salt,1
APIWAZ,salt,1
APIWED,salt,1
APODOB,salt,1
APOKUM,hydrate,3
APOSAB,salt,1
APPSMA,salt,1
APRCYP10,cocrystal,2
APUFUO,salt,1
APUGAV,salt,1
APUGEZ,salt,1
APUJUQ,solvate,4
APUKEB,salt,1
APUKUR,salt,1
APUKUS,salt,1
APULEC,salt,1
APULOM,salt,1
APULUS,salt,1
APUMAZ,solvate,4
APUMED,salt,1
APURAE,salt,1
APUTEN,hydrate,3
APUTIP,cocrystal,2
APUVOZ,hydrate,3
APUVUE,salt,1
APUVUF,cocrystal,2
APUWAM,salt,1
APUWEP,salt,1
APUWEQ,salt,1
APUWIU,salt,1
APUWOA,cocrystal,2
APUYAN,salt,1
APUZAN,salt,1
APYSAL,cocrystal,2
AQAFIH,cocrystal,2
AQAGEF,salt,1
AQAGIJ,hydrate,3
AQAHEI,salt,1
AQATAO,salt,1
AQATUI,salt,1
AQAXIA,salt,1
AQAXUN,cocrystal,2
AQECIJ,salt,1
AQEJEO,cocrystal,2
AQEPIX,cocrystal,2
AQEQUJ,hydrate,3
AQEZII,cocrystal,2
AQEZOO,cocrystal,2
AQEZUU,cocrystal,2
AQIBAG,hydrate,3
AQIDOW,salt,1
AQIKOB,cocrystal,2
AQIKOD,salt,1
AQOCEQ,salt,1
AQOCIU,salt,1
AQODIV,salt,1
AQOHIY,salt,1
AQONIG,cocrystal,2
AQORUU,salt,1
AQOSAB,salt,1
AQOVEJ,salt,1
AQOXUC,salt,1
AQUBAR,cocrystal,2
AQUCEV,cocrystal,2
AQUFEY,cocrystal,2
AQUFID,hydrate,3
AQUFOK,salt,1
AQUHAX,cocrystal,2
AQUMEH,cocrystal,2
AQUMIL,cocrystal,2
ARAFOR,cocrystal,2
ARAHEG,salt,1
ARAMAK,cocrystal,2
ARAMEO,cocrystal,2
ARAMOX,cocrystal,2
ARAMUD,cocrystal,2
ARAQIV,hydrate,3
AREFAG,salt,1
AREJIR,salt,1
AREJOX,salt,1
AREJOZ,cocrystal,2
AREJUF,salt,1
ARENIW,salt,1
ARENOC,salt,1
ARENUI,salt,1
AREZOP,salt,1
ARGEPO10,salt,1
ARGGLU10,hydrate,3
ARIFOX,cocrystal,2
ARIFUE,cocrystal,2
ARIGAK,hydrate,3
ARIHAM,salt,1
ARIPUP,hydrate,3
ARIWAA,cocrystal,2
AROTUX,cocrystal,2
AROWUA,hydrate,3
AROZIQ,salt,1
ARUCUO,salt,1
ARUDAS,hydrate,3
ARUDEZ,salt,1
ARUDUP,salt,1
ARURIQ,cocrystal,2
ARUROW,cocrystal,2
ARURUC,cocrystal,2
ARUSEN,cocrystal,2
ASAKIO,cocrystal,2
ASAKOU,cocrystal,2
ASAPIV,salt,1
ASAREU,salt,1
ASAVIZ,cocrystal,2
ASAVUL,cocrystal,2
ASAXIB,cocrystal,2
ASAXOH,cocrystal,2
ASAXUN,cocrystal,2
ASAYEY,cocrystal,2
ASAYIC,cocrystal,2
ASAZUR,salt,1
ASEFIO,salt,1
ASEFOU,salt,1
ASELOC,solvate,4
ASEROH,salt,1
ASETID,salt,1
ASEZUU,solvate,4
ASIBAG,solvate,4
ASIHAN,salt,1
ASIHIV,salt,1
ASIJER,cocrystal,2
ASIWIJ,cocrystal,2
ASIZEI,cocrystal,2
ASKNBZ,cocrystal,2
ASOCIW,salt,1
ASODOD,salt,1
ASOFOD,salt,1
ASOGAT,solvate,4
ASOGEX,solvate,4
ASOGIB,solvate,4
ASOGUK,salt,1
ASOLOM,salt,1
ASOLUP,salt,1
ASOMAW,salt,1
ASOMEA,salt,1
ASOMIE,salt,1
ASOMOK,salt,1
ASONAX,salt,1
ASONEB,salt,1
ASONIF,salt,1
ASONOL,salt,1
ASOPAZ,salt,1
ASOPED,salt,1
ASOPIH,salt,1
ASOYAJ,salt,1
ASUCEZ,solvate,4
ASUJEF,hydrate,3
ASULOP,salt,1
ASUMOS,hydrate,3
ASUMUY,salt,1
ASUNAF,hydrate,3
ASUPOV,hydrate,3
ASUPUB,hydrate,3
ASURAI,hydrate,3
ATAFUZ,cocrystal,2
ATAGAG,cocrystal,2
ATAGEK,cocrystal,2
ATAGIO,cocrystal,2
ATAGOU,cocrystal,2
ATAGUA,cocrystal,2
ATAHAH,cocrystal,2
ATAHEL,cocrystal,2
ATAHIP,cocrystal,2
ATAHOV,solvate,4
ATAHUB,cocrystal,2
ATAJAJ,cocrystal,2
ATAJEN,cocrystal,2
ATAJIR,cocrystal,2
ATAJUD,cocrystal,2
ATAKAK,cocrystal,2
ATAKEO,cocrystal,2
ATAKIS,cocrystal,2
ATALEP,hydrate,3
ATALIT,hydrate,3
ATALOZ,cocrystal,2
ATAYEC,salt,1
ATAYIG,cocrystal,2
ATAZEB,salt,1
ATEGIQ,salt,1
ATEJAL,salt,1
ATEJEP,salt,1
ATEQUL,salt,1
ATERAS,salt,1
ATEXOM,cocrystal,2
ATICIP,cocrystal,2
ATIDAJ,salt,1
ATIDEN,hydrate,3
ATIDIR,salt,1
ATIDUD,salt,1
ATIFAL,salt,1
ATIFEP,salt,1
ATIHUJ,salt,1
ATIJAR,salt,1
ATINEX,salt,1
ATINIB,salt,1
ATINUN,salt,1
ATIPAV,salt,1
ATIPEZ,hydrate,3
ATIRUT,cocrystal,2
ATODOD,solvate,4
ATOFAR,salt,1
ATOFEX,salt,1
ATOFIB,salt,1
ATOHUN,hydrate,3
ATOLAX,hydrate,3
ATOLEB,hydrate,3
ATOLIF,hydrate,3
ATOLOL,salt,1
ATOMAY,salt,1
ATOMEC,salt,1
ATONAZ,salt,1
ATOVOX,cocrystal,2
ATOVUD,salt,1
ATOWAK,hydrate,3
ATOWOV,salt,1
ATUBAT,salt,1
ATULOT,salt,1
ATUTOY,salt,1
ATUVEQ,salt,1
ATUWOB,salt,1
ATUXEV,hydrate,3
ATUXUJ,hydrate,3
ATUZIY,salt,1
ATZOPI,salt,1
ATZQZN,salt,1
AURMIN,salt,1
AVABEH,salt,1
AVACUY,salt,1
AVAGUC,salt,1
AVAKEO,solvate,4
AVAKUG,salt,1
AVEHER,hydrate,3
AVEHIV,solvate,4
AVEJET,cocrystal,2
AVEJOD,solvate,4
AVEJUJ,cocrystal,2
AVEKIY,cocrystal,2
AVEMAR,hydrate,3
AVENOF,cocrystal,2
AVEQIC,solvate,4
AVEQOI,cocrystal,2
AVESOJ,cocrystal,2
AVETEA,salt,1
AVILOH,salt,1
AVILUN,hydrate,3
AVIPEA,cocrystal,2
AVISUU,salt,1
AVIWEH,cocrystal,2
AVIYAI,cocrystal,2
AVOGAV,salt,1
AVOJAX,salt,1
AVOJEB,salt,1
AVOJIF,solvate,4
AVOJOL,solvate,4
AVOQAD,salt,1
AVOVAK,hydrate,3
AVOVEO,hydrate,3
AVOVOY,hydrate,3
AVOVUE,hydrate,3
AVOWAL,hydrate,3
AVOWAM,cocrystal,2
AVOYUI,salt,1
AVUDOL,solvate,4
AVULEK,cocrystal,2
AVUMIQ,cocrystal,2
AVURUG,cocrystal,2
AWABUW,cocrystal,2
AWACEI,cocrystal,2
AWACIM,cocrystal,2
AWAWIE,salt,1
AWAXIG,solvate,4
AWAXOM,solvate,4
AWAYUV,salt,1
AWEBIQ,salt,1
AWEBOW,salt,1
AWEGER,salt,1
AWEGIV,salt,1
AWEHIT,salt,1
AWEROL,salt,1
AWETEE,cocrystal,2
AWEVAB,salt,1
AWEVUV,cocrystal,2
AWEWAC,cocrystal,2
AWEWEG,cocrystal,2
AWEWIK,cocrystal,2
AWEWOQ,cocrystal,2
AWEXEH,cocrystal,2
AWEXIL,cocrystal,2
AWEXUW,cocrystal,2
AWIDER,hydrate,3
AWIGIZ,salt,1
AWIHIA,cocrystal,2
AWIHIY,salt,1
AWIHOE,cocrystal,2
AWIJUM,salt,1
AWITIM,cocrystal,2
AWITOS,cocrystal,2
AWIVIM,salt,1
AWOJIH,cocrystal,2
AWOJON,cocrystal,2
AWOQUY,salt,1
AWUDEB,cocrystal,2
AWUHOQ,salt,1
AWUJEJ,salt,1
AWUJIN,salt,1
AWUKOT,hydrate,3
AWUMAH,salt,1
AWUPIU,cocrystal,2
AWUQEP,salt,1
AWUQIT,salt,1
AWUQUF,cocrystal,2
AWUROA,salt,1
AWUVET,salt,1
AWUVEU,cocrystal,2
AWUVOD,hydrate,3
AWUWAT,cocrystal,2
AWUWEX,cocrystal,2
AWUWOH,cocrystal,2
AWUWUM,salt,1
AWUXAU,cocrystal,2
AWUYEZ,salt,1
AWUYIB,salt,1
AWUYID,salt,1
AWUYOJ,salt,1
AWUYUP,salt,1
AWUZAW,salt,1
AWUZEA,salt,1
AWUZOK,salt,1
AWUZUO,solvate,4
AWUZUQ,salt,1
AXABUY,salt,1
AXACEI,hydrate,3
AXADEJ,salt,1
AXAJEQ,salt,1
AXAKOA,salt,1
AXAKUG,cocrystal,2
AXALUI,cocrystal,2
AXAMIX,salt,1
AXAMOD,hydrate,3
AXAMUI,salt,1
AXAMUJ,hydrate,3
AXANIX,hydrate,3
AXAQAS,salt,1
AXAQEW,salt,1
AXARUN,salt,1
AXASEY,salt,1
AXASOH,cocrystal,2
AXEDAL,salt,1
AXEDEP,salt,1
AXEJOE,cocrystal,2
AXEXAE,salt,1
AXEXOS,hydrate,3
AXIBEQ,salt,1
AXIDAO,salt,1
AXIFAQ,salt,1
AXILUQ,cocrystal,2
AXIMAX,cocrystal,2
AXIZOY02,salt,1
AXIZUE,salt,1
AXOBAS,salt,1
AXOBEW,hydrate,3
AXOGIE,cocrystal,2
AXOGOK,cocrystal,2
AXOJAB,cocrystal,2
AXOJOP,cocrystal,2
AXOJUV,cocrystal,2
AXOKAC,cocrystal,2
AXOKEG,cocrystal,2
AXOKIK,cocrystal,2
AXONUY02,solvate,4
AXOPAF,cocrystal,2
AXOPEJ,cocrystal,2
AXOPIN,cocrystal,2
AXOPIO,salt,1
AXOQUB,hydrate,3
AXORAI,solvate,4
AXORIO,cocrystal,2
AXOROU,cocrystal,2
AXORUA,hydrate,3
AXORUD,cocrystal,2
AXOSAK,cocrystal,2
AXOSIS,salt,1
AXOVIU,salt,1
AXUBED,cocrystal,2
AXUFOP,salt,1
AXUFUV,cocrystal,2
AXUGAC,cocrystal,2
AXUGEG,hydrate,3
AXUGIK,salt,1
AXUGOQ,cocrystal,2
AXULOV,cocrystal,2
AXUNEO,cocrystal,2
AXUNUE,cocrystal,2
AXUQIT,salt,1
AXURUI,cocrystal,2
AXUSAP,cocrystal,2
AXUSET,cocrystal,2
AXUSUJ,cocrystal,2
AXUWAT,cocrystal,2
AXUWEX,cocrystal,2
AYAJAM,hydrate,3
AYAJIW,hydrate,3
AYALAQ,salt,1
AYAMUL,salt,1
AYANAS,salt,1
AYANEW,hydrate,3
AYANIA,hydrate,3
AYANOG,salt,1
AYANUM,hydrate,3
AYAPAU,salt,1
AYAPEY,hydrate,3
AYAQID,cocrystal,2
AYAQUP,cocrystal,2
AYAREA,cocrystal,2
AYAVUS,salt,1
AYAWAZ,salt,1
AYAWOO,salt,1
AYAWUU,salt,1
AYAXAB,hydrate,3
AYAXUV,salt,1
AYEDEN,salt,1
AYEGAM,cocrystal,2
AYEHOB,salt,1
AYEHUH,salt,1
AYEPUR,cocrystal,2
AYEQAY,cocrystal,2
AYETAB,salt,1
AYETEF,salt,1
AYEYUB,salt,1
AYICAM,salt,1
AYIJOK,salt,1
AYIJUP,cocrystal,2
AYIJUQ,salt,1
AYIKAW,cocrystal,2
AYIKOK,cocrystal,2
AYIKUQ,cocrystal,2
AYILAX,cocrystal,2
AYILEB,cocrystal,2
AYILIF,cocrystal,2
AYILUR,salt,1
AYINAZ,salt,1
AYINED,hydrate,3
AYINUT,cocrystal,2
AYIPUV,salt,1
AYIRAB,salt,1
AYIROS,salt,1
AYISAE,salt,1
AYISEJ,salt,1
AYISOS,hydrate,3
AYITAF,salt,1
AYITEJ,salt,1
AYITEK,salt,1
AYIVIP,cocrystal,2
AYIVOV,salt,1
AYIVUB,hydrate,3
AYIWAI,hydrate,3
AYIWEM,cocrystal,2
AYIWIQ,cocrystal,2
AYIXIR,salt,1
AYIXOX,salt,1
AYOFUS,salt,1
AYOGOM,hydrate,3
AYOJEF,cocrystal,2
AYOQEL,hydrate,3
AYOROW,cocrystal,2
AYOSAK,salt,1
AYOSEO,solvate,4
AYOWER,cocrystal,2
AYOYIX,salt,1
AYUBEC,hydrate,3
AYUCED,salt,1
AYUKOV,salt,1
AYUMEN,cocrystal,2
AYUQAN,salt,1
AYUWEX,salt,1
AYUXIC,salt,1
AYUXUO,salt,1
AYUYUO,salt,1
AYUYUP,salt,1
AZACEJ,cocrystal,2
AZACIO,hydrate,3
AZADMS10,hydrate,3
AZALET,salt,1
AZAWEF,salt,1
AZAWIJ,salt,1
AZAXAD,salt,1
AZAXIK,cocrystal,2
AZAXOQ,cocrystal,2
AZECIR,salt,1
AZEHES,cocrystal,2
AZEJUK,hydrate,3
AZEKAU,salt,1
AZEKEY,salt,1
AZEKIA,salt,1
AZEQII,cocrystal,2
AZERII,salt,1
AZEYEL,salt,1
AZIHUM,salt,1
AZISAG,salt,1
AZITAG,salt,1
AZOKIL,salt,1
AZOLIM,salt,1
AZOLUX,salt,1
AZOPOW,salt,1
AZOPUB,solvate,4
AZOQAI,salt,1
AZOTOZ,salt,1
AZOVUH,cocrystal,2
AZOWAQ,solvate,4
AZOWIX,salt,1
AZOWUI,salt,1
AZOZIZ,salt,1
AZUBUT,salt,1
AZUCEF,salt,1
AZUDOP,hydrate,3
AZUGUA,salt,1
AZUHAF,hydrate,3
AZULEN,hydrate,3
AZULIR,salt,1
AZULUE,salt,1
AZUQAP,cocrystal,2
AZUSET,salt,1
AZUTOF,hydrate,3
AZUXID,salt,1
AZUXUQ,solvate,4
AZUYAX,salt,1
AZUZIF,hydrate,3
BABBAL,solvate,4
BABCIQ,salt,1
BABCOW,salt,1
BABFIV,cocrystal,2
BABLOJ,salt,1
BABLUP,salt,1
BABYOT,cocrystal,2
BACATP,salt,1
BACDIS,solvate,4
BACDOY,hydrate,3
BACIMZ,cocrystal,2
BACKIA,cocrystal,2
BACQII,cocrystal,2
BACQOO,cocrystal,2
BACQUR,salt,1
BACQUU,cocrystal,2
BACRAA,salt,1
BACRAB,cocrystal,2
BACREE,salt,1
BACREF,cocrystal,2
BACRIH,salt,1
BACRON,salt,1
BACXIQ,cocrystal,2
BADCAK,salt,1
BADCUR,hydrate,3
BADPII,salt,1
BADQOP,cocrystal,2
BADZOZ,salt,1
BAFDAP,salt,1
BAFGEX,cocrystal,2
BAFGIB,cocrystal,2
BAFGOH,cocrystal,2
BAFJUQ,cocrystal,2
BAFLED,salt,1
BAFLIH,salt,1
BAFLON,salt,1
BAFLUT,salt,1
BAFMEE,salt,1
BAFMUU,salt,1
BAFNAB,hydrate,3
BAFSOQ,cocrystal,2
BAFTEH,cocrystal,2
BAFTIP,salt,1
BAFTOT,salt,1
BAFVEJ,cocrystal,2
BAFWIO,cocrystal,2
BAFZEN,hydrate,3
BAFZOX,salt,1
BAGBAM,cocrystal,2
BAGCAP,cocrystal,2
BAGDOC,salt,1
BAGDUK,cocrystal,2
BAGGIB,cocrystal,2
BAGKON,salt,1
BAGNAZ,salt,1
BAGPII,salt,1
BAGPIK,solvate,4
BAGPOQ,salt,1
BAGZOB,salt,1
BAHFEV,cocrystal,2
BAHLEC,salt,1
BAHPEG,hydrate,3
BAHPIK,salt,1
BAHPOT,salt,1
BAHXIU,cocrystal,2
BAJFEX,cocrystal,2
BAJRIO,cocrystal,2
BAJROU,cocrystal,2
BAJXAP,cocrystal,2
BAJXET,salt,1
BAKHIE,cocrystal,2
BAKLOQ,cocrystal,2
BAKMOP,salt,1
BAKNUA,salt,1
BAKRUC,salt,1
BAKYES,salt,1
BALDOL,hydrate,3
BALDUO,cocrystal,2
BALDUR,salt,1
BALFAZ,hydrate,3
BALJEE,salt,1
BALNEK,salt,1
BALRAH,hydrate,3
BALSIQ,hydrate,3
BALTOX,hydrate,3
BALVAL,cocrystal,2
BALVOZ,salt,1
BALWAM,hydrate,3
BALXER,salt,1
BALYOC,hydrate,3
BALYUI,hydrate,3
BALZIX,salt,1
BAMDUQ,salt,1
BAMHUU,salt,1
BAMLOR,hydrate,3
BAMNUC,salt,1
BAMPAK,salt,1
BAMSAJ,salt,1
BAMTEO,salt,1
BANGUT,hydrate,3
BANPHY,cocrystal,2
BANPOW,salt,1
BANPUC,salt,1
BANQAM,salt,1
BANQIU,salt,1
BANROY,salt,1
BANVIX,salt,1
BANYOH,salt,1
BANZEX,salt,1
BAPJIM,salt,1
BAPMAH,cocrystal,2
BAPNUE,salt,1
BAPPCT,salt,1
BAPPIT,cocrystal,2
BAPRAM,cocrystal,2
BAPREQ,cocrystal,2
BAPVIZ,salt,1
BAQDOQ,hydrate,3
BAQDUW,salt,1
BAQFAE,salt,1
BAQFOS,salt,1
BAQNIR,cocrystal,2
BAQNUD,cocrystal,2
BAQPAN,hydrate,3
BAQPER,hydrate,3
BAQQIW,salt,1
BAQQIX,salt,1
BAQRUJ,salt,1
BAQTOC,cocrystal,2
BAQVEV,salt,1
BAQZOI,cocrystal,2
BARAAD,cocrystal,2
BARAPY10,cocrystal,2
BARBUR,cocrystal,2
BARCOQ,salt,1
BARHMP,cocrystal,2
BARIMZ10,cocrystal,2
BARJEK,hydrate,3
BARLAK,salt,1
BARLEM,salt,1
BARMIM,cocrystal,2
BARMPN,cocrystal,2
BARRAN,salt,1
BARRER,salt,1
BARTIX,salt,1
BARTUS10,cocrystal,2
BARVAS,salt,1
BARWOJ,salt,1
BARWOK,cocrystal,2
BARWUQ,cocrystal,2
BARXAX,cocrystal,2
BARZIG,salt,1
BASNUE,cocrystal,2
BASRUM,hydrate,3
BASYIF,hydrate,3
BASYOL,cocrystal,2
BASYUR,cocrystal,2
BASZAY,cocrystal,2
BASZUT,hydrate,3
BATDUX,cocrystal,2
BATFAF,salt,1
BATFEJ,hydrate,3
BATFIN,salt,1
BATFOT,hydrate,3
BATJOY,salt,1
BATKOW,salt,1
BATPOD,salt,1
BATPOF,hydrate,3
BATYAZ,salt,1
BATYIH,cocrystal,2
BATZUT,salt,1
BAVBAC,salt,1
BAVBAD,salt,1
BAVBEH,salt,1
BAVBIL,salt,1
BAVDIL,salt,1
BAVDOR,salt,1
BAVFAF,solvate,4
BAVHUD,salt,1
BAVJAL,salt,1
BAVJEP,salt,1
BAVJIT,salt,1
BAVNOF,salt,1
BAVPAT,salt,1
BAVPEX,salt,1
BAVPOH,salt,1
BAVQAU,salt,1
BAWBAF,salt,1
BAWCAD,hydrate,3
BAWFOV,salt,1
BAWNUM,cocrystal,2
BAWPOE,salt,1
BAWRAT,cocrystal,2
BAWSUQ,salt,1
BAWTAX,salt,1
BAXGAI,cocrystal,2
BAXJES,hydrate,3
BAXJET,salt,1
BAXSEB,salt,1
BAXSOL,hydrate,3
BAXSUR,hydrate,3
BAXTAY,hydrate,3
BAXWAC,cocrystal,2
BAXZAC,salt,1
BAXZOQ,hydrate,3
BAXZUW,salt,1
BAYBEJ,solvate,4
BAYBOW,cocrystal,2
BAYCOT,salt,1
BAYDEK,salt,1
BAYHEO,cocrystal,2
BAYKUK,salt,1
BAYLAR,salt,1
BAYPOK,salt,1
BAYQAX,salt,1
BAYQEB,salt,1
BAYQIF,cocrystal,2
BAYQOL,salt,1
BAYQUP,salt,1
BAYQUR,salt,1
BAYRAY,salt,1
BAYREC,salt,1
BAYRIG,salt,1
BAYVEE,salt,1
BAYVOQ,hydrate,3
BAYWAC,cocrystal,2
BAYZUY,salt,1
BAZCLH,cocrystal,2
BAZCUA,cocrystal,2
BAZDAH,cocrystal,2
BAZHOA,cocrystal,2
BAZRAV,salt,1
BAZTIJ,cocrystal,2
BAZWEI,salt,1
BBZSUL,hydrate,3
BCYTGA,cocrystal,2
BDTCQC10,solvate,4
BEBCAP,hydrate,3
BEBCET,hydrate,3
BEBGOE,salt,1
BEBJIC,solvate,4
BEBKID,salt,1
BEBPAA,salt,1
BEBPIH,salt,1
BEBYIQ,cocrystal,2
BECMIF,salt,1
BECPEH,cocrystal,2
BECPIL,cocrystal,2
BECPOR,cocrystal,2
BECPUW,solvate,4
BECPUX,cocrystal,2
BECVEK,cocrystal,2
BECVUC,salt,1
BECWAJ,cocrystal,2
BECXOY,hydrate,3
BECXUE,hydrate,3
BECYIT,salt,1
BEDBAN,cocrystal,2
BEDDEW,salt,1
BEDFOG,salt,1
BEDFUM,salt,1
BEDGAT,solvate,4
BEDGEX,salt,1
BEDQAG,cocrystal,2
BEDQEK,cocrystal,2
BEDQIO,cocrystal,2
BEDQOU,cocrystal,2
BEDQUA,cocrystal,2
BEDREL,cocrystal,2
BEDSUA,salt,1
BEDTAF,salt,1
BEDZUF,cocrystal,2
BEFGIC,cocrystal,2
BEFGIG,hydrate,3
BEFGOM,salt,1
BEFHOJ,cocrystal,2
BEFRIR,salt,1
BEFRUD,hydrate,3
BEFSAK,salt,1
BEFSEO,salt,1
BEFSIS,salt,1
BEFYAN,salt,1
BEGCIC,solvate,4
BEGJEF,salt,1
BEGJOP,salt,1
BEGKUX,cocrystal,2
BEGPEM,cocrystal,2
BEGQEL,cocrystal,2
BEGVAK,cocrystal,2
BEGVOZ,salt,1
BEGVUE,cocrystal,2
BEGWAM,hydrate,3
BEGZOD,salt,1
BEHKAB,cocrystal,2
BEHQUD,salt,1
BEHZIA,hydrate,3
BEJBAX,hydrate,3
BEJDUR,salt,1
BEJGUT,cocrystal,2
BEJHOO,cocrystal,2
BEJHOP,hydrate,3
BEJJAC,salt,1
BEJLAG,salt,1
BEJPAH,cocrystal,2
BEKBEC,cocrystal,2
BEKBOM,cocrystal,2
BEKBUS,cocrystal,2
BEKCAZ,cocrystal,2
BEKJUW,salt,1
BEKNIS,salt,1
BEKNOY,salt,1
BEKNUE,salt,1
BEKPAM,salt,1
BEKTAP,salt,1
BEKTET,salt,1
BEKVUM,salt,1
BELDEB,cocrystal,2
BELGIL,hydrate,3
BELGOR,hydrate,3
BELGUX,hydrate,3
BELHAE,hydrate,3
BELHEI,hydrate,3
BELKEI,salt,1
BELTER,salt,1
BELWOF,hydrate,3
BEMBUS,solvate,4
BEMCAZ,hydrate,3
BEMCIH,salt,1
BEMCON,hydrate,3
BEMDAA,salt,1
BEMDUW,cocrystal,2
BEMLIO,salt,1
BEMLOV,cocrystal,2
BEMLUB,cocrystal,2
BEMPES,salt,1
BEMQIW,cocrystal,2
BEMQOC,hydrate,3
BEMYAW,salt,1
BENHUX,salt,1
BENJIR,cocrystal,2
BENKAK,cocrystal,2
BENKIS,cocrystal,2
BENKOY,cocrystal,2
BENKUE,cocrystal,2
BENNIU,salt,1
BENRIY,cocrystal,2
BENSOE,salt,1
BENSUK,salt,1
BENWIC,cocrystal,2
BENWUO,salt,1
BENZNP10,salt,1
BENZSI,cocrystal,2
BENZUS,salt,1
BEPCAE,solvate,4
BEPCEI,solvate,4
BEPCIM,solvate,4
BEPCUX,hydrate,3
BEPDAE,hydrate,3
BEPDOT,salt,1
BEPDUZ,hydrate,3
BEPFOV,hydrate,3
BEPFUB,salt,1
BEPGOW,cocrystal,2
BEPGUC,cocrystal,2
BEPPAN,cocrystal,2
BEPTIB,solvate,4
BEPTID,cocrystal,2
BEPTOH,salt,1
BEPTUN,salt,1
BEPYRZ10,cocrystal,2
BEPZEB,salt,1
BEQGEJ,salt,1
BEQHEO,salt,1
BEQLIW,cocrystal,2
BEQQUN,cocrystal,2
BEQTEA,solvate,4
BEQVUO,salt,1
BEQWAV,cocrystal,2
BEQZEC,cocrystal,2
BERBAB,cocrystal,2
BERCEG,salt,1
BERCEH,cocrystal,2
BERFAI,hydrate,3
BERMOA,cocrystal,2
BERMOB,cocrystal,2
BERNAN,cocrystal,2
BERNAP,hydrate,3
BERNER,cocrystal,2
BERNIV,cocrystal,2
BERPET,cocrystal,2
BERPIY,salt,1
BERQAQ,cocrystal,2
BERQEU,cocrystal,2
BERQIY,cocrystal,2
BERQOE,hydrate,3
BERVIH,salt,1
BERVUP,salt,1
BERWAW,salt,1
BERYED,cocrystal,2
BERYOM,salt,1
BERZED,cocrystal,2
BESCAD,salt,1
BESDOS,salt,1
BESFEL,cocrystal,2
BESFIR,salt,1
BESJES,cocrystal,2
BESKAM,cocrystal,2
BESLOA,salt,1
BESQOG,salt,1
BESSOI,cocrystal,2
BESZEH,hydrate,3
BESZUV,salt,1
BETBAE,salt,1
BETBEI,solvate,4
BETHUH,cocrystal,2
BETJUH,hydrate,3
BETLEV,cocrystal,2
BETPOI,hydrate,3
BETPUO,salt,1
BETRAT10,salt,1
BEVHER,cocrystal,2
BEVJUK,cocrystal,2
BEVKUI,salt,1
BEVLET,salt,1
BEVMIY,salt,1
BEVNAT,salt,1
BEVPOI,salt,1
BEVVOR,salt,1
BEVWAA,cocrystal,2
BEVXAD,solvate,4
BEVXEH,salt,1
BEVXUX,hydrate,3
BEVXUZ,cocrystal,2
BEVZOV,hydrate,3
BEWBUA,salt,1
BEWDUG,salt,1
BEWFER,cocrystal,2
BEWFIT,cocrystal,2
BEWGUH,solvate,4
BEWGUJ,hydrate,3
BEWHAQ,salt,1
BEWHIY,salt,1
BEWHOE,salt,1
BEWHUK,salt,1
BEWJEW,salt,1
BEWJIY,salt,1
BEWMEY,salt,1
BEWNAT,salt,1
BEWNEX,salt,1
BEWYOS,cocrystal,2
BEXCOA,hydrate,3
BEXCUG,hydrate,3
BEXDAN,hydrate,3
BEXDOB,salt,1
BEXFET,hydrate,3
BEXFIX,salt,1
BEXHOB,salt,1
BEXNUN,salt,1
BEXPUQ,salt,1
BEXQAX,hydrate,3
BEXSAY,salt,1
BEXTAC,salt,1
BEXVOP,hydrate,3
BEXYOU,salt,1
BEYCEQ,solvate,4
BEYPEA,cocrystal,2
BEYTIJ,salt,1
BEYTUW,hydrate,3
BEYVAD,cocrystal,2
BEYZIR,cocrystal,2
BEYZUD,salt,1
BEZBEN,cocrystal,2
BEZBEQ,salt,1
BEZBUG,salt,1
BEZCOY,salt,1
BEZGEU,salt,1
BEZSII,hydrate,3
BEZSUU,hydrate,3
BGDUSM10,hydrate,3
BGUDCB10,salt,1
BGUSUL10,hydrate,3
BIBBAT,cocrystal,2
BIBLEF,salt,1
BIBLIJ,salt,1
BIBLOP,salt,1
BIBMAE,cocrystal,2
BIBNAD,cocrystal,2
BIBPEJ,cocrystal,2
BICDUM,cocrystal,2
BICMUX,cocrystal,2
BICQAH,solvate,4
BICQUB,hydrate,3
BICXUK,salt,1
BIDGEC,hydrate,3
BIDHAX,salt,1
BIDHUS,salt,1
BIDJAA,salt,1
BIDJAD,cocrystal,2
BIDJEE,salt,1
BIDJEH,cocrystal,2
BIDJII,salt,1
BIDJIJ,cocrystal,2
BIDJIL,cocrystal,2
BIDJOR,cocrystal,2
BIDMIK,hydrate,3
BIDPEJ,hydrate,3
BIDROX,cocrystal,2
BIDSUG,salt,1
BIDVUG,salt,1
BIFDEZ,salt,1
BIFFED,hydrate,3
BIFFIH,cocrystal,2
BIFFON,solvate,4
BIFFUT,cocrystal,2
BIFGAA,cocrystal,2
BIFJOR,salt,1
BIFLAF,cocrystal,2
BIFRAN,solvate,4
BIFSOC,salt,1
BIFTIW,salt,1
BIFVAP,solvate,4
BIFVIY,salt,1
BIFYOE,cocrystal,2
BIGCEA,salt,1
BIGCUP,cocrystal,2
BIGDON,cocrystal,2
BIGNAJ,cocrystal,2
BIGTEQ,salt,1
BIGZOK,cocrystal,2
BIHFEE,salt,1
BIHFIL,hydrate,3
BIHFOO,hydrate,3
BIHHOR,salt,1
BIHJAD,salt,1
BIHJEJ,cocrystal,2
BIHWEV,salt,1
BIHYEX,hydrate,3
BIHZAU,cocrystal,2
BIJDOO,salt,1
BIJFUW,cocrystal,2
BIJGAD,cocrystal,2
BIJKEK,salt,1
BIJSIX,salt,1
BIJWAS,cocrystal,2
BIJWOG,cocrystal,2
BIJXAX,salt,1
BIJYEY,cocrystal,2
BIKGAG,solvate,4
BIKQAO,cocrystal,2
BIKREV,salt,1
BIKRIZ,salt,1
BIKSUJ,salt,1
BIKWEX,salt,1
BIKZOK,hydrate,3
BILJEN,salt,1
BILKAK,hydrate,3
BILKEO,salt,1
BILKIS,hydrate,3
BILTIA,salt,1
BILTOG,hydrate,3
BILXUP,cocrystal,2
BIMBOP,salt,1
BIMBUV,salt,1
BIMDUX,salt,1
BIMJUC,hydrate,3
BIMLOZ,salt,1
BIMPUM,salt,1
BIMQAT,salt,1
BIMQEX,salt,1
BIMSUM,cocrystal,2
BIMZOP,cocrystal,2
BINDIL,cocrystal,2
BINDOV,salt,1
BINFAI,salt,1
BINHUF,salt,1
BINJOB,cocrystal,2
BINLES,cocrystal,2
BINLOD,hydrate,3
BINLUJ,hydrate,3
BINMEU,hydrate,3
BINMIY,hydrate,3
BINREV,salt,1
BINWUQ,hydrate,3
BINXOO,salt,1
BINXUU,salt,1
BINYAB,salt,1
BIPBEL,salt,1
BIPBOU,salt,1
BIPCAI,cocrystal,2
BIPCIQ,cocrystal,2
BIPCOW,cocrystal,2
BIPHIV,cocrystal,2
BIPHOB,cocrystal,2
BIPNIX,salt,1
BIPYIM,cocrystal,2
BIPYOS,cocrystal,2
BIPYUY,cocrystal,2
BIPZAF,cocrystal,2
BIPZEJ,cocrystal,2
BIPZUZ,cocrystal,2
BIQNEW,cocrystal,2
BIQQUR,cocrystal,2
BIQVAC,cocrystal,2
BIRDIP,cocrystal,2
BIRDUD,salt,1
BIRFEP,hydrate,3
BIRFIV,salt,1
BIRNOJ,salt,1
BIRPIF,salt,1
BIRPOL,salt,1
BIRPUR,solvate,4
BIRQUO,cocrystal,2
BIRXAB,cocrystal,2
BISBEM,cocrystal,2
BISBIQ,cocrystal,2
BISBOW,cocrystal,2
BISLAU,salt,1
BISMID,salt,1
BISSUV,salt,1
BITBUD,cocrystal,2
BITGUK,salt,1
BITPAY,salt,1
BITROL,cocrystal,2
BITVAD,solvate,4
BITYUY,cocrystal,2
BIVLOH,salt,1
BIVQAY,salt,1
BIVYOY,cocrystal,2
BIWBOB,solvate,4
BIWLEY,salt,1
BIWMAZ,salt,1
BIWNAZ,hydrate,3
BIWVUY,cocrystal,2
BIXBOC,cocrystal,2
BIXBUI,salt,1
BIXDIZ,salt,1
BIXFOD,cocrystal,2
BIXGUM,salt,1
BIXLUP,hydrate,3
BIXMUS,hydrate,3
BIXNIH,solvate,4
BIXPEE,salt,1
BIXRUZ,salt,1
BIXXIQ,salt,1
BIXYUG,salt,1
BIYBES,salt,1
BIYBIW,salt,1
BIYBOC,salt,1
BIYBUI,salt,1
BIYCOD,salt,1
BIYDEU,salt,1
BIYDIY,salt,1
BIYDOE,salt,1
BIYDUK,salt,1
BIYFAS,salt,1
BIYFEW,salt,1
BIYFIA,salt,1
BIYFOG,salt,1
BIYFUM,salt,1
BIYGAT,salt,1
BIYGEX,salt,1
BIYGOH,cocrystal,2
BIYJEB,salt,1
BIYJUR,cocrystal,2
BIYMUR,cocrystal,2
BIYNOP,cocrystal,2
BIYPIM,salt,1
BIYPOS,hydrate,3
BIYQAE,hydrate,3
BIYQOS,cocrystal,2
BIYROQ,salt,1
BIYXAL,cocrystal,2
BIZJUP,salt,1
BIZMAZ,cocrystal,2
BIZNII,salt,1
BIZPUW,hydrate,3
BIZSAH,cocrystal,2
BIZTOV,salt,1
BIZXEO,cocrystal,2
BIZXIS,hydrate,3
BIZYOA,cocrystal,2
BIZYUH,cocrystal,2
BIZZAO,cocrystal,2
BLGAST,salt,1
BMOPHX,salt,1
BMYROL10,cocrystal,2
BNQBRP,cocrystal,2
BNQCLP,cocrystal,2
BNQDBP,cocrystal,2
BNQDCP,cocrystal,2
BNZTNB,cocrystal,2
BOBDAX,salt,1
BOBGUX,cocrystal,2
BOBHAE,solvate,4
BOBMEL,salt,1
BOBQUG,cocrystal,2
BOBRAN,cocrystal,2
BOBVUL,cocrystal,2
BOCKEK,salt,1
BOCLIO,salt,1
BOCWUN,salt,1
BOCZIE,salt,1
BODHAE,salt,1
BODHEI,salt,1
BODHIM,salt,1
BODHOS,salt,1
BODJOT,hydrate,3
BODMEO,salt,1
BODMIS,salt,1
BODMOY,salt,1
BODMUE,salt,1
BODNAL,salt,1
BODSAO,cocrystal,2
BODSUL,cocrystal,2
BODTIY,salt,1
BODVUN,salt,1
BODYEA,salt,1
BODYIE,salt,1
BODYOK,salt,1
BODYUQ,salt,1
BODZAX,salt,1
BODZEB,solvate,4
BODZIF,salt,1
BODZOL,salt,1
BODZUR,salt,1
BOFHUZ,salt,1
BOFQIZ,salt,1
BOFRUJ,salt,1
BOFRUL,salt,1
BOFSAS,salt,1
BOGGUZ,cocrystal,2
BOGRIZ,cocrystal,2
BOGTAT,salt,1
BOGVAX,salt,1
BOGVOJ,hydrate,3
BOGXEB,cocrystal,2
BOHCEJ,salt,1
BOHGAJ,cocrystal,2
BOHGEN,cocrystal,2
BOHGIR,cocrystal,2
BOHROI,solvate,4
BOJDAF,salt,1
BOJFEM,hydrate,3
BOJGEN,salt,1
BOJNOE,salt,1
BOJQOG,cocrystal,2
BOJRIE,salt,1
BOJWAY,salt,1
BOJYAB,salt,1
BOKHAM,cocrystal,2
BOKHEQ,solvate,4
BOKHIU,solvate,4
BOKHOA,solvate,4
BOKJAM,cocrystal,2
BOKJAO,solvate,4
BOKJOD,cocrystal,2
BOKSUP,hydrate,3
BOKTUR,solvate,4
BOKZOT,salt,1
BOKZUW,salt,1
BOLBAH,cocrystal,2
BOLCAI,salt,1
BOLFUD,salt,1
BOLHEP,hydrate,3
BOLLUK,cocrystal,2
BOLPUN,salt,1
BOLSOK,cocrystal,2
BOLWII,salt,1
BOLZOT,salt,1
BOMBOW,cocrystal,2
BOMBUC,cocrystal,2
BOMCAJ,cocrystal,2
BOMGIT,salt,1
BOMGUH,cocrystal,2
BOMROM,cocrystal,2
BOMRUS,salt,1
BOMTOO,cocrystal,2
BOMTUU,cocrystal,2
BOMVAC,cocrystal,2
BOMVEG,cocrystal,2
BOMVIK,cocrystal,2
BOMVOQ,cocrystal,2
BOMVUW,cocrystal,2
BOMWAD,cocrystal,2
BOMWEH,cocrystal,2
BOMWIL,cocrystal,2
BOMWOR,cocrystal,2
BOMWUX,cocrystal,2
BOMZAH,salt,1
BONGAP,cocrystal,2
BONGES,cocrystal,2
BONGIW,cocrystal,2
BONJOF,cocrystal,2
BONJUL,cocrystal,2
BONKIZ,hydrate,3
BONKOE,hydrate,3
BONZAF,hydrate,3
BONZUZ,cocrystal,2
BOPBEO,salt,1
BOPBIU,cocrystal,2
BOPDAO,cocrystal,2
BOPGEU,cocrystal,2
BOPGIY,hydrate,3
BOPHOG,salt,1
BOPTAC,salt,1
BOPTAE,salt,1
BOPTEG,hydrate,3
BOPTEI,salt,1
BOPTIM,salt,1
BOPTUY,salt,1
BOPVEK,salt,1
BOPVIO,salt,1
BOQBEO,cocrystal,2
BOQCAL,hydrate,3
BOQDOA,cocrystal,2
BOQFES,hydrate,3
BOQGOD,hydrate,3
BOQHAR,salt,1
BOQHOE,cocrystal,2
BOQHUK,salt,1
BOQJEW,hydrate,3
BOQJOG,hydrate,3
BOQNIG,cocrystal,2
BOQNOM,hydrate,3
BOQNUS,cocrystal,2
BOQTEG,salt,1
BOQVAE,salt,1
BOQVIM,salt,1
BOQVUB,hydrate,3
BOQXEK,salt,1
BOQXIO,salt,1
BORFUL,solvate,4
BORNUS,cocrystal,2
BORPAA,cocrystal,2
BORPII,cocrystal,2
BOSWIR,hydrate,3
BOSWUD,hydrate,3
BOSXEO,salt,1
BOSXIT,salt,1
BOTCET,cocrystal,2
BOTCIX,cocrystal,2
BOTCOD,cocrystal,2
BOTCUJ,cocrystal,2
BOTDAQ,cocrystal,2
BOTHEY,salt,1
BOTQAF,salt,1
BOTRAE,salt,1
BOTSOU,salt,1
BOTYUE,hydrate,3
BOVBEU,salt,1
BOVMEE,cocrystal,2
BOVTEM,salt,1
BOVTOV,hydrate,3
BOVVEP,cocrystal,2
BOVVIT,cocrystal,2
BOVVOZ,cocrystal,2
BOVVUD,hydrate,3
BOVVUE,cocrystal,2
BOVVUF,cocrystal,2
BOVWAM,cocrystal,2
BOVWEQ,cocrystal,2
BOVWIT,salt,1
BOVWIU,cocrystal,2
BOVWOA,cocrystal,2
BOVWUG,cocrystal,2
BOVXOB,cocrystal,2
BOVYAO,cocrystal,2
BOVYES,cocrystal,2
BOVYIW,cocrystal,2
BOVYUI,cocrystal,2
BOVZAO,salt,1
BOVZAP,cocrystal,2
BOWCIB,cocrystal,2
BOWDIA,salt,1
BOWDOG,salt,1
BOWFIC,hydrate,3
BOWJEE,cocrystal,2
BOWJII,cocrystal,2
BOWJUT,salt,1
BOWJUU,cocrystal,2
BOWKAA,cocrystal,2
BOWKEF,cocrystal,2
BOWKOO,salt,1
BOWSAJ,cocrystal,2
BOWXEQ,salt,1
BOXCOH,salt,1
BOXHAZ,solvate,4
BOXJEG,hydrate,3
BOXJIK,hydrate,3
BOXJOQ,hydrate,3
BOXSIT,cocrystal,2
BOXSOY,cocrystal,2
BOXTET,cocrystal,2
BOXXIW,salt,1
BOXXOC,salt,1
BOYDEB,hydrate,3
BOYDUO,salt,1
BOYGED,cocrystal,2
BOYGIH,cocrystal,2
BOYGON,cocrystal,2
BOYGOO,hydrate,3
BOYHOM,salt,1
BOYMEH,salt,1
BOYQOY,cocrystal,2
BOYWOD,salt,1
BOYWUK,salt,1
BOZFUT,salt,1
BPAMAL,salt,1
BPHAMP10,salt,1
BPHIPH,cocrystal,2
BPINDO10,cocrystal,2
BPPFBP,cocrystal,2
BPXZMP,salt,1
BQUINI,salt,1
BRBSMA10,cocrystal,2
BRCPDG,hydrate,3
BRPYCH,hydrate,3
BTFZEP01,cocrystal,2
BTHCOC,cocrystal,2
BUATNS10,salt,1
BUBCIM,salt,1
BUBCOT,cocrystal,2
BUBMIU,salt,1
BUBWIF,salt,1
BUBWOL,salt,1
BUBWUR,hydrate,3
BUBXEC,hydrate,3
BUBZED,salt,1
BUCCAG,cocrystal,2
BUCJOB,salt,1
BUCQEV,salt,1
BUCWAA,salt,1
BUCWEE,cocrystal,2
BUCWUU,salt,1
BUDBAF,salt,1
BUDJOB,salt,1
BUDNOE,hydrate,3
BUDNUK,salt,1
BUDQEX,salt,1
BUDQID,salt,1
BUDQUN,salt,1
BUDQUO,cocrystal,2
BUDVAY,salt,1
BUDWEC,cocrystal,2
BUDWUT,cocrystal,2
BUDXAA,hydrate,3
BUDZAD,salt,1
BUFDAI,salt,1
BUFHAN,solvate,4
BUFHER,solvate,4
BUFHIV,hydrate,3
BUFHOB,solvate,4
BUFHUH,salt,1
BUFKET,salt,1
BUFMUL,salt,1
BUFROK,salt,1
BUFXOP,cocrystal,2
BUFYIK,salt,1
BUGJAP,cocrystal,2
BUGJET,cocrystal,2
BUGLOH,solvate,4
BUGLUN,salt,1
BUGXOR,salt,1
BUGYAE,salt,1
BUHMAU,hydrate,3
BUHMEY,salt,1
BUHMIC,salt,1
BUHMOI,salt,1
BUHMUO,salt,1
BUHNAV,salt,1
BUHNID,salt,1
BUHNOJ,salt,1
BUHNUP,salt,1
BUHPAX,salt,1
BUHPIF,salt,1
BUHRUU,cocrystal,2
BUHSAB,cocrystal,2
BUHSIG,cocrystal,2
BUJFER,hydrate,3
BUJKAV,hydrate,3
BUJKEZ,salt,1
BUJWIN,hydrate,3
BUKDIW,solvate,4
BUKXOU,cocrystal,2
BULBUH,solvate,4
BULCAO,cocrystal,2
BULCES,solvate,4
BULCOA,hydrate,3
BULDOD,salt,1
BULGEW,solvate,4
BULHOH,cocrystal,2
BULJEZ,salt,1
BULJID,cocrystal,2
BULJOJ,cocrystal,2
BULJUP,cocrystal,2
BULKAW,cocrystal,2
BULKEA,cocrystal,2
BULKOK,cocrystal,2
BULKUQ,cocrystal,2
BULLAX,cocrystal,2
BULLEB,cocrystal,2
BULLIF,cocrystal,2
BULSUY,solvate,4
BULTUZ,cocrystal,2
BULVAH,cocrystal,2
BULXIS,salt,1
BULXOY,salt,1
BULXUE,salt,1
BULYAL,salt,1
BUMDOC,salt,1
BUMPEE,cocrystal,2
BUMPRB,salt,1
BUNDIZ,cocrystal,2
BUNFAT,salt,1
BUNFUN,cocrystal,2
BUNGEY,cocrystal,2
BUNGIC,cocrystal,2
BUNGOI,cocrystal,2
BUNGUO,cocrystal,2
BUNHAV,cocrystal,2
BUNHEZ,cocrystal,2
BUNHID,cocrystal,2
BUNHOJ,cocrystal,2
BUNHUP,cocrystal,2
BUNJAX,cocrystal,2
BUNJEB,cocrystal,2
BUPQAF,salt,1
BUPRAF,cocrystal,2
BUQDOG,salt,1
BUQQEM,salt,1
BUQQIO,hydrate,3
BUQQOU,hydrate,3
BUQQUA,salt,1
BUQTAL,salt,1
BUQTEP,cocrystal,2
BURBAD,cocrystal,2
BURDUN,salt,1
BUREAP,cocrystal,2
BURFOL,cocrystal,2
BURGOL,salt,1
BURHEC,salt,1
BURKEF,hydrate,3
BURKIJ,hydrate,3
BURKOP,hydrate,3
BURWAP,salt,1
BURWEQ,salt,1
BURXIX,salt,1
BURXUJ,salt,1
BURZIZ,salt,1
BUSHED,salt,1
BUSNIM,salt,1
BUSPAG,cocrystal,2
BUSQAJ,cocrystal,2
BUSQIP,cocrystal,2
BUSQOV,cocrystal,2
BUSTAK,hydrate,3
BUTBOJ,salt,1
BUTHPN,salt,1
BUTVAP,salt,1
BUTWUL,salt,1
BUVBIG,cocrystal,2
BUVJUA,salt,1
BUVKEL,salt,1
BUVLIQ,cocrystal,2
BUVLUC,cocrystal,2
BUVQER,cocrystal,2
BUVXOH,solvate,4
BUVZIC,cocrystal,2
BUWMIP,salt,1
BUWNIS,salt,1
BUWQUI,salt,1
BUWSUJ,solvate,4
BUWVAR,solvate,4
BUXXIE,salt,1
BUXZEC,solvate,4
BUYHAG,salt,1
BUYRET,salt,1
BUYZAY,cocrystal,2
BUZNIW,cocrystal,2
BUZNOC,cocrystal,2
BUZNUI,cocrystal,2
BUZPAQ,cocrystal,2
BUZSAR,hydrate,3
BUZSOF,salt,1
BUZSUK,salt,1
BXAMSF,salt,1
BXEMSF,salt,1
BXZCPN,salt,1
BYPTAR10,hydrate,3
BZAPRM10,cocrystal,2
BZCYTN,salt,1
BZDZTB,salt,1
BZMETD,hydrate,3
BZNTSL10,salt,1
BZOPPH,cocrystal,2
BZPCBQ,cocrystal,2
BZPPAM,cocrystal,2
BZQRES,cocrystal,2
BZTAZL,salt,1
BZTCNQ,cocrystal,2
BZTFTI,salt,1
BZTPPI,salt,1
BZTRMS,hydrate,3
CABBAI,salt,1
CABDES,salt,1
CABKAT,salt,1
CABKUO,solvate,4
CABLAV,salt,1
CABLEZ,salt,1
CABLOG,cocrystal,2
CABMAT,salt,1
CABNIE,hydrate,3
CABPOK,salt,1
CABTEG,cocrystal,2
CABTIK,cocrystal,2
CABTOQ,cocrystal,2
CABTUW,cocrystal,2
CABVAE,cocrystal,2
CABYIO,hydrate,3
CABZAJ,salt,1
CACBOY,salt,1
CACGUK,cocrystal,2
CACNUR,hydrate,3
CACPAZ,salt,1
CACVAG,cocrystal,2
CACVEK,cocrystal,2
CACVIO,cocrystal,2
CACVOU,cocrystal,2
CACVUA,cocrystal,2
CACWAH,cocrystal,2
CACWEK,salt,1
CADCIU,salt,1
CADDEQ,salt,1
CADFES,salt,1
CADFOF,salt,1
CADFUL,salt,1
CADGUJ,salt,1
CADJIE,hydrate,3
CADJOK,cocrystal,2
CADKEA,salt,1
CADLOL,salt,1
CADMAY,salt,1
CADPAB,salt,1
CADPEF,salt,1
CADZUC,salt,1
CAFBAM,salt,1
CAFBAR20,cocrystal,2
CAFJUR,cocrystal,2
CAFKAY,cocrystal,2
CAFKEC,cocrystal,2
CAFPOQ,cocrystal,2
CAFSAL,cocrystal,2
CAFVOW,cocrystal,2
CAFVUC,cocrystal,2
CAFWAH,cocrystal,2
CAFZIS,salt,1
CAGCIA,salt,1
CAGCOG,salt,1
CAGFUM,cocrystal,2
CAGNAD,hydrate,3
CAGPUY,cocrystal,2
CAGQEK,cocrystal,2
CAGQIO,cocrystal,2
CAGQUA,solvate,4
CAGRAH,hydrate,3
CAGRIP,salt,1
CAGTAI,salt,1
CAGTEM,salt,1
CAGVIP,salt,1
CAGWEM,salt,1
CAGWEN,hydrate,3
CAGWUG,cocrystal,2
CAGXAN,cocrystal,2
CAGXER,cocrystal,2
CAHDOG,salt,1
CAHKAX,salt,1
CAHKOM,salt,1
CAHKOP,salt,1
CAHKUS,salt,1
CAHLED,salt,1
CAHLIH,salt,1
CAHLON,cocrystal,2
CAHLUT,cocrystal,2
CAHMAA,salt,1
CAHNIL,salt,1
CAHRUZ,hydrate,3
CAHSUA,salt,1
CAHYES,hydrate,3
CAJBEW,salt,1
CAJBOI,salt,1
CAJBUO,salt,1
CAJCAV,salt,1
CAJQAG,cocrystal,2
CAJQEK,cocrystal,2
CAJQIO,cocrystal,2
CAJQOU,cocrystal,2
CAJRAH,cocrystal,2
CAJRIP,cocrystal,2
CAJTEP,salt,1
CAJVEP,hydrate,3
CAJXOA,salt,1
CAKBUP,salt,1
CAKCAW,salt,1
CAKCEA,salt,1
CAKCIE,salt,1
CAKCOK,salt,1
CAKKEF,salt,1
CAKKEH,salt,1
CAKLUV,hydrate,3
CAKNAF,salt,1
CAKPIR,hydrate,3
CAKQEL,hydrate,3
CAKSIR,salt,1
CAKYOE,cocrystal,2
CAKZET,salt,1
CAKZEV,cocrystal,2
CALFUS,cocrystal,2
CALGAZ,cocrystal,2
CALHAY,salt,1
CALJUW,cocrystal,2
CALKAD,cocrystal,2
CALKEH,cocrystal,2
CALLOU,salt,1
CALLUA,salt,1
CALMAH,cocrystal,2
CALPEK,salt,1
CALVES,hydrate,3
CALVOB,salt,1
CALWEV,hydrate,3
CAMHIJ,salt,1
CAMKOT,cocrystal,2
CAMMAG,salt,1
CAMNAG,salt,1
CAMVAQ,salt,1
CAMVIY,salt,1
CAMVOE,solvate,4
CAMWEV,solvate,4
CAMWOD,salt,1
CAMWUJ,salt,1
CANANP,cocrystal,2
CANDED,salt,1
CANFAC,hydrate,3
CANFUV,cocrystal,2
CANGOQ,cocrystal,2
CANGUW,cocrystal,2
CANHEH,hydrate,3
CANJIN,hydrate,3
CANJOT,salt,1
CANJUW,cocrystal,2
CANPEQ,cocrystal,2
CANPIU,cocrystal,2
CANPOA,cocrystal,2
CANPUG,cocrystal,2
CANTIU,salt,1
CANVIW,salt,1
CANWAT,salt,1
CANWET,salt,1
CANWEX,cocrystal,2
CANWUJ,salt,1
CANWUN,salt,1
CANXAU,salt,1
CANYEY,salt,1
CAPDEG,salt,1
CAPKEL,hydrate,3
CAPKIP,salt,1
CAPKUB,cocrystal,2
CAPRAM,hydrate,3
CAPRES,cocrystal,2
CAPRUJ,cocrystal,2
CAPSAQ,cocrystal,2
CAPSOE,cocrystal,2
CAPTEW,salt,1
CAPTOC,cocrystal,2
CAPVAU,salt,1
CAPVOI,solvate,4
CAPXOJ,salt,1
CAQBEE,salt,1
CAQBII,salt,1
CAQKUD,solvate,4
CAQLAJ,salt,1
CAQPIX,cocrystal,2
CARBOO,salt,1
CARGIM,salt,1
CARGOS,salt,1
CARJUA,salt,1
CARTAS,salt,1
CARTEW,cocrystal,2
CARTIA,solvate,4
CARTOG,solvate,4
CARTUM,solvate,4
CARVEY,solvate,4
CARVIA,salt,1
CARVOI,solvate,4
CARWAV,salt,1
CARWEZ,salt,1
CARWUP,cocrystal,2
CARZIE,hydrate,3
CASBEE,salt,1
CASCIJ,hydrate,3
CASDOT,cocrystal,2
CASMAL,cocrystal,2
CASNAO,cocrystal,2
CASNAP,cocrystal,2
CASRAS,salt,1
CASSEW,cocrystal,2
CASTOG,salt,1
CASYUT,hydrate,3
CASZIG,hydrate,3
CATBOP,salt,1
CATCEG,hydrate,3
CATCIK,cocrystal,2
CATCOQ,hydrate,3
CATCUW,hydrate,3
CATDAE,salt,1
CATGIP,cocrystal,2
CATGOV,cocrystal,2
CATGUB,cocrystal,2
CATHOW,solvate,4
CATHUB,hydrate,3
CATHUC,solvate,4
CATJAK,solvate,4
CATJUE,cocrystal,2
CATKAL,cocrystal,2
CATKEP,cocrystal,2
CATKIT,cocrystal,2
CATKUF,cocrystal,2
CATLUG,salt,1
CATNES,cocrystal,2
CATWIE,solvate,4
CATWIH,cocrystal,2
CATXOO,hydrate,3
CAVPAQ,salt,1
CAVXEF,salt,1
CAVXIJ,hydrate,3
CAVYED,cocrystal,2
CAVYIH,cocrystal,2
CAVYIL,cocrystal,2
CAWBIN,solvate,4
CAWKAP,cocrystal,2
CAXFIQ,cocrystal,2
CAXGUH,cocrystal,2
CAXNOE,cocrystal,2
CAXPAS,salt,1
CAYGUF,cocrystal,2
CAYJAO,cocrystal,2
CAYJES,hydrate,3
CAYJIW,cocrystal,2
CAYJOC,cocrystal,2
CAYNOJ,salt,1
CAYPIE,salt,1
CAYVOQ,salt,1
CAYWEH,salt,1
CAYWIL,salt,1
CAYXEI,salt,1
CAYYUX,solvate,4
CAYZAE,salt,1
CAZBAI,salt,1
CAZBEM,salt,1
CAZBIQ,hydrate,3
CAZBOW,salt,1
CAZCAL,cocrystal,2
CAZCIR,hydrate,3
CAZCOX,hydrate,3
CAZCUD,hydrate,3
CAZDAK,salt,1
CAZDEO,salt,1
CAZDIS,salt,1
CAZDOY,hydrate,3
CAZDUE,salt,1
CAZKUK,hydrate,3
CAZLAR,cocrystal,2
CAZLEY,hydrate,3
CAZMEZ,hydrate,3
CAZNEA,hydrate,3
CAZSAY,salt,1
CAZYUB,cocrystal,2
CAZZEK,salt,1
CAZZOT,cocrystal,2
CBHYZS,salt,1
CBZSUL,hydrate,3
CBZTNB,cocrystal,2
CEAHEP,salt,1
CEBBOE,hydrate,3
CEBCEV,hydrate,3
CEBCOF,cocrystal,2
CEBNUT,salt,1
CEBPAD,salt,1
CEBPEG,salt,1
CEBPIL,cocrystal,2
CEBPUV,salt,1
CEBVUB,hydrate,3
CEBWAI,solvate,4
CEBWEM,salt,1
CEBWIQ,salt,1
CEBWUC,hydrate,3
CEBXAJ,hydrate,3
CECCAQ,solvate,4
CECHEZ,cocrystal,2
CECMEG,salt,1
CECPEF,cocrystal,2
CECPIM,salt,1
CECPUY,salt,1
CECQAD,salt,1
CECQEJ,hydrate,3
CECQIN,hydrate,3
CECQOT,hydrate,3
CECRIL,cocrystal,2
CECRIO,salt,1
CECSAH,solvate,4
CECSUA,salt,1
CECXEQ,salt,1
CECXIU,salt,1
CECYIV,salt,1
CECZAL,cocrystal,2
CECZIW,salt,1
CEDBIZ,salt,1
CEDGAU,cocrystal,2
CEDGEY,cocrystal,2
CEDHOK,salt,1
CEDHUQ,salt,1
CEDKUT,salt,1
CEDLAA,salt,1
CEDLOP,cocrystal,2
CEDNEG,hydrate,3
CEDNOQ,salt,1
CEDPAF,salt,1
CEDPIO,hydrate,3
CEDQIP,salt,1
CEDQOT,salt,1
CEDQOV,salt,1
CEDSEL,cocrystal,2
CEDVOX,salt,1
CEFMIL,cocrystal,2
CEFPEL,salt,1
CEFPEM,cocrystal,2
CEFTEO,salt,1
CEFWEQ,hydrate,3
CEFZEU,cocrystal,2
CEFZUJ,salt,1
CEGDAX,salt,1
CEGDEB,hydrate,3
CEGDEZ,cocrystal,2
CEGFEB,salt,1
CEGGED,salt,1
CEGGUS,cocrystal,2
CEGRIR,salt,1
CEGYUI,salt,1
CEHBAU,salt,1
CEHCAV,cocrystal,2
CEHFIG,salt,1
CEHGIF,cocrystal,2
CEHGOL,cocrystal,2
CEHGUR,hydrate,3
CEHHAY,hydrate,3
CEHHEC,cocrystal,2
CEHJEF,salt,1
CEHJIJ,salt,1
CEHKEG,salt,1
CEHKIK,salt,1
CEHNAG,salt,1
CEHNEI,salt,1
CEHPUC,cocrystal,2
CEHQEO,salt,1
CEHYIA,cocrystal,2
CEHYIB,cocrystal,2
CEJDEC,salt,1
CEJDIG,solvate,4
CEJDON,cocrystal,2
CEJFEE,salt,1
CEJFII,salt,1
CEJGEG,cocrystal,2
CEJGOO,salt,1
CEJGUU,salt,1
CEJGUW,cocrystal,2
CEJJEH,hydrate,3
CEJLOT,salt,1
CEJLUZ,salt,1
CEJMAG,salt,1
CEJMEK,salt,1
CEJMIO,solvate,4
CEJMOU,salt,1
CEJPAK,cocrystal,2
CEJPIU,hydrate,3
CEJTAM,cocrystal,2
CEJVAO,salt,1
CEJVES,cocrystal,2
CEJVIW,cocrystal,2
CEJXOE,cocrystal,2
CEJXUK,cocrystal,2
CEKBAX,salt,1
CEKBEB,hydrate,3
CEKBIF,salt,1
CEKBOJ,cocrystal,2
CEKBOL,salt,1
CEKBUP,cocrystal,2
CEKCII,salt,1
CEKDUT,salt,1
CEKFAB,cocrystal,2
CEKFUU,cocrystal,2
CEKGOP,hydrate,3
CEKGUV,hydrate,3
CEKHAC,salt,1
CEKHIK,salt,1
CEKHOQ,salt,1
CEKHUW,salt,1
CEKJAE,hydrate,3
CEKJEI,salt,1
CEKJIM,salt,1
CEKJOR,salt,1
CEKKEK,cocrystal,2
CEKKIO,hydrate,3
CEKKOU,cocrystal,2
CEKLAH,cocrystal,2
CEKLEL,cocrystal,2
CEKLIP,cocrystal,2
CEKLOV,cocrystal,2
CEKLUB,cocrystal,2
CEKMAI,cocrystal,2
CEKMEM,cocrystal,2
CEKMIQ,cocrystal,2
CEKMOV,salt,1
CEKMOW,cocrystal,2
CEKMUC,cocrystal,2
CEKMUD,hydrate,3
CEKNAK,salt,1
CEKNEN,cocrystal,2
CEKNIR,cocrystal,2
CEKNOX,cocrystal,2
CEKNUD,hydrate,3
CEKPEP,cocrystal,2
CEKPIT,cocrystal,2
CEKPOZ,cocrystal,2
CEKQEQ,salt,1
CEKQIU,salt,1
CEKQOA,hydrate,3
CEKVAP,hydrate,3
CEKXUL,hydrate,3
CEKYUM,cocrystal,2
CEKZIE,salt,1
CELCAX,salt,1
CELCEB,salt,1
CELFAA,hydrate,3
CELFEE,hydrate,3
CELHOR,hydrate,3
CELHUX,hydrate,3
CELMUC,salt,1
CELQUG,salt,1
CELVOG,salt,1
CELWEY,solvate,4
CELWIB,salt,1
CELWUN,salt,1
CELXAU,hydrate,3
CELXEY,hydrate,3
CELXIC,salt,1
CELXOI,salt,1
CELYEZ,hydrate,3
CEMFIM,salt,1
CEMGAF,cocrystal,2
CEMGEJ,cocrystal,2
CEMGIN,cocrystal,2
CEMJUD,salt,1
CEMNEN,cocrystal,2
CEMTUN,solvate,4
CENGUX,hydrate,3
CENHAE,cocrystal,2
CENHEI,cocrystal,2
CENJAG,cocrystal,2
CENKOV,salt,1
CENKUB,salt,1
CENKUD,hydrate,3
CENLIT,cocrystal,2
CENNUE,cocrystal,2
CENQIZ,salt,1
CENROF,salt,1
CENRUL,salt,1
CENSAS,salt,1
CENSEW,salt,1
CENTOF,salt,1
CENVEX,salt,1
CENVIB,hydrate,3
CENXAX,salt,1
CENXIF,salt,1
CENXOL,salt,1
CENXUP,salt,1
CENXUR,salt,1
CENYEC,salt,1
CENYIG,salt,1
CENYOM,salt,1
CENYON,cocrystal,2
CENZEE,cocrystal,2
CEPFEJ,salt,1
CEPFEL,hydrate,3
CEPFIP,salt,1
CEPFOV,salt,1
CEPFUB,salt,1
CEPGAI,salt,1
CEPHAP,salt,1
CEPJOW,cocrystal,2
CEPMOC,cocrystal,2
CEPMUI,cocrystal,2
CEPNAP,cocrystal,2
CEPSOF,salt,1
CEPZEG,cocrystal,2
CEPZIK,cocrystal,2
CEPZUV,cocrystal,2
CEQBAE,cocrystal,2
CEQBEI,cocrystal,2
CEQDAH,hydrate,3
CEQDEL,hydrate,3
CEQDIP,hydrate,3
CEQFUD,hydrate,3
CEQJOA,cocrystal,2
CEQKAN,cocrystal,2
CEQKER,cocrystal,2
CEQKIV,cocrystal,2
CEQKOB,cocrystal,2
CEQKOC,salt,1
CEQKUH,cocrystal,2
CEQLAO,cocrystal,2
CEQLES,cocrystal,2
CEQLIW,cocrystal,2
CEQNER,salt,1
CEQREY,cocrystal,2
CEQVOM,cocrystal,2
CERDUC,cocrystal,2
CERFEN,cocrystal,2
CERFIS,cocrystal,2
CERFOY,cocrystal,2
CERGAL,cocrystal,2
CERJUI,salt,1
CERLIY,salt,1
CERMIY,cocrystal,2
CERNET,cocrystal,2
CERPEY,hydrate,3
CERRAW,salt,1
CERRUN,salt,1
CERSAU,salt,1
CERTAX,salt,1
CERTEB,solvate,4
CERVIG,salt,1
CERXIH,cocrystal,2
CERYOO,salt,1
CERZEF,cocrystal,2
CESBEI,salt,1
CESCUZ,salt,1
CESKAN,cocrystal,2
CESKAQ,cocrystal,2
CESRUN,salt,1
CESTAY,salt,1
CESTEC,solvate,4
CESTOM,solvate,4
CESWAB,cocrystal,2
CESZOS,salt,1
CETJOE,cocrystal,2
CETMOG,salt,1
CETMUM,salt,1
CETMUN,salt,1
CETPAS,salt,1
CETQUO,cocrystal,2
CETSOJ,salt,1
CETTIE,salt,1
CETWEF,solvate,4
CETWIJ,solvate,4
CETWOP,cocrystal,2
CEVJIW,salt,1
CEVKIZ,solvate,4
CEVNAW,salt,1
CEVPOK,cocrystal,2
CEVQAX,cocrystal,2
CEVVUU,salt,1
CEWCOX,hydrate,3
CEWHAQ,salt,1
CEWJEU,salt,1
CEWJUK,hydrate,3
CEWMIA,cocrystal,2
CEWMOG,cocrystal,2
CEWQEE,salt,1
CEWQII,cocrystal,2
CEWQOO,salt,1
CEWQUU,salt,1
CEWREF,salt,1
CEWRIJ,cocrystal,2
CEWYOT,cocrystal,2
CEWZAJ,cocrystal,2
CEWZEN,hydrate,3
CEWZIR,cocrystal,2
CEXBIU,hydrate,3
CEXCER,cocrystal,2
CEXCIV,cocrystal,2
CEXDIS,salt,1
CEXGAN,salt,1
CEXGAR,cocrystal,2
CEXHOG,cocrystal,2
CEXHUM,cocrystal,2
CEXJOI,cocrystal,2
CEXJUO,cocrystal,2
CEXKAV,cocrystal,2
CEXKEZ,cocrystal,2
CEXKUP,hydrate,3
CEXLAW,hydrate,3
CEXLIE,cocrystal,2
CEXMEB,cocrystal,2
CEXMUO,hydrate,3
CEXMUR,hydrate,3
CEXNAY,salt,1
CEXNEC,hydrate,3
CEXPAX,salt,1
CEXTEG,salt,1
CEXVAG,cocrystal,2
CEXVEK,cocrystal,2
CEXVIO,cocrystal,2
CEXVOU,hydrate,3
CEXVUA,cocrystal,2
CEXWAH,hydrate,3
CEXWUB,cocrystal,2
CEXXIO,salt,1
CEXYAI,hydrate,3
CEXZAH,hydrate,3
CEYCIS,salt,1
CEYDAO,salt,1
CEYGEW,hydrate,3
CEYHAS,cocrystal,2
CEYQII,salt,1
CEYQOO,hydrate,3
CEYYOU,hydrate,3
CEYZOV,hydrate,3
CEZCOB,salt,1
CEZCUH,salt,1
CEZFOF,cocrystal,2
CEZMED,hydrate,3
CEZMIH,salt,1
CEZNOO,salt,1
CEZOMN,cocrystal,2
CEZPIK,salt,1
CEZVIP,solvate,4
CEZXAK,salt,1
CEZYAK,hydrate,3
CHAEHP,salt,1
CHAPEP01,salt,1
CHRFAN,cocrystal,2
CHRTCQ,cocrystal,2
CHSBHA,salt,1
CHXADI10,cocrystal,2
CIBBAQ,salt,1
CIBDOJ,salt,1
CIBDUP,salt,1
CIBHIE,salt,1
CIBNIK,solvate,4
CIBPIQ,salt,1
CIBPUC,salt,1
CIBQAJ,salt,1
CIBQEN,salt,1
CIBVER,salt,1
CIBVIV,salt,1
CIBVOB,salt,1
CIBVUH,salt,1
CIBZOF,cocrystal,2
CICMOR,salt,1
CICMUX,hydrate,3
CICQIQ,salt,1
CICQOW,salt,1
CICVUF,cocrystal,2
CICZEV,hydrate,3
CIDCIC,hydrate,3
CIDCIF,cocrystal,2
CIDCOI,hydrate,3
CIDDAV,cocrystal,2
CIDDUP,salt,1
CIDRAL,cocrystal,2
CIDREP,cocrystal,2
CIDRIT,hydrate,3
CIFFEF,salt,1
CIFFOM,salt,1
CIFHOO,salt,1
CIFWUJ,cocrystal,2
CIFZID,cocrystal,2
CIGBOM,solvate,4
CIGDIH,salt,1
CIGDON,hydrate,3
CIGFUV,salt,1
CIGGAC,salt,1
CIGGEG,salt,1
CIGGIK,salt,1
CIGHEG,salt,1
CIGWOE,hydrate,3
CIGYEW,hydrate,3
CIGYUQ,salt,1
CIGZAX,salt,1
CIGZEB,salt,1
CIGZIF,hydrate,3
CIHCEB,cocrystal,2
CIHDEF,hydrate,3
CIHDIJ,salt,1
CIHDOP,salt,1
CIHDUV,cocrystal,2
CIHFAD,solvate,4
CIHFIL,salt,1
CIHHEI,salt,1
CIHHIM,salt,1
CIHHUY,salt,1
CIHJUC,salt,1
CIHKEN,cocrystal,2
CIHKUD,salt,1
CIHLAK,salt,1
CIHLIS,salt,1
CIHQOD,cocrystal,2
CIHQUJ,cocrystal,2
CIHVIY,salt,1
CIHVOE,salt,1
CIHWIZ,salt,1
CIHXUM,salt,1
CIJFEI,hydrate,3
CIJTEU,salt,1
CIJVOK,salt,1
CIJVUO,salt,1
CIJVUQ,salt,1
CIJWAV,salt,1
CIJWAX,salt,1
CIJWEB,salt,1
CIJXOI,salt,1
CIKCEF,cocrystal,2
CIKDAC,salt,1
CIKDEG,hydrate,3
CIKKAK,cocrystal,2
CIKKUE,cocrystal,2
CIKLEP,cocrystal,2
CIKLOZ,cocrystal,2
CIKNUI,salt,1
CIKPIY,cocrystal,2
CIKQET,cocrystal,2
CIKQIY,salt,1
CIKQUJ,cocrystal,2
CIKRAP,cocrystal,2
CIKRIY,hydrate,3
CIKRUK,hydrate,3
CIKSEV,salt,1
CIKTAT,salt,1
CIKVAW,salt,1
CIKWEB,hydrate,3
CIKWIF,salt,1
CIKWOL,salt,1
CIKYIH,salt,1
CILKIV,cocrystal,2
CILKOB,cocrystal,2
CILLAM,cocrystal,2
CILLAO,cocrystal,2
CILLEQ,cocrystal,2
CILLIU,cocrystal,2
CILLOA,cocrystal,2
CILLUG,cocrystal,2
CILMAN,cocrystal,2
CILMER,cocrystal,2
CILQAR,cocrystal,2
CILZAA,hydrate,3
CILZAC,solvate,4
CILZEG,cocrystal,2
CILZOO,hydrate,3
CIMCIK,cocrystal,2
CIMCIN,salt,1
CIMCOS,salt,1
CIMDUB,cocrystal,2
CIMKES,salt,1
CIMKUE,salt,1
CIMLAM,salt,1
CIMLIW,salt,1
CIMMOD,cocrystal,2
CIMMOE,salt,1
CIMMUK,salt,1
CIMNAN,hydrate,3
CIMNAQ,salt,1
CIMNEV,hydrate,3
CIMVAY,cocrystal,2
CIMVED,cocrystal,2
CIMXUT,salt,1
CINCAE,salt,1
CINGEL,cocrystal,2
CINLUH,hydrate,3
CINMAO,salt,1
CINNIW,salt,1
CINNOC,salt,1
CINPEU,salt,1
CINPOE,salt,1
CINQEY,salt,1
CINQIC,salt,1
CINVIH,hydrate,3
CINVON,salt,1
CINXIH,salt,1
CINZIJ,salt,1
CIPBAH,salt,1
CIPBEL,salt,1
CIPDEL,salt,1
CIPHAL,cocrystal,2
CIPKER,salt,1
CIPSEA,salt,1
CIPSUQ,salt,1
CIPTUU,salt,1
CIPVUS,hydrate,3
CIPVUU,cocrystal,2
CIPZAF,salt,1
CIQBIO,salt,1
CIQGES,cocrystal,2
CIQGIW,cocrystal,2
CIQGOC,cocrystal,2
CIQJUI,hydrate,3
CIQMOE,salt,1
CIQRAW,salt,1
CIQRID,cocrystal,2
CIQSIF,salt,1
CIQTEC,hydrate,3
CIQTIH,salt,1
CIQVEE,salt,1
CIQXAE,salt,1
CIQXEI,solvate,4
CIQXIM,salt,1
CIQXOS,salt,1
CIRCEM,solvate,4
CIRFEQ,hydrate,3
CIRLOH,solvate,4
CIRMAT,hydrate,3
CIRMOH,hydrate,3
CIRMUN,cocrystal,2
CIRNAU,cocrystal,2
CIRNEY,cocrystal,2
CIRNIC,cocrystal,2
CIRQEB,salt,1
CIRVUV,hydrate,3
CIRWEG,cocrystal,2
CIRXEH,salt,1
CIRXIL,cocrystal,2
CIRYUZ,hydrate,3
CIRZAG,hydrate,3
CIRZEK,hydrate,3
CISCOW,cocrystal,2
CISDAL,salt,1
CISDEP,salt,1
CISDIT,salt,1
CISGOC,salt,1
CISGUI,hydrate,3
CISHET,salt,1
CISHIX,salt,1
CISHOD,hydrate,3
CISJAR,salt,1
CISJEV,salt,1
CISKIY,cocrystal,2
CISLOJ,salt,1
CISLUP,salt,1
CISMAW,salt,1
CISMIE,salt,1
CISMUQ,salt,1
CISPEA,cocrystal,2
CISPIE,cocrystal,2
CISPOK,cocrystal,2
CISPUQ,cocrystal,2
CISQIH,salt,1
CISREB,salt,1
CISRUS,solvate,4
CITJAQ,salt,1
CITJUN,cocrystal,2
CITROP,salt,1
CITZAJ,salt,1
CITZUD,salt,1
CIVDIY,salt,1
CIVDUK,salt,1
CIVFEU,cocrystal,2
CIVMIG,cocrystal,2
CIVMOM,cocrystal,2
CIVPUW,cocrystal,2
CIVQEH,cocrystal,2
CIVQIL,cocrystal,2
CIVRAA,salt,1
CIVRII,salt,1
CIVWIQ,salt,1
CIWDAO,cocrystal,2
CIWFIZ,cocrystal,2
CIWFOF,cocrystal,2
CIWGAS,cocrystal,2
CIWGEW,cocrystal,2
CIWGIA,cocrystal,2
CIWGUM,cocrystal,2
CIWHAS,solvate,4
CIWHAT,cocrystal,2
CIWHEW,salt,1
CIWHEX,cocrystal,2
CIWHIB,cocrystal,2
CIWHUM,cocrystal,2
CIWLAZ,salt,1
CIWLUQ,salt,1
CIWMAZ,salt,1
CIWNAZ,salt,1
CIWNED,hydrate,3
CIWNON,hydrate,3
CIWNUT,salt,1
CIWPAB,salt,1
CIWPEF,salt,1
CIWPIJ,hydrate,3
CIWPUV,hydrate,3
CIWQAC,hydrate,3
CIWQEG,salt,1
CIWROP,salt,1
CIWSIN,salt,1
CIWTUZ,salt,1
CIWVIP,hydrate,3
CIWVOV,hydrate,3
CIWVUB,hydrate,3
CIWWAI,salt,1
CIWWEM,salt,1
CIWWOW,hydrate,3
CIWZIR,salt,1
CIXBES,salt,1
CIXBOC,salt,1
CIXBUI,cocrystal,2
CIXCIY,salt,1
CIXDAQ,hydrate,3
CIXFUM,salt,1
CIXHOI,salt,1
CIXHUO,salt,1
CIXKAW,cocrystal,2
CIXLIG,salt,1
CIXLOM,hydrate,3
CIXLUS,hydrate,3
CIXMAZ,salt,1
CIXMED,cocrystal,2
CIXMIH,salt,1
CIXMON,salt,1
CIXNAA,cocrystal,2
CIXNII,cocrystal,2
CIXNUU,salt,1
CIXRIN,cocrystal,2
CIXROT,cocrystal,2
CIXZAL,cocrystal,2
CIYDAR,cocrystal,2
CIYDEV,cocrystal,2
CIYDIZ,cocrystal,2
CIYHAU,salt,1
CIYKAZ,salt,1
CIYLUT,hydrate,3
CIYNON,salt,1
CIYNUT,salt,1
CIYPIL,salt,1
CIYPUX,hydrate,3
CIYQEI,salt,1
CIYQOS,salt,1
CIYQUZ,salt,1
CIYWUD,hydrate,3
CIZLUV,cocrystal,2
CIZRIM,salt,1
CIZTAH,cocrystal,2
CIZTUA,cocrystal,2
CIZVOZ,salt,1
CIZYAN,salt,1
CIZYIU,solvate,4
CIZZIU,hydrate,3
CLAHMB,cocrystal,2
CLEMAS,salt,1
CLMPIM,salt,1
CLQUIC,cocrystal,2
CMHMBZ,cocrystal,2
CNAPZS,hydrate,3
COBKUA,salt,1
COBKUZ,salt,1
COBLAG,cocrystal,2
COBLAH,solvate,4
COBNIR,salt,1
COBNOX,hydrate,3
COBPAK,hydrate,3
COBTUI,salt,1
COBVIY,hydrate,3
COCGAF,salt,1
COCMOX,cocrystal,2
COCPIU,salt,1
COCPOA,salt,1
COCRUH,cocrystal,2
COCXUN,salt,1
COCZUQ,salt,1
CODCOO,cocrystal,2
CODRUI,salt,1
CODYEB,salt,1
CODZED,salt,1
COFFUZ,salt,1
COGCEJ,salt,1
COGCIN,hydrate,3
COGCOR,salt,1
COGCUX,hydrate,3
COGCUZ,cocrystal,2
COGDAG,salt,1
COGJOZ,cocrystal,2
COGKAM,cocrystal,2
COGKOA,cocrystal,2
COGKUG,hydrate,3
COGNUJ,salt,1
COGPAQ,salt,1
COGPEU,salt,1
COGREV,cocrystal,2
COGRIZ,salt,1
COHFEM,cocrystal,2
COHGAJ,salt,1
COHQIZ,salt,1
COHQOF,hydrate,3
COHWIF,cocrystal,2
COHWOL,cocrystal,2
COHYUU,cocrystal,2
COJWIJ,salt,1
COJYIM,salt,1
COKCEL,solvate,4
COKCUB,salt,1
COKDOY,hydrate,3
COKGIU,salt,1
COKLAQ,salt,1
COKNIC,cocrystal,2
COKNOG,cocrystal,2
COKNUM,cocrystal,2
COKSUR,salt,1
COKTAY,salt,1
COKXUY,salt,1
COKZOR,cocrystal,2
COLGUG,cocrystal,2
COLHAN,cocrystal,2
COLHER,salt,1
COLHIV,cocrystal,2
COLKUL,hydrate,3
COLLOG,cocrystal,2
COLLUM,cocrystal,2
COLQAW,salt,1
COLQEA,salt,1
COLRUT,cocrystal,2
COLVAD,cocrystal,2
COLVIL,solvate,4
COMHIV,cocrystal,2
COMHOB,cocrystal,2
COMXAD,salt,1
CONJAS,salt,1
CONJUM,salt,1
CONKAT,hydrate,3
CONLIB,cocrystal,2
CONNAV,salt,1
CONPAW,cocrystal,2
CONVAD,hydrate,3
CONWOT,cocrystal,2
COPBAL,salt,1
COPDEQ,salt,1
COPHAR,salt,1
COPMIG,salt,1
COPSOS,salt,1
COQBIU,salt,1
COQDES,salt,1
COQFIY,salt,1
COQMOK,hydrate,3
COQSEH,salt,1
COQVUZ,hydrate,3
COQYOX,salt,1
COQZIS,hydrate,3
COQZOZ,salt,1
CORGEW,salt,1
CORPIJ,cocrystal,2
CORRUW,salt,1
CORSIM,salt,1
CORTPY,cocrystal,2
CORWIQ,salt,1
CORXUE,salt,1
COSDOE,salt,1
COSDUK,salt,1
COSHAW,cocrystal,2
COSHOK,cocrystal,2
COSKUT,cocrystal,2
COSLIG,salt,1
COSRUY,solvate,4
COSSEL,salt,1
COSZOB,cocrystal,2
COTDEX,hydrate,3
COTDIB,salt,1
COTJAX,cocrystal,2
COTZOB,salt,1
COVDEY,hydrate,3
COVKOP,salt,1
COVKUT,salt,1
COVKUV,salt,1
COVLAC,salt,1
COVLAD,salt,1
COVLEG,salt,1
COVLIK,salt,1
COVSUB,salt,1
COVSUD,salt,1
COVTUE,salt,1
COVVUH,cocrystal,2
COVYIY,salt,1
COVYOE,salt,1
COVYUK,salt,1
COVZAR,salt,1
COVZOE,salt,1
COWGON,salt,1
COWHUS,cocrystal,2
COWJAA,cocrystal,2
COWJEE,salt,1
COWJII,salt,1
COWJOO,cocrystal,2
COWJUU,salt,1
COWPAG,salt,1
COWQIR,salt,1
COWQOX,cocrystal,2
COWRAK,salt,1
COWSIT,cocrystal,2
COWSOY,salt,1
COWTAK,cocrystal,2
COWTAL,hydrate,3
COWTAM,salt,1
COXGUS,salt,1
COXHAZ,cocrystal,2
COXJEF,salt,1
COXKUV,cocrystal,2
COXLEG,cocrystal,2
COXPAH,hydrate,3
COXSEQ,hydrate,3
COXYAQ,salt,1
COXYEU,hydrate,3
COXYIY,salt,1
COXYOE,salt,1
COXYUJ,salt,1
COXYUK,salt,1
COXZAR,salt,1
COYBAV,hydrate,3
COYDUP,salt,1
COYNEJ,salt,1
COYPAJ,salt,1
COYPOX,hydrate,3
COYPUD,salt,1
COYQOY,salt,1
COYRAL,salt,1
COYREP,salt,1
COYSOY,cocrystal,2
COYTOZ,cocrystal,2
COYWAQ,salt,1
COYXEW,salt,1
COZBAX,salt,1
COZVAQ,salt,1
COZVEU,salt,1
COZVIY,hydrate,3
COZVOE,salt,1
COZXEX,salt,1
COZXIZ,cocrystal,2
COZXOF,cocrystal,2
COZXUL,cocrystal,2
COZXUN,cocrystal,2
COZYAS,cocrystal,2
COZYEW,cocrystal,2
COZYIA,cocrystal,2
COZYOG,cocrystal,2
COZYUM,cocrystal,2
COZZAT,cocrystal,2
COZZEX,cocrystal,2
COZZIB,cocrystal,2
COZZOH,cocrystal,2
COZZUN,cocrystal,2
CPAIMZ,salt,1
CPHAZP,salt,1
CPHMAL10,salt,1
CPISIN,salt,1
CPMHIA10,hydrate,3
CPSAID,cocrystal,2
CRBAMP01,salt,1
CRCURB,salt,1
CRHYDZ,cocrystal,2
CRMESF,cocrystal,2
CRPACX10,cocrystal,2
CRQZMC,cocrystal,2
CRWNUR,cocrystal,2
CSATBR,cocrystal,2
CSATEO,cocrystal,2
CTBGLU,hydrate,3
CTBRXY,cocrystal,2
CTSGLM,hydrate,3
CUBBAD,cocrystal,2
CUBBEH,cocrystal,2
CUBDEL,salt,1
CUBDIP,salt,1
CUBKER,cocrystal,2
CUBPAR,salt,1
CUBPEV,solvate,4
CUBPIZ,salt,1
CUBPOF,salt,1
CUBPUL,salt,1
CUBQEW,salt,1
CUBQUM,salt,1
CUBRAT,salt,1
CUBRIB,salt,1
CUBROH,salt,1
CUBTID,salt,1
CUBWUS,hydrate,3
CUBYIK,salt,1
CUCCOT,solvate,4
CUCGEM,salt,1
CUCNOG,salt,1
CUCWAY,cocrystal,2
CUCWAZ,salt,1
CUCXII,salt,1
CUCYAB,salt,1
CUCYEF,salt,1
CUCZAC,hydrate,3
CUDBUB,hydrate,3
CUDCEM,cocrystal,2
CUDCIO,salt,1
CUDCOU,salt,1
CUDJOA,cocrystal,2
CUDLES,salt,1
CUDLIW,salt,1
CUDNAQ,salt,1
CUDNOG,salt,1
CUDNUK,salt,1
CUDNUM,salt,1
CUDPAS,salt,1
CUDPAU,salt,1
CUDPEY,salt,1
CUDQUP,cocrystal,2
CUDREY,salt,1
CUDRUR,salt,1
CUFGIW,hydrate,3
CUFRED,hydrate,3
CUFRIH,salt,1
CUFRON,hydrate,3
CUFRUT,salt,1
CUFSAA,hydrate,3
CUFSEE,hydrate,3
CUGBIS,cocrystal,2
CUGBOW,cocrystal,2
CUGLUL,salt,1
CUHGAO,salt,1
CUHNIF,hydrate,3
CUHPEB,salt,1
CUHVUY,salt,1
CUJDUI,salt,1
CUJJIC,salt,1
CUJMOK,cocrystal,2
CUJMUP,salt,1
CUJMUQ,cocrystal,2
CUJNAX,cocrystal,2
CUJNEB,cocrystal,2
CUJREG,hydrate,3
CUJZOZ,hydrate,3
CUKCET,salt,1
CUKCUH,salt,1
CUKDAO,salt,1
CUKDIY,cocrystal,2
CUKDOE,cocrystal,2
CUKFEU,salt,1
CUKGOE,salt,1
CUKGOF,salt,1
CUKGUL,salt,1
CUKHAS,salt,1
CUKJUP,solvate,4
CUKKEA,solvate,4
CUKKUR,cocrystal,2
CUKNED,salt,1
CUKVOU,salt,1
CUKXIP,cocrystal,2
CUMHUQ,cocrystal,2
CUMJOM,cocrystal,2
CUMLAX,salt,1
CUMLOO,cocrystal,2
CUMNAA,solvate,4
CUMNEE,cocrystal,2
CUMNOO,hydrate,3
CUMPAC,cocrystal,2
CUMQAC,cocrystal,2
CUMQEG,cocrystal,2
CUMQIK,cocrystal,2
CUMQUX,salt,1
CUMRAE,cocrystal,2
CUNHOJ,cocrystal,2
CUNHUP,cocrystal,2
CUNLEF,salt,1
CUNQAE,salt,1
CUNQOS,solvate,4
CUNQUY,hydrate,3
CUNROT,salt,1
CUNVUD,salt,1
CUNWUD,cocrystal,2
CUNXAK,cocrystal,2
CUNXOZ,salt,1
CUPJAZ,cocrystal,2
CUPJED,cocrystal,2
CUPJIH,cocrystal,2
CUPJON,cocrystal,2
CUPJUT,cocrystal,2
CUPKAA,cocrystal,2
CUPKEE,cocrystal,2
CUPKII,cocrystal,2
CUPNEJ,salt,1
CUPNUZ,salt,1
CUPZEU,salt,1
CUPZIY,salt,1
CUPZOE,salt,1
CUQCUN,hydrate,3
CUQDAU,hydrate,3
CUQGOK,salt,1
CUQGUQ,cocrystal,2
CUQHAX,salt,1
CUQHUS,salt,1
CUQKAC,cocrystal,2
CUQSIQ,cocrystal,2
CURBEX,salt,1
CURFOM,salt,1
CURHIG,salt,1
CURHUS,cocrystal,2
CURHUV,hydrate,3
CURKAD,hydrate,3
CURKOR,salt,1
CURKUV,salt,1
CURKUX,salt,1
CURLAE,salt,1
CURMIL,cocrystal,2
CURNOV,cocrystal,2
CURSAL,salt,1
CUSCAX,salt,1
CUSCEB,hydrate,3
CUSCIF,hydrate,3
CUSGOM,salt,1
CUSGOP,salt,1
CUSJAB,salt,1
CUSJAD,salt,1
CUSXAR,salt,1
CUSYOF,cocrystal,2
CUSYUL,cocrystal,2
CUSZAS,cocrystal,2
CUSZEW,cocrystal,2
CUSZIA,cocrystal,2
CUSZOG,cocrystal,2
CUSZUM,cocrystal,2
CUTBAV,cocrystal,2
CUTBEZ,cocrystal,2
CUTBID,cocrystal,2
CUTBOJ,cocrystal,2
CUTFOP,solvate,4
CUTKAE,hydrate,3
CUTQOX,salt,1
CUTQUD,solvate,4
CUTRUE,solvate,4
CUTVOC,solvate,4
CUTXOE,hydrate,3
CUTXUK,salt,1
CUVDIH,hydrate,3
CUVDON,cocrystal,2
CUVJOS,salt,1
CUVKOT,salt,1
CUVMUB,salt,1
CUVNUC,hydrate,3
CUVSES,cocrystal,2
CUVVEV,solvate,4
CUVVOF,solvate,4
CUWFIM,cocrystal,2
CUWFOS,cocrystal,2
CUWFUY,cocrystal,2
CUWGAF,cocrystal,2
CUWJUZ,cocrystal,2
CUWKAG,hydrate,3
CUWLOW,salt,1
CUWPAO,cocrystal,2
CUWPES,hydrate,3
CUWPOC,cocrystal,2
CUWPUI,cocrystal,2
CUWROB,salt,1
CUWSIZ,hydrate,3
CUWTAS,solvate,4
CUWVUM,salt,1
CUWWEX,salt,1
CUWWUP,salt,1
CUWXUO,salt,1
CUWYEZ,salt,1
CUWZAW,cocrystal,2
CUWZIE,salt,1
CUWZOK,hydrate,3
CUXHIN,cocrystal,2
CUXHOT,cocrystal,2
CUXKOV,hydrate,3
CUXKOW,cocrystal,2
CUXKUC,cocrystal,2
CUXMIS,cocrystal,2
CUXMUE,salt,1
CUXNUE,salt,1
CUXPET,hydrate,3
CUXTAT,salt,1
CUXTIB,salt,1
CUXTOH,salt,1
CUXZOM,salt,1
CUYBIJ,hydrate,3
CUYHUC,salt,1
CUYJIS,salt,1
CUYJUD,cocrystal,2
CUYKAK,cocrystal,2
CUYKIT,cocrystal,2
CUYKOZ,cocrystal,2
CUYKUF,cocrystal,2
CUYLAM,cocrystal,2
CUYQES,cocrystal,2
CUYXAW,hydrate,3
CUYXEA,hydrate,3
CUYXUQ,cocrystal,2
CUYZAZ,cocrystal,2
CUYZEC,salt,1
CUZCUY,salt,1
CUZDAC,cocrystal,2
CUZHOW,salt,1
CUZJAL,hydrate,3
CUZJIQ,salt,1
CUZLUH,cocrystal,2
CUZPIY,cocrystal,2
CUZWOK,salt,1
CVERBZ10,hydrate,3
CXMETN10,salt,1
CYBHMB,cocrystal,2
CYCLAM,salt,1
CYENAP,cocrystal,2
CYPNPH,hydrate,3
CYTBGL,hydrate,3
CYTFGL,salt,1
CYTFUR,cocrystal,2
CYTIDN,salt,1
CYTRES10,hydrate,3
CYVHZM,cocrystal,2
DABFIV,cocrystal,2
DABMEC,hydrate,3
DABMIF,salt,1
DABMOL,salt,1
DABPOP,solvate,4
DABQOM,cocrystal,2
DABROP,salt,1
DABSAC,salt,1
DABWIM,salt,1
DABXUC,solvate,4
DABYIQ,cocrystal,2
DACBIW,cocrystal,2
DACBUE,salt,1
DACCIW,salt,1
DACNAW,solvate,4
DACVAH,salt,1
DACXIS,salt,1
DADBAO,hydrate,3
DADCIX,hydrate,3
DADGEX,salt,1
DADHAT,hydrate,3
DADKUP,cocrystal,2
DADLIE,cocrystal,2
DADMED,cocrystal,2
DADMIH,cocrystal,2
DADMUT,hydrate,3
DADNAA,cocrystal,2
DADNEE,cocrystal,2
DADTOT,salt,1
DADTUZ,salt,1
DADYIU,cocrystal,2
DADYOA,cocrystal,2
DADZIR,cocrystal,2
DADZOX,cocrystal,2
DAFDIB,cocrystal,2
DAFGID,cocrystal,2
DAFGOJ,cocrystal,2
DAFJAV,salt,1
DAFLUV,cocrystal,2
DAFMAC,cocrystal,2
DAGCOH,solvate,4
DAGDAU,salt,1
DAGKIH,salt,1
DAHHAW,solvate,4
DAHJII,cocrystal,2
DAHPEH,hydrate,3
DAHRAF,salt,1
DAJBAR,salt,1
DAJCAW,cocrystal,2
DAJFIH,solvate,4
DAJFON,solvate,4
DAJPUA,cocrystal,2
DAJYIW,hydrate,3
DAJYUM,cocrystal,2
DAJZEX,cocrystal,2
DAJZIB,cocrystal,2
DAKBAS,salt,1
DAKBUN,solvate,4
DAKCAU,hydrate,3
DAKCEY,hydrate,3
DAKCUO,cocrystal,2
DAKFAW,salt,1
DAKGEF,solvate,4
DAKJEI,salt,1
DAKJUY,salt,1
DAKMEH,salt,1
DAKNUZ,salt,1
DAKTIS,salt,1
DAKVUG,salt,1
DALHUU,salt,1
DALJIN,cocrystal,2
DALLIM,hydrate,3
DALPOX,cocrystal,2
DALPUD,cocrystal,2
DALQAK,cocrystal,2
DALVIX,solvate,4
DAMGIL,salt,1
DAMMAF,salt,1
DAMNAH,salt,1
DAMPHL,salt,1
DAMQEP,salt,1
DAMQIT,cocrystal,2
DAMQUD,hydrate,3
DAMSAM,cocrystal,2
DAMVOD,salt,1
DAMWAQ,salt,1
DAMWUK,salt,1
DAMXIZ,salt,1
DANFIL,salt,1
DANFUT,cocrystal,2
DANGUY,solvate,4
DANHIN,solvate,4
DANLAG,cocrystal,2
DANSER,salt,1
DANVIA,salt,1
DAPNLB10,cocrystal,2
DAPRSM,hydrate,3
DAPXEX,salt,1
DAQBED,salt,1
DAQBIH,salt,1
DAQBON,solvate,4
DAQCEE,hydrate,3
DAQKOW,salt,1
DAQMOX,cocrystal,2
DAQNAK,cocrystal,2
DAQRIZ,cocrystal,2
DAQVAS,cocrystal,2
DAQXUP,hydrate,3
DAQYAW,hydrate,3
DAQYEC,cocrystal,2
DAQYOK,cocrystal,2
DAQYOM,salt,1
DAQYUQ,cocrystal,2
DAQYUS,cocrystal,2
DAQZAX,cocrystal,2
DAQZAZ,salt,1
DAQZEB,cocrystal,2
DAQZIF,cocrystal,2
DAQZIH,cocrystal,2
DAQZOL,cocrystal,2
DAQZON,hydrate,3
DAQZUR,cocrystal,2
DAQZUT,cocrystal,2
DARFOU,hydrate,3
DARFUA,salt,1
DARGAH,salt,1
DARGEL,cocrystal,2
DARGIP,salt,1
DARMAN,solvate,4
DARMIV,salt,1
DARNOC,cocrystal,2
DARNUI,salt,1
DARPAQ,salt,1
DARWEY,salt,1
DARWOJ,salt,1
DARWUO,hydrate,3
DARZAY,cocrystal,2
DARZOM,cocrystal,2
DASFIM,salt,1
DASQIB,salt,1
DASXUS,cocrystal,2
DASYAB,cocrystal,2
DASZOO,cocrystal,2
DATCEI,cocrystal,2
DATCIM,cocrystal,2
DATCOR,salt,1
DATDUZ,cocrystal,2
DATFAH,hydrate,3
DATFEL,cocrystal,2
DATFIO,salt,1
DATFIP,cocrystal,2
DATGIQ,cocrystal,2
DATHIQ,solvate,4
DATHOW,hydrate,3
DATQEV,cocrystal,2
DATQOE,salt,1
DATQOF,cocrystal,2
DATQUL,cocrystal,2
DATRAS,cocrystal,2
DATREW,hydrate,3
DATWUQ,salt,1
DAVFIP,cocrystal,2
DAVGAK,salt,1
DAVGEO,salt,1
DAVHUD,hydrate,3
DAVJAM,solvate,4
DAVLER,hydrate,3
DAVNEW,salt,1
DAVPAS,cocrystal,2
DAVPEW,cocrystal,2
DAVPOI,salt,1
DAVQAU,salt,1
DAVQUN,cocrystal,2
DAVRIF,salt,1
DAVSUQ,salt,1
DAVVIH,cocrystal,2
DAVZEH,salt,1
DAVZIL,salt,1
DAWDAH,salt,1
DAWFEP,cocrystal,2
DAWKIX,cocrystal,2
DAWKOD,cocrystal,2
DAWSIG,cocrystal,2
DAWYOP,cocrystal,2
DAWZEI,salt,1
DAXCAJ,salt,1
DAXCEN,salt,1
DAXLUN,cocrystal,2
DAXMAU,cocrystal,2
DAXMEY,cocrystal,2
DAXMOI,solvate,4
DAXNAV,cocrystal,2
DAXSEE,salt,1
DAXSUU,hydrate,3
DAXTAB,salt,1
DAXVIJ,salt,1
DAXVOP,salt,1
DAXVUV,hydrate,3
DAXWAC,salt,1
DAXWIK,salt,1
DAXWOQ,salt,1
DAXWUW,salt,1
DAXYOR,salt,1
DAYFEP,salt,1
DAYFOZ,salt,1
DAYHOB,salt,1
DAYHUH,cocrystal,2
DAYLAR,salt,1
DAYVAE,salt,1
DAYVUV,salt,1
DAYWAC,cocrystal,2
DAYWIJ,cocrystal,2
DAYWUY,salt,1
DAYXAF,salt,1
DAYXAG,cocrystal,2
DAYXEJ,salt,1
DAYXEK,cocrystal,2
DAYXIL,salt,1
DAYXIN,salt,1
DAYXIO,cocrystal,2
DAYXOT,salt,1
DAYXUZ,salt,1
DAYYAG,salt,1
DAYYEK,salt,1
DAYZOT,cocrystal,2
DAZCUE,salt,1
DAZDOZ,salt,1
DAZJOH,salt,1
DAZJUN,salt,1
DAZLOJ,hydrate,3
DAZSON,salt,1
DAZSUT,salt,1
DAZTAA,salt,1
DAZWAD,cocrystal,2
DBTTNB,cocrystal,2
DCANBD,cocrystal,2
DCLPYR,cocrystal,2
DEBALB,cocrystal,2
DEBHOL,hydrate,3
DEBHUN,salt,1
DEBHUO,cocrystal,2
DEBJAW,cocrystal,2
DEBJEA,hydrate,3
DEBJIE,cocrystal,2
DEBLAY,cocrystal,2
DEBLEC,cocrystal,2
DEBMOM,salt,1
DEBNED,salt,1
DEBTIN,cocrystal,2
DEBXAL,salt,1
DECBUK,cocrystal,2
DECCAR,cocrystal,2
DECFEY,salt,1
DECJUU,cocrystal,2
DECLOM,hydrate,3
DECPIN,cocrystal,2
DECREI,salt,1
DECSAF,salt,1
DECSEJ,salt,1
DECWUH,salt,1
DECXIW,salt,1
DECZAQ,salt,1
DEDKAB,salt,1
DEDKEF,cocrystal,2
DEDMAD,cocrystal,2
DEDMEH,cocrystal,2
DEDQIO,hydrate,3
DEDTIS,salt,1
DEDVIV,cocrystal,2
DEFKIJ,salt,1
DEFKUY,salt,1
DEFNOV,salt,1
DEFQOW,salt,1
DEFSIS,salt,1
DEFXIW,salt,1
DEFYAO,salt,1
DEFZUK,salt,1
DEGJAE,salt,1
DEGJOS,salt,1
DEGLAE,salt,1
DEGLEI,salt,1
DEGLIK,salt,1
DEGNEI,salt,1
DEGNOV,salt,1
DEGPUA,cocrystal,2
DEGRAI,cocrystal,2
DEGSIU,salt,1
DEGTAO,cocrystal,2
DEGTES,cocrystal,2
DEGTIT,salt,1
DEGTIW,cocrystal,2
DEHHIH,hydrate,3
DEHLEH,salt,1
DEHLOS,cocrystal,2
DEHVEV,salt,1
DEHWAS,cocrystal,2
DEHZOH,cocrystal,2
DEJCUU,salt,1
DEJDAB,salt,1
DEJDEE,hydrate,3
DEJDII,hydrate,3
DEJDOO,hydrate,3
DEJDUU,hydrate,3
DEJFIH,solvate,4
DEJMUD,cocrystal,2
DEJNAK,cocrystal,2
DEJQIW,salt,1
DEJVEX,solvate,4
DEJVUM,salt,1
DEJWAT,salt,1
DEJWEX,salt,1
DEJWIB,salt,1
DEJWOH,salt,1
DEJXAR,solvate,4
DEJYEY,cocrystal,2
DEJZAV,salt,1
DEKBUT,cocrystal,2
DEKCAA,cocrystal,2
DEKDAY,salt,1
DEKDEC,salt,1
DEKMEP,salt,1
DEKQAP,hydrate,3
DEKQET,salt,1
DEKRUG,salt,1
DEKXIC,solvate,4
DEKXOI,salt,1
DEKXUO,salt,1
DEKYAV,hydrate,3
DELBUV,hydrate,3
DELDUX,hydrate,3
DELFAC,salt,1
DELGAG,cocrystal,2
DELJAJ,salt,1
DELJUD,salt,1
DELKAK,salt,1
DELKEO,salt,1
DELNAM,salt,1
DELPIX,salt,1
DELPUJ,salt,1
DELZUT,salt,1
DEMCOO,hydrate,3
DEMHEJ,cocrystal,2
DEMJEL,salt,1
DENFOR,hydrate,3
DENFOV,hydrate,3
DENFUX,cocrystal,2
DENHEN,salt,1
DENMIT,cocrystal,2
DENMUI,hydrate,3
DENVAW,salt,1
DENWUP,salt,1
DENXAW,salt,1
DENZIF,salt,1
DEPBOT,salt,1
DEPGUA,salt,1
DEPLUJ,salt,1
DEPMEQ,salt,1
DEPTUQ,salt,1
DEQFUD,salt,1
DEQGAK,salt,1
DEQXEG,salt,1
DEQXIK,salt,1
DEQXUS,salt,1
DEQYED,salt,1
DEQYIH,salt,1
DERCIN,cocrystal,2
DERCOT,cocrystal,2
DERCUZ,cocrystal,2
DERDIN,solvate,4
DERFOV,cocrystal,2
DERHUE,cocrystal,2
DERJAM,cocrystal,2
DERLUH,solvate,4
DERSEZ,salt,1
DERSUO10,salt,1
DERXEH,salt,1
DESNAR,salt,1
DESNOI,cocrystal,2
DESPAV,salt,1
DESTOO,hydrate,3
DETGAN,cocrystal,2
DETGEP,cocrystal,2
DETHIU,hydrate,3
DETMAU,hydrate,3
DETPOI,cocrystal,2
DETRID,salt,1
DETXIJ,salt,1
DEVBOV,salt,1
DEVDIR,salt,1
DEVFUF,salt,1
DEVGAM,salt,1
DEVGEQ,salt,1
DEVGIU,salt,1
DEVGOA,salt,1
DEVHUK,salt,1
DEVJOG,hydrate,3
DEVLUP,hydrate,3
DEVMUM,salt,1
DEVNAT,salt,1
DEVXIO,hydrate,3
DEVXUA,cocrystal,2
DEVYEL,cocrystal,2
DEVYIP,cocrystal,2
DEVYOV,hydrate,3
DEVYUB,cocrystal,2
DEWBUF,salt,1
DEWCER,cocrystal,2
DEWCIV,cocrystal,2
DEWLIA,salt,1
DEWLOG,salt,1
DEWMIC,salt,1
DEWROM,salt,1
DEWYOU,salt,1
DEWYUC,salt,1
DEWZAJ,salt,1
DEXBUF,salt,1
DEXNIE,hydrate,3
DEXPII,cocrystal,2
DEXQIG,cocrystal,2
DEXTOQ,cocrystal,2
DEXVEL,cocrystal,2
DEXVIP,cocrystal,2
DEXVOV,cocrystal,2
DEXWAE,cocrystal,2
DEXWEK,cocrystal,2
DEXXUD,salt,1
DEYBAN,salt,1
DEYBER,salt,1
DEYBUF,salt,1
DEYHAT,salt,1
DEYHEX,salt,1
DEYHIA,salt,1
DEYLEB,salt,1
DEYPIK,cocrystal,2
DEYPOP,solvate,4
DEYPOQ,cocrystal,2
DEYPUW,cocrystal,2
DEYQAD,cocrystal,2
DEYQIL,cocrystal,2
DEYQOR,cocrystal,2
DEYQUW,cocrystal,2
DEYRAD,cocrystal,2
DEYREF,hydrate,3
DEYREI,cocrystal,2
DEYRIM,cocrystal,2
DEYROS,cocrystal,2
DEYRUY,cocrystal,2
DEYSAE,salt,1
DEYSAF,cocrystal,2
DEYSEJ,cocrystal,2
DEYSOT,cocrystal,2
DEYSUZ,cocrystal,2
DEYTAG,cocrystal,2
DEYTEK,cocrystal,2
DEYTIO,cocrystal,2
DEYTOU,cocrystal,2
DEYTUA,cocrystal,2
DEYVAH,hydrate,3
DEYVAI,cocrystal,2
DEYVEM,cocrystal,2
DEYVIQ,cocrystal,2
DEZBER,salt,1
DEZBIV,salt,1
DEZBOB,salt,1
DEZBOC,salt,1
DEZCET,salt,1
DEZCOB,salt,1
DEZCOC,salt,1
DEZCUH,salt,1
DEZDAO,salt,1
DEZHIA,cocrystal,2
DEZHOG,hydrate,3
DEZJAU,solvate,4
DEZJAX,cocrystal,2
DEZJEY,solvate,4
DEZJIC,hydrate,3
DEZKOL,cocrystal,2
DEZLAY,cocrystal,2
DEZMAZ,cocrystal,2
DEZRIM,salt,1
DEZVUA,cocrystal,2
DEZYEO,salt,1
DEZYIS,salt,1
DEZYOY,salt,1
DEZZAL,salt,1
DEZZIT,salt,1
DEZZOZ,salt,1
DEZZUF,salt,1
DHMLTF,salt,1
DHYZAS01,hydrate,3
DIBBAT,salt,1
DIBBEX,salt,1
DIBBID,salt,1
DIBBOJ,salt,1
DIBBUP,salt,1
DIBCAW,hydrate,3
DIBCIE,salt,1
DIBDAX,cocrystal,2
DIBDIF,cocrystal,2
DIBDOL,cocrystal,2
DIBFED,salt,1
DIBMEG,cocrystal,2
DIBMOU,hydrate,3
DIBSUD,salt,1
DIBTAK,salt,1
DIBTIS,salt,1
DIBTUE,cocrystal,2
DIBVEQ,solvate,4
DIBVOZ,salt,1
DIBWEU,salt,1
DIBYAP,salt,1
DIBZAQ,hydrate,3
DICBAU,cocrystal,2
DICCUP,cocrystal,2
DICDEA,salt,1
DICGIG,salt,1
DICGOM,salt,1
DICGUS,salt,1
DICHAA,salt,1
DICHUS,salt,1
DICKIJ,salt,1
DICPIP,hydrate,3
DICREQ,salt,1
DICROA,salt,1
DICRUG,salt,1
DICVUH,cocrystal,2
DICWIV,cocrystal,2
DICYAS,salt,1
DICYEW,salt,1
DICYIA,solvate,4
DIDHAB,salt,1
DIDJEI,salt,1
DIDLUA,hydrate,3
DIDNAI,cocrystal,2
DIDWAS,salt,1
DIDWEW,salt,1
DIDWIA,salt,1
DIDXUJ,salt,1
DIDZAT,cocrystal,2
DIDZEX,cocrystal,2
DIDZUM,cocrystal,2
DIFDOM,cocrystal,2
DIFFOO,cocrystal,2
DIFLUB,salt,1
DIFMOU,salt,1
DIFNUC,cocrystal,2
DIFPAK,cocrystal,2
DIFPOX,cocrystal,2
DIFPOY,cocrystal,2
DIFPUE,cocrystal,2
DIFTIW,cocrystal,2
DIFWUL,cocrystal,2
DIFZEX,cocrystal,2
DIFZOK,cocrystal,2
DIGCAY,hydrate,3
DIGCEC,salt,1
DIGCOM,salt,1
DIGCUS,salt,1
DIGHOQ,cocrystal,2
DIGPEQ,cocrystal,2
DIGQIT,salt,1
DIGVAT,salt,1
DIGWUM,cocrystal,2
DIGXIB,cocrystal,2
DIHHIN,salt,1
DIHJAH,salt,1
DIHKOY,salt,1
DIHLOZ,salt,1
DIHLUF,hydrate,3
DIHMOA,salt,1
DIHNAL,salt,1
DIHPAP,salt,1
DIHSAS,salt,1
DIHSEW,salt,1
DIHZED,hydrate,3
DIJJEM,cocrystal,2
DIJNUJ,salt,1
DIJPAR,salt,1
DIJRIA,solvate,4
DIJTAT,salt,1
DIJVOH,cocrystal,2
DIJVUN,cocrystal,2
DIJWEB,solvate,4
DIJYEB,salt,1
DIJYIF,salt,1
DIJZOO,salt,1
DIKCOQ,cocrystal,2
DIKCUW,cocrystal,2
DIKDEH,cocrystal,2
DIKDOR,cocrystal,2
DIKSAS,cocrystal,2
DIKSUM,salt,1
DILCAE,hydrate,3
DILJIS,salt,1
DILMAO,salt,1
DILMUK,salt,1
DILPIA,salt,1
DILSOI,cocrystal,2
DILTUP,cocrystal,2
DILVEB,cocrystal,2
DILWAA,salt,1
DILYEE,salt,1
DILYIG,salt,1
DILYII,salt,1
DILYOO,salt,1
DILZAB,hydrate,3
DILZEF,salt,1
DILZIJ,salt,1
DIMCOV,cocrystal,2
DIMDUB,salt,1
DIMFAJ,salt,1
DIMLEU,cocrystal,2
DIMSAW,salt,1
DIMSUP,cocrystal,2
DIMTAW,cocrystal,2
DIMTEA,cocrystal,2
DIMTIE,cocrystal,2
DINBUA,salt,1
DINFEP,hydrate,3
DINJUH,hydrate,3
DINKAO,salt,1
DINKES,salt,1
DINPOI,salt,1
DINSEA,solvate,4
DINSIE,cocrystal,2
DINSOK,cocrystal,2
DINXIJ,salt,1
DIPDEP,salt,1
DIPDIT,salt,1
DIPDUF,salt,1
DIPHUH,cocrystal,2
DIPJAQ,cocrystal,2
DIPVIL,salt,1
DIPYAG,salt,1
DIQBOW,salt,1
DIQBUC,salt,1
DIQCIR,salt,1
DIQMEY,hydrate,3
DIQMIC,salt,1
DIQMOI,hydrate,3
DIQMUO,salt,1
DIQWIM,salt,1
DIRBOX,hydrate,3
DIRKEW,hydrate,3
DIRKIY,salt,1
DIRNUP,salt,1
DIRWEK,salt,1
DIRZAJ,cocrystal,2
DIRZEN,cocrystal,2
DISBUC,cocrystal,2
DISDIV,salt,1
DISGEU,salt,1
DISGUK,solvate,4
DISJOE,salt,1
DISNEC,cocrystal,2
DISPAA,cocrystal,2
DISQAB,cocrystal,2
DISTEH,salt,1
DISWIO,salt,1
DISXOU,cocrystal,2
DITBAK,salt,1
DITBEO,salt,1
DITBIS,salt,1
DITBOY,salt,1
DITBUH,cocrystal,2
DITCES,cocrystal,2
DITCOC,cocrystal,2
DITCUI,cocrystal,2
DITHOE,cocrystal,2
DITHUK,cocrystal,2
DITHUL,salt,1
DITJAS,cocrystal,2
DITJEW,cocrystal,2
DITKAS,cocrystal,2
DITRAZ,salt,1
DITYUB,cocrystal,2
DIVCIX,salt,1
DIVCUH,cocrystal,2
DIVDOC,cocrystal,2
DIVDUI,cocrystal,2
DIVHOF,salt,1
DIVKOL,solvate,4
DIVLOK,solvate,4
DIVNAA,cocrystal,2
DIVNII,cocrystal,2
DIVPEE,salt,1
DIVTAD,cocrystal,2
DIVTOT,solvate,4
DIVVEJ,salt,1
DIVXEL,salt,1
DIVZEQ,salt,1
DIWCOB,hydrate,3
DIWDUI,solvate,4
DIWGOG,cocrystal,2
DIWHAT,salt,1
DIWHEX,salt,1
DIWHUM,solvate,4
DIWKUQ,salt,1
DIWKUR,salt,1
DIWNEG,salt,1
DIWPAB,salt,1
DIWQEF,hydrate,3
DIWQIJ,salt,1
DIWTOU,cocrystal,2
DIWXOX,salt,1
DIWYAJ,salt,1
DIXJEZ,salt,1
DIXKEC,hydrate,3
DIXKIG,hydrate,3
DIXKOM,salt,1
DIXKUS,salt,1
DIXMEE,salt,1
DIXMIH,hydrate,3
DIXMUW,cocrystal,2
DIXTIN,salt,1
DIXTIP,salt,1
DIXZOD,salt,1
DIYJUR,hydrate,3
DIYQAE,salt,1
DIYYOB,cocrystal,2
DIYYUH,cocrystal,2
DIYZAO,cocrystal,2
DIYZES,cocrystal,2
DIYZOA,hydrate,3
DIZLEE,salt,1
DIZLOP,salt,1
DIZPAF,salt,1
DIZPEJ,solvate,4
DIZPOR,salt,1
DIZSIR,salt,1
DIZSOX,salt,1
DIZTIP,cocrystal,2
DIZTUC,salt,1
DIZVEQ,cocrystal,2
DIZVIS,salt,1
DIZVIU,cocrystal,2
DIZWAN,salt,1
DMAHOX,salt,1
DMORBT,salt,1
DMPOXP,salt,1
DMPTCN,cocrystal,2
DMPYRM,salt,1
DMTMIN,salt,1
DOBHIM,salt,1
DOBJUA,solvate,4
DOBKAH,hydrate,3
DOBPAO,cocrystal,2
DOBPIV,hydrate,3
DOBRIV,salt,1
DOBTOD,salt,1
DOBWUM,salt,1
DOCASC,cocrystal,2
DOCFIN,hydrate,3
DOCGOU,salt,1
DOCGUA,salt,1
DOCHAG,hydrate,3
DOCHAH,salt,1
DOCHEL,salt,1
DOCMAK,salt,1
DOCMOY,salt,1
DOCNEP,salt,1
DOCRIW,cocrystal,2
DOCTUN,salt,1
DOCWIE,hydrate,3
DOCWOK,salt,1
DOCWUN,cocrystal,2
DOCWUQ,salt,1
DOCXAW,cocrystal,2
DOCXAX,salt,1
DOCXEB,salt,1
DOCXIF,salt,1
DODMUH,hydrate,3
DODRAR,cocrystal,2
DODROD,salt,1
DODVEZ,salt,1
DODVUN,hydrate,3
DODYAZ,salt,1
DODYIE,cocrystal,2
DOFDAD,cocrystal,2
DOFSOJ,salt,1
DOFXII,solvate,4
DOFXOO,solvate,4
DOGBAF,cocrystal,2
DOGBEJ,cocrystal,2
DOGBIN,cocrystal,2
DOGBOR,cocrystal,2
DOGBOT,cocrystal,2
DOGCAG,cocrystal,2
DOGCEK,cocrystal,2
DOGCIO,cocrystal,2
DOGCOU,cocrystal,2
DOGDAH,salt,1
DOGDIP,salt,1
DOGFEL,salt,1
DOGLEQ,cocrystal,2
DOGNUL,salt,1
DOGQEV,cocrystal,2
DOGROH,hydrate,3
DOGYAZ,salt,1
DOHROI,solvate,4
DOHSID,salt,1
DOHSOJ,salt,1
DOHTEA,salt,1
DOHTIE,salt,1
DOHTOK,salt,1
DOHTUQ,salt,1
DOJBIQ,hydrate,3
DOJJOD,hydrate,3
DOJKIY,salt,1
DOJLUK,salt,1
DOJMIZ,cocrystal,2
DOJMOF,salt,1
DOJQOI,hydrate,3
DOJQUO,salt,1
DOJTEB,salt,1
DOKCAJ,cocrystal,2
DOKGEQ,cocrystal,2
DOKGIU,cocrystal,2
DOKGOA,cocrystal,2
DOKGUG,cocrystal,2
DOKHAN,cocrystal,2
DOKKIX,salt,1
DOKNOG,salt,1
DOKRUR,hydrate,3
DOKSOM,hydrate,3
DOKSUS,salt,1
DOKWOS,salt,1
DOKWUY,salt,1
DOKXAF,salt,1
DOKZEJ,salt,1
DOLCAJ,cocrystal,2
DOLDOZ,salt,1
DOLNEZ,salt,1
DOLTED,salt,1
DOLXIL,hydrate,3
DOLXOT,cocrystal,2
DOMHAQ,cocrystal,2
DOMHEU,cocrystal,2
DONMEY,hydrate,3
DONMIC,hydrate,3
DONMOI,hydrate,3
DOPCUG,cocrystal,2
DOPMUS,cocrystal,2
DOPNAZ,cocrystal,2
DOPNED,cocrystal,2
DOPPIH,cocrystal,2
DOPSIL,salt,1
DOPSOR,salt,1
DOPYIS,hydrate,3
DOPYUE,hydrate,3
DOQCOE,cocrystal,2
DOQCUJ,hydrate,3
DOQDAQ,solvate,4
DOQDEU,solvate,4
DOQDIY,solvate,4
DOQDUK,cocrystal,2
DOQGOG,salt,1
DOQJID,cocrystal,2
DOQKIE,hydrate,3
DOQTAH,hydrate,3
DOQVUA,salt,1
DOQWUD,cocrystal,2
DORCEU,solvate,4
DORLII,cocrystal,2
DORNEF,salt,1
DORYEQ,salt,1
DORYIT,salt,1
DORYIU,salt,1
DOSBAP,salt,1
DOSBET,salt,1
DOSJIE,cocrystal,2
DOSKAX,cocrystal,2
DOSKIG,salt,1
DOSLAZ,salt,1
DOSLED,salt,1
DOSNEF,hydrate,3
DOSPAE,cocrystal,2
DOSPEI,cocrystal,2
DOSPIL,salt,1
DOSPIM,cocrystal,2
DOSPOS,cocrystal,2
DOSPUY,cocrystal,2
DOSQAF,cocrystal,2
DOSQEJ,cocrystal,2
DOSSUC,salt,1
DOSYUI,cocrystal,2
DOSZES,cocrystal,2
DOSZIW,cocrystal,2
DOSZOC,cocrystal,2
DOSZUI,cocrystal,2
DOTFOI,cocrystal,2
DOTGID,hydrate,3
DOTKAA,cocrystal,2
DOTKII,cocrystal,2
DOTRAF,salt,1
DOVBUL,salt,1
DOVGUQ,salt,1
DOVJUU,salt,1
DOVQIO,salt,1
DOVQOV,cocrystal,2
DOVQUA,salt,1
DOVYUK,salt,1
DOVZAR,salt,1
DOWBAU,salt,1
DOWBIC,salt,1
DOWDIF,salt,1
DOWJOP,salt,1
DOWJUV,salt,1
DOWMAF,salt,1
DOWMIN,hydrate,3
DOWNEL,salt,1
DOWNIP,hydrate,3
DOWNOV,salt,1
DOWPAJ,salt,1
DOWPEN,salt,1
DOWPIR,salt,1
DOWPOX,salt,1
DOWPUC,salt,1
DOWPUD,hydrate,3
DOWQAJ,salt,1
DOWQAK,hydrate,3
DOWQIQ,cocrystal,2
DOWSAK,salt,1
DOWSEO,salt,1
DOWTAL,cocrystal,2
DOWTAM,cocrystal,2
DOWVER,salt,1
DOWXOD,hydrate,3
DOXCUQ,hydrate,3
DOXDUR,cocrystal,2
DOXFAZ,cocrystal,2
DOXFED,cocrystal,2
DOXFIH,hydrate,3
DOXJEG,salt,1
DOXJIM,salt,1
DOXJOP,salt,1
DOXJOQ,salt,1
DOXJOS,salt,1
DOXJUW,salt,1
DOXJUY,salt,1
DOXKAF,salt,1
DOXKEJ,salt,1
DOXKIN,salt,1
DOXKOR,hydrate,3
DOXKOS,salt,1
DOXKOT,hydrate,3
DOXKUZ,salt,1
DOXLAG,salt,1
DOXLEJ,salt,1
DOXLEK,salt,1
DOXLIN,salt,1
DOXLOT,salt,1
DOXLUZ,salt,1
DOXYLP,salt,1
DOYBIC,salt,1
DOYCIG,salt,1
DOYHEF,salt,1
DOYHIJ,salt,1
DOYJOR,cocrystal,2
DOYKAE,cocrystal,2
DOZGUX,cocrystal,2
DOZKOT,salt,1
DOZLUC,salt,1
DOZMAJ,salt,1
DOZMEN,hydrate,3
DOZMIR,salt,1
DOZNOV,salt,1
DOZYEX,hydrate,3
DOZYUO,hydrate,3
DOZZAW,salt,1
DPHPZL,cocrystal,2
DPIMPC,salt,1
DPISYD,cocrystal,2
DPYTMC10,salt,1
DTHINI,cocrystal,2
DTHIOF,cocrystal,2
DUBFEN,salt,1
DUBMAQ,salt,1
DUBMEU,hydrate,3
DUBMIY,salt,1
DUBMOE,salt,1
DUBMUK,salt,1
DUBTAY,salt,1
DUBWAZ,salt,1
DUBWEF,cocrystal,2
DUCCAI,cocrystal,2
DUCCEM,salt,1
DUCROJ,cocrystal,2
DUCSOK,hydrate,3
DUCTIE,salt,1
DUCTIG,solvate,4
DUCTOM,salt,1
DUCTUS,salt,1
DUCVII,salt,1
DUCVOO,salt,1
DUCVUU,salt,1
DUCWII,hydrate,3
DUCWUV,salt,1
DUCXOP,cocrystal,2
DUCZUX,salt,1
DUDBAG,salt,1
DUDBUZ,cocrystal,2
DUDCOU,cocrystal,2
DUDDIQ,hydrate,3
DUDKES,salt,1
DUDKIW,solvate,4
DUDMUN,salt,1
DUDNIA,salt,1
DUDNUN,salt,1
DUDTAX,solvate,4
DUFNEA,cocrystal,2
DUGCUG,cocrystal,2
DUGGUH,cocrystal,2
DUGPEA,salt,1
DUGRIG,cocrystal,2
DUGROM,cocrystal,2
DUGRUS,cocrystal,2
DUGTIK,cocrystal,2
DUGZEL,cocrystal,2
DUGZOV,hydrate,3
DUHBAM,salt,1
DUHKIC,salt,1
DUHMEA,salt,1
DUHMUQ,hydrate,3
DUHSEF,cocrystal,2
DUHYOV,salt,1
DUHYUB,hydrate,3
DUHZAI,salt,1
DUJCER,hydrate,3
DUJFAQ,salt,1
DUJGEU,salt,1
DUJHAS,salt,1
DUJHEW,hydrate,3
DUJHOG,salt,1
DUJHUN,hydrate,3
DUJJOJ,cocrystal,2
DUJJUP,cocrystal,2
DUJKAW,cocrystal,2
DUJKEA,cocrystal,2
DUJKEZ,salt,1
DUJKID,salt,1
DUJKIE,cocrystal,2
DUJKOJ,hydrate,3
DUJKOK,hydrate,3
DUJLEA,salt,1
DUJLID,cocrystal,2
DUJLIF,cocrystal,2
DUJLOJ,cocrystal,2
DUJMOM,salt,1
DUJMUS,hydrate,3
DUJPED,hydrate,3
DUJPOO,salt,1
DUJTAD,cocrystal,2
DUJTEH,cocrystal,2
DUJTUX,salt,1
DUJVEK,hydrate,3
DUJXEN,cocrystal,2
DUJXOX,salt,1
DUJXUD,cocrystal,2
DUJYOY,cocrystal,2
DUKBAO,cocrystal,2
DUKBOC,cocrystal,2
DUKBUI,cocrystal,2
DUKCAP,cocrystal,2
DUKJUP,solvate,4
DUKJUR,cocrystal,2
DUKLIG,hydrate,3
DUKMEE,solvate,4
DUKREJ,solvate,4
DUKTIO,solvate,4
DUKVOV,salt,1
DUKVUB,cocrystal,2
DULBIY,cocrystal,2
DULBOE,cocrystal,2
DULDAP,salt,1
DULFAR,hydrate,3
DULGAT,hydrate,3
DULGEX,salt,1
DULGIB,hydrate,3
DULHOI,hydrate,3
DULHUO,hydrate,3
DULJEA,cocrystal,2
DULKAZ,salt,1
DULKEB,salt,1
DULKON,salt,1
DULKUR,salt,1
DULVEL,hydrate,3
DUMJUS,salt,1
DUMPUW,salt,1
DUMVEN,salt,1
DUMWEO,hydrate,3
DUMWEQ,cocrystal,2
DUMYIU,hydrate,3
DUNCIA,solvate,4
DUNCOF,salt,1
DUNCOG,hydrate,3
DUNCUM,hydrate,3
DUNDAT,hydrate,3
DUNDEX,solvate,4
DUNDOH,solvate,4
DUNFUQ,salt,1
DUNGAV,salt,1
DUNHID,salt,1
DUNHUQ,salt,1
DUNKED,salt,1
DUNLOO,hydrate,3
DUNMEF,salt,1
DUNPAG,salt,1
DUNPIO,salt,1
DUNPOS,salt,1
DUNPOU,salt,1
DUNPUA,salt,1
DUNRIP,cocrystal,2
DUNROV,salt,1
DUNRUB,salt,1
DUNSAI,cocrystal,2
DUNSEM,salt,1
DUNSIQ,salt,1
DUNSOW,salt,1
DUNTEN,salt,1
DUNTIQ,salt,1
DUNTOW,salt,1
DUNVOZ,salt,1
DUNVUF,salt,1
DUNWIU,cocrystal,2
DUPBUO,cocrystal,2
DUPCEZ,hydrate,3
DUPCID,cocrystal,2
DUPCOJ,cocrystal,2
DUPCUP,cocrystal,2
DUPDUQ,cocrystal,2
DUPFUQ,salt,1
DUPGEB,salt,1
DUPGIF,salt,1
DUPJOQ,cocrystal,2
DUPMUY,salt,1
DUPNAF,salt,1
DUPXEU,cocrystal,2
DUPXIY,hydrate,3
DUQCIE,salt,1
DUQGUT,salt,1
DUQHAA,hydrate,3
DUQXIZ,cocrystal,2
DUQXOF,cocrystal,2
DUQXUL,hydrate,3
DUQZAT,cocrystal,2
DUQZIB,hydrate,3
DURGII,salt,1
DURGOO,salt,1
DURGUU,salt,1
DURYUK,cocrystal,2
DURZAR,cocrystal,2
DUSCOK,salt,1
DUSHAB,salt,1
DUSHIJ,hydrate,3
DUSJIL,hydrate,3
DUSKAE,salt,1
DUSKIM,salt,1
DUSKOS,salt,1
DUSKUY,cocrystal,2
DUSLUY,salt,1
DUSMAF,hydrate,3
DUSMIO,salt,1
DUSMOU,salt,1
DUSMUA,salt,1
DUSPUD,salt,1
DUSQAK,salt,1
DUSQUE,salt,1
DUSRIT,hydrate,3
DUSSAM,salt,1
DUSYIA,salt,1
DUSYOG,salt,1
DUSYUM,salt,1
DUTCAX,salt,1
DUTCEC,salt,1
DUTFEG,cocrystal,2
DUTFUU,salt,1
DUTJEI,hydrate,3
DUTKAF,salt,1
DUTKIN,cocrystal,2
DUTPAK,hydrate,3
DUTRAM,salt,1
DUTSAN,salt,1
DUTSOB,cocrystal,2
DUTTOC,salt,1
DUTZAU,salt,1
DUTZOI,salt,1
DUTZUO,salt,1
DUVCAZ,salt,1
DUVCIH,salt,1
DUVCUT,hydrate,3
DUVHAE,cocrystal,2
DUVHOS,hydrate,3
DUVKEL,salt,1
DUVSAO,salt,1
DUVYEZ,salt,1
DUWHOV,salt,1
DUWHUB,salt,1
DUWJEN,hydrate,3
DUWLAL,cocrystal,2
DUWXAW,cocrystal,2
DUWXOL,cocrystal,2
DUXBUU,salt,1
DUXCAB,salt,1
DUXGIM,salt,1
DUXJOX,salt,1
DUXKOW,salt,1
DUXKUC,salt,1
DUXSAR,cocrystal,2
DUXSEV,solvate,4
DUXWAV,cocrystal,2
DUXZAX,cocrystal,2
DUYPAO,salt,1
DUYPES,salt,1
DUYWEA,cocrystal,2
DUZNIW,hydrate,3
DUZNOC,hydrate,3
DUZPEU,cocrystal,2
DUZPEV,salt,1
DUZPUK,salt,1
DUZQAR,salt,1
DZITUB20,salt,1
EACWOU,cocrystal,2
EADBAC,cocrystal,2
EADBAR10,cocrystal,2
EADNPP,salt,1
EADPBA,cocrystal,2
EAETCB,salt,1
EAPCBA,salt,1
EBAEBH,cocrystal,2
EBALEB,cocrystal,2
EBASEF,cocrystal,2
EBAVUZ,hydrate,3
EBAWAG,hydrate,3
EBAWEK,hydrate,3
EBAXUC,cocrystal,2
EBAZIS,salt,1
EBEBIZ,salt,1
EBECAS,salt,1
EBECEW,salt,1
EBECIA,salt,1
EBEDEX,salt,1
EBEDIB,salt,1
EBEFAV,salt,1
EBEFOJ,salt,1
EBEFUP,salt,1
EBEGUQ,salt,1
EBEJAZ,hydrate,3
EBENAD,hydrate,3
EBENEH,hydrate,3
EBEQAG,salt,1
EBERIP,cocrystal,2
EBEROV,cocrystal,2
EBESAI,salt,1
EBETUE,hydrate,3
EBIBEA,salt,1
EBIBEW,cocrystal,2
EBIBIE,salt,1
EBIBUQ,salt,1
EBIDEC,salt,1
EBIFAA,solvate,4
EBIFOK,salt,1
EBIHAC,hydrate,3
EBIHEF,cocrystal,2
EBIHEG,hydrate,3
EBIHIH,cocrystal,2
EBIHON,cocrystal,2
EBIHUT,cocrystal,2
EBIJAB,cocrystal,2
EBIJEF,cocrystal,2
EBIJIJ,cocrystal,2
EBIJOP,cocrystal,2
EBILOR,cocrystal,2
EBILUX,cocrystal,2
EBIMEI,cocrystal,2
EBIMIM,cocrystal,2
EBIMOS,hydrate,3
EBINAF,salt,1
EBININ,salt,1
EBIXEW,salt,1
EBIXIX,salt,1
EBIYEX,salt,1
EBIYOH,salt,1
EBOHOU,salt,1
EBOHUA,salt,1
EBOJAK,cocrystal,2
EBOJOY,cocrystal,2
EBOKIP,salt,1
EBOLEP,cocrystal,2
EBONAN,cocrystal,2
EBONER,cocrystal,2
EBONIV,cocrystal,2
EBONUG,cocrystal,2
EBOXOM,salt,1
EBPETY,cocrystal,2
EBPMUR,cocrystal,2
EBPTCQ,salt,1
EBSPMC,salt,1
EBTCTS,hydrate,3
EBUBUA,hydrate,3
EBUCEL,solvate,4
EBUCIP,cocrystal,2
EBUCOV,cocrystal,2
EBUDAI,cocrystal,2
EBUDEM,cocrystal,2
EBUGAL,salt,1
EBUGEP,salt,1
EBUGIT,salt,1
EBUGOZ,salt,1
EBUGUF,salt,1
EBUHAM,salt,1
EBUHIU,salt,1
EBUJES,salt,1
EBUJIW,solvate,4
EBUKUH,salt,1
EBULAO,salt,1
EBUVUW,solvate,4
ECABIV,cocrystal,2
ECADAN,salt,1
ECADER,salt,1
ECADIV,salt,1
ECAJIC,salt,1
ECAKAX,cocrystal,2
ECANII,hydrate,3
ECAQAD,salt,1
ECARAB,cocrystal,2
ECAWUA,cocrystal,2
ECAXOV,salt,1
ECAYIQ,salt,1
ECAYOW,salt,1
ECAYUC,salt,1
ECAZAJ,salt,1
ECAZEN,salt,1
ECEJII,salt,1
ECEJOO,salt,1
ECEPUA,salt,1
ECEQAG,hydrate,3
ECEQEK,hydrate,3
ECEQEL,cocrystal,2
ECEQIP,hydrate,3
ECEQOU,hydrate,3
ECEQOV,salt,1
ECEQUA,hydrate,3
ECEQUB,salt,1
ECERAI,salt,1
ECEREM,cocrystal,2
ECERIQ,cocrystal,2
ECEROW,cocrystal,2
ECERUC,salt,1
ECEZET,salt,1
ECHNYL,cocrystal,2
ECICEY,cocrystal,2
ECICIC,cocrystal,2
ECIPUB,salt,1
ECIQOW,salt,1
ECIRAJ,salt,1
ECIREQ,salt,1
ECIRIR,salt,1
ECIRIV,salt,1
ECIROB,hydrate,3
ECIROX,salt,1
ECIVEU,hydrate,3
ECIWAP,cocrystal,2
ECIWIX,solvate,4
ECIWOD,hydrate,3
ECIWUI,hydrate,3
ECIXAP,salt,1
ECOQEV,salt,1
ECORUL,hydrate,3
ECOVOK,salt,1
ECOVUQ,salt,1
ECUBOU,salt,1
ECUQUO,cocrystal,2
ECUSUU,hydrate,3
ECUTAB,hydrate,3
ECUTIF,salt,1
ECUTUR,cocrystal,2
ECUVIH,cocrystal,2
ECUVON,cocrystal,2
ECYTCN10,salt,1
EDABUG,salt,1
EDACER,salt,1
EDACUH,salt,1
EDADOC,salt,1
EDADUI,salt,1
EDAFAQ,salt,1
EDAFEU,salt,1
EDAGIZ,cocrystal,2
EDAGUL,cocrystal,2
EDAJAW,salt,1
EDAJEA,hydrate,3
EDAJIE,salt,1
EDALEC,salt,1
EDAMAZ,cocrystal,2
EDAPOQ,cocrystal,2
EDARUA,cocrystal,2
EDASUX,salt,1
EDATAR01,salt,1
EDATEI,salt,1
EDATOS,salt,1
EDAVAK,hydrate,3
EDAVOU,salt,1
EDAWAH,cocrystal,2
EDAXIQ,salt,1
EDAYEQ,cocrystal,2
EDAYIU,cocrystal,2
EDAYUG,cocrystal,2
EDAZAN,cocrystal,2
EDAZER,cocrystal,2
EDAZOB,cocrystal,2
EDCDMP10,cocrystal,2
EDECOF,cocrystal,2
EDEDIA,salt,1
EDEFAY,hydrate,3
EDEHON,salt,1
EDEJAB,hydrate,3
EDEJEF,salt,1
EDEJIJ,salt,1
EDENAD,hydrate,3
EDEVUF,salt,1
EDEWOA,salt,1
EDITOD,cocrystal,2
EDOHIO,salt,1
EDOHOU,salt,1
EDOHOY,hydrate,3
EDOJAI,hydrate,3
EDOJEM,hydrate,3
EDOJEQ,salt,1
EDOKAJ,hydrate,3
EDOKOX,hydrate,3
EDOKUD,hydrate,3
EDOLAK,hydrate,3
EDOLAL,hydrate,3
EDOLEO,hydrate,3
EDOLIS,hydrate,3
EDOLOZ,solvate,4
EDOMIX,salt,1
EDOMUJ,salt,1
EDONUK,salt,1
EDOROE,cocrystal,2
EDOSAR,salt,1
EDOSIA,salt,1
EDOWEZ,salt,1
EDOWID,salt,1
EDUBAJ,salt,1
EDUMOI,hydrate,3
EDUNAS,salt,1
EDUNEW,salt,1
EDUVUW,hydrate,3
EDUWEH,salt,1
EDUWOP,cocrystal,2
EDUWOQ,salt,1
EDUXEI,salt,1
EDUYOS,salt,1
EDUYUZ,salt,1
EFAFIC,salt,1
EFAHOL,cocrystal,2
EFALOO,salt,1
EFAMEG,hydrate,3
EFANEG,salt,1
EFANIK,salt,1
EFASOV,hydrate,3
EFAWUF,cocrystal,2
EFEBAW,hydrate,3
EFEBEW,salt,1
EFEDIG,salt,1
EFERAK,salt,1
EFINEN,salt,1
EFIPOZ,hydrate,3
EFIQAM,salt,1
EFISOD,cocrystal,2
EFOBEH,salt,1
EFOBIL,hydrate,3
EFOBOR,salt,1
EFOBUX,salt,1
EFOCAE,salt,1
EFOCEI,salt,1
EFOCIM,salt,1
EFOCOS,hydrate,3
EFOFAG,hydrate,3
EFOGIP,salt,1
EFOJEQ,solvate,4
EFOJIU,salt,1
EFOJOA,solvate,4
EFOJUG,salt,1
EFOKAN,salt,1
EFOLIW,salt,1
EFOLOC,salt,1
EFOMOB,salt,1
EFONIW,salt,1
EFOSIE,cocrystal,2
EFOXAY,salt,1
EFOXEC,hydrate,3
EFOZAB,cocrystal,2
EFUCAL,salt,1
EFUCEP,cocrystal,2
EFUDEP,salt,1
EFUDIT,salt,1
EFUDOA,cocrystal,2
EFUDUG,cocrystal,2
EFUFAO,cocrystal,2
EFUFES,cocrystal,2
EFUFIW,cocrystal,2
EFUFOC,cocrystal,2
EFUFUI,cocrystal,2
EFUGAP,cocrystal,2
EFUGET,cocrystal,2
EFUGIX,cocrystal,2
EFUNID,salt,1
EFUNOJ,salt,1
EFUPIH,salt,1
EFUQUS,salt,1
EFUXEJ,salt,1
EFUXIN,salt,1
EFUXOT,salt,1
EFUZIQ,salt,1
EFUZOW,salt,1
EFUZUC,hydrate,3
EGABEV,salt,1
EGABOF,salt,1
EGAMIJ,solvate,4
EGAWEO,cocrystal,2
EGAZUH,solvate,4
EGENIP,cocrystal,2
EGENOV,hydrate,3
EGENUB,cocrystal,2
EGEPAJ,cocrystal,2
EGERIS,salt,1
EGIQAO,cocrystal,2
EGIQES,salt,1
EGMCYT10,cocrystal,2
EGMFCY10,cocrystal,2
EGOBOT,salt,1
EGOCAG,salt,1
EGONAS,salt,1
EGOPAS,hydrate,3
EGOPUN,salt,1
EGOREZ,solvate,4
EGOSEB,salt,1
EGOXIJ,salt,1
EGUHOE,salt,1
EGUJAR,salt,1
EGUJEV,hydrate,3
EGUJIB,cocrystal,2
EGUJIZ,hydrate,3
EGULOH,salt,1
EGUSUW,cocrystal,2
EGUTEF,salt,1
EGUTIJ,salt,1
EGUVAD,hydrate,3
EGUVAE,salt,1
EGUXAG,cocrystal,2
EGUXOU,salt,1
EHACIA,salt,1
EHAHED,salt,1
EHAHIH,hydrate,3
EHAHON,salt,1
EHAJAB,salt,1
EHAJEF,salt,1
EHAPOV,hydrate,3
EHASEO,salt,1
EHEFUU,hydrate,3
EHEGAC,salt,1
EHEGEG,salt,1
EHEGOQ,salt,1
EHEKIM,solvate,4
EHENIO,salt,1
EHERAN,cocrystal,2
EHESIT,cocrystal,2
EHESUF,cocrystal,2
EHETOD,cocrystal,2
EHICUU,salt,1
EHIPUJ,salt,1
EHIQAQ,salt,1
EHIQEU,salt,1
EHIQIY,salt,1
EHIQUK,salt,1
EHIVID,salt,1
EHIVOJ,hydrate,3
EHIWAW,hydrate,3
EHIWIB,salt,1
EHOLAO,hydrate,3
EHONEU,salt,1
EHOTOK,cocrystal,2
EHOVIG,salt,1
EHOZOT,cocrystal,2
EHUFEV,cocrystal,2
EHUFIZ,cocrystal,2
EHUGOE,hydrate,3
EHUNOL,cocrystal,2
EHUQII,cocrystal,2
EHUYIQ,cocrystal,2
EJACOK,salt,1
EJALOT,salt,1
EJAZUN,cocrystal,2
EJEDUU,salt,1
EJEGAB,salt,1
EJEJEI,cocrystal,2
EJEMAK,salt,1
EJEPOA,cocrystal,2
EJEPUG,cocrystal,2
EJEQAN,cocrystal,2
EJEQER,cocrystal,2
EJEQIV,cocrystal,2
EJEQOB,cocrystal,2
EJEQUH,cocrystal,2
EJERES,cocrystal,2
EJETAO,hydrate,3
EJETES,salt,1
EJEVUK,cocrystal,2
EJEZAX,salt,1
EJEZIF,cocrystal,2
EJIDUY,salt,1
EJIRIB,cocrystal,2
EJIVAV,salt,1
EJIWID,cocrystal,2
EJOBEN,cocrystal,2
EJOCAK,cocrystal,2
EJOJAR,hydrate,3
EJOJIZ,salt,1
EJOJOF,salt,1
EJOLIA,salt,1
EJOMIB,salt,1
EJORIG,cocrystal,2
EJOYOU,salt,1
EJUKAV,solvate,4
EJUKEZ,hydrate,3
EJUKIF,salt,1
EJULEA,salt,1
EJUNED,salt,1
EJUNIH,salt,1
EJUNON,salt,1
EJUPOQ,salt,1
EJUQIK,salt,1
EJUTIP,cocrystal,2
EJUTOV,cocrystal,2
EJUZAK,salt,1
EJUZEO,cocrystal,2
EJUZIS,cocrystal,2
EJUZOB,salt,1
EJUZOY,salt,1
EKACOK,cocrystal,2
EKACOL,salt,1
EKAFUT,cocrystal,2
EKAGAZ,hydrate,3
EKALIN,cocrystal,2
EKATUH,salt,1
EKAVAP,salt,1
EKAWAR,salt,1
EKAWOC,salt,1
EKAZEY,cocrystal,2
EKELUB,salt,1
EKEMUC,cocrystal,2
EKEPEP,salt,1
EKEXIE,salt,1
EKEXOK,salt,1
EKEXUQ,salt,1
EKEYEB,salt,1
EKEYOL,salt,1
EKIBAD,salt,1
EKIBEH,salt,1
EKOCAL,salt,1
EKOCIT,salt,1
EKOCOW,salt,1
EKOCUC,salt,1
EKOQAZ,cocrystal,2
EKOROO,hydrate,3
EKOZIQ,cocrystal,2
EKUBOD,salt,1
EKUJIF,hydrate,3
EKUJOL,salt,1
EKUJOM,hydrate,3
EKUJUR,hydrate,3
EKUMAY,hydrate,3
EKUMOP,salt,1
EKUNUU,hydrate,3
EKUTAG,solvate,4
EKUWIS,hydrate,3
ELAMIN,salt,1
ELAPIT,hydrate,3
ELEBOP,salt,1
ELEGUY,cocrystal,2
ELEJUD,salt,1
ELEKAK,salt,1
ELEKEO,salt,1
ELEKIS,salt,1
ELEKOY,hydrate,3
ELENUF,salt,1
ELEPER,salt,1
ELEPIV,salt,1
ELETUM,salt,1
ELEVAU,salt,1
ELEWOH,salt,1
ELEWOK,salt,1
ELEYID,hydrate,3
ELEYOJ,salt,1
ELIMIV,salt,1
ELIPAR,salt,1
ELIQOH,hydrate,3
ELIYAZ,cocrystal,2
ELIZAC,salt,1
ELIZEG,salt,1
ELIZIL,hydrate,3
ELOGOE,cocrystal,2
ELOPOM,cocrystal,2
ELOQIH,salt,1
ELOQUT,salt,1
ELUDIZ,salt,1
ELUGOJ,cocrystal,2
ELUHEA,solvate,4
ELUMII,hydrate,3
ELUWIU,cocrystal,2
EMACOM,cocrystal,2
EMAJEJ,salt,1
EMAKEJ,salt,1
EMALEJ,salt,1
EMAMEN,salt,1
EMAPEP,cocrystal,2
EMAVEU,hydrate,3
EMAVUM,salt,1
EMAWEV,hydrate,3
EMBIMP,salt,1
EMEBON,cocrystal,2
EMEDOS,salt,1
EMEDUY,hydrate,3
EMEFAG,hydrate,3
EMEVID,salt,1
EMIHAJ,salt,1
EMIMAO,salt,1
EMINUJ,salt,1
EMIQAV,salt,1
EMIQEZ,cocrystal,2
EMIRIB,hydrate,3
EMIROH,hydrate,3
EMIROI,hydrate,3
EMIRUN,hydrate,3
EMIRUO,hydrate,3
EMISAU,solvate,4
EMIVOM,salt,1
EMIVUS,salt,1
EMIWAZ,salt,1
EMIWIH,salt,1
EMIWON,salt,1
EMIWUT,salt,1
EMOGUJ,salt,1
EMOJOH,cocrystal,2
EMOKIB,salt,1
EMOMOI,cocrystal,2
EMONAW,cocrystal,2
EMOQEC,cocrystal,2
EMOZOV,solvate,4
EMOZSD,cocrystal,2
EMOZUB,solvate,4
EMPIPP,salt,1
EMPTCB,salt,1
EMUBIX,hydrate,3
EMUDAS,salt,1
EMUFUP,hydrate,3
EMUKEE,cocrystal,2
EMUKII,cocrystal,2
EMUMAC,salt,1
EMUMOQ,hydrate,3
EMUNAD,salt,1
EMUPOR,salt,1
EMUREJ,salt,1
EMUSUD,salt,1
EMUTAK,salt,1
EMUZAQ,hydrate,3
EMUZEU,hydrate,3
EMUZOC,cocrystal,2
EMUZOE,salt,1
EMZTCN10,salt,1
ENACOL,cocrystal,2
ENADAZ,solvate,4
ENAGEG,cocrystal,2
ENAGIK,cocrystal,2
ENAHAD,cocrystal,2
ENAHIL,cocrystal,2
ENAHUZ,salt,1
ENAJIP,salt,1
ENAJOV,salt,1
ENAYEZ,salt,1
ENAYOJ,salt,1
ENEKOA,hydrate,3
ENEKUG,hydrate,3
ENELAL,cocrystal,2
ENELOZ,salt,1
ENENAM,salt,1
ENENUI,cocrystal,2
ENEPAQ,cocrystal,2
ENEPEU,cocrystal,2
ENEPIY,cocrystal,2
ENEPOE,cocrystal,2
ENEYED,cocrystal,2
ENHCIT,salt,1
ENHTAR,hydrate,3
ENIBOT,cocrystal,2
ENIBUZ,cocrystal,2
ENICEK,cocrystal,2
ENICIO,cocrystal,2
ENIHIS,salt,1
ENIJUJ,cocrystal,2
ENIKIY,cocrystal,2
ENIKOE,cocrystal,2
ENIPUO,salt,1
ENISEC,salt,1
ENIYIJ,salt,1
ENOBIT,salt,1
ENOBOZ,salt,1
ENOBUF,salt,1
ENOCAM,salt,1
ENOCEQ,salt,1
ENODAN,hydrate,3
ENODIV,hydrate,3
ENODOB,cocrystal,2
ENOGIY,salt,1
ENOHIA,salt,1
ENOHOG,salt,1
ENOJEY,salt,1
ENOLAX,hydrate,3
ENOTAF,salt,1
ENOTEJ,salt,1
ENOTOT,salt,1
ENUFOJ,salt,1
ENUPEJ,cocrystal,2
ENUVEQ,salt,1
ENUVIU,salt,1
ENUWAN,solvate,4
ENUZUL,salt,1
EPAFOS,hydrate,3
EPAFOT,salt,1
EPAJUD,cocrystal,2
EPAMTH,salt,1
EPAQES,cocrystal,2
EPAQIW,cocrystal,2
EPAVOJ,cocrystal,2
EPAXAX,salt,1
EPEDUB,cocrystal,2
EPEDUZ,salt,1
EPEHOX,hydrate,3
EPEWUS,cocrystal,2
EPEXED,cocrystal,2
EPEZOP,cocrystal,2
EPEZUV,cocrystal,2
EPHDHP,salt,1
EPHEDP,hydrate,3
EPIBAH,cocrystal,2
EPIBOX,cocrystal,2
EPIHOD,hydrate,3
EPISAY,salt,1
EPIVIJ,salt,1
EPIVOP,salt,1
EPIVUV,cocrystal,2
EPIWAC,cocrystal,2
EPIWEG,cocrystal,2
EPIWIK,cocrystal,2
EPMTCQ,salt,1
EPOFOG,hydrate,3
EPOGEX,salt,1
EPOGIB,salt,1
EPOGOH,hydrate,3
EPOHUP,cocrystal,2
EPOLED,salt,1
EPOTUB,salt,1
EPRYBS,salt,1
EPUDAW,cocrystal,2
EPUFED,cocrystal,2
EPUFIH,salt,1
EPUFON,salt,1
EPUGAA,salt,1
EPUGEE,salt,1
EPUGII,salt,1
EPUHAB,salt,1
EPUHEF,salt,1
EPUHIJ,salt,1
EPUNUA,hydrate,3
EPUPUB,cocrystal,2
EPUQAK,hydrate,3
EPUQEM,cocrystal,2
EPUQIQ,cocrystal,2
EPUSIT,cocrystal,2
EPUSOZ,cocrystal,2
EPZTCD,salt,1
EQAKOX,salt,1
EQAKOZ,cocrystal,2
EQAKUF,hydrate,3
EQATOH,hydrate,3
EQAVOJ,salt,1
EQAYEB,hydrate,3
EQAYIF,salt,1
EQAYOM,salt,1
EQEHIU,cocrystal,2
EQEHOA,cocrystal,2
EQEJIW,cocrystal,2
EQEJOC,cocrystal,2
EQEWII,salt,1
EQIMIC,salt,1
EQISIH,cocrystal,2
EQISON,cocrystal,2
EQIVEH,salt,1
EQOBIY,cocrystal,2
EQOBOE,cocrystal,2
EQONOP,salt,1
EQOPAB,cocrystal,2
EQOPUV,cocrystal,2
EQOSEL,salt,1
EQUHOP,salt,1
EQUHUV,salt,1
EQUJAD,salt,1
EQUJEH,salt,1
EQUMOU,cocrystal,2
EQUMUB,cocrystal,2
EQUREO,cocrystal,2
EQUSAM,salt,1
EQUSEQ,salt,1
EQUVUK,hydrate,3
EQUXOD,salt,1
EQUXOG,salt,1
EQUXUJ,salt,1
ERADOQ,cocrystal,2
ERAFAE,cocrystal,2
ERAFAG,salt,1
ERAFEI,cocrystal,2
ERAFIP,solvate,4
ERAGOW,cocrystal,2
ERAGUC,hydrate,3
ERAHAJ,cocrystal,2
ERAHEN,salt,1
ERAHIR,cocrystal,2
ERAHUD,salt,1
ERAJAL,salt,1
ERAJIS,solvate,4
ERAJIT,salt,1
ERAMEP,salt,1
ERAVAU,cocrystal,2
ERAVIC,salt,1
ERAWOL,salt,1
ERAWOM,hydrate,3
ERAXIG,salt,1
EREFOZ,hydrate,3
EREFUE,salt,1
EREFUF,hydrate,3
ERELIZ,cocrystal,2
ERELOF,cocrystal,2
EREMAS,salt,1
EREPUO,salt,1
EREQIE,hydrate,3
EREQOK,hydrate,3
EREQUQ,hydrate,3
EREXAA,hydrate,3
EREXEE,hydrate,3
EREYOS,solvate,4
ERICEQ,salt,1
ERIDOB,solvate,4
ERIJAT,hydrate,3
ERIKEV,solvate,4
ERIKOF,salt,1
ERIKOH,solvate,4
ERIKUL,cocrystal,2
ERIPEA,cocrystal,2
ERIPUQ,cocrystal,2
ERIQOL,cocrystal,2
ERISON,salt,1
ERIVOR,hydrate,3
ERIWUY,cocrystal,2
ERIYEK,salt,1
ERMEMT10,salt,1
EROBAP,salt,1
EROBEV,hydrate,3
EROCIX,cocrystal,2
ERODUL,salt,1
EROFEW,cocrystal,2
EROFEZ,salt,1
EROFUP,salt,1
EROGOI,cocrystal,2
EROHOJ,salt,1
EROMIJ,salt,1
EROMOP,salt,1
ERONEF,salt,1
EROROT,salt,1
EROSIO,salt,1
EROSOV,salt,1
EROWAK,salt,1
EROXAL,salt,1
ERUKIL,salt,1
ERUNOU,cocrystal,2
ERYSTM10,salt,1
ESAFIP,cocrystal,2
ESAJAL,hydrate,3
ESAJEP,hydrate,3
ESAJIT,hydrate,3
ESAJOZ,salt,1
ESAJUF,salt,1
ESAKAM,salt,1
ESALOC,salt,1
ESALUH,hydrate,3
ESAMES,salt,1
ESAMET,salt,1
ESAQEU,salt,1
ESAQIY,salt,1
ESAQOE,salt,1
ESATOH,cocrystal,2
ESATUN,cocrystal,2
ESAVIF,cocrystal,2
ESAVOL,salt,1
ESAWAY,cocrystal,2
ESAWEC,solvate,4
ESAWOK,cocrystal,2
ESAWON,cocrystal,2
ESAWUQ,cocrystal,2
ESAXAA,salt,1
ESAXAZ,salt,1
ESAYEE,salt,1
ESEDAK,salt,1
ESEFEO,hydrate,3
ESEJET,salt,1
ESEJIX,salt,1
ESEXOP,salt,1
ESEYOT,salt,1
ESEZAG,cocrystal,2
ESIKUM,salt,1
ESIMAW,salt,1
ESIMEA,solvate,4
ESIMIE,solvate,4
ESINAX,salt,1
ESIRUU,hydrate,3
ESODUO,salt,1
ESORAI,hydrate,3
ESOTIR,hydrate,3
ESOURE10,cocrystal,2
ESOWOA,salt,1
ESOWUF,salt,1
ESOWUG,salt,1
ESOXOC,hydrate,3
ESOZOD,salt,1
ESUBUP,salt,1
ESUGIK,cocrystal,2
ESUMEL,salt,1
ESUTEU,cocrystal,2
ESUXEV,salt,1
ETABAC,cocrystal,2
ETABFU,cocrystal,2
ETAKES,salt,1
ETARID,salt,1
ETARUP,salt,1
ETASAW,hydrate,3
ETATOL,cocrystal,2
ETAYUU,hydrate,3
ETAZAB,hydrate,3
ETAZIJ,salt,1
ETAZOP,solvate,4
ETAZUV,hydrate,3
ETDAMS,salt,1
ETECEO,hydrate,3
ETECOY,salt,1
ETECUE,hydrate,3
ETEFAN,cocrystal,2
ETEFIV,cocrystal,2
ETEFUF,cocrystal,2
ETELOF,cocrystal,2
ETEVUU,hydrate,3
ETEWOR,salt,1
ETEWUV,salt,1
ETEWUX,hydrate,3
ETEXAE,hydrate,3
ETEYOR,salt,1
ETEZIO,solvate,4
ETEZOU,solvate,4
ETEZUA,solvate,4
ETFTCQ,cocrystal,2
ETHIUA10,hydrate,3
ETIBAM,solvate,4
ETIBEQ,solvate,4
ETIBUG,cocrystal,2
ETIDUG,hydrate,3
ETIGAP,salt,1
ETIGET,hydrate,3
ETIGUJ,hydrate,3
ETILUO,salt,1
ETIMUR,solvate,4
ETIQAZ,hydrate,3
ETIQOQ,cocrystal,2
ETIQUT,salt,1
ETIRAA,salt,1
ETIRAB,salt,1
ETIREE,salt,1
ETISIJ,solvate,4
ETITEG,salt,1
ETIXIR,salt,1
ETIZIQ,salt,1
ETIZOW,hydrate,3
ETIZOZ,salt,1
ETOBAT,salt,1
ETONIM,cocrystal,2
ETOTIS,salt,1
ETOXEQ,salt,1
ETOYAP,cocrystal,2
ETUBUT,hydrate,3
ETUCAA,cocrystal,2
ETUCII,salt,1
ETUCUT,salt,1
ETUNIQ,cocrystal,2
ETUPAN,salt,1
ETUPIV,hydrate,3
ETURET,salt,1
ETZCTC,salt,1
EVABEL,salt,1
EVACAG,cocrystal,2
EVAFIR,hydrate,3
EVAFUD,salt,1
EVAGEP,hydrate,3
EVAHEQ,salt,1
EVALAP,salt,1
EVAMIX,cocrystal,2
EVAMIY,salt,1
EVANAR,cocrystal,2
EVAQOI,salt,1
EVARIC,hydrate,3
EVASAW,hydrate,3
EVATED,cocrystal,2
EVATIH,salt,1
EVAVUT,hydrate,3
EVAWOO,cocrystal,2
EVAXUV,cocrystal,2
EVAZIM,hydrate,3
EVAZUX,salt,1
EVEBUD,hydrate,3
EVEDAL,hydrate,3
EVEHAP,salt,1
EVELEX,salt,1
EVENIE,cocrystal,2
EVENOJ,hydrate,3
EVEPIF,salt,1
EVEREE04,cocrystal,2
EVERON,hydrate,3
EVEROO04,cocrystal,2
EVERUT,salt,1
EVESAB04,cocrystal,2
EVETAB,cocrystal,2
EVEVUY,cocrystal,2
EVEXEJ,salt,1
EVEXIN,salt,1
EVEXUZ,cocrystal,2
EVEYAH,cocrystal,2
EVEYOV,salt,1
EVEZOV,cocrystal,2
EVIDIX,salt,1
EVIHOH,salt,1
EVIJOJ,hydrate,3
EVIJUO,solvate,4
EVIKEA,salt,1
EVIRUY,salt,1
EVISIN,solvate,4
EVISOT,salt,1
EVITIM,salt,1
EVIXAL,salt,1
EVIXOW,salt,1
EVOCUO,salt,1
EVODEY,cocrystal,2
EVODIC,cocrystal,2
EVOGED,hydrate,3
EVOGIG,salt,1
EVOHED,salt,1
EVOJIK,cocrystal,2
EVOJUV,hydrate,3
EVOKEG,salt,1
EVONIN,salt,1
EVOQAH,salt,1
EVOQUB,salt,1
EVORAJ,salt,1
EVOSAL,salt,1
EVOSUG,cocrystal,2
EVOZIZ,salt,1
EVUGEH,cocrystal,2
EVUGIL,cocrystal,2
EVULUF,cocrystal,2
EVUMUD,salt,1
EVUXUQ,salt,1
EVUYID,cocrystal,2
EVUZEA,cocrystal,2
EVUZIE,cocrystal,2
EVUZOK,cocrystal,2
EWABAF,cocrystal,2
EWABIQ,salt,1
EWABUZ,cocrystal,2
EWACAG,cocrystal,2
EWACEL,cocrystal,2
EWADOX,hydrate,3
EWAHUH,hydrate,3
EWALIA,salt,1
EWAMOF,cocrystal,2
EWAMUL,cocrystal,2
EWANAS,cocrystal,2
EWANEW,cocrystal,2
EWANIA,cocrystal,2
EWANOG,cocrystal,2
EWAPAU,cocrystal,2
EWAPIC,cocrystal,2
EWAPOI,cocrystal,2
EWAPUO,hydrate,3
EWAQAV,cocrystal,2
EWAQEZ,hydrate,3
EWAQID,cocrystal,2
EWAQOJ,cocrystal,2
EWAQUP,cocrystal,2
EWARAW,cocrystal,2
EWAREA,cocrystal,2
EWARIE,cocrystal,2
EWAROK,cocrystal,2
EWATON02,salt,1
EWAXUX,hydrate,3
EWAYAE,hydrate,3
EWAYEI,salt,1
EWAYEJ,cocrystal,2
EWAYIM,salt,1
EWAYIN,cocrystal,2
EWAYOT,cocrystal,2
EWAYUY,cocrystal,2
EWAZEJ,cocrystal,2
EWAZIO,cocrystal,2
EWEKOG,salt,1
EWELEA,salt,1
EWELUN,salt,1
EWEQUU,salt,1
EWERAB,salt,1
EWERIJ,salt,1
EWEROP,salt,1
EWEVOS,cocrystal,2
EWEVUY,cocrystal,2
EWICAR,cocrystal,2
EWIJEB,salt,1
EWIJUR,cocrystal,2
EWIKAY,cocrystal,2
EWIKIH,cocrystal,2
EWIKOM,cocrystal,2
EWIKON,cocrystal,2
EWIKUT,cocrystal,2
EWINAZ,hydrate,3
EWIXAM,solvate,4
EWIXEQ,solvate,4
EWODOK,salt,1
EWODUQ,salt,1
EWOFAY,salt,1
EWOGAY,salt,1
EWOJIM,cocrystal,2
EWOQOZ,salt,1
EWOTUG,hydrate,3
EWOVIV,salt,1
EWOVOB,salt,1
EWOWUI,salt,1
EWOXEV,cocrystal,2
EWOXIZ,cocrystal,2
EWOXOD,salt,1
EWOXUL,cocrystal,2
EWOZOF,salt,1
EWUCUU,hydrate,3
EWUDUV,salt,1
EWUFOT,salt,1
EWUKEM,salt,1
EWUTAT,cocrystal,2
EWUTEX,cocrystal,2
EWUTIA,salt,1
EWUTIB,cocrystal,2
EWUTOG,salt,1
EWUTOH,cocrystal,2
EWUYOL,cocrystal,2
EXAKUJ,salt,1
EXAMOI,cocrystal,2
EXAMUM,cocrystal,2
EXANAT,cocrystal,2
EXANEX,cocrystal,2
EXANIB,cocrystal,2
EXANUN,cocrystal,2
EXAPAV,cocrystal,2
EXAPEZ,cocrystal,2
EXAPID,cocrystal,2
EXAPUP,cocrystal,2
EXAQEA,cocrystal,2
EXAQIE,cocrystal,2
EXAQOK,cocrystal,2
EXASAX,cocrystal,2
EXASEB,cocrystal,2
EXAWOR,solvate,4
EXEJAT,salt,1
EXEJOH,cocrystal,2
EXEJUN,cocrystal,2
EXEKAU,hydrate,3
EXEKEX,salt,1
EXEVOS,salt,1
EXEYIQ,cocrystal,2
EXEYOW,cocrystal,2
EXEYUC,cocrystal,2
EXEZEN,cocrystal,2
EXEZIR,cocrystal,2
EXEZOX,cocrystal,2
EXEZOZ,salt,1
EXEZUD,cocrystal,2
EXIBAP,cocrystal,2
EXIBET,cocrystal,2
EXIBIX,cocrystal,2
EXIBOC,salt,1
EXIBOD,cocrystal,2
EXIBUJ,cocrystal,2
EXICAQ,cocrystal,2
EXICEU,cocrystal,2
EXICIY,cocrystal,2
EXIFAT,cocrystal,2
EXIFEX,cocrystal,2
EXIFIB,cocrystal,2
EXIGAU,salt,1
EXIGEY,salt,1
EXIGIC,salt,1
EXIGOI,hydrate,3
EXIGUO,salt,1
EXIKOM,hydrate,3
EXIMOO,cocrystal,2
EXIPEH,solvate,4
EXISIQ,salt,1
EXISOW,salt,1
EXISUC,cocrystal,2
EXIWAK,salt,1
EXIZAM,salt,1
EXIZEQ,salt,1
EXIZIU,salt,1
EXIZIX,hydrate,3
EXIZOD,salt,1
EXIZUH,cocrystal,2
EXOFOM,hydrate,3
EXOJOT,cocrystal,2
EXOQOY,salt,1
EXUCUX,salt,1
EXUKAJ,cocrystal,2
EXUNUH,cocrystal,2
EXUQAR,salt,1
EXUQEU,cocrystal,2
EXUQEV,salt,1
EXUQIY,salt,1
EXUQOE,salt,1
EXUQUJ,cocrystal,2
EXUXUT,salt,1
EYABUB,salt,1
EYACTF,salt,1
EYAFAO,salt,1
EYAGUJ,salt,1
EYANIE,salt,1
EYANUQ,salt,1
EYASUS,hydrate,3
EYASUT,cocrystal,2
EYAWIL,salt,1
EYAXEI,hydrate,3
EYAYOU,salt,1
EYAYUA,salt,1
EYEGIA,cocrystal,2
EYEGOG,cocrystal,2
EYEGOH,salt,1
EYEGUM,cocrystal,2
EYEGUN,salt,1
EYEHAT,cocrystal,2
EYEHIC,salt,1
EYEJAW,cocrystal,2
EYENAZ,salt,1
EYINOS,salt,1
EYISAI,salt,1
EYISOX,solvate,4
EYIWEO,hydrate,3
EYIXAL,salt,1
EYIXEP,hydrate,3
EYIXUF,cocrystal,2
EYIYIU,salt,1
EYIYIV,salt,1
EYIYOA,hydrate,3
EYIYOB,salt,1
EYIYUH,salt,1
EYIZAO,salt,1
EYIZES,salt,1
EYIZIW,salt,1
EYIZOC,salt,1
EYOBAV,salt,1
EYOBOL,salt,1
EYOCAZ,hydrate,3
EYOCOK,salt,1
EYOHEF,salt,1
EYOHOP,salt,1
EYOJOR,cocrystal,2
EYOLIO,cocrystal,2
EYOLOU,cocrystal,2
EYOLUA,salt,1
EYOMAH,cocrystal,2
EYOVAP,salt,1
EYOYIA,salt,1
EYUBEF,salt,1
EYUBIJ,salt,1
EYUGAI,cocrystal,2
EYUJEO,cocrystal,2
EYUJUF,salt,1
EYUKAM,salt,1
EYULUG,cocrystal,2
EYURIC,cocrystal,2
EYUROI,cocrystal,2
EYURUO,hydrate,3
EYUSEZ,cocrystal,2
EZADEP,solvate,4
EZAGAN,salt,1
EZAJAS,salt,1
EZAPUT,salt,1
EZAQAA,salt,1
EZAQED,cocrystal,2
EZAQEE,cocrystal,2
EZAQII,cocrystal,2
EZAQUU,salt,1
EZARAB,hydrate,3
EZAREF,hydrate,3
EZARIJ,hydrate,3
EZASEG,hydrate,3
EZAXOV,salt,1
EZAZUC,cocrystal,2
EZEBAP,salt,1
EZEBES,cocrystal,2
EZECOC,salt,1
EZEDAP,cocrystal,2
EZEDEV,cocrystal,2
EZEGIA,cocrystal,2
EZEGUN,salt,1
EZEHAU,salt,1
EZEHEY,salt,1
EZEJAV,cocrystal,2
EZEJEZ,cocrystal,2
EZEJOK,cocrystal,2
EZEMIG,solvate,4
EZEWOW,hydrate,3
EZEZEQ,hydrate,3
EZIBIA,solvate,4
EZIBOG,cocrystal,2
EZICEX,cocrystal,2
EZIDEX,salt,1
EZIDIB,hydrate,3
EZIDOH,cocrystal,2
EZIDUN,cocrystal,2
EZIFAV,cocrystal,2
EZIFEZ,hydrate,3
EZIFID,cocrystal,2
EZILOO,salt,1
EZIVUE,hydrate,3
EZIYIW,salt,1
EZOBAZ,hydrate,3
EZOBED,hydrate,3
EZOBON,hydrate,3
EZOBUT,hydrate,3
EZOCUU,hydrate,3
EZODAB,hydrate,3
EZODEF,hydrate,3
EZODIJ,hydrate,3
EZODOP,hydrate,3
EZOFOQ,salt,1
EZOFUW,hydrate,3
EZOGOR,hydrate,3
EZOMEM,hydrate,3
EZOPEP,cocrystal,2
EZOSOE,salt,1
EZOWUL,salt,1
EZUDAE,salt,1
EZUMER,cocrystal,2
EZUVAZ,cocrystal,2
EZUVED,cocrystal,2
FABCOD,salt,1
FABFIX,hydrate,3
FABJEA,salt,1
FABJIE,salt,1
FABJOK,salt,1
FABJUQ,solvate,4
FABKAX,salt,1
FABKEB,hydrate,3
FABMEE,solvate,4
FABMOO,solvate,4
FABPOO,salt,1
FABQAC,salt,1
FABREI,cocrystal,2
FABTEJ,cocrystal,2
FABTIN,hydrate,3
FABWUB,solvate,4
FABXIT,salt,1
FACJIG,salt,1
FACNIK,solvate,4
FACNUW,salt,1
FACPAE,salt,1
FACPOR,salt,1
FACPUX,salt,1
FACROQ,cocrystal,2
FACRUW,solvate,4
FACTUB,hydrate,3
FACWIP,hydrate,3
FACXIR,hydrate,3
FACXUD,salt,1
FADCES,cocrystal,2
FADCIW,cocrystal,2
FADFEY,salt,1
FADFEZ,hydrate,3
FADGEY,cocrystal,2
FADGOI,cocrystal,2
FADGUO,cocrystal,2
FADHAV,cocrystal,2
FADHEZ,cocrystal,2
FADHID,cocrystal,2
FADHOJ,cocrystal,2
FADHUP,cocrystal,2
FADMON,salt,1
FADQUY,salt,1
FAFDUN,hydrate,3
FAFFAV,salt,1
FAFGOI,cocrystal,2
FAFGOL,cocrystal,2
FAFGUR,cocrystal,2
FAFHEC,cocrystal,2
FAFKUS,salt,1
FAFLAA,salt,1
FAFLEE,salt,1
FAFLII,salt,1
FAFLOO,salt,1
FAFNAD,hydrate,3
FAFNEH,salt,1
FAFNIL,salt,1
FAFSEL,cocrystal,2
FAFSIO,cocrystal,2
FAFSIP,salt,1
FAFSUC,cocrystal,2
FAFTAH,cocrystal,2
FAFTEN,cocrystal,2
FAFTUD,cocrystal,2
FAFYET,salt,1
FAGBUK,salt,1
FAGDOI,cocrystal,2
FAGDUO,cocrystal,2
FAGFAW,cocrystal,2
FAGHOL,salt,1
FAGJUW,cocrystal,2
FAGKUX,cocrystal,2
FAGPOS,salt,1
FAGQIN,salt,1
FAGZOE,salt,1
FAGZUK,salt,1
FAHBEX,hydrate,3
FAHBIB,hydrate,3
FAHBOH,hydrate,3
FAHBUN,hydrate,3
FAHLAD,cocrystal,2
FAHNEK,salt,1
FAHPOX,cocrystal,2
FAHQUB,hydrate,3
FAHTAK,hydrate,3
FAHXIZ,salt,1
FAHXOF,salt,1
FAHXUL,salt,1
FAJCID,salt,1
FAJFII,salt,1
FAJFOO,salt,1
FAJJAD,salt,1
FAJPUB,cocrystal,2
FAJRAJ,cocrystal,2
FAJWES,solvate,4
FAJZUO,cocrystal,2
FAKBIC,salt,1
FAKBIF,solvate,4
FAKBOL,hydrate,3
FAKCAV,hydrate,3
FAKFII,cocrystal,2
FAKFOO,cocrystal,2
FAKHOO,salt,1
FAKJOS,cocrystal,2
FAKJUY,cocrystal,2
FAKKOU,cocrystal,2
FAKKUA,cocrystal,2
FAKLAH,cocrystal,2
FAKLEL,cocrystal,2
FAKMOV,cocrystal,2
FAKQEO,salt,1
FAKQUF,cocrystal,2
FAKRAM,cocrystal,2
FALCEB,salt,1
FALCIF,salt,1
FALFED,salt,1
FALFIH,hydrate,3
FALKOV,salt,1
FALQEP,cocrystal,2
FALQIT,cocrystal,2
FALQOZ,cocrystal,2
FALQUF,cocrystal,2
FALRAM,cocrystal,2
FALRIU,cocrystal,2
FALROA,cocrystal,2
FALTAP,cocrystal,2
FALTET,cocrystal,2
FALXAS,salt,1
FAMFOR,solvate,4
FAMFUX,solvate,4
FAMFUY,hydrate,3
FAMNEP,salt,1
FAMNIT,salt,1
FAMQOC,salt,1
FAMXIA,solvate,4
FANFAE,solvate,4
FANFEI,salt,1
FANFOT,salt,1
FANFUZ,salt,1
FANGAG,solvate,4
FANGEK,salt,1
FANJAG,cocrystal,2
FANLAL,solvate,4
FANSOG,cocrystal,2
FANSUM,cocrystal,2
FANTHP10,salt,1
FANVIZ,salt,1
FANVUL,salt,1
FANZOM,salt,1
FANZUS,salt,1
FAPHUC,solvate,4
FAPJUF,cocrystal,2
FAPKAM,cocrystal,2
FAPKEQ,cocrystal,2
FAPKIU,cocrystal,2
FAPKOA,cocrystal,2
FAPKUG,cocrystal,2
FAPLAN,cocrystal,2
FAPMAK,salt,1
FAPMAL,hydrate,3
FAPMEP,hydrate,3
FAPMIT,hydrate,3
FAPMOZ,hydrate,3
FAPXUP,salt,1
FAQCIJ,salt,1
FAQKAN,salt,1
FAQKER,salt,1
FAQKIV,salt,1
FAQKOA,salt,1
FAQKOB,cocrystal,2
FAQKUG,salt,1
FAQKUH,cocrystal,2
FAQLAO,cocrystal,2
FAQLES,cocrystal,2
FAQLIW,cocrystal,2
FAQVAV,salt,1
FAQWAW,salt,1
FAQWEB,salt,1
FAQWUS,cocrystal,2
FAQXAA,solvate,4
FAQXAZ,cocrystal,2
FAQXED,hydrate,3
FAQXEE,salt,1
FAQXON,salt,1
FAQYAB,salt,1
FAQYEF,salt,1
FAQYIJ,salt,1
FAQYOP,cocrystal,2
FARBUW,salt,1
FARCAD,salt,1
FARCEH,salt,1
FARCIL,salt,1
FARCOR,salt,1
FARCUX,salt,1
FARDAE,salt,1
FARDAH,hydrate,3
FARDEI,salt,1
FARDIM,salt,1
FARDOS,salt,1
FARDUY,salt,1
FARFAG,salt,1
FARFEK,solvate,4
FARGAJ,salt,1
FARHAL,salt,1
FARMAM,cocrystal,2
FARMEU,hydrate,3
FARNOD,cocrystal,2
FARQAR,cocrystal,2
FARQAU,salt,1
FARWEA,salt,1
FARWIF,salt,1
FARXAZ,salt,1
FARXIF,salt,1
FARXOL,cocrystal,2
FARXUR,cocrystal,2
FASFIP,salt,1
FASJEQ,salt,1
FASJIU,salt,1
FASJUE,salt,1
FASJUG,cocrystal,2
FASLUH,cocrystal,2
FASQIC,cocrystal,2
FASRAW,hydrate,3
FASREA,hydrate,3
FASRUQ,hydrate,3
FASSIF,solvate,4
FASSOK,cocrystal,2
FASSUR,hydrate,3
FASVAA,salt,1
FASVAY,solvate,4
FASVEE,hydrate,3
FASVII,hydrate,3
FASVUU,salt,1
FASWUT,hydrate,3
FASXUW,hydrate,3
FASZAB,salt,1
FASZEF,salt,1
FATFOY,salt,1
FATFUF,salt,1
FATHAL,hydrate,3
FATLAQ,cocrystal,2
FATLES,cocrystal,2
FATQEA,cocrystal,2
FATQUO,salt,1
FATSIC,salt,1
FAVDUD,salt,1
FAVFEP,hydrate,3
FAVFIT,cocrystal,2
FAVFOZ,salt,1
FAVKAQ,cocrystal,2
FAVKEU,cocrystal,2
FAVPOJ,solvate,4
FAVPOL,salt,1
FAVPUN,salt,1
FAVQIE,salt,1
FAVRID,hydrate,3
FAVSAX,salt,1
FAVSIF,salt,1
FAVSUR,salt,1
FAVVUX,cocrystal,2
FAVWAE,cocrystal,2
FAVXEF,salt,1
FAWBUE,hydrate,3
FAWCAL,hydrate,3
FAWFOC,cocrystal,2
FAWKIB,salt,1
FAWKOF,solvate,4
FAWLIC,salt,1
FAWPEA,solvate,4
FAWRUR,solvate,4
FAWSAZ,salt,1
FAWXOS,cocrystal,2
FAWXUX,cocrystal,2
FAXFUJ,hydrate,3
FAXLUN,salt,1
FAXYOT,hydrate,3
FAXZUB,salt,1
FAYBEO,solvate,4
FAYBOW,salt,1
FAYBUC,salt,1
FAYFAN,salt,1
FAYJAT,cocrystal,2
FAYMAV,salt,1
FAYMEZ,salt,1
FAYMID,salt,1
FAYMOJ,salt,1
FAYMUP,salt,1
FAYNAW,salt,1
FAYNEA,salt,1
FAYNIE,salt,1
FAYNUO,salt,1
FAYTAC,salt,1
FAYTEG,salt,1
FAYWUZ,solvate,4
FAYXAG,salt,1
FAYXOV,cocrystal,2
FAYXUB,hydrate,3
FAYYAI,solvate,4
FAZBOY,cocrystal,2
FAZBUE,cocrystal,2
FAZCAL,cocrystal,2
FAZCEP,hydrate,3
FAZDAN,salt,1
FAZDER,salt,1
FAZGOD,salt,1
FAZQOP,solvate,4
FAZSIJ,salt,1
FAZSOP,hydrate,3
FAZSUV,solvate,4
FAZYEM,salt,1
FAZZAL,salt,1
FEBCAR,cocrystal,2
FEBCEV,cocrystal,2
FEBCIZ,cocrystal,2
FEBCOF,cocrystal,2
FEBCUL,cocrystal,2
FEBFUN,salt,1
FEBSEN,cocrystal,2
FEBSIR,cocrystal,2
FEBXIW,salt,1
FEBXUI,salt,1
FEBYET,salt,1
FEBZOD,salt,1
FECCUP,cocrystal,2
FECFEB,cocrystal,2
FECFIF,cocrystal,2
FECFOL,cocrystal,2
FECFUR,cocrystal,2
FECGEC,cocrystal,2
FECGOM,cocrystal,2
FECGUS,cocrystal,2
FECHAZ,cocrystal,2
FECNUX,salt,1
FECPAF,salt,1
FECSUB,salt,1
FECVUF,salt,1
FECWAM,hydrate,3
FECZES,hydrate,3
FEDCIC,solvate,4
FEDCOI,salt,1
FEDCUO,salt,1
FEDDOH,salt,1
FEDFUS,cocrystal,2
FEDGIF,salt,1
FEDGIH,cocrystal,2
FEDHAA,cocrystal,2
FEDHAY,salt,1
FEDHEE,cocrystal,2
FEDHII,cocrystal,2
FEDHOO,cocrystal,2
FEDMIL,salt,1
FEDPAG,salt,1
FEDPUA,salt,1
FEDRIQ,hydrate,3
FEDRIT,salt,1
FEDTEO,hydrate,3
FEDTIV,salt,1
FEFJAE,hydrate,3
FEFKIL,salt,1
FEFKIM,salt,1
FEFLAF,hydrate,3
FEFMEL,cocrystal,2
FEFMIN,hydrate,3
FEFMIP,salt,1
FEFMOT,hydrate,3
FEFMUZ,hydrate,3
FEFNEK,salt,1
FEFPUC,cocrystal,2
FEFQAJ,cocrystal,2
FEFQOX,salt,1
FEFXIZ,salt,1
FEFYAS,cocrystal,2
FEFYEW,hydrate,3
FEFYIA,solvate,4
FEGBUR,solvate,4
FEGCUQ,salt,1
FEGCUS,hydrate,3
FEGLUZ,salt,1
FEGNUB,salt,1
FEGPOW,cocrystal,2
FEGYEV,cocrystal,2
FEHLOX,cocrystal,2
FEHMAJ,hydrate,3
FEHNUC,cocrystal,2
FEHPAK,cocrystal,2
FEHPEO,cocrystal,2
FEHQER,salt,1
FEHQIV,salt,1
FEHREQ,cocrystal,2
FEHSEQ,salt,1
FEHSIW,salt,1
FEHWAR,salt,1
FEHWEV,cocrystal,2
FEHWUN,salt,1
FEHYUM,cocrystal,2
FEHZOI,hydrate,3
FEJDUT,cocrystal,2
FEJFAB,cocrystal,2
FEJGIO,salt,1
FEJPAP,cocrystal,2
FEJRUJ,salt,1
FEJTEV,salt,1
FEJWID,solvate,4
FEJWUP,salt,1
FEJXAW,salt,1
FEJXIE,salt,1
FEJXOK,salt,1
FEKBAB,salt,1
FEKDUY,cocrystal,2
FEKHIQ,cocrystal,2
FEKPAM,salt,1
FEKQOC,cocrystal,2
FEKTOH,hydrate,3
FEKWAW,cocrystal,2
FEKWEA,cocrystal,2
FEKYEZ,salt,1
FELCUX,hydrate,3
FELDAE,salt,1
FELDEI,salt,1
FELDIM,salt,1
FELDOS,salt,1
FELFAG,hydrate,3
FELNOZ,solvate,4
FELPAR,salt,1
FELVUQ,solvate,4
FELWAX,solvate,4
FELWIF,hydrate,3
FELWUR,hydrate,3
FELZUV02,salt,1
FEMGAF,salt,1
FEMGEJ,salt,1
FEMGEK,salt,1
FEMLUE,salt,1
FEMMAM,cocrystal,2
FEMMEQ,cocrystal,2
FEMPAO,salt,1
FEMRAS,cocrystal,2
FEMSAV,cocrystal,2
FEMSEZ,cocrystal,2
FEMTEW,salt,1
FEMWEZ,salt,1
FEMYED,salt,1
FENCAC,salt,1
FENGEN,hydrate,3
FENKAM,salt,1
FENKEQ,salt,1
FENNAN,salt,1
FENNEU,salt,1
FENQEX,cocrystal,2
FENRIC,cocrystal,2
FENYEC,salt,1
FEPBOS,cocrystal,2
FEPBUY,cocrystal,2
FEPCAF,cocrystal,2
FEPCIN,cocrystal,2
FEPDEL,salt,1
FEPDEN,hydrate,3
FEPFOX,hydrate,3
FEPGOW,salt,1
FEPKES,cocrystal,2
FEPKIW,cocrystal,2
FEPKOB,cocrystal,2
FEPMUM,hydrate,3
FEPPUO,cocrystal,2
FEPQAS,salt,1
FEPQAV,hydrate,3
FEPYOO,salt,1
FEPYUU,salt,1
FEPYUW,salt,1
FEPZAD,salt,1
FEQKAP,salt,1
FEQPOJ,cocrystal,2
FEQQOH,cocrystal,2
FEQQUN,cocrystal,2
FEQVIJ,salt,1
FEQVON,cocrystal,2
FEQXEF,cocrystal,2
FEQXIJ,cocrystal,2
FEQZEG,salt,1
FEQZUY,solvate,4
FERDEN,salt,1
FERDIR,hydrate,3
FERDOX,salt,1
FERDUD,salt,1
FERFAL,hydrate,3
FERFEP,salt,1
FERFIT,salt,1
FERKET,solvate,4
FERLOH,cocrystal,2
FERLUN,cocrystal,2
FERNAV,solvate,4
FERNEZ,salt,1
FERNID,hydrate,3
FERNOJ,hydrate,3
FERPAT,salt,1
FERPOJ,cocrystal,2
FERQAV,cocrystal,2
FERQAW,cocrystal,2
FERQEA,cocrystal,2
FERQIE,cocrystal,2
FERQOK,cocrystal,2
FERRAX,cocrystal,2
FERSAZ,salt,1
FERWIJ,cocrystal,2
FERYAD,cocrystal,2
FERYEH,cocrystal,2
FERYIL,cocrystal,2
FERYOR,cocrystal,2
FERYUX,cocrystal,2
FERZAE,cocrystal,2
FERZEI,cocrystal,2
FERZIM,cocrystal,2
FESBUB,hydrate,3
FESCAI,salt,1
FESCUF,hydrate,3
FESDAM,hydrate,3
FESLAQ,salt,1
FESPAU,cocrystal,2
FESRAW,cocrystal,2
FESTEC,salt,1
FETCEQ,hydrate,3
FETFUG,cocrystal,2
FETGAN,cocrystal,2
FETNEY,salt,1
FETNUO,salt,1
FETRAA,salt,1
FETREC,salt,1
FETTIJ,hydrate,3
FETTOO,hydrate,3
FETTOP,hydrate,3
FETWIL,salt,1
FETXIM,hydrate,3
FETXOU,cocrystal,2
FETYAE,cocrystal,2
FETZEJ,salt,1
FEVDIU,salt,1
FEVDIX,salt,1
FEVFUH,salt,1
FEVJOI,salt,1
FEVJUO,hydrate,3
FEVKAV,hydrate,3
FEVKEZ,hydrate,3
FEVKID,hydrate,3
FEVKOJ,salt,1
FEVKUO,cocrystal,2
FEVLEA,salt,1
FEVRUU,salt,1
FEVSEF,solvate,4
FEVZEN,cocrystal,2
FEVZUD,cocrystal,2
FEWBUE,salt,1
FEWDET,salt,1
FEWDIX,salt,1
FEWDOB,cocrystal,2
FEWDOD,salt,1
FEWGOF,salt,1
FEWJIA,cocrystal,2
FEWPED,cocrystal,2
FEWSEG,cocrystal,2
FEWSIK,cocrystal,2
FEWYEP,cocrystal,2
FEXCAM,salt,1
FEXHAV,salt,1
FEXHOH,cocrystal,2
FEXHOJ,salt,1
FEXHUP,salt,1
FEXJEB,salt,1
FEXJEY,salt,1
FEXJIF,cocrystal,2
FEXLAV,salt,1
FEXLEZ,salt,1
FEXLUR,salt,1
FEXMAY,salt,1
FEXMEC,salt,1
FEXMIG,salt,1
FEXQOP,salt,1
FEXQUV,hydrate,3
FEXRUX,salt,1
FEXSEJ,cocrystal,2
FEXTIP,salt,1
FEYGAV,salt,1
FEYHIE,salt,1
FEYHUQ,salt,1
FEYJAY,salt,1
FEYJOM,salt,1
FEYJUS,salt,1
FEYKAZ,salt,1
FEYKUT,salt,1
FEYLAA,salt,1
FEYLUU,salt,1
FEYMIF,salt,1
FEYMOP,salt,1
FEYNOQ,cocrystal,2
FEYNUW,hydrate,3
FEYSAG,cocrystal,2
FEYSEK,cocrystal,2
FEYSIO,cocrystal,2
FEYSOU,cocrystal,2
FEYSUA,cocrystal,2
FEYTAH,cocrystal,2
FEYTEL,cocrystal,2
FEYTIP,cocrystal,2
FEYTOV,cocrystal,2
FEYTUC,salt,1
FEYWEP,cocrystal,2
FEYZAM,cocrystal,2
FEYZEQ,cocrystal,2
FEZJUT,cocrystal,2
FEZKUS,hydrate,3
FEZLUR,salt,1
FEZPAB,cocrystal,2
FEZQOR,hydrate,3
FEZWOA,salt,1
FEZXIT,cocrystal,2
FIBBOK,hydrate,3
FIBCAX,salt,1
FIBCIC,salt,1
FIBCOL,hydrate,3
FIBCUR,salt,1
FIBDAY,salt,1
FIBDEC,salt,1
FIBDED,salt,1
FIBDEZ,salt,1
FIBFON,salt,1
FIBFUT,salt,1
FIBGAA,salt,1
FIBGEE,salt,1
FIBHAD,salt,1
FIBHUV,salt,1
FIBNIP,hydrate,3
FIBNOV,salt,1
FIBRIS,salt,1
FIBSUF,salt,1
FIBTAM,hydrate,3
FIBTEQ,salt,1
FICBEA,cocrystal,2
FICBIE,cocrystal,2
FICBUR,salt,1
FICCAX,cocrystal,2
FICCEB,cocrystal,2
FICCIF,cocrystal,2
FICCUR,cocrystal,2
FICDAY,cocrystal,2
FICGUT,salt,1
FICLOU,salt,1
FICMUC,salt,1
FICNEN,salt,1
FICTAO,cocrystal,2
FICVES,salt,1
FICWOF,hydrate,3
FICXIZ,salt,1
FICXOG,cocrystal,2
FICYEX,cocrystal,2
FICYIB,cocrystal,2
FICZIC,cocrystal,2
FIDBAX,salt,1
FIDDOO,salt,1
FIDDUU,salt,1
FIDKOT,cocrystal,2
FIDLIO,cocrystal,2
FIDLOU,cocrystal,2
FIDLUA,cocrystal,2
FIDMAH,cocrystal,2
FIDNIT,cocrystal,2
FIDNOZ,cocrystal,2
FIDNUF,cocrystal,2
FIDYIA,salt,1
FIFCOQ,salt,1
FIFCUW,hydrate,3
FIFDAD,salt,1
FIFDEH,salt,1
FIFFEG,salt,1
FIFFIJ,salt,1
FIFFIK,hydrate,3
FIFFOQ,hydrate,3
FIFHUB,hydrate,3
FIFJAJ,cocrystal,2
FIFJEN,cocrystal,2
FIFJOX,cocrystal,2
FIFJUD,cocrystal,2
FIFLAI,cocrystal,2
FIFMIU,salt,1
FIFQAM,cocrystal,2
FIFSUI,cocrystal,2
FIFVEZ,salt,1
FIFVUP,solvate,4
FIFWOJ,salt,1
FIFXOJ,salt,1
FIFXUP,hydrate,3
FIFYAW,salt,1
FIFYEA,salt,1
FIFYIE,salt,1
FIGCII,hydrate,3
FIGCOO,salt,1
FIGCUU,salt,1
FIGNER,salt,1
FIGNIW,salt,1
FIGTOH,salt,1
FIHCII,salt,1
FIHHAH,salt,1
FIHHIP,salt,1
FIHPEU,solvate,4
FIHSOF,cocrystal,2
FIHSUL,cocrystal,2
FIHYEA,cocrystal,2
FIJCIK,cocrystal,2
FIJHEL,hydrate,3
FIJSIA,salt,1
FIJSOG,salt,1
FIJSUM,hydrate,3
FIJSUQ,salt,1
FIJTEX,salt,1
FIJXEE,cocrystal,2
FIJXIF,salt,1
FIJZAD,salt,1
FIKJIW,salt,1
FIKYIL,salt,1
FIKYOR,salt,1
FIKYUX,salt,1
FIKZIM,hydrate,3
FILBIP,salt,1
FILDEK,cocrystal,2
FILGAI,salt,1
FILGUF,solvate,4
FILHEN,cocrystal,2
FILHIR,cocrystal,2
FILHOX,cocrystal,2
FILQOJ,hydrate,3
FILQUP,hydrate,3
FILQUQ,salt,1
FILRAX,hydrate,3
FILREB,hydrate,3
FILRIF,hydrate,3
FIMBUZ,salt,1
FIMHUH,cocrystal,2
FIMJIV,salt,1
FIMKUK,cocrystal,2
FIMLAR,cocrystal,2
FIMQAU,salt,1
FIMSAV,salt,1
FIMTAW,cocrystal,2
FIMTUQ,salt,1
FIMVAY,salt,1
FIMVEC,salt,1
FIMVON,solvate,4
FIMWII,salt,1
FINFEN,salt,1
FINHIX,cocrystal,2
FINNOF,salt,1
FINNOG,salt,1
FINQID,cocrystal,2
FINTIH,cocrystal,2
FINZIM,salt,1
FIPCUD,salt,1
FIPLOH,salt,1
FIPLOI,salt,1
FIPLUN,salt,1
FIPLUO,salt,1
FIPMAV,hydrate,3
FIPTOQ,salt,1
FIQBAJ,cocrystal,2
FIQDUH,salt,1
FIQFET,salt,1
FIQJAS,cocrystal,2
FIQLAS,salt,1
FIQMAX,salt,1
FIQPII,cocrystal,2
FIQQIJ,hydrate,3
FIQRED,cocrystal,2
FIQTOP,hydrate,3
FIQWOV,hydrate,3
FIQYOX,cocrystal,2
FIQZAK,salt,1
FIRGIZ,salt,1
FIRGOF,hydrate,3
FIRGUL,hydrate,3
FIRHAS,salt,1
FIRHOG,salt,1
FIRHUM,hydrate,3
FIRJAU,hydrate,3
FIRJEY,salt,1
FIRLOK,salt,1
FIRNEA,hydrate,3
FIRQED,hydrate,3
FISBUF,salt,1
FISCOD,salt,1
FISMIH,salt,1
FISNIH,hydrate,3
FISQIH,salt,1
FISQOP,salt,1
FISQUT,salt,1
FISRAD,hydrate,3
FISREH,salt,1
FISVIM,salt,1
FITHIZ,cocrystal,2
FITJAT,cocrystal,2
FITJEX,cocrystal,2
FITLEZ,cocrystal,2
FITLID,cocrystal,2
FITLIG,cocrystal,2
FITLOM,cocrystal,2
FITMEA,cocrystal,2
FITNIF,cocrystal,2
FITVAF,hydrate,3
FITWEM,salt,1
FITYIQ,salt,1
FITZEN,hydrate,3
FITZOY,salt,1
FITZUF,hydrate,3
FIVBUJ,salt,1
FIVCAQ,salt,1
FIVFOI,salt,1
FIVFUO,hydrate,3
FIVGAV,solvate,4
FIVHOK,cocrystal,2
FIVNEF,cocrystal,2
FIVNIJ,cocrystal,2
FIVPAB,cocrystal,2
FIVSOV,hydrate,3
FIVSUB,salt,1
FIVXIU,salt,1
FIWJIF,salt,1
FIWWIT,hydrate,3
FIWYIW,cocrystal,2
FIWYOC,cocrystal,2
FIWYUH,salt,1
FIWZOC,salt,1
FIWZUI,salt,1
FIXNAC,salt,1
FIXNOS,cocrystal,2
FIXQIM,hydrate,3
FIXQUB,cocrystal,2
FIXRAI,cocrystal,2
FIXREM,cocrystal,2
FIXRIQ,hydrate,3
FIXROV,cocrystal,2
FIXVAK,cocrystal,2
FIYMUV,salt,1
FIYSIQ,salt,1
FIYSOW,hydrate,3
FIYSUE,salt,1
FIYTAL,hydrate,3
FIYTEP,salt,1
FIYVUH,salt,1
FIYXAM,cocrystal,2
FIYXEQ,cocrystal,2
FIYYAN,salt,1
FIYYAQ,salt,1
FIYZAO,salt,1
FIZFUR,cocrystal,2
FIZLOR,salt,1
FIZMAE,salt,1
FIZPEK,hydrate,3
FIZVIU,salt,1
FIZVUG,salt,1
FLABPC,cocrystal,2
FOBCAD,cocrystal,2
FOBCEH,cocrystal,2
FOBMIV,cocrystal,2
FOBNOB,salt,1
FOBPAP,salt,1
FOBPOC,salt,1
FOBRAQ,salt,1
FOBXAY,salt,1
FOCVIE,salt,1
FOCVOK,salt,1
FOCWAX,salt,1
FOCXAX,cocrystal,2
FOCXUQ,salt,1
FODFOW,salt,1
FODGAJ,solvate,4
FODKOB,cocrystal,2
FODKUH,cocrystal,2
FODLOC,cocrystal,2
FODSID,cocrystal,2
FODTIB,cocrystal,2
FODXUT,cocrystal,2
FOFBEK,salt,1
FOFFIS,salt,1
FOFFUE,salt,1
FOFYUX,cocrystal,2
FOFZAE,cocrystal,2
FOFZEH,cocrystal,2
FOFZEI,cocrystal,2
FOFZIL,cocrystal,2
FOFZIM,cocrystal,2
FOFZOS,cocrystal,2
FOFZUY,cocrystal,2
FOGBAH,cocrystal,2
FOGBOT,cocrystal,2
FOGGAL,salt,1
FOGJUH,salt,1
FOGWIH,cocrystal,2
FOGWON,salt,1
FOGYAB,salt,1
FOGZIL,salt,1
FOHDAH,salt,1
FOHMIA,cocrystal,2
FOHMOG,solvate,4
FOHNOG,salt,1
FOHPEA,hydrate,3
FOHPID,cocrystal,2
FOHPOJ,cocrystal,2
FOHPUP,cocrystal,2
FOHQAW,cocrystal,2
FOHQEA,cocrystal,2
FOHQIE,cocrystal,2
FOHQOK,cocrystal,2
FOHQUQ,cocrystal,2
FOHRAX,cocrystal,2
FOHREB,cocrystal,2
FOHSUT,hydrate,3
FOHTAA,salt,1
FOHTEE,salt,1
FOHWUX,salt,1
FOHXIJ,salt,1
FOHYOT,salt,1
FOJCAK,cocrystal,2
FOJGIW,cocrystal,2
FOJGOC,cocrystal,2
FOJGUI,cocrystal,2
FOJHAP,cocrystal,2
FOJHIX,solvate,4
FOJSAY,cocrystal,2
FOJWAC,salt,1
FOJYOV,salt,1
FOJZUC,hydrate,3
FOKCUF,salt,1
FOKHUI,cocrystal,2
FOKJEU,hydrate,3
FOKRUU,hydrate,3
FOKVOR,salt,1
FOKYOU,cocrystal,2
FOLBOX,salt,1
FOLCUH,salt,1
FOLGIZ,salt,1
FOLXEJ,cocrystal,2
FOMDOC,salt,1
FOMDUI,salt,1
FOMFAP,salt,1
FOMFAQ,hydrate,3
FOMFET,salt,1
FOMFIX,salt,1
FOMFOD,salt,1
FOMKUO,cocrystal,2
FOMLAV,cocrystal,2
FOMQIH,salt,1
FOMQUU,cocrystal,2
FOMSIJ,salt,1
FOMSIM,cocrystal,2
FOMTAE,salt,1
FOMWIN,cocrystal,2
FOMXAH,cocrystal,2
FONGAT,hydrate,3
FONHOH,cocrystal,2
FONHUN,salt,1
FONJAV,cocrystal,2
FONJIC,salt,1
FONMEB,salt,1
FOPDAQ,cocrystal,2
FOPMIG,salt,1
FOPMOM,hydrate,3
FOPWEN,cocrystal,2
FOPXOY,salt,1
FOQHEY,cocrystal,2
FOQHIC,cocrystal,2
FOQHOI,cocrystal,2
FOQLIJ,cocrystal,2
FOQMUT,salt,1
FOQNUX,salt,1
FOQRAG,salt,1
FOQREK,hydrate,3
FOQRIO,hydrate,3
FOQYOB,cocrystal,2
FOQZAO,hydrate,3
FORBAQ,cocrystal,2
FORBEU,cocrystal,2
FORGAU,hydrate,3
FORLAB,cocrystal,2
FORLIJ,cocrystal,2
FORYET,cocrystal,2
FOSDUP,cocrystal,2
FOSFAX,cocrystal,2
FOSFEB,salt,1
FOSFIE,cocrystal,2
FOSFIF,solvate,4
FOSFOK,cocrystal,2
FOSFOL,hydrate,3
FOSFUQ,cocrystal,2
FOSJEE,solvate,4
FOSJOP,salt,1
FOSJUV,hydrate,3
FOSKAC,hydrate,3
FOSMIL,cocrystal,2
FOSPEA,hydrate,3
FOSPOS,salt,1
FOSQEL,salt,1
FOSQIP,salt,1
FOSSAJ,salt,1
FOTDAV,solvate,4
FOTFEB,cocrystal,2
FOTFOL,solvate,4
FOTKOQ,solvate,4
FOTLIK,salt,1
FOTRUD,hydrate,3
FOTSEO,cocrystal,2
FOTYET,cocrystal,2
FOTYIX,cocrystal,2
FOTYOD,cocrystal,2
FOTYUJ,cocrystal,2
FOTYUK,hydrate,3
FOTZAQ,cocrystal,2
FOVBAV,salt,1
FOVBEZ,salt,1
FOVBOJ,salt,1
FOVBUO,salt,1
FOVCAV,hydrate,3
FOVDUQ,hydrate,3
FOVFAY,hydrate,3
FOVFEC,salt,1
FOVJUX,cocrystal,2
FOVMEI,hydrate,3
FOVMUZ,salt,1
FOVNIO,salt,1
FOVPEM,salt,1
FOVPIQ,cocrystal,2
FOVQEP,salt,1
FOVQIT,salt,1
FOVQOZ,salt,1
FOVRAJ,salt,1
FOVREQ,salt,1
FOVRIU,salt,1
FOVROA,hydrate,3
FOVROX,hydrate,3
FOVRUD,salt,1
FOVWIX,hydrate,3
FOVXUJ,salt,1
FOWDAY,salt,1
FOWFOM,salt,1
FOWFOO,salt,1
FOWKAG,solvate,4
FOWKEJ,salt,1
FOWKIO,cocrystal,2
FOWKOU,cocrystal,2
FOWLUB,salt,1
FOWMAI,solvate,4
FOWROZ,salt,1
FOWRUF,salt,1
FOWSAM,cocrystal,2
FOWWAQ,hydrate,3
FOWYIZ,cocrystal,2
FOWZIB,salt,1
FOXCIH,salt,1
FOXCUT,cocrystal,2
FOXDAA,cocrystal,2
FOXFIH,salt,1
FOXFOO,hydrate,3
FOXHAD,salt,1
FOXJOT,hydrate,3
FOXKIP,salt,1
FOXKUB,salt,1
FOXNAK,cocrystal,2
FOXNOW,cocrystal,2
FOXPAK,salt,1
FOXPEO,salt,1
FOXPOY,salt,1
FOXRUH,salt,1
FOXSAO,salt,1
FOYGOR,salt,1
FOYKEK,salt,1
FOYMAH,salt,1
FOYNUE,hydrate,3
FOYPAM,hydrate,3
FOYPEQ,salt,1
FOYRER,salt,1
FOYRIV,salt,1
FOYROB,hydrate,3
FOYROD,salt,1
FOYRUH,hydrate,3
FOYSAO,hydrate,3
FOYSUI,salt,1
FOYSUJ,cocrystal,2
FOYTAP,hydrate,3
FOYTES,cocrystal,2
FOYTEV,salt,1
FOYTIZ,salt,1
FOYTOF,salt,1
FOYYIB,cocrystal,2
FOYZUO,salt,1
FOZHAD,cocrystal,2
FOZLEM,salt,1
FOZLIQ,hydrate,3
FOZTOF,solvate,4
FOZXEA,cocrystal,2
FOZZIG,salt,1
FOZZOL,salt,1
FPPXAD,cocrystal,2
FSBPTZ20,hydrate,3
FUBBUC,salt,1
FUBCAJ,salt,1
FUBCEN,salt,1
FUBCIR,hydrate,3
FUBHUG,salt,1
FUBJAO,salt,1
FUBLIX,salt,1
FUBREZ,cocrystal,2
FUCTIG,salt,1
FUCWAB,salt,1
FUDCUC,salt,1
FUDDOX,salt,1
FUDFUI,cocrystal,2
FUDTON,salt,1
FUDTUT,cocrystal,2
FUDXUA,cocrystal,2
FUDYAH,cocrystal,2
FUFBOA,salt,1
FUFBUG,hydrate,3
FUFCAN,salt,1
FUFCOB,salt,1
FUFCUH,salt,1
FUFDAO,hydrate,3
FUFDES,solvate,4
FUFDIW,salt,1
FUFDOC,salt,1
FUFDUI,hydrate,3
FUFMID,cocrystal,2
FUFMUP,cocrystal,2
FUFPIG,hydrate,3
FUFPOM,hydrate,3
FUFPUS,hydrate,3
FUFSOQ,cocrystal,2
FUFXIQ,salt,1
FUFXOW,solvate,4
FUFYAJ,solvate,4
FUGFES,salt,1
FUGHEU,salt,1
FUGJOI,salt,1
FUGKUN,salt,1
FUGLEY,salt,1
FUGMIF,salt,1
FUGRUU,hydrate,3
FUGSAB,hydrate,3
FUGTOR,salt,1
FUGWIO,salt,1
FUGXEN,salt,1
FUGYUB,hydrate,3
FUGYUC,salt,1
FUHDAO,salt,1
FUHDUI,salt,1
FUHGUL,cocrystal,2
FUHHEW,cocrystal,2
FUHKEZ,salt,1
FUHMIH,salt,1
FUHMUT,salt,1
FUHPAA,cocrystal,2
FUHPOO,hydrate,3
FUHRAC,cocrystal,2
FUJCEU,salt,1
FUJHOI,salt,1
FUJHOJ,salt,1
FULKAB,cocrystal,2
FULKII,cocrystal,2
FULLIJ,salt,1
FULLUV,solvate,4
FULPOS,salt,1
FULPUY,hydrate,3
FULTAI,salt,1
FULTEM,salt,1
FULTIQ,hydrate,3
FUMDOH,cocrystal,2
FUMJED,salt,1
FUMJOP,hydrate,3
FUMKAB,cocrystal,2
FUMKIJ,cocrystal,2
FUMMUX,salt,1
FUMNAE,salt,1
FUMRAG,cocrystal,2
FUMWIU,salt,1
FUMZUI,cocrystal,2
FUNBAR,cocrystal,2
FUNREM,solvate,4
FUPBUN,hydrate,3
FUPDOJ,salt,1
FUPFAZ,cocrystal,2
FUPKIN,cocrystal,2
FUPLIL,cocrystal,2
FUPLOR,cocrystal,2
FUPNOU,cocrystal,2
FUPPAI,cocrystal,2
FUQDEA,salt,1
FUQFEE,salt,1
FUQGUW,solvate,4
FUQKAE,salt,1
FUQLOV,salt,1
FUQMOT,salt,1
FUQMOU,salt,1
FUQMUZ,salt,1
FUQNAG,salt,1
FUQNAI,salt,1
FUQTUI,salt,1
FUQXUM,hydrate,3
FUQYEX,salt,1
FUQYIB,salt,1
FURAOX,cocrystal,2
FURBAX,cocrystal,2
FUREAP,cocrystal,2
FUREHX,cocrystal,2
FURMCY,cocrystal,2
FURNOX,solvate,4
FURTOE,salt,1
FURWIA,cocrystal,2
FURWOG,cocrystal,2
FURXAT,cocrystal,2
FURXEX,cocrystal,2
FURYAU,cocrystal,2
FURYEY,cocrystal,2
FURYOI,cocrystal,2
FUSCIH,cocrystal,2
FUSFEH,salt,1
FUSFIK,solvate,4
FUSGUX,cocrystal,2
FUSJAE,salt,1
FUSJEI,salt,1
FUSNOW,cocrystal,2
FUSRUJ,salt,1
FUSTUL,hydrate,3
FUSVAT,cocrystal,2
FUSVEU,hydrate,3
FUTGOS,salt,1
FUTKOW,cocrystal,2
FUTVUO,solvate,4
FUTXOH,salt,1
FUTYIC,salt,1
FUVNAL,salt,1
FUVNEP,cocrystal,2
FUVRIZ,salt,1
FUVYEA,cocrystal,2
FUVZUS,cocrystal,2
FUWCUX,salt,1
FUWDIM,salt,1
FUWKUG,salt,1
FUWVAU,salt,1
FUXCAC,salt,1
FUXCIL,salt,1
FUXYEC,cocrystal,2
FUXZUT,salt,1
FUYBAC,salt,1
FUYCOU,hydrate,3
FUYCUA,hydrate,3
FUYDEK,cocrystal,2
FUYGEM,salt,1
FUYGOW,salt,1
FUYGOX,cocrystal,2
FUYGUC,salt,1
FUYHAJ,salt,1
FUYKIU,salt,1
FUYKOA,hydrate,3
FUYSOH,salt,1
FUYSUN,salt,1
FUZGUD,salt,1
FUZHIT,cocrystal,2
FUZNAS,cocrystal,2
GABDOE,salt,1
GABDOG,salt,1
GABFAS,salt,1
GABFEW,solvate,4
GABFIA,salt,1
GABLAW,hydrate,3
GABLEB,salt,1
GABSIM,salt,1
GABSUB,salt,1
GABYER,salt,1
GABYUE,cocrystal,2
GABZAL,cocrystal,2
GABZEP,cocrystal,2
GABZIT,cocrystal,2
GABZOZ,salt,1
GACBAO,salt,1
GACBIW,salt,1
GACBOC,cocrystal,2
GACBUI,salt,1
GACCAP,salt,1
GACCAR,hydrate,3
GACCET,solvate,4
GACCIX,hydrate,3
GACCUJ,salt,1
GACKII,salt,1
GACNUV,salt,1
GACROS,salt,1
GACSAH,salt,1
GACVEO,hydrate,3
GACXUE,hydrate,3
GACYEP,salt,1
GACZEQ,cocrystal,2
GADGEZ,solvate,4
GADGUN,cocrystal,2
GADHEY,salt,1
GADMED,salt,1
GADMUT,salt,1
GADNAD,salt,1
GADNEH,salt,1
GADPOQ,salt,1
GADQAD,cocrystal,2
GADQAE,hydrate,3
GADQEH,cocrystal,2
GADQEL,cocrystal,2
GADQIL,cocrystal,2
GADXOA,cocrystal,2
GADXUH,salt,1
GADYIX,cocrystal,2
GADYUI,hydrate,3
GADZOB,cocrystal,2
GAFBOI,salt,1
GAFFAV,salt,1
GAFHUQ,cocrystal,2
GAFKAA,solvate,4
GAFKEE,solvate,4
GAFQEL,salt,1
GAFQOV,salt,1
GAFRAJ,salt,1
GAFTUE,cocrystal,2
GAFVIV,salt,1
GAFVOB,solvate,4
GAGHUU,salt,1
GAGJAC,salt,1
GAGKIL,hydrate,3
GAGKOR,hydrate,3
GAGKUY,hydrate,3
GAGLAF,salt,1
GAGMIK,salt,1
GAGPEN,solvate,4
GAGPIR,hydrate,3
GAGPOX,hydrate,3
GAGPUD,hydrate,3
GAGQOV,salt,1
GAGVUI,salt,1
GAHCAW,hydrate,3
GAHDID,salt,1
GAHDUP,cocrystal,2
GAHFAX,cocrystal,2
GAHFEB,salt,1
GAHFIF,cocrystal,2
GAHFOL,salt,1
GAHHUT,salt,1
GAHJAB,salt,1
GAHJOO,salt,1
GAHYOH,salt,1
GAHYUN,salt,1
GAHZEY,salt,1
GAHZIC,salt,1
GAHZOI,cocrystal,2
GAJBOM,solvate,4
GAJKEK,hydrate,3
GAJKIO,salt,1
GAJKOU,salt,1
GAJLAH,salt,1
GAJSUI,cocrystal,2
GAJVAS,cocrystal,2
GAKGEE,hydrate,3
GAKNIS,solvate,4
GAKPAJ,hydrate,3
GAKTRA,salt,1
GALBAW,salt,1
GALFAD,salt,1
GALHEJ,salt,1
GALHOT,hydrate,3
GALHUZ,salt,1
GALJEM,solvate,4
GALJOW,salt,1
GALMIS,salt,1
GALMOY,hydrate,3
GALPIT,cocrystal,2
GALQAM,hydrate,3
GALRIU,cocrystal,2
GALROA,salt,1
GAMBIF,solvate,4
GAMCED,salt,1
GAMFAC,hydrate,3
GAMMEN,cocrystal,2
GAMPAN,salt,1
GAMVIA,hydrate,3
GANBEC,cocrystal,2
GANBUS,cocrystal,2
GANCED,salt,1
GANCIH,salt,1
GANFOQ,salt,1
GANGUX,salt,1
GANHAE,salt,1
GANJIO,salt,1
GANQAQ,salt,1
GANTIC,cocrystal,2
GANXEZ,salt,1
GANXUP,cocrystal,2
GANYAW,cocrystal,2
GANYEA,cocrystal,2
GANYOK,salt,1
GANYUQ,salt,1
GAPBIM,hydrate,3
GAPCAC,cocrystal,2
GAPFOV,salt,1
GAPHAI,cocrystal,2
GAPHUD,salt,1
GAPJEO,salt,1
GAPJOY,salt,1
GAPLAK,salt,1
GAPLAM,solvate,4
GAPMAN,salt,1
GAPNUI,hydrate,3
GAPPIA,cocrystal,2
GAPPOF,cocrystal,2
GAPRUL,cocrystal,2
GAPTAW,salt,1
GAPTIE,salt,1
GAPTOK,salt,1
GAPTUQ,salt,1
GAPVAY,salt,1
GAPVEA,salt,1
GAPVEC,salt,1
GAPVIE,hydrate,3
GAPVIG,salt,1
GAPVOM,salt,1
GAPVUS,salt,1
GAPWEZ,cocrystal,2
GAPWID,cocrystal,2
GAPXAW,salt,1
GAQBIL,salt,1
GAQFAH,cocrystal,2
GAQJEP,hydrate,3
GAQKOA,salt,1
GAQMES,hydrate,3
GAQTEY,salt,1
GAQTOI,salt,1
GARGIT,salt,1
GARKAN,salt,1
GARLAN,salt,1
GARLER,salt,1
GARLES,salt,1
GARMIY,cocrystal,2
GARQAV,salt,1
GARQEZ,solvate,4
GARQIC,hydrate,3
GARQID,salt,1
GARVAW,salt,1
GARVED,cocrystal,2
GARVIH,cocrystal,2
GARVON,cocrystal,2
GARVUT,cocrystal,2
GARWAA,cocrystal,2
GARWOP,hydrate,3
GARYEH,cocrystal,2
GARYUW,salt,1
GARZAB,cocrystal,2
GARZAD,salt,1
GASBAF,salt,1
GASBEJ,cocrystal,2
GASCHA,salt,1
GASCOU,cocrystal,2
GASFOW,cocrystal,2
GASGAJ,cocrystal,2
GASHAJ,salt,1
GASKAM,salt,1
GASWOM,salt,1
GATCAG,hydrate,3
GATKIV,salt,1
GATLEU,hydrate,3
GATLUL,salt,1
GATMEV,salt,1
GATMIZ,salt,1
GATMUL,hydrate,3
GATQOL,hydrate,3
GATSAV,hydrate,3
GATSON,solvate,4
GATZEH,hydrate,3
GATZIL,salt,1
GATZIM,cocrystal,2
GATZOS,cocrystal,2
GATZUA,salt,1
GATZUW,cocrystal,2
GAVBAI,cocrystal,2
GAVFUG,salt,1
GAVGUG,cocrystal,2
GAVHUH,cocrystal,2
GAVJIA,cocrystal,2
GAVKIB,salt,1
GAVLUO,solvate,4
GAVMAV,salt,1
GAVMEZ,salt,1
GAVMID,solvate,4
GAVMOJ,salt,1
GAVSAY,salt,1
GAVVEG,salt,1
GAVWOR,salt,1
GAVXUX,salt,1
GAWCOX,salt,1
GAWCUE,cocrystal,2
GAWHAO,salt,1
GAWHET,salt,1
GAWJEU,cocrystal,2
GAWKOI,cocrystal,2
GAWKUO,hydrate,3
GAWROL,salt,1
GAWROM,salt,1
GAWSAY,cocrystal,2
GAWYAI,salt,1
GAWYEM,salt,1
GAWYIQ,salt,1
GAWYOW,salt,1
GAWYUC,salt,1
GAXCEQ,salt,1
GAXCIU,salt,1
GAXFOC,salt,1
GAXFUI,hydrate,3
GAXJEW,hydrate,3
GAXJUM,salt,1
GAXKUO,cocrystal,2
GAXPOO,salt,1
GAXQEF,salt,1
GAXRUU,cocrystal,2
GAXSAB,cocrystal,2
GAXSUV,cocrystal,2
GAXTIK,salt,1
GAXTOQ,salt,1
GAXTUW,salt,1
GAXXOS,cocrystal,2
GAXXUY,salt,1
GAXYEJ,salt,1
GAXYIN,salt,1
GAYBER,solvate,4
GAYDIX,salt,1
GAYDUJ,salt,1
GAYNUT,cocrystal,2
GAYQUS,salt,1
GAYWUY,salt,1
GAZBAN,salt,1
GAZCES,cocrystal,2
GAZDIW,salt,1
GAZGEW,hydrate,3
GAZNUS,salt,1
GAZQIH,salt,1
GAZRUY,salt,1
GAZSAF,salt,1
GAZSIN,salt,1
GAZSOP,cocrystal,2
GAZSOT,salt,1
GAZSUZ,salt,1
GAZTEK,salt,1
GAZTIO,salt,1
GAZTOU,salt,1
GAZTUA,salt,1
GAZVEM,salt,1
GAZWUB,cocrystal,2
GAZXUA,salt,1
GEBCAV,salt,1
GEBJOQ,salt,1
GEBLEI,hydrate,3
GEBLII,cocrystal,2
GEBLIM,hydrate,3
GEBLOS,hydrate,3
GEBMEF,salt,1
GEBMIJ,hydrate,3
GEBREK,cocrystal,2
GEBRUD,salt,1
GEBYAR,salt,1
GECCUO,hydrate,3
GECDEZ,salt,1
GECLOR,salt,1
GECMAE,salt,1
GECMEI,salt,1
GECQUB,salt,1
GECXUL,salt,1
GECYAQ,cocrystal,2
GECZEV,salt,1
GECZIZ,salt,1
GEDCAX,salt,1
GEDCEB,salt,1
GEDCIF,salt,1
GEDCOL,salt,1
GEDCUR,salt,1
GEDDAY,cocrystal,2
GEDDUS,cocrystal,2
GEDLAD,salt,1
GEDLEH,salt,1
GEDLIL,salt,1
GEDLOR,salt,1
GEDPIP,salt,1
GEDPOV,cocrystal,2
GEDZEW,cocrystal,2
GEFCIE,salt,1
GEFDOO,salt,1
GEFDUU,salt,1
GEFFAC,hydrate,3
GEFFEG,hydrate,3
GEFFIK,salt,1
GEFFUW,salt,1
GEFGEH,salt,1
GEFGIL,salt,1
GEFGOR,salt,1
GEFHEF,cocrystal,2
GEFJUZ,solvate,4
GEFLAH,salt,1
GEFROY,cocrystal,2
GEFRUE,cocrystal,2
GEFSAL,cocrystal,2
GEFXEY,salt,1
GEFXIC,hydrate,3
GEFXOI,salt,1
GEFXUO,hydrate,3
GEFYEZ,salt,1
GEGDIJ,hydrate,3
GEGDOP,salt,1
GEGFAD,salt,1
GEGFEG,cocrystal,2
GEGFEH,salt,1
GEGNEM,hydrate,3
GEGNEN,cocrystal,2
GEGNIT,salt,1
GEGNOZ,salt,1
GEGRIT,salt,1
GEGTUJ,cocrystal,2
GEGWEY,salt,1
GEHHEH,salt,1
GEHHOR,salt,1
GEHJAE,cocrystal,2
GEHJAF,salt,1
GEHJEJ,salt,1
GEHJIN,salt,1
GEHJOT,salt,1
GEHJUZ,salt,1
GEHKAG,salt,1
GEHKEK,salt,1
GEHKIO,hydrate,3
GEHKOU,salt,1
GEHKUA,salt,1
GEHLAH,salt,1
GEHLEL,salt,1
GEHLIP,hydrate,3
GEHLOV,salt,1
GEHLUD,salt,1
GEHROB,cocrystal,2
GEHTUJ,cocrystal,2
GEHVUL,salt,1
GEHWAR,hydrate,3
GEHWAS,salt,1
GEHWIA,hydrate,3
GEHWID,salt,1
GEHWOG,salt,1
GEHWOJ,salt,1
GEHWUP,hydrate,3
GEHXAT,hydrate,3
GEHXAW,salt,1
GEHXEA,cocrystal,2
GEHXEZ,cocrystal,2
GEHZID,salt,1
GEJBUU,salt,1
GEJCAA,hydrate,3
GEJCAB,salt,1
GEJCEE,salt,1
GEJCEF,salt,1
GEJCIJ,salt,1
GEJDEG,cocrystal,2
GEJDEI,cocrystal,2
GEJFOR,hydrate,3
GEJKOX,salt,1
GEJKUC,salt,1
GEJLEN,cocrystal,2
GEJMOY,hydrate,3
GEJNIS,cocrystal,2
GEJQAP,solvate,4
GEJTOI,salt,1
GEJTUO,salt,1
GEJVUN,salt,1
GEJWAU,hydrate,3
GEJWEY,salt,1
GEJWIC,hydrate,3
GEJYEA,salt,1
GEKCIL,cocrystal,2
GEKGIP,cocrystal,2
GEKJUD,salt,1
GEKKAK,salt,1
GEKKEP,hydrate,3
GEKKEQ,hydrate,3
GEKKIS,salt,1
GEKKIT,cocrystal,2
GEKLEP,salt,1
GEKMEQ,salt,1
GEKMUH,cocrystal,2
GEKNES,cocrystal,2
GEKNIW,cocrystal,2
GEKPAP,cocrystal,2
GEKRIZ,cocrystal,2
GEKSIC,solvate,4
GEKVEA,salt,1
GEKWAX,cocrystal,2
GEKWEB,salt,1
GEKXEZ,cocrystal,2
GEKXOL,salt,1
GELCEG,salt,1
GELCOQ,salt,1
GELDEH,hydrate,3
GEMBIJ,cocrystal,2
GEMJAM,hydrate,3
GEMJUG,salt,1
GEMKAN,salt,1
GEMKUH,hydrate,3
GEMLAO,cocrystal,2
GEMLOD,hydrate,3
GEMMUH,salt,1
GEMNES,salt,1
GEMPUM,salt,1
GEMWOO,salt,1
GEMZII,salt,1
GENFEK,salt,1
GENHUD,solvate,4
GENJEP,hydrate,3
GENLIV,cocrystal,2
GENLOB,cocrystal,2
GENLUH,cocrystal,2
GENMAO,cocrystal,2
GENMES,solvate,4
GENMIW,cocrystal,2
GENMOC,cocrystal,2
GENMUI,cocrystal,2
GENNET,cocrystal,2
GENNIX,cocrystal,2
GENQOG,hydrate,3
GENQOI,salt,1
GEPFIT,salt,1
GEPFOZ,salt,1
GEPFUF,solvate,4
GEPGAM,salt,1
GEPGEQ,salt,1
GEPGIU,salt,1
GEPHEP,salt,1
GEPJIW,hydrate,3
GEPJOC,salt,1
GEPJUI,salt,1
GEPKAP,hydrate,3
GEPKET,salt,1
GEPKIX,hydrate,3
GEPKOD,salt,1
GEPKUJ,salt,1
GEPLAQ,salt,1
GEPLEU,salt,1
GEPLIY,salt,1
GEPLOE,salt,1
GEPLUK,salt,1
GEPMAR,salt,1
GEPMEV,salt,1
GEPMIZ,salt,1
GEPNAT,salt,1
GEPNEW,salt,1
GEPPUO,salt,1
GEPQIE,salt,1
GEPQOJ,salt,1
GEPQOK,salt,1
GEPQUP,cocrystal,2
GEPREA,cocrystal,2
GEPROI,cocrystal,2
GEPROK,cocrystal,2
GEPRUQ,hydrate,3
GEPSAX,hydrate,3
GEPSEB,hydrate,3
GEPTIG,cocrystal,2
GEPVAY,solvate,4
GEPVIK,salt,1
GEPVOQ,salt,1
GEPYAE,salt,1
GEPZOR,salt,1
GEQKOE,salt,1
GEQNAV,salt,1
GEQNUM,salt,1
GEQQEZ,salt,1
GEQRIF,cocrystal,2
GEQROL,cocrystal,2
GEQRUR,salt,1
GEQXEH,cocrystal,2
GEQXIL,cocrystal,2
GEQYUX,salt,1
GERCOZ,cocrystal,2
GERCUF,hydrate,3
GERDOW,hydrate,3
GERDUC,salt,1
GERGER,salt,1
GERHES,salt,1
GERLUO,salt,1
GERQAY,salt,1
GERYEH,cocrystal,2
GERYEJ,cocrystal,2
GERYIN,cocrystal,2
GERYOR,cocrystal,2
GERYOT,hydrate,3
GERZAG,salt,1
GERZEK,salt,1
GERZOU,hydrate,3
GERZUA,cocrystal,2
GERZUY,salt,1
GESBAH,salt,1
GESBEN,cocrystal,2
GESBIR,cocrystal,2
GESBUD,hydrate,3
GESCAK,cocrystal,2
GESCEO,hydrate,3
GESCIQ,salt,1
GESCIS,hydrate,3
GESCUE,cocrystal,2
GESGAO,salt,1
GESGES,salt,1
GESGIW,salt,1
GESGOC,salt,1
GESGUI,salt,1
GESHAP,salt,1
GESHET,hydrate,3
GESJIX,cocrystal,2
GESKUL,solvate,4
GESPEZ,salt,1
GESQOO,salt,1
GESQUU,salt,1
GESRAB,hydrate,3
GESREF,salt,1
GESRIJ,salt,1
GESSAY,cocrystal,2
GESWAF,hydrate,3
GETDIT,salt,1
GETDOC,salt,1
GETFEU,hydrate,3
GETGUH,salt,1
GETNAU,salt,1
GETTOP,salt,1
GETYIO,cocrystal,2
GETZEM,salt,1
GEVFIZ,cocrystal,2
GEVJAW,salt,1
GEVJOK,salt,1
GEVJUO,salt,1
GEVPEE,salt,1
GEWHID,salt,1
GEWJEB,cocrystal,2
GEWLUS,hydrate,3
GEWMAZ,salt,1
GEWSUW,salt,1
GEXBIY,salt,1
GEXDOG,cocrystal,2
GEXFAU,cocrystal,2
GEXFUN,salt,1
GEXMAZ,cocrystal,2
GEXMED,cocrystal,2
GEXMIH,cocrystal,2
GEXMON,cocrystal,2
GEXRUW,salt,1
GEXTIO,salt,1
GEXTOU,salt,1
GEXWOV,salt,1
GEXXAI,hydrate,3
GEXYAN,cocrystal,2
GEXYER,cocrystal,2
GEXYIV,cocrystal,2
GEYFAR,cocrystal,2
GEYLIF,salt,1
GEYMOQ,cocrystal,2
GEYNAD,cocrystal,2
GEYNEH,cocrystal,2
GEYNUX,cocrystal,2
GEYSAE,cocrystal,2
GEYVAK,salt,1
GEYVEO,hydrate,3
GEYVOX,solvate,4
GEYVUD,salt,1
GEYWOZ,salt,1
GEYXAM,salt,1
GEYYUE,cocrystal,2
GEYZAL,cocrystal,2
GEZKEB,salt,1
GEZKIF,solvate,4
GEZPEK,hydrate,3
GEZPIO,hydrate,3
GEZREL,cocrystal,2
GEZXIV,cocrystal,2
GEZZOE,salt,1
GIBBOK,salt,1
GIBJEI,salt,1
GIBKOV,salt,1
GIBLEM,hydrate,3
GIBRUI,salt,1
GIBSUJ,salt,1
GIBVIY,hydrate,3
GIBYUO,hydrate,3
GICHEG,salt,1
GICHIK,salt,1
GICHOQ,salt,1
GICHUW,salt,1
GICKAE,salt,1
GICLAJ,cocrystal,2
GICMIS,cocrystal,2
GICPIR,cocrystal,2
GICSOC,hydrate,3
GICTEV,salt,1
GICWAQ,cocrystal,2
GICYOG,salt,1
GIDDOO,salt,1
GIDFEH,cocrystal,2
GIDFIL,cocrystal,2
GIDFIM,salt,1
GIDFUY,hydrate,3
GIDGAF,salt,1
GIDGEJ,salt,1
GIDGIN,salt,1
GIDGOT,hydrate,3
GIDGUZ,hydrate,3
GIDHAG,hydrate,3
GIDHEK,cocrystal,2
GIDHIO,hydrate,3
GIDLUB,cocrystal,2
GIDMAI,cocrystal,2
GIDMEM,cocrystal,2
GIDMOW,hydrate,3
GIDQAM,salt,1
GIDQEQ,hydrate,3
GIDQOA,cocrystal,2
GIDQUG,cocrystal,2
GIDRES,cocrystal,2
GIDVEU,salt,1
GIDVIY,salt,1
GIDWIC,cocrystal,2
GIDYEY,salt,1
GIFDOR,cocrystal,2
GIFDUX,cocrystal,2
GIFFAF,cocrystal,2
GIFFEJ,cocrystal,2
GIFLUD,hydrate,3
GIFMOX,salt,1
GIFMOY,salt,1
GIFMUD,cocrystal,2
GIFMUE,salt,1
GIFNAL,salt,1
GIFNOZ,salt,1
GIFNUF,salt,1
GIFPER,salt,1
GIFPIV,salt,1
GIFRAO,salt,1
GIFTEU,salt,1
GIFWAW,salt,1
GIFWIF,cocrystal,2
GIFYUS,salt,1
GIGCEE,cocrystal,2
GIGDUX,salt,1
GIGGEM,solvate,4
GIGJAJ,salt,1
GIGJEN,salt,1
GIGKIS,salt,1
GIGKUE,solvate,4
GIGLOX,cocrystal,2
GIGNIV,hydrate,3
GIGQIX,hydrate,3
GIGQOD,hydrate,3
GIGSEY,salt,1
GIGTEV,salt,1
GIGTIZ,solvate,4
GIGTOF,salt,1
GIGWOI,cocrystal,2
GIGXOJ,salt,1
GIGZIG,hydrate,3
GIHBOQ,cocrystal,2
GIHBUW,cocrystal,2
GIHCAD,cocrystal,2
GIHCEH,cocrystal,2
GIHCIK,salt,1
GIHCIL,cocrystal,2
GIHFIN,salt,1
GIHGEK,hydrate,3
GIHGOU,hydrate,3
GIHPIY,salt,1
GIHSUP,salt,1
GIHVAU,salt,1
GIHVOM,salt,1
GIHWON,salt,1
GIHWUP,cocrystal,2
GIHWUT,salt,1
GIHYEF,hydrate,3
GIHYOP,salt,1
GIJHIS,cocrystal,2
GIJLOD,salt,1
GIJSOK,cocrystal,2
GIJTAY,salt,1
GIJTEC,salt,1
GIJYEF,solvate,4
GIJYIJ,solvate,4
GIJYON,salt,1
GIJYUV,cocrystal,2
GIKBEL,solvate,4
GIKBIP,salt,1
GIKKAM,cocrystal,2
GIKKEQ,solvate,4
GIKQEZ,cocrystal,2
GIKREA,cocrystal,2
GIKSEB,cocrystal,2
GIKTAV,salt,1
GIKVEB,cocrystal,2
GIKYEE,cocrystal,2
GIKYUV,hydrate,3
GIKYUX,cocrystal,2
GIKZAB,cocrystal,2
GIKZAC,hydrate,3
GIKZIM,salt,1
GIKZOS,salt,1
GIKZUY,salt,1
GILBOT,salt,1
GILCAG,cocrystal,2
GILCIP,salt,1
GILYAF,salt,1
GILZIN,salt,1
GILZUZ,salt,1
GIMBAI,salt,1
GIMBEM,salt,1
GIMKES,cocrystal,2
GIMKIW,cocrystal,2
GIMNEY,salt,1
GIMNUO,hydrate,3
GIMPAU,cocrystal,2
GIMPAW,salt,1
GIMPIF,cocrystal,2
GIMPOI,salt,1
GIMQEC,cocrystal,2
GIMQIG,cocrystal,2
GIMSIF,hydrate,3
GIMSOL,salt,1
GIMTON,salt,1
GIMXAE,salt,1
GIMXIM,salt,1
GIMXOS,hydrate,3
GIMZUY,cocrystal,2
GINDUC,hydrate,3
GINKUK,cocrystal,2
GINMEW,salt,1
GINMOG,salt,1
GINNIB,hydrate,3
GINSAA,hydrate,3
GINWAB,salt,1
GINXAE,salt,1
GINXEI,salt,1
GINXIK,salt,1
GIPBOY,salt,1
GIPBUE,salt,1
GIPDIU,solvate,4
GIPGOC,cocrystal,2
GIPGUI,cocrystal,2
GIPHES,salt,1
GIPHIW,salt,1
GIPQAX,cocrystal,2
GIPQEB,cocrystal,2
GIPQIJ,cocrystal,2
GIPQOL,cocrystal,2
GIPQUR,cocrystal,2
GIPTIJ,salt,1
GIQBUD,salt,1
GIQHOD,cocrystal,2
GIQJEW,solvate,4
GIQJEY,salt,1
GIQJIA,salt,1
GIQJOG,salt,1
GIQJUM,solvate,4
GIQKIB,salt,1
GIQKUN,salt,1
GIQMOJ,salt,1
GIQRON,cocrystal,2
GIRDAN,cocrystal,2
GIRDIV,cocrystal,2
GIRFIA,salt,1
GIRFUM,salt,1
GIRPON,cocrystal,2
GIRQIL,salt,1
GIRRAE,salt,1
GIRWOU,salt,1
GISDES,salt,1
GISGUK,cocrystal,2
GISJIB,salt,1
GISJUP,salt,1
GISKIE,salt,1
GISMOL,cocrystal,2
GISQUV,salt,1
GISRAB,cocrystal,2
GISWUB,hydrate,3
GISYIR,hydrate,3
GITCOC,hydrate,3
GITGAS,salt,1
GITKAY,salt,1
GITKEC,salt,1
GITKIF,salt,1
GITLUS,solvate,4
GITMON,solvate,4
GITMUS,salt,1
GITMUT,solvate,4
GITNUU,hydrate,3
GITPIJ,salt,1
GITQAD,salt,1
GITREI,salt,1
GITRIM,salt,1
GITROS,hydrate,3
GITVAI,hydrate,3
GITXIR,hydrate,3
GITZUF,hydrate,3
GIVBUJ,solvate,4
GIVCOE,cocrystal,2
GIVFIB,salt,1
GIVFIC,salt,1
GIVFUP,hydrate,3
GIVJEB,salt,1
GIVQOR,salt,1
GIVROS,cocrystal,2
GIVXUH,cocrystal,2
GIVYAO,cocrystal,2
GIVYES,hydrate,3
GIVYOC,cocrystal,2
GIVYUI,cocrystal,2
GIVZUG,cocrystal,2
GIWNUW,salt,1
GIWPEI,salt,1
GIWSAK,cocrystal,2
GIWTAK,salt,1
GIWTEN,hydrate,3
GIWTEO,salt,1
GIWTIR,hydrate,3
GIWTOY,salt,1
GIWVEQ,hydrate,3
GIWWUI,salt,1
GIXDUN,hydrate,3
GIXFAV,salt,1
GIXNOQ,cocrystal,2
GIXPAE,cocrystal,2
GIXQIP,hydrate,3
GIXQIQ,hydrate,3
GIXQOW,salt,1
GIXQUC,salt,1
GIXRAJ,hydrate,3
GIXREK,cocrystal,2
GIXVIW,hydrate,3
GIXVOC,cocrystal,2
GIXYAO,cocrystal,2
GIXZOC,salt,1
GIXZOG,cocrystal,2
GIYBAV,cocrystal,2
GIYBIZ,cocrystal,2
GIYHAY,salt,1
GIYHUS,cocrystal,2
GIYJED,cocrystal,2
GIYKOO,cocrystal,2
GIYKUU,cocrystal,2
GIYMIN,cocrystal,2
GIYMOT,cocrystal,2
GIYWIU,salt,1
GIZCIC,salt,1
GIZGAY,solvate,4
GIZHED,salt,1
GIZHUT,salt,1
GIZSIR,cocrystal,2
GIZSIT,salt,1
GIZTOZ,cocrystal,2
GLGLYN10,salt,1
GLUCUR20,cocrystal,2
GLYCNI,salt,1
GLYCPH,salt,1
GLYGLP,hydrate,3
GLYTMS,hydrate,3
GOBBEF,solvate,4
GOBMAN,hydrate,3
GOBPUK,salt,1
GOBVEY,hydrate,3
GOBYOL,cocrystal,2
GOBYUR,cocrystal,2
GOBZAY,cocrystal,2
GOBZEC,cocrystal,2
GOBZIG,cocrystal,2
GOCGOW,salt,1
GOCGUC,salt,1
GOCHIQ,salt,1
GOCHOW,salt,1
GOCHUC,hydrate,3
GOCJAK,salt,1
GOCJEO,salt,1
GOCJIS,hydrate,3
GOCJOZ,salt,1
GOCKAL,solvate,4
GOCLIV,cocrystal,2
GOCMAN,hydrate,3
GOCPUL,salt,1
GOCQIB,salt,1
GOCVUP,salt,1
GOCXUU,salt,1
GODFUA,salt,1
GODHOZ,salt,1
GODJAN,salt,1
GODNAO,cocrystal,2
GODNES,salt,1
GODNIW,salt,1
GODQIZ,cocrystal,2
GODTUO,cocrystal,2
GODZEF,salt,1
GODZII,salt,1
GODZOP,cocrystal,2
GOFHAK,hydrate,3
GOFHEO,solvate,4
GOFHIT,cocrystal,2
GOFKAN,solvate,4
GOFKER,solvate,4
GOFPOI,salt,1
GOFQOI,salt,1
GOFROJ,salt,1
GOFSEA,salt,1
GOFVEF,salt,1
GOGBUC,salt,1
GOGCAJ,salt,1
GOGCEM,salt,1
GOGCEN,salt,1
GOGFAM,solvate,4
GOGFOA,cocrystal,2
GOGLEW,salt,1
GOGPAV,salt,1
GOGQID,cocrystal,2
GOGQOK,hydrate,3
GOGVOP,salt,1
GOGWEG,cocrystal,2
GOGYEJ,cocrystal,2
GOHYUZ,cocrystal,2
GOHZUB,cocrystal,2
GOJBEM,salt,1
GOJBUC,hydrate,3
GOJHAQ,hydrate,3
GOJJEU,hydrate,3
GOJKOI,salt,1
GOJKUO,salt,1
GOJLAV,salt,1
GOJLEZ,salt,1
GOJLID,salt,1
GOJLOJ,salt,1
GOJNIC,hydrate,3
GOJQAY,cocrystal,2
GOJSOO,salt,1
GOJVUX,hydrate,3
GOJZUC,cocrystal,2
GOKFUJ,salt,1
GOKPAA,cocrystal,2
GOKPII,cocrystal,2
GOKPUU,cocrystal,2
GOKQEF,solvate,4
GOKQIJ,cocrystal,2
GOKQUV,cocrystal,2
GOKRIK,solvate,4
GOKRUW,hydrate,3
GOKSAD,solvate,4
GOKZUE,salt,1
GOLDES,hydrate,3
GOLDIW,salt,1
GOLFOC,salt,1
GOLGIA,salt,1
GOLGIX,salt,1
GOLGIZ,salt,1
GOLHOG,salt,1
GOLJAV,cocrystal,2
GOLKAV,salt,1
GOLTOQ,salt,1
GOLVIM,cocrystal,2
GOLVOS,cocrystal,2
GOLVOU,salt,1
GOLVUY,cocrystal,2
GOLWAF,cocrystal,2
GOLWEL,salt,1
GOLWIN,hydrate,3
GOLWUB,salt,1
GOLXUB,salt,1
GOLZAJ,salt,1
GOMBAN,salt,1
GOMBEP,hydrate,3
GOMBEQ,salt,1
GOMBIT,salt,1
GOMDET,cocrystal,2
GOMGEX,cocrystal,2
GOMJUO,salt,1
GOMJUQ,salt,1
GOMKAX,salt,1
GOMLUQ,salt,1
GOMREF,salt,1
GONBAM,cocrystal,2
GONBUG,salt,1
GONDAO,cocrystal,2
GONLIG,hydrate,3
GONLOK,salt,1
GONQUX,hydrate,3
GONRAE,salt,1
GONREI,salt,1
GONSAG,cocrystal,2
GONZAN,salt,1
GOPGEX,cocrystal,2
GOPJUQ,cocrystal,2
GOPKUR,cocrystal,2
GOPLAY,cocrystal,2
GOPQOT,solvate,4
GOPXOB,salt,1
GOPZET,cocrystal,2
GOQPIO,salt,1
GOQREM,cocrystal,2
GOQSUA,salt,1
GOQVAM,hydrate,3
GOQVEQ,salt,1
GOQVIU,salt,1
GOQVUD,salt,1
GOQXUI,salt,1
GORBUK,salt,1
GORCAR,salt,1
GORGUR,cocrystal,2
GORSUB,salt,1
GORYUH,salt,1
GORZUL,salt,1
GOSCEZ,cocrystal,2
GOSLIM,salt,1
GOSSOY,salt,1
GOSYUI,salt,1
GOSZAP,salt,1
GOSZET,salt,1
GOSZIX,salt,1
GOSZOD,salt,1
GOSZUJ,salt,1
GOTFAY,salt,1
GOTHEF,hydrate,3
GOTMIL,cocrystal,2
GOTPOU,salt,1
GOVMAH,salt,1
GOVQAJ,cocrystal,2
GOVQEN,cocrystal,2
GOVQOX,cocrystal,2
GOVRAK,cocrystal,2
GOVREO,cocrystal,2
GOVTIU,salt,1
GOVZID,cocrystal,2
GOWBIG,cocrystal,2
GOWBOJ,salt,1
GOWBUP,salt,1
GOWCAW,hydrate,3
GOWPOA,hydrate,3
GOWTER,cocrystal,2
GOWVAP,cocrystal,2
GOXBEA,salt,1
GOXBUT,salt,1
GOXGUY,salt,1
GOYFIM,hydrate,3
GOYGIM,salt,1
GOYGOS,salt,1
GOYHEH,hydrate,3
GOYTUL,hydrate,3
GOZDAA,salt,1
GPABRS,salt,1
GPALTS,salt,1
GUANCB,salt,1
GUANHP,hydrate,3
GUAPST,salt,1
GUBARB10,hydrate,3
GUBPUR,hydrate,3
GUBSON,salt,1
GUBSUT,salt,1
GUCBIQ,hydrate,3
GUCDAK,salt,1
GUCDEO,salt,1
GUCDIS,salt,1
GUCDOY,salt,1
GUCFAM,hydrate,3
GUCFEQ,hydrate,3
GUCPOK,hydrate,3
GUCQUQ,cocrystal,2
GUCREB,cocrystal,2
GUCROL,cocrystal,2
GUCRUR,cocrystal,2
GUCSAY,cocrystal,2
GUDFES,cocrystal,2
GUDPYP,salt,1
GUDSUV,cocrystal,2
GUDTAC,cocrystal,2
GUDTEG,cocrystal,2
GUDTOQ,cocrystal,2
GUDTUW,cocrystal,2
GUDVAE,cocrystal,2
GUDVEI,cocrystal,2
GUDVIM,cocrystal,2
GUFDOB,cocrystal,2
GUFFAP,salt,1
GUFFET,salt,1
GUFFIX,salt,1
GUFHIA,cocrystal,2
GUFMUS,salt,1
GUFNEC,cocrystal,2
GUFNIG,cocrystal,2
GUFNOM,cocrystal,2
GUFPEC,salt,1
GUFQAC,cocrystal,2
GUFZOW,cocrystal,2
GUGDIV,cocrystal,2
GUGQUX,cocrystal,2
GUHFOE,salt,1
GUHGAR,cocrystal,2
GUHGAT,salt,1
GUHHEX,salt,1
GUHLAY,salt,1
GUHLEC,hydrate,3
GUHMAX,salt,1
GUHOXM,hydrate,3
GUHREG,salt,1
GUHTOS,cocrystal,2
GUHTOT,cocrystal,2
GUHTUY,cocrystal,2
GUHTUZ,cocrystal,2
GUHXOZ,hydrate,3
GUHYEP,salt,1
GUJHOJ,cocrystal,2
GUJHUP,cocrystal,2
GUJLUU,cocrystal,2
GUJMAC,hydrate,3
GUJPEG,salt,1
GUKBOG,salt,1
GUKCOH,salt,1
GUKKAZ,cocrystal,2
GUKPOR,salt,1
GUKRUA,hydrate,3
GUKSAH,hydrate,3
GUKSIO,salt,1
GUKSOU,salt,1
GUKTUB,cocrystal,2
GUKVUE,salt,1
GUKWAL,salt,1
GUKWAN,salt,1
GUKWEP,salt,1
GUKWOZ,cocrystal,2
GUKZOB,salt,1
GUKZUH,salt,1
GULGID,salt,1
GULHAW,salt,1
GULHEA,salt,1
GULNOS,salt,1
GULQAH,cocrystal,2
GULQEL,cocrystal,2
GULQIQ,salt,1
GULQOV,salt,1
GULQOW,salt,1
GULQUB,salt,1
GULSIR,salt,1
GULSOY,salt,1
GULTUD,hydrate,3
GULVAL,hydrate,3
GULYOB,cocrystal,2
GUMDIB,cocrystal,2
GUMDUN,cocrystal,2
GUMGAY,salt,1
GUMGUS,salt,1
GUMHAA,cocrystal,2
GUMHAZ,salt,1
GUMKEE,salt,1
GUMKOO,hydrate,3
GUMKUU,hydrate,3
GUMLAB,salt,1
GUMNUY,cocrystal,2
GUMPAF,solvate,4
GUMVIU,hydrate,3
GUMVOA,hydrate,3
GUMYUL,hydrate,3
GUNCOJ,cocrystal,2
GUNCUP,cocrystal,2
GUNDEA,solvate,4
GUNHAZ,salt,1
GUNKEH,salt,1
GUNKOP,cocrystal,2
GUNKUV,cocrystal,2
GUNLAC,cocrystal,2
GUNLEG,cocrystal,2
GUNLIK,cocrystal,2
GUNLUW,cocrystal,2
GUNMAD,cocrystal,2
GUNMEH,cocrystal,2
GUNMIL,cocrystal,2
GUNMOR,cocrystal,2
GUNMUX,cocrystal,2
GUNNAE,cocrystal,2
GUNNEI,cocrystal,2
GUNNIM,cocrystal,2
GUNNOS,cocrystal,2
GUNNUY,cocrystal,2
GUNPIC10,hydrate,3
GUNPIO,cocrystal,2
GUNPOU,cocrystal,2
GUNPOV,salt,1
GUNPUA,cocrystal,2
GUNPUB,salt,1
GUNQAI,salt,1
GUNQEM,salt,1
GUNQIQ,salt,1
GUNQOW,salt,1
GUNQUC,salt,1
GUNREN,salt,1
GUNRIR,hydrate,3
GUNROX,salt,1
GUNRUD,salt,1
GUNSAK,salt,1
GUNSEO,hydrate,3
GUNSIS,salt,1
GUNSOA,salt,1
GUNSOY,salt,1
GUNSUE,hydrate,3
GUNTEP,salt,1
GUNWEU,hydrate,3
GUNWIX,cocrystal,2
GUNWIY,salt,1
GUNWOD,salt,1
GUNWUJ,cocrystal,2
GUNXAQ,cocrystal,2
GUPBUR,salt,1
GUPCAY,hydrate,3
GUPCEC,salt,1
GUPCIG,salt,1
GUPCOM,salt,1
GUPICA,salt,1
GUPICL10,salt,1
GUPIOD,salt,1
GUPROS,hydrate,3
GUPWIY,cocrystal,2
GUPXEX,cocrystal,2
GUPXIB,salt,1
GUQBIF,cocrystal,2
GUQBOL,salt,1
GUQBUR,hydrate,3
GUQCAY,salt,1
GUQCEC,salt,1
GUQDON,salt,1
GUQGOP,cocrystal,2
GUQHUV,cocrystal,2
GUQHUW,cocrystal,2
GUQJEH,cocrystal,2
GUQJIL,solvate,4
GUQKAG,salt,1
GUQKEK,hydrate,3
GUQKIO,hydrate,3
GUQKOU,hydrate,3
GUQKUA,hydrate,3
GUQLAH,hydrate,3
GUQMOV,hydrate,3
GUQPIT,hydrate,3
GUQQAM,cocrystal,2
GUQQEQ,cocrystal,2
GUQQIU,cocrystal,2
GUQQOA,cocrystal,2
GUQQUG,cocrystal,2
GUQRAN,cocrystal,2
GUQRER,salt,1
GUQWEW,salt,1
GUQWIA,salt,1
GURBAW,salt,1
GURCII,salt,1
GURHUW,cocrystal,2
GURNEN,cocrystal,2
GURNIR,cocrystal,2
GURNOX,cocrystal,2
GURNUD,cocrystal,2
GURROB,hydrate,3
GURSIW,salt,1
GURSIY,salt,1
GURSOC,salt,1
GURSOE,salt,1
GURSUK,salt,1
GURTAR,salt,1
GURTEV,salt,1
GURTIZ,salt,1
GURTOF,salt,1
GURTUL,salt,1
GURVAT,salt,1
GURVIB,salt,1
GURWAU,hydrate,3
GURWEY,salt,1
GURYEA,hydrate,3
GURYOK,salt,1
GUSDAC,salt,1
GUSDEG,salt,1
GUSFUW,salt,1
GUSKAH,salt,1
GUSRER,cocrystal,2
GUSSES,cocrystal,2
GUSTIZ,salt,1
GUSVIC,salt,1
GUSVOH,hydrate,3
GUTCOO,solvate,4
GUTSAP,solvate,4
GUTSET,salt,1
GUTSIX,salt,1
GUTVIB,salt,1
GUVDUW,salt,1
GUVKEQ,cocrystal,2
GUVPEU,salt,1
GUVREV,hydrate,3
GUVXEC,salt,1
GUWBEF,salt,1
GUWDAE,salt,1
GUWDEH,cocrystal,2
GUWDEI,salt,1
GUWNAP,solvate,4
GUWNES,salt,1
GUWNET,cocrystal,2
GUWPIZ,salt,1
GUWPUJ,cocrystal,2
GUWRIC,salt,1
GUWRUL,salt,1
GUXFAI,salt,1
GUXFEM,salt,1
GUXFIQ,salt,1
GUXFOW,salt,1
GUXNEV,cocrystal,2
GUXROH,salt,1
GUXRUN,hydrate,3
GUXSAU,salt,1
GUXSUQ,cocrystal,2
GUXTAX,cocrystal,2
GUXTEB,salt,1
GUXTOL,cocrystal,2
GUXTUR,cocrystal,2
GUXVAZ,cocrystal,2
GUXVIH,cocrystal,2
GUXVON,cocrystal,2
GUXYEF,cocrystal,2
GUYBUX,cocrystal,2
GUYCAH,cocrystal,2
GUYCOU,hydrate,3
GUYCUA,hydrate,3
GUYJUG,hydrate,3
GUYJUI,salt,1
GUYKAP,salt,1
GUYKET,salt,1
GUYKIX,salt,1
GUYKOD,salt,1
GUYKUJ,salt,1
GUYLAQ,salt,1
GUYTEZ,hydrate,3
GUYTID,hydrate,3
GUYTOJ,hydrate,3
GUYTUP,hydrate,3
GUYVUU,salt,1
GUYYIL,salt,1
GUZBOT,salt,1
GUZKOC,salt,1
GUZVEF,cocrystal,2
GUZXAD,salt,1
GUZXIK,salt,1
GUZXOQ,salt,1
GUZXUW,salt,1
HABBES,salt,1
HABBIW,solvate,4
HABBOC,solvate,4
HABBUI,solvate,4
HABCAP,solvate,4
HABCET,salt,1
HABJIE,hydrate,3
HABJIG,cocrystal,2
HABJUS,cocrystal,2
HABLIG,salt,1
HABNON,salt,1
HABVEM,hydrate,3
HABVIP,hydrate,3
HABVOV,hydrate,3
HACBAO,salt,1
HACCEX,salt,1
HACDEU,salt,1
HACDUK,salt,1
HACMOQ,salt,1
HACNAD,cocrystal,2
HACSEM,salt,1
HACTOX,hydrate,3
HACWAM,salt,1
HACWEQ,hydrate,3
HACWOA,cocrystal,2
HACYER,cocrystal,2
HACZET,salt,1
HADJUS,hydrate,3
HADKAZ,cocrystal,2
HADKUT,cocrystal,2
HADLII,salt,1
HADMOO,solvate,4
HADMUU,solvate,4
HADNAB,solvate,4
HADYUK,cocrystal,2
HAFHIF,salt,1
HAFSOA,hydrate,3
HAFSUF,cocrystal,2
HAFTUD,salt,1
HAFVEQ,cocrystal,2
HAFWET,salt,1
HAFZIY,salt,1
HAGGUU,cocrystal,2
HAGHAB,cocrystal,2
HAGHEF,cocrystal,2
HAGHIJ,cocrystal,2
HAGHOP,cocrystal,2
HAGJOS,cocrystal,2
HAGKEH,salt,1
HAGNIN,salt,1
HAGQEO,salt,1
HAGVOC,salt,1
HAGWAP,salt,1
HAGWET,hydrate,3
HAGXEV,salt,1
HAGXIZ,salt,1
HAGXOF,salt,1
HAGYEU,cocrystal,2
HAGZEW,salt,1
HAGZUL,salt,1
HAHBIC,salt,1
HAHDED,cocrystal,2
HAHGEE,hydrate,3
HAHJAF,salt,1
HAHKOT,salt,1
HAHQOX,cocrystal,2
HAHYAU,cocrystal,2
HAJCAY,salt,1
HAJFUV,salt,1
HAJQOZ,cocrystal,2
HAJQUF,cocrystal,2
HAJROA,salt,1
HAJRUG,solvate,4
HAJSAN,salt,1
HAJWAR,hydrate,3
HAJWIZ,salt,1
HAJWOF,hydrate,3
HAJWUO,cocrystal,2
HAJXEX,hydrate,3
HAJXIB,salt,1
HAJXOH,salt,1
HAJXUM,salt,1
HAJXUN,salt,1
HAJYAU,salt,1
HAJYEY,salt,1
HAKCIH,salt,1
HAKDAA,salt,1
HAKDEG,hydrate,3
HAKDIH,salt,1
HAKDON,salt,1
HAKDUT,hydrate,3
HAKFAB,hydrate,3
HAKLEL,salt,1
HAKNIR,salt,1
HAKVEV,cocrystal,2
HAKWOF,cocrystal,2
HAKXEY,cocrystal,2
HALHOT,cocrystal,2
HALHUZ,hydrate,3
HALJAH,hydrate,3
HALYIE,salt,1
HAMCAA,cocrystal,2
HAMCAB,salt,1
HAMCEF,salt,1
HAMCII,cocrystal,2
HAMCIJ,hydrate,3
HAMGIN,salt,1
HAMJAK,salt,1
HAMMOA,salt,1
HAMMOB,cocrystal,2
HAMMUH,cocrystal,2
HAMNAO,cocrystal,2
HAMNES,solvate,4
HAMNIW,solvate,4
HAMNUI,cocrystal,2
HAMPUK,hydrate,3
HAMQEU,salt,1
HAMRIZ,salt,1
HAMROF,salt,1
HAMSAS,hydrate,3
HAMVUN,salt,1
HAMVUO,salt,1
HAMWAV,salt,1
HAMWEZ,salt,1
HAMWID,solvate,4
HAMWOI,hydrate,3
HAMWOJ,salt,1
HAMYEA,salt,1
HAMYIE,salt,1
HAMZEE,salt,1
HANGIP,salt,1
HANHIO,hydrate,3
HANJIS,salt,1
HANJUD,hydrate,3
HANKOW,salt,1
HANRUN,hydrate,3
HAPCOU,cocrystal,2
HAPPOG,salt,1
HAPQUN,cocrystal,2
HAPTAW,salt,1
HAPTOK,hydrate,3
HAPTUQ,salt,1
HAPVAY,salt,1
HAPYUS,cocrystal,2
HAPZAZ,cocrystal,2
HAQGUE,solvate,4
HAQHOZ,salt,1
HAQHUF,salt,1
HAQJAN,salt,1
HAQJIW,cocrystal,2
HAQPIA,hydrate,3
HAQTOK,hydrate,3
HAQYIK,salt,1
HAQYUW,salt,1
HARBIP,hydrate,3
HARBOV,hydrate,3
HARCAI,cocrystal,2
HARDEL,hydrate,3
HARHIV,cocrystal,2
HARJAN,salt,1
HARJER,salt,1
HARJET,cocrystal,2
HARJIV,salt,1
HARJIX,hydrate,3
HARJOB,cocrystal,2
HARKAO,salt,1
HARMAS,salt,1
HARMIY,salt,1
HARQOJ,salt,1
HASWIJ,salt,1
HASWUT,hydrate,3
HATDAK,salt,1
HATKAS,hydrate,3
HATNOJ,salt,1
HATNUP,salt,1
HATPAX,salt,1
HATPIF,solvate,4
HATQAX,hydrate,3
HATQAY,salt,1
HATQEC,salt,1
HATRON,salt,1
HATSEB,salt,1
HATSIF,salt,1
HATYUA,salt,1
HAVBEL,hydrate,3
HAVBEM,salt,1
HAVDUG,salt,1
HAVFES,salt,1
HAVHEV,salt,1
HAVLIC,cocrystal,2
HAVQUQ,cocrystal,2
HAVWOR,salt,1
HAVWUX,salt,1
HAVXAE,salt,1
HAVYEL,salt,1
HAWBIQ,cocrystal,2
HAWGAR,salt,1
HAWLAV,cocrystal,2
HAWLAW,solvate,4
HAWLEZ,cocrystal,2
HAWLUM,salt,1
HAWLUP,cocrystal,2
HAWWOV,salt,1
HAWWUB,hydrate,3
HAWYIN,salt,1
HAXGOG,salt,1
HAXHOH,cocrystal,2
HAXKUQ,hydrate,3
HAXPUR,salt,1
HAXQED,hydrate,3
HAXQON,salt,1
HAXQUU,salt,1
HAXRAZ,solvate,4
HAXTOR,salt,1
HAXTUX,salt,1
HAXVAF,salt,1
HAXVEH,cocrystal,2
HAXVIN,salt,1
HAXVOT,salt,1
HAXXAI,hydrate,3
HAXXEM,hydrate,3
HAXXIQ,salt,1
HAXXOW,hydrate,3
HAXXUC,hydrate,3
HAXYAJ,salt,1
HAXYEK,salt,1
HAXYEN,salt,1
HAYBAO,cocrystal,2
HAYBIW,hydrate,3
HAYBUE,salt,1
HAYCOZ,cocrystal,2
HAYCUF,solvate,4
HAYJIA,cocrystal,2
HAYLAY,cocrystal,2
HAYLEC,hydrate,3
HAYLIG,cocrystal,2
HAYLOM,cocrystal,2
HAYPUT,solvate,4
HAYYOW,cocrystal,2
HAYZAJ,salt,1
HAYZEN,solvate,4
HAZCAM,salt,1
HAZCES,cocrystal,2
HAZFAP,salt,1
HAZGUK,salt,1
HAZGUL,cocrystal,2
HAZHEV,salt,1
HAZMAA,salt,1
HAZQOO,cocrystal,2
HAZWIR,salt,1
HBIPSH,cocrystal,2
HBTBBZ,cocrystal,2
HCCOXE,hydrate,3
HCITEN10,hydrate,3
HDCMAI,salt,1
HDMPZI,salt,1
HDMZPC,salt,1
HDRZHO,salt,1
HEASLF10,salt,1
HEBDUP,cocrystal,2
HEBFAX,cocrystal,2
HEBFEB,cocrystal,2
HEBFIF,solvate,4
HEBFOL,cocrystal,2
HEBHOM,cocrystal,2
HEBHUS,cocrystal,2
HEBQUC,salt,1
HEBREM,salt,1
HEBSIU,cocrystal,2
HEBSUG,cocrystal,2
HEBTAN,cocrystal,2
HEBTER,cocrystal,2
HEBVAP,cocrystal,2
HEBYET,hydrate,3
HECCOH,salt,1
HECFIE,hydrate,3
HECMEK,cocrystal,2
HECNIQ,solvate,4
HECREM,cocrystal,2
HECRIQ,hydrate,3
HECROZ,cocrystal,2
HEDCOM,salt,1
HEDPIT,cocrystal,2
HEDRAL,cocrystal,2
HEDREP,cocrystal,2
HEDRIT,cocrystal,2
HEDROZ,cocrystal,2
HEDRUF,cocrystal,2
HEDSAM,cocrystal,2
HEDSEQ,cocrystal,2
HEDVES,salt,1
HEDVIX,salt,1
HEDVUJ,salt,1
HEDWAQ,solvate,4
HEDWEU,solvate,4
HEDWIY,salt,1
HEDWOE,hydrate,3
HEDWUK,solvate,4
HEDYAU,cocrystal,2
HEDYIC,cocrystal,2
HEFFEH,salt,1
HEFFIL,hydrate,3
HEFLUD,cocrystal,2
HEFMAI,salt,1
HEFPOZ,salt,1
HEFQUH,cocrystal,2
HEFTUI,salt,1
HEFVIY,salt,1
HEGCUT,salt,1
HEGDEE,salt,1
HEGFOQ,hydrate,3
HEGHEJ,cocrystal,2
HEGHIL,salt,1
HEGHOR,hydrate,3
HEGLOX,salt,1
HEGLUD,salt,1
HEGNOA,hydrate,3
HEGWIZ,salt,1
HEGZIG,cocrystal,2
HEGZOM,cocrystal,2
HEGZUS,cocrystal,2
HEHFAF,solvate,4
HEHJUB,salt,1
HEHMEM,cocrystal,2
HEHMIQ,cocrystal,2
HEJBIL,salt,1
HEJHAF,salt,1
HEJHOT,salt,1
HEJJOZ,salt,1
HEJNOZ,salt,1
HEJRAP,hydrate,3
HEKCIN,salt,1
HEKNIU,salt,1
HEKRUK,salt,1
HEKSAR,salt,1
HEKXOO,hydrate,3
HEKYUT,salt,1
HEKZEE,cocrystal,2
HEKZII,solvate,4
HEKZOO,cocrystal,2
HELBAB,salt,1
HELDOR,salt,1
HELFAJ,salt,1
HELGUC,cocrystal,2
HELHAJ,cocrystal,2
HELHEN,cocrystal,2
HELHIR,cocrystal,2
HELHUD,salt,1
HELJAL,salt,1
HELJIT,salt,1
HELJOZ,salt,1
HELJUF,hydrate,3
HELKAM,salt,1
HELKEQ,salt,1
HELSIE,salt,1
HELXII,cocrystal,2
HELXOO,cocrystal,2
HEMDIP,cocrystal,2
HEMDOV,cocrystal,2
HEMDOW,salt,1
HEMDUB,cocrystal,2
HEMFAJ,cocrystal,2
HEMHAM,salt,1
HEMHUC,cocrystal,2
HEMRIE,salt,1
HEMROK,salt,1
HEMRUQ,salt,1
HENCIP,salt,1
HEPAMC,salt,1
HEPFIV,cocrystal,2
HEPKES,cocrystal,2
HEPMIY,cocrystal,2
HEPQIG,cocrystal,2
HEPSAZ,salt,1
HEPXOP,salt,1
HEPXUW,salt,1
HEQJEW,salt,1
HEQKIB,salt,1
HEQLEX,salt,1
HEQNEA,hydrate,3
HEQVII,salt,1
HEQWOR,salt,1
HEQYEH,salt,1
HEQZOT,cocrystal,2
HERGOE,cocrystal,2
HERGOM,hydrate,3
HERGUK,cocrystal,2
HERHAR,cocrystal,2
HERHEV,cocrystal,2
HERJAT,cocrystal,2
HERJEX,cocrystal,2
HERJUN,cocrystal,2
HERQON,cocrystal,2
HERWUZ,salt,1
HESHEW,cocrystal,2
HESHIA,cocrystal,2
HESHOG,cocrystal,2
HESHUM,cocrystal,2
HESKUP,hydrate,3
HESLAW,salt,1
HESLEA,salt,1
HESPED,cocrystal,2
HESSAD,cocrystal,2
HESSIH,salt,1
HESSON,salt,1
HESTIM,cocrystal,2
HESTOS,cocrystal,2
HESVAG,cocrystal,2
HESVEK,cocrystal,2
HESXUY,salt,1
HESYAF,hydrate,3
HETCOZ,solvate,4
HETDEP,salt,1
HETGUJ,salt,1
HETHAQ,hydrate,3
HETHUN,salt,1
HETJAV,salt,1
HETJEZ,salt,1
HETJID,salt,1
HETMIC,salt,1
HETNUS,hydrate,3
HETPZI,salt,1
HETQUS,salt,1
HETRAD,salt,1
HETSAE,hydrate,3
HETSEI,cocrystal,2
HETSIM,salt,1
HETTIM,cocrystal,2
HETTOS,cocrystal,2
HETTUY,cocrystal,2
HETVOS,hydrate,3
HEVDUK,salt,1
HEVJAT,salt,1
HEVKOI,hydrate,3
HEVKUO,hydrate,3
HEVLEZ,salt,1
HEVNOL,solvate,4
HEVPOR,salt,1
HEVPUU,hydrate,3
HEVQAB,salt,1
HEVSAC,salt,1
HEVWOX,salt,1
HEVXIP,cocrystal,2
HEWCER,hydrate,3
HEWFAS,salt,1
HEWFEW,salt,1
HEWFOG,salt,1
HEWHAT,hydrate,3
HEWHUP,salt,1
HEWKAW,salt,1
HEWLII,salt,1
HEWROR,salt,1
HEWTAF,salt,1
HEWWAI,salt,1
HEWXUG,salt,1
HEWZIT,salt,1
HEXAIF10,cocrystal,2
HEXJAY,salt,1
HEXJEC,salt,1
HEXKON,salt,1
HEXMEC,salt,1
HEXVIQ,salt,1
HEXYER,cocrystal,2
HEXYIT,salt,1
HEYDOH,salt,1
HEYDOI,salt,1
HEYGEX,salt,1
HEYGIE,cocrystal,2
HEYJAX,solvate,4
HEYJUQ,salt,1
HEYKAX,salt,1
HEYQAD,salt,1
HEYQEH,salt,1
HEYQOR,salt,1
HEYQUX,salt,1
HEYYAO,cocrystal,2
HEZDEY,salt,1
HEZFEZ,cocrystal,2
HEZFUP,solvate,4
HEZGOL,cocrystal,2
HEZGUR,cocrystal,2
HEZHAY,cocrystal,2
HEZHOM,solvate,4
HEZHUS,cocrystal,2
HEZJAA,solvate,4
HEZJEE,cocrystal,2
HEZJOO,solvate,4
HEZKAB,cocrystal,2
HEZKEF,solvate,4
HEZKIJ,cocrystal,2
HEZKOP,cocrystal,2
HEZKUV,cocrystal,2
HEZLOQ,cocrystal,2
HEZNIJ,cocrystal,2
HEZQAI,salt,1
HEZRAG,solvate,4
HEZREK,solvate,4
HEZSIO,cocrystal,2
HEZSOU,cocrystal,2
HEZTAH,cocrystal,2
HEZTAI,hydrate,3
HEZTEL,cocrystal,2
HEZTEM,hydrate,3
HEZTIQ,hydrate,3
HEZTOW,hydrate,3
HEZTUC,hydrate,3
HEZXAM,salt,1
HEZXOD,cocrystal,2
HEZYOA,salt,1
HEZYUG,salt,1
HEZZAN,salt,1
HEZZIW,cocrystal,2
HEZZOC,cocrystal,2
HGUANS,hydrate,3
HIBBAW,cocrystal,2
HIBBEZ,salt,1
HIBBID,hydrate,3
HIBBOJ,salt,1
HIBBUP,hydrate,3
HIBBUQ,solvate,4
HIBCAW,salt,1
HIBCEA,salt,1
HIBCIE,salt,1
HIBCOK,salt,1
HIBDAX,salt,1
HIBDEB,salt,1
HIBFED,cocrystal,2
HIBFIH,cocrystal,2
HIBFII,salt,1
HIBFOO,salt,1
HIBFUW,cocrystal,2
HIBGAB,salt,1
HIBGII,cocrystal,2
HIBGOP,cocrystal,2
HIBHEF,cocrystal,2
HIBJUX,cocrystal,2
HIBKAE,cocrystal,2
HIBKEI,cocrystal,2
HIBRAP,salt,1
HIBSAP,salt,1
HIBSET,salt,1
HIBVUN,salt,1
HIBWUO,solvate,4
HIBXEZ,salt,1
HIBZIF,salt,1
HIBZUN,salt,1
HICCOL,salt,1
HICCUR,solvate,4
HICCUS,salt,1
HICDAZ,salt,1
HICDIH,salt,1
HICFEI,cocrystal,2
HICNAM,salt,1
HICNEQ,salt,1
HICNUG,cocrystal,2
HICSET,hydrate,3
HICTOD,cocrystal,2
HICVEU,hydrate,3
HICWUM,cocrystal,2
HICZIF,cocrystal,2
HIDBOP,salt,1
HIDBUV,hydrate,3
HIDCAC,hydrate,3
HIDCEG,salt,1
HIDCIK,salt,1
HIDGIM,hydrate,3
HIDGOQ,hydrate,3
HIDGUZ,salt,1
HIDQOC,cocrystal,2
HIDQUI,cocrystal,2
HIDRAP,cocrystal,2
HIDRET,cocrystal,2
HIDRIX,cocrystal,2
HIDRUJ,cocrystal,2
HIDSAQ,cocrystal,2
HIDSEU,cocrystal,2
HIDSIY,cocrystal,2
HIDVUM,hydrate,3
HIDWAT,cocrystal,2
HIDYUS,salt,1
HIDZAZ,salt,1
HIDZED,salt,1
HIDZIH,salt,1
HIFCOQ,hydrate,3
HIFDEJ,salt,1
HIFFAD,solvate,4
HIFFEI,salt,1
HIFGEL,salt,1
HIFPAN,salt,1
HIFRIX,salt,1
HIFRUN,hydrate,3
HIFTEW,cocrystal,2
HIFTIA,cocrystal,2
HIFTUP,hydrate,3
HIFWAY,salt,1
HIFWEC,salt,1
HIFWEY,hydrate,3
HIFWIC,hydrate,3
HIFZIF,cocrystal,2
HIFZUR,cocrystal,2
HIGCUV,salt,1
HIGDAD,hydrate,3
HIGDEH,hydrate,3
HIGFUZ,hydrate,3
HIGPUJ,cocrystal,2
HIGSAT,salt,1
HIGSIB,salt,1
HIGSUN,hydrate,3
HIGTAU,hydrate,3
HIGWAW,salt,1
HIHJOX,salt,1
HIHJOY,salt,1
HIHJUE,salt,1
HIHKAL,salt,1
HIHLEP,solvate,4
HIHPEU,cocrystal,2
HIHPIY,hydrate,3
HIHPOE,salt,1
HIHQEV,salt,1
HIHYOP,salt,1
HIJBUX,salt,1
HIJFAL,salt,1
HIJHEQ,solvate,4
HIJVEC,hydrate,3
HIJVOM,hydrate,3
HIJYAB,cocrystal,2
HIJYEF,cocrystal,2
HIKGIR,hydrate,3
HIKLUL,salt,1
HIKMAS,salt,1
HIKMOD,salt,1
HIKPAV,salt,1
HIKWAZ,salt,1
HILFOX,salt,1
HILJAP,cocrystal,2
HILJOD,hydrate,3
HILLIY,salt,1
HILMOI,hydrate,3
HILNEW,salt,1
HILPAU,salt,1
HILPOI,salt,1
HILPOL,salt,1
HILREA,salt,1
HILSAX,salt,1
HILWIK,salt,1
HIMCAJ,salt,1
HIMCIR,salt,1
HIMCOX,salt,1
HIMDAK,salt,1
HIMDEO,salt,1
HIMDOY,hydrate,3
HIMDUE,hydrate,3
HIMGAL,cocrystal,2
HIMGEP,cocrystal,2
HIMGIV,salt,1
HIMGUF,solvate,4
HIMLUL,cocrystal,2
HIMMAS,hydrate,3
HIMMEW,hydrate,3
HIMXIK,hydrate,3
HIMYIP,cocrystal,2
HINJEX,cocrystal,2
HINJIB,cocrystal,2
HINJOH,cocrystal,2
HINJUN,salt,1
HINQUR,cocrystal,2
HINRUU,salt,1
HINTOQ,cocrystal,2
HINVOS,salt,1
HINWUY,hydrate,3
HINXEK,solvate,4
HINYUC,cocrystal,2
HINZEN,cocrystal,2
HIPFOE,salt,1
HIPGOG,salt,1
HIPGUM,hydrate,3
HIPNAX,salt,1
HIPNEB,hydrate,3
HIPPIC,salt,1
HIPTIM,salt,1
HIPTOS,salt,1
HIPVAH,salt,1
HIPVIO,salt,1
HIPVOU,salt,1
HIPVUA,salt,1
HIPWEL,salt,1
HIQMOL,cocrystal,2
HIQMUT,salt,1
HIQNAA,hydrate,3
HIQNII,hydrate,3
HIQNOO,hydrate,3
HIQNUU,salt,1
HIQQIJ,cocrystal,2
HIQRIK,cocrystal,2
HIQROO,salt,1
HIQROQ,cocrystal,2
HIQRUW,cocrystal,2
HIQSAD,cocrystal,2
HIQSEH,cocrystal,2
HIQSEJ,hydrate,3
HIQSOR,cocrystal,2
HIQSUZ,salt,1
HIQTIN,salt,1
HIQXAG,salt,1
HIQXEK,salt,1
HIQXUD,salt,1
HIQYEN,hydrate,3
HIQZIS,hydrate,3
HIRBAN,hydrate,3
HIRCAN,hydrate,3
HIRFIY,cocrystal,2
HIRHUN,hydrate,3
HIRKUR,hydrate,3
HIRMAZ,hydrate,3
HIRMOL,salt,1
HIRVAG,hydrate,3
HIRXIS,salt,1
HIRXOW,salt,1
HIRYUE,salt,1
HIRYUF,salt,1
HIRZEP,hydrate,3
HISAPH01,hydrate,3
HISCOB,salt,1
HISFEX,salt,1
HISGEY,cocrystal,2
HISHEX,salt,1
HISHIB,salt,1
HISKUR,hydrate,3
HISLAY,salt,1
HISLEC,salt,1
HISMAZ,hydrate,3
HISMED,hydrate,3
HISMEE,salt,1
HISPRT,salt,1
HISQEH,solvate,4
HISQIL,hydrate,3
HISQOR,hydrate,3
HISQUX,salt,1
HISRAE,salt,1
HISREG,salt,1
HISRIK,salt,1
HISRIM,hydrate,3
HISROS,cocrystal,2
HISSOT,salt,1
HISVUE,salt,1
HISWAL,salt,1
HISWUE,salt,1
HISZAM,salt,1
HISZEQ,cocrystal,2
HISZIU,cocrystal,2
HITBIY,hydrate,3
HITBOE,hydrate,3
HITBUK,hydrate,3
HITCAR,hydrate,3
HITCEU,salt,1
HITJON,cocrystal,2
HITJUT,cocrystal,2
HITKAA,cocrystal,2
HITKEE,cocrystal,2
HITPEI,hydrate,3
HITQUA,cocrystal,2
HITRAH,cocrystal,2
HITZAM,salt,1
HIVBET,salt,1
HIVGAW,cocrystal,2
HIVHIE,cocrystal,2
HIVMOP,salt,1
HIVMUV,hydrate,3
HIVNAC,salt,1
HIVQEI,hydrate,3
HIVSUA,hydrate,3
HIVVUF,hydrate,3
HIVXAO,salt,1
HIVYAN,solvate,4
HIVYAP,solvate,4
HIVYER,salt,1
HIVYOB,salt,1
HIWNOQ,salt,1
HIWSIR,salt,1
HIXFOM,salt,1
HIXJIK,salt,1
HIXJOO,solvate,4
HIXKOP,cocrystal,2
HIXNUZ,salt,1
HIXVOC,cocrystal,2
HIXVUH,salt,1
HIXVUI,cocrystal,2
HIXWAP,cocrystal,2
HIXYIZ,cocrystal,2
HIXYUL,cocrystal,2
HIYCAT,cocrystal,2
HIYCEX,salt,1
HIYDEA,hydrate,3
HIYDIE,salt,1
HIYJAD,cocrystal,2
HIYLAC,salt,1
HIYREN,salt,1
HIYXAQ,solvate,4
HIYXEU,solvate,4
HIYXIY,salt,1
HIYXUK,salt,1
HIYYOG,hydrate,3
HIYYUM,salt,1
HIYZAT,salt,1
HIYZEX,salt,1
HIYZIB,solvate,4
HIZBAW,cocrystal,2
HIZBEA,cocrystal,2
HIZBEY,cocrystal,2
HIZBIE,cocrystal,2
HIZCIE,salt,1
HIZCUQ,salt,1
HIZDUQ,salt,1
HIZQOY,cocrystal,2
HIZREP,cocrystal,2
HIZRIT,cocrystal,2
HIZROZ,cocrystal,2
HIZTIU,salt,1
HMADPH,hydrate,3
HMCPZI,cocrystal,2
HMPASN,cocrystal,2
HMPHSA,salt,1
HMPHSB,salt,1
HMPPOS,salt,1
HMPZPC10,salt,1
HMTATU,cocrystal,2
HMTATV,cocrystal,2
HMTFCQ,cocrystal,2
HMTHBZ,cocrystal,2
HMTHQU,cocrystal,2
HMTITI,salt,1
HMTMCR,cocrystal,2
HMTOHQ,cocrystal,2
HMTOXH,hydrate,3
HMTTPO10,cocrystal,2
HOBMAM,salt,1
HOBTIE,salt,1
HOCCAF,salt,1
HOCCEJ,cocrystal,2
HOCCOT,cocrystal,2
HOCCUZ,cocrystal,2
HOCGIP,hydrate,3
HOCGOV,salt,1
HOCJUH,salt,1
HOCLAO,cocrystal,2
HOCQAT,salt,1
HOCREW,salt,1
HOCRIA,salt,1
HOCXIG,hydrate,3
HOCYON,salt,1
HODLES,hydrate,3
HODLIW,salt,1
HODMLN,cocrystal,2
HODPEY,cocrystal,2
HODPIC,cocrystal,2
HODREA,solvate,4
HODRUO,hydrate,3
HOEDSO,salt,1
HOFDAH,hydrate,3
HOFDEL,salt,1
HOFJAN,salt,1
HOFJER,salt,1
HOFJIW,salt,1
HOFJOC,cocrystal,2
HOFLEU,hydrate,3
HOFLIY,salt,1
HOFPAU,salt,1
HOFQOJ,cocrystal,2
HOFSAX,salt,1
HOFSUQ,cocrystal,2
HOFTIG,salt,1
HOFVAC,salt,1
HOFVEE,hydrate,3
HOFVEG,hydrate,3
HOFVIK,salt,1
HOFWOP,salt,1
HOFXAC,salt,1
HOFYOT,cocrystal,2
HOFYUZ,cocrystal,2
HOFZAG,cocrystal,2
HOFZEI,hydrate,3
HOFZEK,cocrystal,2
HOFZIM,salt,1
HOFZOS,salt,1
HOGFEQ,cocrystal,2
HOGFOA,cocrystal,2
HOGFUG,cocrystal,2
HOGGAN,cocrystal,2
HOGGER,cocrystal,2
HOGGOB,cocrystal,2
HOGGUH,cocrystal,2
HOGJAR,salt,1
HOGJEV,solvate,4
HOGJIZ,cocrystal,2
HOGJOF,cocrystal,2
HOGKAS,solvate,4
HOGLEX,cocrystal,2
HOGLIB,cocrystal,2
HOGLOH,cocrystal,2
HOGNUM,salt,1
HOGPOK,salt,1
HOGZIN,hydrate,3
HOHGOC,cocrystal,2
HOHKUK,salt,1
HOHLIZ,salt,1
HOHRUR,cocrystal,2
HOHTAZ,salt,1
HOHTOQ,salt,1
HOHVOP,salt,1
HOJCAN,cocrystal,2
HOJFOE,salt,1
HOJKEY,cocrystal,2
HOJLIC,cocrystal,2
HOJLOI,salt,1
HOJLOJ,cocrystal,2
HOJLUO,cocrystal,2
HOJMAU,salt,1
HOJSEE,cocrystal,2
HOJVIL,salt,1
HOJYOW,salt,1
HOJZEN,salt,1
HOKPIJ,salt,1
HOKSUY,cocrystal,2
HOKTEJ,salt,1
HOLDOC,salt,1
HOLFOE,hydrate,3
HOLGIZ,salt,1
HOLHIC,cocrystal,2
HOLKAW,cocrystal,2
HOLKAX,solvate,4
HOLKEB,solvate,4
HOLKIF,solvate,4
HOLNIG,solvate,4
HOLPEE,salt,1
HOLSUX,salt,1
HOLWAI,cocrystal,2
HOLWOW,solvate,4
HOMCOB,salt,1
HOMHAV,salt,1
HOMHEZ,salt,1
HOMHID,salt,1
HOMHOJ,salt,1
HOMNOO,hydrate,3
HOMNUU,salt,1
HOMPEG,solvate,4
HOMPIK,salt,1
HOMPUW,hydrate,3
HOMXOW,cocrystal,2
HOMXUC,hydrate,3
HOMYEN,salt,1
HONBAO,salt,1
HONBIY,cocrystal,2
HONFAT,salt,1
HONFEX,cocrystal,2
HONFIB,cocrystal,2
HONFOH,salt,1
HONGAU,salt,1
HONGEY,salt,1
HONJOL,salt,1
HONSOT,cocrystal,2
HONTAG,cocrystal,2
HONTEK,cocrystal,2
HONTIO,solvate,4
HONTOU,cocrystal,2
HONTUA,cocrystal,2
HONVAI,cocrystal,2
HONVEM,cocrystal,2
HONVIQ,cocrystal,2
HONVOW,cocrystal,2
HONVUC,cocrystal,2
HONWAJ,cocrystal,2
HONWEN,salt,1
HONXIU,cocrystal,2
HONXUD,hydrate,3
HOPBPF,salt,1
HOPHAX,cocrystal,2
HOPJEC,salt,1
HOPJIG,salt,1
HOPJOM,cocrystal,2
HOPJUS,hydrate,3
HOPKAB,cocrystal,2
HOPKAZ,cocrystal,2
HOPKED,hydrate,3
HOPKEF,hydrate,3
HOPKIH,cocrystal,2
HOPNUX,hydrate,3
HOPQIO,salt,1
HOPREL,salt,1
HOPZIX,hydrate,3
HOQDAV,salt,1
HOQGEB,salt,1
HOQGOL,cocrystal,2
HOQGUR,cocrystal,2
HOQKUU,salt,1
HOQLAB,salt,1
HOQLEF,salt,1
HOQNAD,salt,1
HOQRIQ,salt,1
HOQSEO,cocrystal,2
HOQSIS,cocrystal,2
HORDID,salt,1
HORDOJ,hydrate,3
HORDUP,hydrate,3
HORFAX,salt,1
HORFIE,salt,1
HORFOK,salt,1
HORFUQ,salt,1
HORFUR,salt,1
HORGAX,salt,1
HORGAY,salt,1
HORGEB,salt,1
HORGEC,salt,1
HORGIF,salt,1
HORGIG,salt,1
HORGOL,salt,1
HORGOM,salt,1
HORHIF,hydrate,3
HORHOL,salt,1
HORHUR,salt,1
HORLOS,cocrystal,2
HORNAE,cocrystal,2
HORNEI,cocrystal,2
HORREM,salt,1
HORVOA,cocrystal,2
HORVUG,cocrystal,2
HORWIX,cocrystal,2
HOSDAV,salt,1
HOSDEZ,salt,1
HOSDID,salt,1
HOSFIH,cocrystal,2
HOSHED,salt,1
HOSHIH,salt,1
HOSLIL,cocrystal,2
HOSMAD,cocrystal,2
HOSMAE,hydrate,3
HOSMAF,salt,1
HOSMOS,hydrate,3
HOSNOU,hydrate,3
HOSSOA,cocrystal,2
HOSVAP,hydrate,3
HOTCAX,salt,1
HOTDIE,salt,1
HOTEST10,cocrystal,2
HOTGOP,cocrystal,2
HOTHAC,solvate,4
HOTHEG,solvate,4
HOTHIK,salt,1
HOTJIM,solvate,4
HOTMEL,salt,1
HOTNIO,hydrate,3
HOTTIU,salt,1
HOTXIY,hydrate,3
HOTZEW,cocrystal,2
HOVDAY,cocrystal,2
HOVFEF,salt,1
HOVFIJ,cocrystal,2
HOVFOP,cocrystal,2
HOVHIK,salt,1
HOVLEJ,cocrystal,2
HOVLUA,salt,1
HOVPAL,hydrate,3
HOVZIB,salt,1
HOWBIG,salt,1
HOWDUU,salt,1
HOWHIK,salt,1
HOWKUC,hydrate,3
HOWLAH,cocrystal,2
HOWLAJ,cocrystal,2
HOWLEN,cocrystal,2
HOWLIR,hydrate,3
HOWLOX,cocrystal,2
HOWLUD,cocrystal,2
HOWRAN,salt,1
HOWRER,salt,1
HOWRIV,salt,1
HOWROB,salt,1
HOWRUH,hydrate,3
HOWTUK,hydrate,3
HOWWAU,cocrystal,2
HOWXAV,cocrystal,2
HOWZIF,cocrystal,2
HOXBOO,cocrystal,2
HOXBSA,cocrystal,2
HOXFEI,cocrystal,2
HOXGEG,hydrate,3
HOXGEJ,cocrystal,2
HOXGIK,salt,1
HOXGIN,hydrate,3
HOXGOT,cocrystal,2
HOXGUZ,cocrystal,2
HOXHAE,cocrystal,2
HOXHEI,salt,1
HOXLAI,solvate,4
HOXRIY,cocrystal,2
HOXSOF,cocrystal,2
HOXTOE,hydrate,3
HOXVEW,salt,1
HOXVIA,salt,1
HOXVOG,salt,1
HOXVUM,salt,1
HOXWAT,salt,1
HOXYOI,salt,1
HOXYUO,salt,1
HOYCEE,salt,1
HOYCII,salt,1
HOYJOX,salt,1
HOYSIY,salt,1
HOYSIZ,salt,1
HOYSOF,salt,1
HOYSUL,salt,1
HOYTAR,salt,1
HOYXEA,salt,1
HOYXOK,salt,1
HOYYAX,salt,1
HOYYEB,salt,1
HOYYIF,hydrate,3
HOYYOL,salt,1
HOYZON,cocrystal,2
HOYZUT,cocrystal,2
HOZBAC,cocrystal,2
HOZBEG,salt,1
HOZBOO,cocrystal,2
HOZLAM,salt,1
HOZLEQ,salt,1
HOZLIU,salt,1
HOZLOA,salt,1
HOZLUG,salt,1
HOZMAN,salt,1
HOZMER,salt,1
HOZMIS,salt,1
HOZMIV,salt,1
HOZMUH,salt,1
HOZNAO,salt,1
HOZNES,salt,1
HOZNIW,salt,1
HOZNOC,salt,1
HOZNUI,salt,1
HOZPAQ,salt,1
HOZPIX,cocrystal,2
HOZPOD,cocrystal,2
HOZPUJ,cocrystal,2
HOZPUK,salt,1
HPPAES,solvate,4
HPXPSA,hydrate,3
HPYRAZ,salt,1
HQUCLA,cocrystal,2
HQUNBZ,cocrystal,2
HSLSTZ,salt,1
HUBCUF,hydrate,3
HUBJUM,salt,1
HUBKEX,salt,1
HUBPUR,hydrate,3
HUBSUT,salt,1
HUBXEJ,hydrate,3
HUCNAX,solvate,4
HUCPOL,salt,1
HUCRON,salt,1
HUCSOP,salt,1
HUCXAF,salt,1
HUCXEJ,salt,1
HUCYUB,salt,1
HUDFAO,salt,1
HUDHIX,cocrystal,2
HUDHOD,cocrystal,2
HUDHUJ,cocrystal,2
HUDJIA,salt,1
HUDRAC,cocrystal,2
HUDYAJ,cocrystal,2
HUDYEK,salt,1
HUDYEN,cocrystal,2
HUDYIR,cocrystal,2
HUFCAO,cocrystal,2
HUFCET,cocrystal,2
HUFDUK,salt,1
HUFFIA,salt,1
HUFFOG,salt,1
HUFGAT,salt,1
HUFGIB,cocrystal,2
HUFGOH,cocrystal,2
HUFHAU,cocrystal,2
HUFHOG,hydrate,3
HUFNUS,solvate,4
HUFQUV,salt,1
HUFSUX,salt,1
HUFVAG,salt,1
HUFWOV,solvate,4
HUFZUE,cocrystal,2
HUGFAR,hydrate,3
HUGLED,salt,1
HUGLIH,salt,1
HUGLON,hydrate,3
HUGPAB,hydrate,3
HUGPIJ,salt,1
HUGSAD,salt,1
HUGVUC,salt,1
HUGXOY,salt,1
HUGXUE,salt,1
HUGYAL,salt,1
HUGYEP,salt,1
HUHDAQ,cocrystal,2
HUHDEU,cocrystal,2
HUHDIY,cocrystal,2
HUHDUK,cocrystal,2
HUHFAS,cocrystal,2
HUHFEW,cocrystal,2
HUHFIA,cocrystal,2
HUHGEX,cocrystal,2
HUHGIB,cocrystal,2
HUHLON,salt,1
HUHQUW,cocrystal,2
HUHQUZ,cocrystal,2
HUHRAD,cocrystal,2
HUHREH,salt,1
HUHRIL,hydrate,3
HUHSIM,salt,1
HUHSOS,salt,1
HUHTEJ,salt,1
HUHVIP,hydrate,3
HUHYOY,hydrate,3
HUHZEP,salt,1
HUJNUX,cocrystal,2
HUJQEL,cocrystal,2
HUJQIP,cocrystal,2
HUKGAV,solvate,4
HUKHEB,salt,1
HUKHIF,salt,1
HUKHOL,salt,1
HUKHUR,salt,1
HUKJAZ,salt,1
HUKJIH,salt,1
HUKMEH,salt,1
HUKPIM,cocrystal,2
HUKPUY,salt,1
HUKQEJ,salt,1
HUKQIN,salt,1
HUKQOT,salt,1
HUKYIY,solvate,4
HUKZIX,hydrate,3
HUKZUJ,hydrate,3
HULGAW,salt,1
HULGIG,hydrate,3
HULKOO,cocrystal,2
HULPOW,salt,1
HULQEM,salt,1
HULQUD,salt,1
HUMGEE,cocrystal,2
HUMGOO,cocrystal,2
HUMHAB,cocrystal,2
HUMHOM,cocrystal,2
HUMLOQ,cocrystal,2
HUMNEI,hydrate,3
HUMNEK,cocrystal,2
HUMPOX,solvate,4
HUMPUD,salt,1
HUMYOE,cocrystal,2
HUNBUN,hydrate,3
HUNCEB,hydrate,3
HUNCUO,hydrate,3
HUNHUV,solvate,4
HUNJEH,cocrystal,2
HUNJIL,cocrystal,2
HUNJOR,cocrystal,2
HUNWUI,cocrystal,2
HUNXAP,cocrystal,2
HUPKAH,cocrystal,2
HUPKEL,cocrystal,2
HUPPAJ,cocrystal,2
HUPPEP,solvate,4
HUPWAR,hydrate,3
HUPWEV,salt,1
HUPYEZ,salt,1
HUQBOM,salt,1
HUQRAM,salt,1
HUQREQ,salt,1
HUQROA,salt,1
HUQVOE,salt,1
HUQVUK,salt,1
HUQWEX,salt,1
HUQWUN,salt,1
HUQXAU,hydrate,3
HUQXEY,hydrate,3
HUQYAV,cocrystal,2
HURMEN,solvate,4
HURMOW,salt,1
HURMOX,solvate,4
HURMUC,hydrate,3
HURNEN,salt,1
HURNUD,cocrystal,2
HURPEP,cocrystal,2
HURPOC,solvate,4
HURWOG,hydrate,3
HURYIC,cocrystal,2
HURZUR,salt,1
HUSBAA,salt,1
HUSBEC,hydrate,3
HUSBEE,salt,1
HUSBIG,hydrate,3
HUSBII,salt,1
HUSBUU,salt,1
HUSCAB,salt,1
HUSCAZ,salt,1
HUSLAL,salt,1
HUSMUG,salt,1
HUSRES,cocrystal,2
HUSRIW,salt,1
HUSSET,salt,1
HUSSIX,salt,1
HUSSUJ,salt,1
HUSTAQ,salt,1
HUSTOE,cocrystal,2
HUSTUK,cocrystal,2
HUSTUN,cocrystal,2
HUSVAV,cocrystal,2
HUSVEZ,cocrystal,2
HUSVIA,cocrystal,2
HUSWIB,cocrystal,2
HUTMAK,salt,1
HUTNUF,hydrate,3
HUTRAS,salt,1
HUTSAT,salt,1
HUTYOM,cocrystal,2
HUTYUT,cocrystal,2
HUTZAA,cocrystal,2
HUVFUB,hydrate,3
HUVGAI,cocrystal,2
HUVGOW,cocrystal,2
HUVHAH,cocrystal,2
HUVLAN,salt,1
HUVNOE,salt,1
HUVPEU,salt,1
HUVYAZ,cocrystal,2
HUVYIG,cocrystal,2
HUWBEI,solvate,4
HUWHAK,cocrystal,2
HUWHEO,cocrystal,2
HUWHIT,cocrystal,2
HUWKES,salt,1
HUWNIX,salt,1
HUWNOF,salt,1
HUWNUL,salt,1
HUXJAN,salt,1
HUXJER,salt,1
HUXKEQ,salt,1
HUXMAR,hydrate,3
HUXSEA,salt,1
HUXTEB,salt,1
HUXTIF,salt,1
HUXTUR,salt,1
HUYRIC,salt,1
HUYTAX,salt,1
HUYXUU,salt,1
HUZCUA,cocrystal,2
HUZHEP,hydrate,3
HUZHIT,salt,1
HUZKOC,hydrate,3
HUZKUI,salt,1
HUZLAP,salt,1
HUZLUJ,salt,1
HUZQAW,salt,1
HUZQEA,salt,1
HUZQIE,solvate,4
HUZQOK,salt,1
HUZSEA,cocrystal,2
HUZSIE,salt,1
HVIBFP,salt,1
HXCPEN,salt,1
HXDTHP,salt,1
HXMIOD,cocrystal,2
HXMTDI,cocrystal,2
HXSUCB,salt,1
HYAMAZ,salt,1
HYCYAN,hydrate,3
HYDRZN10,salt,1
HYPHTH,salt,1
HYPTHP,salt,1
HYQHCL,cocrystal,2
HYZMAC,salt,1
HZPCBX,hydrate,3
IAAMTA,salt,1
IACNCA,cocrystal,2
IADITH,cocrystal,2
IANNOB,cocrystal,2
IBAJOO,hydrate,3
IBAKUV,cocrystal,2
IBALEG,cocrystal,2
IBAMUW,salt,1
IBANIM,salt,1
IBANUV,hydrate,3
IBAPUW,cocrystal,2
IBAPUX,salt,1
IBAQUA,salt,1
IBATIP,solvate,4
IBAYIT,salt,1
IBECIE,salt,1
IBEGEC,salt,1
IBEHII,cocrystal,2
IBELAF,salt,1
IBEMAD,solvate,4
IBEVAQ,cocrystal,2
IBEVIX,hydrate,3
IBEWAO,cocrystal,2
IBEWOB,salt,1
IBIDUV,hydrate,3
IBIGIM,salt,1
IBIJUB,salt,1
IBIPES,cocrystal,2
IBISEU,hydrate,3
IBITES,cocrystal,2
IBIYOJ,solvate,4
IBIYUP,cocrystal,2
IBIZEA,cocrystal,2
IBODIP,salt,1
IBOFAG,solvate,4
IBOFEK,cocrystal,2
IBOFIO,solvate,4
IBOGEL,hydrate,3
IBOGUE,salt,1
IBOHAL,hydrate,3
IBOHOZ,hydrate,3
IBOLOA,salt,1
IBOLUG,salt,1
IBOMOB,cocrystal,2
IBOPIA,salt,1
IBOPIY,salt,1
IBOPOE,salt,1
IBOPOG,hydrate,3
IBOPUO,cocrystal,2
IBOTEZ,salt,1
IBOVOO,salt,1
IBOVUU,salt,1
IBOWAB,salt,1
IBOWAX,cocrystal,2
IBOWEC,hydrate,3
IBOWEF,salt,1
IBOWIG,hydrate,3
IBOWIJ,salt,1
IBOWOL,salt,1
IBOWOP,salt,1
IBOWUV,salt,1
IBOXOQ,salt,1
IBOXUU,cocrystal,2
IBOZAD,cocrystal,2
IBOZAE,cocrystal,2
IBOZEH,cocrystal,2
IBOZIM,salt,1
IBOZOS,cocrystal,2
IBOZUY,cocrystal,2
IBUBAM,cocrystal,2
IBUBEQ,solvate,4
IBUBIU,salt,1
IBUBOA,salt,1
IBUBUG,salt,1
IBUCAN,salt,1
IBUCER,salt,1
IBUCIV,salt,1
IBUJAQ,cocrystal,2
IBUXOT,solvate,4
IBUXUZ,hydrate,3
IBUYAG,solvate,4
IBUYEK,hydrate,3
ICASIQ,salt,1
ICASOW,salt,1
ICASUC,salt,1
ICAYEQ,hydrate,3
ICEBOK,solvate,4
ICENOT,salt,1
ICEWEV,cocrystal,2
ICEWIZ,cocrystal,2
ICEXOH,salt,1
ICIBEF,hydrate,3
ICIBOP,hydrate,3
ICIJOV,salt,1
ICIJUB,hydrate,3
ICIKIQ,salt,1
ICIMOX,salt,1
ICIMUE,hydrate,3
ICINAJ,solvate,4
ICINEP,salt,1
ICIRIY,salt,1
ICOJAO,salt,1
ICOKAP,cocrystal,2
ICOLIW,salt,1
ICOMUI,hydrate,3
ICOPAS,salt,1
ICOPAV,salt,1
ICOPOJ,salt,1
ICOVAB,cocrystal,2
ICOVEF,cocrystal,2
ICOVIJ,cocrystal,2
ICOWAB,salt,1
ICOWAY,hydrate,3
ICOYEH,cocrystal,2
ICUFIY,hydrate,3
ICUFOE,cocrystal,2
ICUJIA,salt,1
ICUJOG,salt,1
ICUJUM,salt,1
ICUKAT,salt,1
ICUPAA,salt,1
ICUSOQ,salt,1
ICUSUW,salt,1
ICUTAD,salt,1
ICUXAG,cocrystal,2
ICYTIN,cocrystal,2
IDAFEB,solvate,4
IDAPUZ,cocrystal,2
IDAQAG,cocrystal,2
IDAQEK,cocrystal,2
IDARUA,hydrate,3
IDAWIX,salt,1
IDAXAQ,solvate,4
IDAXIY,hydrate,3
IDEBOJ,cocrystal,2
IDEJEI,salt,1
IDEJIM,salt,1
IDEJOS,salt,1
IDEJUW,salt,1
IDEJUY,salt,1
IDELIO,cocrystal,2
IDELOU,cocrystal,2
IDENEM,cocrystal,2
IDENUB,salt,1
IDEQOA,cocrystal,2
IDERUH,cocrystal,2
IDESIW,salt,1
IDEVOG,salt,1
IDEZEA,salt,1
IDILAI,cocrystal,2
IDILUC,salt,1
IDIREW,salt,1
IDITIC,cocrystal,2
IDIXUR,salt,1
IDIYAX,hydrate,3
IDIYEB,salt,1
IDIYIF,salt,1
IDIYIG,salt,1
IDOGEO,salt,1
IDOGUE,salt,1
IDOGUF,salt,1
IDOHAN,cocrystal,2
IDOKAP,salt,1
IDOKIX,salt,1
IDOQEY,hydrate,3
IDOYIM,salt,1
IDOYOS,salt,1
IDOZUZ,salt,1
IDUBUF,cocrystal,2
IDUHOF,hydrate,3
IDUHUL,salt,1
IDULOM,solvate,4
IDUMOJ,cocrystal,2
IDUMUP,cocrystal,2
IDUNAW,cocrystal,2
IDUNEA,salt,1
IDUNIE,salt,1
IDUNOK,salt,1
IDUNUQ,salt,1
IDUPUS,salt,1
IDUQAB,salt,1
IDUQEF,salt,1
IDUREF,salt,1
IDUSUZ,cocrystal,2
IDUTOR,hydrate,3
IDUTUX,cocrystal,2
IDUVAF,salt,1
IDUXAH,hydrate,3
IDUZEQ,solvate,4
IETPYA10,cocrystal,2
IFABIB,salt,1
IFABUN,cocrystal,2
IFACUO,cocrystal,2
IFAGUU,hydrate,3
IFAHUS,cocrystal,2
IFALEG,salt,1
IFALEK,salt,1
IFALIO,salt,1
IFALOQ,cocrystal,2
IFALOU,hydrate,3
IFALUA,hydrate,3
IFAMAH,salt,1
IFAMEL,salt,1
IFARIQ,cocrystal,2
IFAROA,hydrate,3
IFAZAS,salt,1
IFEFIL,salt,1
IFEFOR,solvate,4
IFEFUX,cocrystal,2
IFEGAE,cocrystal,2
IFEGEI,salt,1
IFEJIO,salt,1
IFEJUA,salt,1
IFEMEN,hydrate,3
IFEMIR,salt,1
IFEMUD,salt,1
IFENEO,solvate,4
IFEPEQ,solvate,4
IFESAN,salt,1
IFIDUW,hydrate,3
IFIHEK,cocrystal,2
IFILAM,salt,1
IFILUF,cocrystal,2
IFIMAL,cocrystal,2
IFIMIU,solvate,4
IFIMUG,cocrystal,2
IFINER,hydrate,3
IFIRAQ,salt,1
IFIVAW,hydrate,3
IFOFUF,salt,1
IFOGIT,solvate,4
IFOGUF,salt,1
IFOQUI,cocrystal,2
IFORAY,cocrystal,2
IFORUU,solvate,4
IFOSUL,cocrystal,2
IFOSUT,salt,1
IFOTII,salt,1
IFOTOO,salt,1
IFOTUV,salt,1
IFOWOR,hydrate,3
IFOXOS,hydrate,3
IFUJIE,salt,1
IFUPUV,hydrate,3
IFUQAC,cocrystal,2
IFUROS,hydrate,3
IFUSEJ,salt,1
IFUSOS,salt,1
IFUTIN,solvate,4
IFUVAK,cocrystal,2
IFUVEO,cocrystal,2
IFUVIS,cocrystal,2
IFUVOW,salt,1
IFUVOY,salt,1
IFUVUE,hydrate,3
IGACOM,salt,1
IGADED,salt,1
IGAHOQ,salt,1
IGAKUX,hydrate,3
IGAMUZ,salt,1
IGAREP,salt,1
IGASUF,salt,1
IGAVAQ,hydrate,3
IGAVEU,salt,1
IGAWEU,salt,1
IGAYEX,hydrate,3
IGEBED,cocrystal,2
IGEBUV,hydrate,3
IGEDUT,salt,1
IGERUJ,salt,1
IGEVAT,salt,1
IGIHIS,cocrystal,2
IGIWOL,salt,1
IGIWUR,salt,1
IGIXAA,hydrate,3
IGIXAY,salt,1
IGIXEC,salt,1
IGIXII,salt,1
IGIXOM,salt,1
IGIXOO,salt,1
IGIXUU,hydrate,3
IGIYED,salt,1
IGOGIW,salt,1
IGOGOC,salt,1
IGOGUI,salt,1
IGOHAP,salt,1
IGOHET,salt,1
IGORIG,salt,1
IGOSAY,salt,1
IGOTIK,cocrystal,2
IGUDOE,salt,1
IGUKUR,cocrystal,2
IGUNED,hydrate,3
IGUNEE,salt,1
IGUQAD,salt,1
IGUSUH10,hydrate,3
IGUXIT,salt,1
IHAQOX,salt,1
IHASOA,salt,1
IHASUH,cocrystal,2
IHATAP,salt,1
IHATET,salt,1
IHATOD,cocrystal,2
IHAVAQ,salt,1
IHAVEV,cocrystal,2
IHAWAS,cocrystal,2
IHAXEW,salt,1
IHEDII,salt,1
IHEGIM,salt,1
IHEGUZ,salt,1
IHEHAG,salt,1
IHEHIO,salt,1
IHEHOU,salt,1
IHELUD,salt,1
IHEMAK,salt,1
IHENEP,cocrystal,2
IHEQAN,salt,1
IHEQEU,hydrate,3
IHEQUH,salt,1
IHERAO,salt,1
IHERIW,hydrate,3
IHESOD,solvate,4
IHIFOU,solvate,4
IHIFUA,solvate,4
IHIGAH,solvate,4
IHIGIR,salt,1
IHIGOX,salt,1
IHILUJ,salt,1
IHIMEU,hydrate,3
IHIMIX,salt,1
IHIMOD,salt,1
IHINAQ,salt,1
IHINEU,salt,1
IHISEY,cocrystal,2
IHIWAZ,cocrystal,2
IHOCAM,cocrystal,2
IHOZOU,cocrystal,2
IHUBIZ,salt,1
IHUBOC,cocrystal,2
IHUGAV,solvate,4
IHUGAW,salt,1
IHUGEY,cocrystal,2
IHUMAB,salt,1
IHUMAC,salt,1
IHUMAZ,cocrystal,2
IHUMEF,salt,1
IHUMEG,salt,1
IHUMII,cocrystal,2
IHUMIJ,salt,1
IHUMIK,salt,1
IHUMON,cocrystal,2
IHUMOP,salt,1
IHUMUT,cocrystal,2
IHUMUV,hydrate,3
IHUNEE,cocrystal,2
IHUNII,cocrystal,2
IHUNUU,cocrystal,2
IHUQAF,hydrate,3
IHUWIR,cocrystal,2
IHUWOX,cocrystal,2
IJABED,salt,1
IJACAA,salt,1
IJADUV,hydrate,3
IJAGAE,salt,1
IJAGIJ,cocrystal,2
IJAHUX,cocrystal,2
IJAJAF,hydrate,3
IJAJOU,salt,1
IJAJUA,hydrate,3
IJAKAH,cocrystal,2
IJAQUG,salt,1
IJARAN,salt,1
IJARAO,salt,1
IJEBIL,hydrate,3
IJEBOR,hydrate,3
IJEBUX,salt,1
IJECEI,cocrystal,2
IJECUY,cocrystal,2
IJEDIN,salt,1
IJEDUY,cocrystal,2
IJEGIO,hydrate,3
IJEGIP,salt,1
IJELOY,salt,1
IJELUE,hydrate,3
IJEPAO,hydrate,3
IJEQIX,hydrate,3
IJEZUT,cocrystal,2
IJIBEJ,cocrystal,2
IJICIN,salt,1
IJIFOY,salt,1
IJIJAN,cocrystal,2
IJIVOM,salt,1
IJIYIL,salt,1
IJIYOP,salt,1
IJOBER,hydrate,3
IJOBIV,salt,1
IJOBUH,salt,1
IJOCAO,salt,1
IJOCES,salt,1
IJOCIW,salt,1
IJOFOF,cocrystal,2
IJOKEX,hydrate,3
IJOYAI,cocrystal,2
IJOYIQ,hydrate,3
IJOZIS,salt,1
IJOZOY,hydrate,3
IJOZUE,salt,1
IJUBUL,salt,1
IJUCOI,salt,1
IJUDAU,salt,1
IJUDIC,salt,1
IJUFAX,cocrystal,2
IJUHEB,salt,1
IJUJIJ,cocrystal,2
IJUPEI,salt,1
IJURAH,salt,1
IJURIR,hydrate,3
IJUYES,salt,1
IKAGIL,salt,1
IKAJAG,salt,1
IKAJOW,salt,1
IKANAK,cocrystal,2
IKASOD,salt,1
IKATIY,salt,1
IKATUK,hydrate,3
IKAWUM,cocrystal,2
IKAXAT,cocrystal,2
IKAYUP,salt,1
IKAZOK,salt,1
IKECAF,salt,1
IKEDIM,hydrate,3
IKEKEP,salt,1
IKEKIV,salt,1
IKEKOB,hydrate,3
IKEKUH,hydrate,3
IKELES,salt,1
IKEYED,cocrystal,2
IKEYIH,cocrystal,2
IKEYON,cocrystal,2
IKEYOP,cocrystal,2
IKIDOV,cocrystal,2
IKIHEP,salt,1
IKILEV,salt,1
IKOFAS,salt,1
IKOKOL,salt,1
IKOKUR,hydrate,3
IKOLAY,salt,1
IKOLEC,salt,1
IKOLIG,hydrate,3
IKOLOL,salt,1
IKOMEC,hydrate,3
IKOPIK,solvate,4
IKOYEP,hydrate,3
IKUCIC,solvate,4
IKUHUR,cocrystal,2
IKUJAZ,cocrystal,2
IKUJIH,cocrystal,2
IKUJON,cocrystal,2
IKUJUT,cocrystal,2
IKUMUZ,salt,1
IKUZEV,cocrystal,2
IKUZUL,cocrystal,2
ILABEE,salt,1
ILABII,salt,1
ILAGOR,salt,1
ILAKUD,salt,1
ILALEO,salt,1
ILAPIX,salt,1
ILAPOD,salt,1
ILAPUJ,salt,1
ILEJOA,salt,1
ILEQOI,cocrystal,2
ILEYUU,salt,1
ILINAS,salt,1
ILIPEY,hydrate,3
ILIQID,salt,1
ILITAB,hydrate,3
ILIVEG,cocrystal,2
ILIVIL,salt,1
ILIZIP,salt,1
ILIZOV,hydrate,3
ILIZUB,salt,1
ILOCIY,salt,1
ILOFAS,hydrate,3
ILOFIA,cocrystal,2
ILPNCL,salt,1
ILUBAU,cocrystal,2
ILUCIB,salt,1
IMABAC,salt,1
IMAHOT,salt,1
IMAMIV,cocrystal,2
IMAROE,hydrate,3
IMAYOL,cocrystal,2
IMAZUS,hydrate,3
IMDAZP,salt,1
IMDZSD,hydrate,3
IMEGIR,hydrate,3
IMENAR,hydrate,3
IMENIX,cocrystal,2
IMENIZ,salt,1
IMENOF,salt,1
IMEXOO,salt,1
IMEXUU,solvate,4
IMEYAA,salt,1
IMEYEE,solvate,4
IMHPLS,salt,1
IMIBIR,salt,1
IMIDAL,cocrystal,2
IMIHIY,salt,1
IMINOH,salt,1
IMINUP,solvate,4
IMIPEZ,hydrate,3
IMIWAF,cocrystal,2
IMIWIK,salt,1
IMMXPS,cocrystal,2
IMMXPT,salt,1
IMOCAO,salt,1
IMOJUS,salt,1
IMOKAZ,hydrate,3
IMOREK,cocrystal,2
IMOXSF,salt,1
IMSCUN,salt,1
IMUEAD,cocrystal,2
IMUGIH,hydrate,3
IMUGON,hydrate,3
IMUGUT,salt,1
IMUMEK,salt,1
IMUSIT,salt,1
IMUVEU,salt,1
IMUWOD,salt,1
IMUWUJ,salt,1
IMUXAQ,salt,1
IMUXEU,salt,1
IMUXOE,salt,1
IMZHPC,salt,1
IMZOPT,salt,1
INACOQ,cocrystal,2
INACUW,hydrate,3
INADIN,salt,1
INADOT,salt,1
INADUZ,hydrate,3
INAFOV,salt,1
INAJEP,cocrystal,2
INAKEP,cocrystal,2
INAVAW,hydrate,3
INAWEB,cocrystal,2
INAZIH,salt,1
INAZUT,salt,1
INEBAF,salt,1
INEBEJ,hydrate,3
INEDIO,salt,1
INEDIP,salt,1
INEDOV,salt,1
INEDUB,hydrate,3
INEGEN,salt,1
INELIZ,salt,1
INELOF,salt,1
INELUI,salt,1
INEPOG,hydrate,3
INEXEF,salt,1
INEXIJ,cocrystal,2
INEXOR,hydrate,3
INIHUL,hydrate,3
INIJEW,solvate,4
INILEX,salt,1
INONAC,cocrystal,2
INONEG,cocrystal,2
INONIK,hydrate,3
INONOQ,hydrate,3
INONUW,hydrate,3
INONUX,cocrystal,2
INOPAE,salt,1
INOPEI,salt,1
INOPIM,salt,1
INOTIO,cocrystal,2
INURIV,hydrate,3
INURUF,salt,1
INUSAM,salt,1
INUZUN,salt,1
IPABEH,salt,1
IPABOR,salt,1
IPABUX,hydrate,3
IPAHOW,salt,1
IPAKAN,hydrate,3
IPALIX,cocrystal,2
IPAMOE,cocrystal,2
IPANIY,salt,1
IPAPAS,salt,1
IPAPEW,solvate,4
IPAROI,hydrate,3
IPARUO,hydrate,3
IPATCM,salt,1
IPAWAX,salt,1
IPAXEF,solvate,4
IPAYIK,hydrate,3
IPDTPA,salt,1
IPEPEB,cocrystal,2
IPEVEF,cocrystal,2
IPEVIJ,cocrystal,2
IPEVOP,cocrystal,2
IPEVUV,cocrystal,2
IPEWAC,hydrate,3
IPEWEG,cocrystal,2
IPEWIK,cocrystal,2
IPIBAL,hydrate,3
IPINEA,cocrystal,2
IPINIE,cocrystal,2
IPINOK,cocrystal,2
IPINUQ,cocrystal,2
IPIPAY,cocrystal,2
IPIQUW,hydrate,3
IPIRIL,solvate,4
IPISUY,salt,1
IPITAF,solvate,4
IPOCUL,salt,1
IPOCUN,salt,1
IPODOH,salt,1
IPOHON,cocrystal,2
IPOLEF,salt,1
IPOLIJ,salt,1
IPOSIP,cocrystal,2
IPOZAO,salt,1
IPRAZP,salt,1
IPUCAA,cocrystal,2
IPUDEF,salt,1
IPUPEP,cocrystal,2
IPUPIT,cocrystal,2
IPUXIA,salt,1
IPUYEZ,cocrystal,2
IPUYID,cocrystal,2
IQAMAP,cocrystal,2
IQAPOG,solvate,4
IQAPUM,salt,1
IQAQAT,salt,1
IQAQEX,hydrate,3
IQAQIB,salt,1
IQAQOH,salt,1
IQAQUN,salt,1
IQAREA,salt,1
IQARIE,salt,1
IQAROK,salt,1
IQAXAC,salt,1
IQAZAB,cocrystal,2
IQEBAI,salt,1
IQEFOB,hydrate,3
IQEWIK,cocrystal,2
IQEWOT,hydrate,3
IQEXIO,salt,1
IQEXUX,solvate,4
IQEYAH,hydrate,3
IQIFUL,salt,1
IQIGUL,salt,1
IQIHAS,salt,1
IQIHOH,cocrystal,2
IQIKUQ,cocrystal,2
IQILAX,cocrystal,2
IQILAY,salt,1
IQILEB,cocrystal,2
IQIPON,salt,1
IQITOS,salt,1
IQITUY,hydrate,3
IQOGOM,salt,1
IQOMIM,cocrystal,2
IQOWAP,salt,1
IQOZEW,cocrystal,2
IQUKAG,cocrystal,2
IQUYUO,salt,1
IQUZUS,salt,1
IRABIO,salt,1
IRACAH,cocrystal,2
IRAGAL,salt,1
IRAKUI,salt,1
IRALOE,salt,1
IRALUK,cocrystal,2
IRATED,salt,1
IREHOF,salt,1
IREJUM,solvate,4
IREKAR,cocrystal,2
IREMEA,cocrystal,2
IREMIE,cocrystal,2
IRENOI,salt,1
IREPAW,salt,1
IREQON,salt,1
IREQUT,salt,1
IRERAA,salt,1
IRERUU,hydrate,3
IRESAB,solvate,4
IRESEF,solvate,4
IRESII,salt,1
IRESOP,solvate,4
IRESUV,cocrystal,2
IRETAC,cocrystal,2
IRETII,salt,1
IROLOS,hydrate,3
IROMAF,hydrate,3
IROMIN,hydrate,3
IRONEJ,salt,1
IRONIN,salt,1
IROPIR,cocrystal,2
IROTEO,salt,1
IROVEQ,salt,1
IROVUI,salt,1
IRUDOP,cocrystal,2
IRUDUU,salt,1
IRUDUV,salt,1
IRUFIL,cocrystal,2
IRUFOR,salt,1
IRUGEI,cocrystal,2
IRUGIM,cocrystal,2
IRUKIS,cocrystal,2
IRUPES,salt,1
IRUPIX,salt,1
IRUQUH,salt,1
IRUSOG,hydrate,3
IRUYEZ,salt,1
ISABUC,hydrate,3
ISACAJ,hydrate,3
ISACOV,cocrystal,2
ISACUA,cocrystal,2
ISAMAS,salt,1
ISANIB,salt,1
ISEBOX,salt,1
ISEBOZ,salt,1
ISEBUD,salt,1
ISEFAP,salt,1
ISEFOB,cocrystal,2
ISEFUH,cocrystal,2
ISEGIW,solvate,4
ISEGUI,cocrystal,2
ISEHAP,cocrystal,2
ISEHET,cocrystal,2
ISEHIX,cocrystal,2
ISEHOD,cocrystal,2
ISEJIZ,cocrystal,2
ISEJOF,cocrystal,2
ISEKAS,cocrystal,2
ISEKIA,cocrystal,2
ISEKUM,hydrate,3
ISEQUT,salt,1
ISERIK,cocrystal,2
ISERON,salt,1
ISERUT,salt,1
ISERUW,salt,1
ISESAA,salt,1
ISESEE,salt,1
ISESII,salt,1
ISESOO,salt,1
ISESUU,salt,1
ISETAB,salt,1
ISETEF,salt,1
ISETIJ,salt,1
ISETOP,salt,1
ISETUV,salt,1
ISEVAD,salt,1
ISEVEH,salt,1
ISEVIL,salt,1
ISEVOR,salt,1
ISEVUX,salt,1
ISEZUD,hydrate,3
ISIBIY,salt,1
ISIBUI,salt,1
ISICAP,salt,1
ISICIX,salt,1
ISIHAU,hydrate,3
ISIHIB,hydrate,3
ISIHUN,cocrystal,2
ISIJAW,cocrystal,2
ISIJEA,cocrystal,2
ISIJEZ,cocrystal,2
ISIJIE,cocrystal,2
ISIMEF,cocrystal,2
ISIMIJ,cocrystal,2
ISIMOP,cocrystal,2
ISISAG,cocrystal,2
ISISEK,cocrystal,2
ISISOS,cocrystal,2
ISIVIR,cocrystal,2
ISLUPN,salt,1
ISOBAU,cocrystal,2
ISOJAB,cocrystal,2
ISOLOS,hydrate,3
ISOMIN,salt,1
ISOPEL,cocrystal,2
ISORUE,salt,1
ISOSIS,salt,1
ISOSOY,salt,1
ISOVOC,salt,1
ISOVUI,salt,1
ISOWAP,salt,1
ISPROT20,hydrate,3
ISUMOA,cocrystal,2
ISUMUG,cocrystal,2
ISUNAN,cocrystal,2
ISUSAT,hydrate,3
ISUSIZ,solvate,4
ISUTAR,hydrate,3
ISUTEV,solvate,4
ISUTUL,hydrate,3
ISUVAT,salt,1
ISXTRA,hydrate,3
ITACIS,hydrate,3
ITAFER,hydrate,3
ITAFUF,salt,1
ITAPUR,salt,1
ITAQEC,cocrystal,2
ITAQIG,hydrate,3
ITAQOM,cocrystal,2
ITAQUS,salt,1
ITARAZ,salt,1
ITARIH,cocrystal,2
ITEKOK,salt,1
ITEKUQ,hydrate,3
ITELAX,hydrate,3
ITELEB,hydrate,3
ITEWEL,hydrate,3
ITEYAK,cocrystal,2
ITEYEO,cocrystal,2
ITEYIS,cocrystal,2
ITEYUE,cocrystal,2
ITEZAL,cocrystal,2
ITIPUW,cocrystal,2
ITIQOT,salt,1
ITIQUZ,solvate,4
ITIRIO,salt,1
ITIRIP,salt,1
ITIROU,salt,1
ITITEM,solvate,4
ITITOW,hydrate,3
ITIWAL,hydrate,3
ITIWIT,hydrate,3
ITIXUE,cocrystal,2
ITOCUS,cocrystal,2
ITODED,cocrystal,2
ITODON,cocrystal,2
ITOFAB,cocrystal,2
ITORAM,salt,1
ITORUG,hydrate,3
ITOXUL,cocrystal,2
ITUBAC,hydrate,3
ITUBEH,cocrystal,2
ITUBIK,hydrate,3
ITUBIL,cocrystal,2
ITUBOQ,hydrate,3
ITUBOR,cocrystal,2
ITUBUX,cocrystal,2
ITUCAD,hydrate,3
ITUCAE,cocrystal,2
ITUCEH,salt,1
ITUCIL,salt,1
ITUDUX,salt,1
ITUJAJ,cocrystal,2
ITUJEN,cocrystal,2
ITUJIR,cocrystal,2
ITUJOX,hydrate,3
ITUPAP,salt,1
ITUSAS,salt,1
ITUSEW,salt,1
ITUWOK,cocrystal,2
ITUXAZ,salt,1
ITUXED,salt,1
ITUXIG,salt,1
ITUXOK,cocrystal,2
ITYAEA10,cocrystal,2
ITYRMA10,cocrystal,2
IVADIT,cocrystal,2
IVAHUJ,hydrate,3
IVAQAA,cocrystal,2
IVASUT,salt,1
IVATAA,salt,1
IVAWOR,salt,1
IVAWOS,hydrate,3
IVAZEN,salt,1
IVEJUQ,salt,1
IVEKEC,salt,1
IVEKIG,salt,1
IVEKOM,salt,1
IVEKUS,salt,1
IVEMOO,cocrystal,2
IVENUV,cocrystal,2
IVEPAD,cocrystal,2
IVEQUW,hydrate,3
IVERAD,hydrate,3
IVETIM,cocrystal,2
IVEVIR,salt,1
IVIGAW,cocrystal,2
IVIPOU,salt,1
IVOBOK,cocrystal,2
IVOFEE,cocrystal,2
IVOFOO,cocrystal,2
IVOGEH,cocrystal,2
IVOHAE,cocrystal,2
IVORUI,cocrystal,2
IVOVOG,salt,1
IVOXAS,salt,1
IVUJUE,cocrystal,2
IVUKIU,salt,1
IVUKOA,salt,1
IVUKUG,hydrate,3
IVULAN,hydrate,3
IVULER,salt,1
IVULIV,salt,1
IVULOB,salt,1
IVULUH,salt,1
IVUMAO,salt,1
IVUMES,salt,1
IVUMIW,salt,1
IVUMOC,salt,1
IVUMUI,salt,1
IVUNAP,salt,1
IVUNET,salt,1
IVUNIX,salt,1
IVUNUI,solvate,4
IVUNUJ,hydrate,3
IVUPAR,salt,1
IVUPEV,salt,1
IVUPIZ,salt,1
IVUPOF,salt,1
IVUQOG,hydrate,3
IVUQUM,salt,1
IVURAT,hydrate,3
IVUREX,salt,1
IVURUN,salt,1
IVUSAU,hydrate,3
IVUSEY,salt,1
IVUSIC,salt,1
IVUSOI,salt,1
IWABIU,salt,1
IWABOA,salt,1
IWADUI,solvate,4
IWAFAQ,hydrate,3
IWAJOH,salt,1
IWARON,cocrystal,2
IWARUT,cocrystal,2
IWASEE,cocrystal,2
IWATAB,salt,1
IWATEF,salt,1
IWAYAJ,salt,1
IWEHEY,cocrystal,2
IWEPEH,salt,1
IWEPIL,salt,1
IWEQUX,cocrystal,2
IWERAE,cocrystal,2
IWEREI,cocrystal,2
IWEROS,cocrystal,2
IWERUY,hydrate,3
IWIGUT,cocrystal,2
IWIKOO,salt,1
IWIMAC,salt,1
IWIRAH,hydrate,3
IWIVES,salt,1
IWIXUI,hydrate,3
IWIYAR,salt,1
IWIZAQ,salt,1
IWOCUT,salt,1
IWOLIQ,cocrystal,2
IWOMAL,cocrystal,2
IWOMUE,cocrystal,2
IWONAL,cocrystal,2
IWONIT,cocrystal,2
IWONOZ,cocrystal,2
IWONUF,cocrystal,2
IWOQES,salt,1
IWUNIX,salt,1
IWURIE,cocrystal,2
IWUROK,cocrystal,2
IWUSAX,cocrystal,2
IWUSEB,cocrystal,2
IWUSOL,cocrystal,2
IWUSUR,cocrystal,2
IWUWAA,hydrate,3
IWUWUS,salt,1
IXAGAP,hydrate,3
IXALUQ,salt,1
IXAREE,hydrate,3
IXASIJ,hydrate,3
IXATAC,salt,1
IXAVEI,salt,1
IXAVOT,cocrystal,2
IXAVUB,cocrystal,2
IXEBIY,salt,1
IXEJIE,salt,1
IXEPIN,salt,1
IXISAM,hydrate,3
IXITUH,salt,1
IXIVAP,salt,1
IXIWES,salt,1
IXOCIJ,salt,1
IXODUW,salt,1
IXOHAE,cocrystal,2
IXOMOZ,salt,1
IXOMUD,salt,1
IXONAK,salt,1
IXONEO,salt,1
IXOVUN,cocrystal,2
IXOXEZ,cocrystal,2
IXOZIG02,salt,1
IXUBUB,hydrate,3
IXUCEM,cocrystal,2
IXUCIQ,salt,1
IXUDEM02,cocrystal,2
IXUDEN,salt,1
IXUDIO,cocrystal,2
IXUDIQ02,cocrystal,2
IXUFEP,cocrystal,2
IXUMOD,solvate,4
IXUMUJ,salt,1
IXUVUU,cocrystal,2
IXUWAB,cocrystal,2
IXUXOQ,cocrystal,2
IXUXUW,cocrystal,2
IXUYAD,cocrystal,2
IXUYEH,cocrystal,2
IXUYIL,cocrystal,2
IXUZAD,salt,1
IYABIV,salt,1
IYAFIZ02,cocrystal,2
IYARUY,salt,1
IYASOR,salt,1
IYAWUB,solvate,4
IYAXAI,solvate,4
IYAXEM,hydrate,3
IYAXIQ,cocrystal,2
IYAZEQ,cocrystal,2
IYAZOA,cocrystal,2
IYEBIX,salt,1
IYEDOH,cocrystal,2
IYEDUN,cocrystal,2
IYEFOJ02,solvate,4
IYEJOM,salt,1
IYELIJ,salt,1
IYENEF,hydrate,3
IYESUA,salt,1
IYETAH,salt,1
IYETIR,solvate,4
IYEYES,salt,1
IYEYIW,salt,1
IYEZAP,salt,1
IYILEH,solvate,4
IYITER,solvate,4
IYIVIY,salt,1
IYIVOE,salt,1
IYIWEU,cocrystal,2
IYOMUH,solvate,4
IYOTOF,salt,1
IYOVAT,hydrate,3
IYOVEX,solvate,4
IYUCIO,salt,1
IYUFUE,salt,1
IYUNIZ,hydrate,3
IYUNOF,cocrystal,2
IYUPAT,salt,1
IYUPIB,salt,1
IYUVAA,cocrystal,2
IZAHEZ,cocrystal,2
IZAHID,cocrystal,2
IZAHOJ,cocrystal,2
IZAJIC,hydrate,3
IZAJOI,cocrystal,2
IZAJUO,salt,1
IZANOP,cocrystal,2
IZANUS,salt,1
IZAXIQ,cocrystal,2
IZCMAP,salt,1
IZEDAS,salt,1
IZEFIE,salt,1
IZEMIL,hydrate,3
IZIGEG,salt,1
IZIHAA,hydrate,3
IZIHEE,cocrystal,2
IZIVUK,cocrystal,2
IZIXEX,salt,1
IZIYOI,hydrate,3
IZOBOQ,solvate,4
IZOBUW,salt,1
IZOJUF,salt,1
IZONIV,solvate,4
IZOQIY,salt,1
IZORUN,salt,1
IZUCIS,cocrystal,2
IZUSEE,salt,1
IZUZAE,salt,1
IZUZUZ,cocrystal,2
JABVUG,salt,1
JABYAM,salt,1
JABYIX,cocrystal,2
JABYOA,salt,1
JABYOD,cocrystal,2
JABYUJ,salt,1
JACDEZ,salt,1
JACFOM,salt,1
JACPUY,salt,1
JACZAO,cocrystal,2
JADGED,salt,1
JADGIF,cocrystal,2
JADGOL,salt,1
JADPEN,salt,1
JADPIR,salt,1
JADSAI,salt,1
JADTUD,salt,1
JADVIT,salt,1
JADWUG,salt,1
JAFHON,salt,1
JAFHUT,cocrystal,2
JAFJAB,salt,1
JAFMIQ,cocrystal,2
JAFMOS,salt,1
JAGHEE,salt,1
JAGHII,salt,1
JAGJUW,salt,1
JAGLOS,salt,1
JAGLUY,hydrate,3
JAGMAF,hydrate,3
JAHCIF,hydrate,3
JAHCIH,salt,1
JAHCUR,salt,1
JAHDAY,salt,1
JAHJIO,salt,1
JAHJIP,salt,1
JAHJOU,solvate,4
JAHJOV,salt,1
JAHJUB,solvate,4
JAHKAI,salt,1
JAHKEM,salt,1
JAHKOV,salt,1
JAHTIV,salt,1
JAHTUH,salt,1
JAHVAP,salt,1
JAHXAR,salt,1
JAJMAM,salt,1
JAJNAM,salt,1
JAJTIA,salt,1
JAJTOG,cocrystal,2
JAJYIG,cocrystal,2
JAJYOM,cocrystal,2
JAJYUR,salt,1
JAJYUS,cocrystal,2
JAJZAZ,hydrate,3
JAJZIH,cocrystal,2
JAJZON,cocrystal,2
JAKBAC,cocrystal,2
JAKBEG,cocrystal,2
JAKBOQ,cocrystal,2
JAKCEH,cocrystal,2
JAKCIL,cocrystal,2
JAKCOR,cocrystal,2
JAKDAE,solvate,4
JAKDIM,cocrystal,2
JAKPIV,cocrystal,2
JAKPOB,cocrystal,2
JAKPUH,cocrystal,2
JALDEI,cocrystal,2
JALDIM,cocrystal,2
JALDOS,cocrystal,2
JALQEV,cocrystal,2
JALSOE,salt,1
JALYAZ,salt,1
JALYEB,cocrystal,2
JALYON,salt,1
JALYUT,hydrate,3
JALZII,hydrate,3
JAMBAB,cocrystal,2
JAMCAB,salt,1
JAMPEV,salt,1
JAMQOG,salt,1
JAMREU,salt,1
JAMWIE,salt,1
JAMWOK,salt,1
JAMWUQ,salt,1
JAMXAX,salt,1
JAMXEB,salt,1
JAMXIF,salt,1
JAMXOL,hydrate,3
JAMXUR,salt,1
JAMYAY,salt,1
JAMYEC,salt,1
JAMYIG,salt,1
JAMYOM,salt,1
JAMYOP,cocrystal,2
JAMYUS,salt,1
JAMYUV,cocrystal,2
JAMZAC,hydrate,3
JAMZAZ,salt,1
JAMZEG,cocrystal,2
JANCAG,salt,1
JANCEK,salt,1
JANCIO,salt,1
JANJUD,solvate,4
JANQIC,solvate,4
JANRID,hydrate,3
JANVIG,hydrate,3
JANZOR,cocrystal,2
JANZUX,cocrystal,2
JAPBAH,cocrystal,2
JAPCAE,salt,1
JAPCOS,salt,1
JAPFOW,cocrystal,2
JAPGAJ,cocrystal,2
JAPGOX,hydrate,3
JAPHEQ,cocrystal,2
JAPJOC,hydrate,3
JAPMUM,solvate,4
JAPWIJ,salt,1
JAQHIT,cocrystal,2
JAQJET,cocrystal,2
JAQMAQ,cocrystal,2
JAQMEU,cocrystal,2
JAQMIY,cocrystal,2
JAQNOF,cocrystal,2
JAQNUL,cocrystal,2
JAQVOP,cocrystal,2
JAQXOR,cocrystal,2
JAQXUX,cocrystal,2
JAQYUV,solvate,4
JAQZAC,solvate,4
JAQZEG,solvate,4
JAQZEK,hydrate,3
JAQZOQ,salt,1
JARDIS,salt,1
JARDOY,salt,1
JARGAN,hydrate,3
JARHAO,salt,1
JARHES,hydrate,3
JARHIW,salt,1
JARHOC,hydrate,3
JARHUI,hydrate,3
JARJEU,salt,1
JARKIZ,hydrate,3
JARTEE,salt,1
JARTII,salt,1
JASCAH,salt,1
JASHER,salt,1
JASHOB,salt,1
JASHUG,salt,1
JASJIX,salt,1
JASJOD,salt,1
JASJUJ,salt,1
JASRAX,solvate,4
JATMEW,cocrystal,2
JATPAW,hydrate,3
JAVDAO,hydrate,3
JAVDES,salt,1
JAVDIW,salt,1
JAVDOC,salt,1
JAVDUI,salt,1
JAVFAQ,hydrate,3
JAVFEU,salt,1
JAVFIY,salt,1
JAVFOE,salt,1
JAVHAS,salt,1
JAVHEW,salt,1
JAVJAU,salt,1
JAVJEY,salt,1
JAVNOM,salt,1
JAVNUQ,salt,1
JAVNUS,salt,1
JAVPAA,salt,1
JAVPEE,salt,1
JAVPII,salt,1
JAVPOO,salt,1
JAVPUU,salt,1
JAVQEF,cocrystal,2
JAVSEE,hydrate,3
JAVSII,salt,1
JAVVAH,salt,1
JAVWUZ,salt,1
JAVXEK,cocrystal,2
JAVZOW,cocrystal,2
JAWHAT,salt,1
JAWHOF,cocrystal,2
JAWVAF,cocrystal,2
JAWVEJ,cocrystal,2
JAWVIN,cocrystal,2
JAWVOT,cocrystal,2
JAWWEK,cocrystal,2
JAWWIO,salt,1
JAWWOU,salt,1
JAWXEL,solvate,4
JAWXIP,solvate,4
JAWXOV,solvate,4
JAWYAI,salt,1
JAXFOE,salt,1
JAXGAR,salt,1
JAXJIE,salt,1
JAXMEB,salt,1
JAXREG,salt,1
JAXSAD,salt,1
JAXSOR,cocrystal,2
JAXYIU,salt,1
JAXYOA,hydrate,3
JAXZIS,cocrystal,2
JAYCIZ,cocrystal,2
JAYFUO,cocrystal,2
JAYGEZ,cocrystal,2
JAYKEC,salt,1
JAYNIG,salt,1
JAYREG,salt,1
JAYRUW,salt,1
JAYVOX,salt,1
JAZBAO,cocrystal,2
JAZBAQ,cocrystal,2
JAZBEU,cocrystal,2
JAZBIY,cocrystal,2
JAZMAC,salt,1
JAZQIL,solvate,4
JAZQIN,cocrystal,2
JAZROU,salt,1
JAZSAH,salt,1
JAZSOV,salt,1
JAZVAK,cocrystal,2
JAZXEO,cocrystal,2
JEBNAJ,salt,1
JEBRAM,salt,1
JEBTAL,cocrystal,2
JECKAD,salt,1
JECKOV,salt,1
JECLEM,salt,1
JECNAK,cocrystal,2
JECXIB,salt,1
JECZAS,cocrystal,2
JEDGIM,salt,1
JEDHIN,cocrystal,2
JEDHOT,cocrystal,2
JEDHUZ,cocrystal,2
JEDJAH,cocrystal,2
JEDKOT,hydrate,3
JEDOEM,salt,1
JEDQOB,solvate,4
JEDQUH,solvate,4
JEDRUJ,hydrate,3
JEDTUK,solvate,4
JEDVIB,cocrystal,2
JEDWUK,cocrystal,2
JEDXIZ,solvate,4
JEDZOL,cocrystal,2
JEFFAF,hydrate,3
JEFFIN,hydrate,3
JEFFOQ,cocrystal,2
JEFFOT,hydrate,3
JEFFUW,cocrystal,2
JEFFUZ,hydrate,3
JEFGIO,hydrate,3
JEFHEI,salt,1
JEFLEM,salt,1
JEFLIQ,salt,1
JEFMEQ,salt,1
JEFMIU,salt,1
JEFNAN,salt,1
JEFRER,cocrystal,2
JEFSUL,hydrate,3
JEFTAS,salt,1
JEFTIA,salt,1
JEFXIF,hydrate,3
JEFYAV,salt,1
JEFYEZ,salt,1
JEFYID,hydrate,3
JEFYOJ,salt,1
JEFYUP,salt,1
JEFZAW,salt,1
JEFZEA,salt,1
JEFZIE,salt,1
JEFZOK,hydrate,3
JEFZUQ,cocrystal,2
JEGBAZ,cocrystal,2
JEGBED,cocrystal,2
JEGBIH,cocrystal,2
JEGBON,cocrystal,2
JEGBUT,cocrystal,2
JEGKIS,cocrystal,2
JEGKOY,cocrystal,2
JEGKUE,cocrystal,2
JEGLAL,cocrystal,2
JEGSEW,cocrystal,2
JEGSIX,cocrystal,2
JEGVEW,salt,1
JEGVIA,hydrate,3
JEGWUN,salt,1
JEHFUY,salt,1
JEHKAL,hydrate,3
JEHPAN,salt,1
JEHSAR,salt,1
JEHXAW,cocrystal,2
JEHXOJ,salt,1
JEHYII,salt,1
JEHZUU,cocrystal,2
JEJBAE,cocrystal,2
JEJBEI,cocrystal,2
JEJBIM,cocrystal,2
JEJBOS,cocrystal,2
JEJBUY,cocrystal,2
JEJFEJ,salt,1
JEJHEP,cocrystal,2
JEJHIT,cocrystal,2
JEJHOZ,cocrystal,2
JEJJIS,cocrystal,2
JEJLOY,salt,1
JEJMUH,salt,1
JEJNES,salt,1
JEJPIY,cocrystal,2
JEJPUN,salt,1
JEJQIZ,hydrate,3
JEJRIZ,cocrystal,2
JEJVAZ,cocrystal,2
JEJVEA,hydrate,3
JEJVIE,hydrate,3
JEJXIJ,cocrystal,2
JEJXOP,cocrystal,2
JEJZED,salt,1
JEKFIP,cocrystal,2
JEKGEL,salt,1
JEKGUB,hydrate,3
JEKJAK,hydrate,3
JEKJAL,salt,1
JEKJEP,salt,1
JEKJIT,salt,1
JEKJOZ,salt,1
JEKJUF,salt,1
JEKKAM,salt,1
JEKKEQ,salt,1
JEKKIU,salt,1
JEKLAQ,salt,1
JEKLEU,salt,1
JEKLOE,salt,1
JEKLUK,salt,1
JEKMES,salt,1
JEKMEV,salt,1
JEKMOF,salt,1
JEKMUL,salt,1
JEKYIK,salt,1
JELFOZ,salt,1
JELFUF,hydrate,3
JELJES,cocrystal,2
JELMET,salt,1
JELQOJ,cocrystal,2
JELSEY,cocrystal,2
JELTUS,hydrate,3
JELVAA,cocrystal,2
JELVEE,hydrate,3
JELVII,cocrystal,2
JELWEG,salt,1
JEMDIP,cocrystal,2
JEMGAM,salt,1
JEMGEQ,salt,1
JEMGIU,salt,1
JEMHIT,cocrystal,2
JEMNOF,hydrate,3
JEMTEE,cocrystal,2
JEMVIG,cocrystal,2
JENGIS,solvate,4
JENGIV,salt,1
JENGUH,salt,1
JENJUL,salt,1
JENKAS,salt,1
JENKEV,cocrystal,2
JENKUM,salt,1
JENLEX,solvate,4
JENMOH,cocrystal,2
JENMUN,cocrystal,2
JENPIF,salt,1
JENPOL,hydrate,3
JENTIG,salt,1
JENTOO,solvate,4
JENVED,cocrystal,2
JEPGIU,solvate,4
JEPGUG,salt,1
JEPQAA,hydrate,3
JEPXUY,salt,1
JEPYAF,salt,1
JEPYEJ,salt,1
JEPYIN,salt,1
JEPYOT,salt,1
JEPYUZ,salt,1
JEPZAG,salt,1
JEPZEK,salt,1
JEPZIO,salt,1
JEPZOU,salt,1
JEPZUA,salt,1
JEQBAJ,salt,1
JEQBEN,salt,1
JEQBIR,salt,1
JEQJEV,hydrate,3
JEQPAX,cocrystal,2
JEQQUU,salt,1
JEQRAB,salt,1
JEQREF,salt,1
JEQRIJ,salt,1
JEQSII,salt,1
JERKEW,cocrystal,2
JERVAH,salt,1
JESBUI,salt,1
JESCAL,cocrystal,2
JESDIY,cocrystal,2
JESLAY,salt,1
JESLEC,salt,1
JESMEA,cocrystal,2
JESMIE,cocrystal,2
JESMOK,cocrystal,2
JESNEB,salt,1
JESNIF,hydrate,3
JESVIN,cocrystal,2
JESWIO,salt,1
JESXEN,cocrystal,2
JETJEY,hydrate,3
JETROQ,hydrate,3
JETRUW,salt,1
JETTOU,salt,1
JEVDIB,salt,1
JEVPOQ,salt,1
JEVTUD,salt,1
JEVWEP,solvate,4
JEWCUK,salt,1
JEWDAU,salt,1
JEWGUR,salt,1
JEWJAX,cocrystal,2
JEWJUU,salt,1
JEWNUU,cocrystal,2
JEWXOZ,salt,1
JEXHUS,salt,1
JEXJEB,salt,1
JEXKIK,salt,1
JEXMIL,salt,1
JEXMOR,hydrate,3
JEXNAE,hydrate,3
JEXRAF,salt,1
JEXRIQ,hydrate,3
JEXROW,salt,1
JEXZAR,hydrate,3
JEYBUN,solvate,4
JEYCIC,cocrystal,2
JEYJIH,salt,1
JEYKEH,cocrystal,2
JEYPOV,salt,1
JEYSOY,solvate,4
JEYTUG,salt,1
JEYZEW,cocrystal,2
JEYZUL,cocrystal,2
JEZBAU,cocrystal,2
JEZFUT,salt,1
JEZHEF,cocrystal,2
JEZHOP,salt,1
JEZHUV,hydrate,3
JEZKUY,hydrate,3
JEZLIN,salt,1
JEZLOT,salt,1
JEZPAJ,salt,1
JEZPIR,salt,1
JEZSOA,cocrystal,2
JIBBEB,cocrystal,2
JIBDIH,salt,1
JIBDOQ,salt,1
JIBHAG,cocrystal,2
JIBHEK,cocrystal,2
JIBHIO,cocrystal,2
JIBHOU,cocrystal,2
JIBKUE,salt,1
JIBLUF,salt,1
JIBMAM,hydrate,3
JIBMEQ,cocrystal,2
JIBMIU,cocrystal,2
JIBNUD,cocrystal,2
JICJOU,cocrystal,2
JICRUM,salt,1
JICSIB,hydrate,3
JICTIY,cocrystal,2
JIDBUT,cocrystal,2
JIDHAF,salt,1
JIDLAJ,salt,1
JIDPOF,salt,1
JIDPUL,salt,1
JIFBUY,cocrystal,2
JIFCAF,cocrystal,2
JIFCEJ,cocrystal,2
JIFCIN,salt,1
JIFCOT,salt,1
JIFFAI,salt,1
JIFFOT,hydrate,3
JIFFUZ,cocrystal,2
JIFHAK,cocrystal,2
JIFKIS,salt,1
JIFMAQ,hydrate,3
JIFWOL,cocrystal,2
JIFWON,salt,1
JIFWUT,hydrate,3
JIFXEF,salt,1
JIFXIJ,salt,1
JIFYOM,hydrate,3
JIFZIH,cocrystal,2
JIGFIO,salt,1
JIGHOZ,salt,1
JIGJAN,salt,1
JIGJER,salt,1
JIGKES,cocrystal,2
JIGRUQ,salt,1
JIHCIM,salt,1
JIHKIX,salt,1
JIHLEV,hydrate,3
JIHLIZ,salt,1
JIHNAS,hydrate,3
JIHQUP,cocrystal,2
JIHTAV,salt,1
JIJCIR,cocrystal,2
JIJRUP,salt,1
JIJSEA,salt,1
JIJSOO,cocrystal,2
JIJWIL,cocrystal,2
JIKKAT,hydrate,3
JIKKEX,hydrate,3
JIKKIB,cocrystal,2
JIKTIJ,cocrystal,2
JIKTOQ,hydrate,3
JIKTUV,cocrystal,2
JIKTUW,hydrate,3
JILMIE,salt,1
JILSAB,cocrystal,2
JILSEF,cocrystal,2
JILSIJ,cocrystal,2
JILTED,salt,1
JILTUT,hydrate,3
JILWUW,salt,1
JILXOU,cocrystal,2
JILYAH,cocrystal,2
JILYEL,solvate,4
JILYIP,cocrystal,2
JILYOV,cocrystal,2
JILZOU,cocrystal,2
JIMBAI,salt,1
JIMDOY,cocrystal,2
JIMDUE,cocrystal,2
JIMJOH,salt,1
JIMNID,solvate,4
JIMSEE,hydrate,3
JIMVUX,salt,1
JIMWAE,salt,1
JINDOC,salt,1
JINDUI,salt,1
JINFAR,salt,1
JINHEX,hydrate,3
JINHIB,hydrate,3
JINHOH,cocrystal,2
JINJAV,cocrystal,2
JINJID,cocrystal,2
JINPAX,salt,1
JINWIN,salt,1
JINWIQ,cocrystal,2
JIPDUH,salt,1
JIPFAP,cocrystal,2
JIPHAU,salt,1
JIPKIG,cocrystal,2
JIPKOJ,salt,1
JIPROT,salt,1
JIPSUZ,salt,1
JIPZEO,salt,1
JIQCAN,cocrystal,2
JIQCER,cocrystal,2
JIQCIV,cocrystal,2
JIQCOF,cocrystal,2
JIQFAT,salt,1
JIQFEX,hydrate,3
JIQFIB,salt,1
JIQFOH,salt,1
JIQFUN,salt,1
JIQGAU,cocrystal,2
JIQGEY,salt,1
JIQGIA,solvate,4
JIQGIC,salt,1
JIQGOG,solvate,4
JIQGOI,salt,1
JIQGUO,salt,1
JIQHAT,hydrate,3
JIQHAV,cocrystal,2
JIQHEX,solvate,4
JIQJUR,salt,1
JIQKUS,cocrystal,2
JIQLAZ,cocrystal,2
JIQLED,hydrate,3
JIQMAB,cocrystal,2
JIQPUX,salt,1
JIQSEL,salt,1
JIQTEM,salt,1
JIRDAT,salt,1
JIRGUM,salt,1
JIRHOK,salt,1
JIRLEB,salt,1
JIRWIR,hydrate,3
JIRXER,salt,1
JIRXUE,hydrate,3
JIRYAL,hydrate,3
JISFEX,salt,1
JISQEI,salt,1
JISRIN,salt,1
JISRUZ,salt,1
JISTEN,solvate,4
JISVOW,cocrystal,2
JISZAM,salt,1
JISZUG,salt,1
JITBAP,salt,1
JITNUY,cocrystal,2
JITVIU,salt,1
JITWUH,cocrystal,2
JITXAL,cocrystal,2
JIVJEH,salt,1
JIVJIL,hydrate,3
JIVNEI,cocrystal,2
JIVNIM,cocrystal,2
JIVNUY,salt,1
JIVPAG,salt,1
JIVPEK,salt,1
JIVQEN,cocrystal,2
JIVRAH,cocrystal,2
JIVYOC,hydrate,3
JIVYOG,cocrystal,2
JIWCIF,cocrystal,2
JIWHUV,salt,1
JIWJEH,cocrystal,2
JIWJIL,cocrystal,2
JIWLEK,solvate,4
JIWQIQ,hydrate,3
JIWSAN,salt,1
JIXCAU,hydrate,3
JIXLOU,hydrate,3
JIXQAL,solvate,4
JIXQEP,hydrate,3
JIXQEQ,hydrate,3
JIXQIU,solvate,4
JIXRAN,salt,1
JIXRIV,solvate,4
JIXROB,solvate,4
JIXROY,salt,1
JIXWES,salt,1
JIYHAD,salt,1
JIYJIO,salt,1
JIYJUA,salt,1
JIYPOZ,salt,1
JIYPUC,solvate,4
JIYPUF,salt,1
JIYQAM,salt,1
JIYQEQ,salt,1
JIYQIU,salt,1
JIYRER,cocrystal,2
JIYYIB,salt,1
JIZFED,cocrystal,2
JIZHEF,salt,1
JIZHIJ,salt,1
JIZJUX,salt,1
JIZZIB,salt,1
JOBNIX,salt,1
JOBPEY,salt,1
JOBPUO,salt,1
JOBQOI,hydrate,3
JOBROK,cocrystal,2
JOBRUQ,cocrystal,2
JOBSIE,salt,1
JOBSOI,salt,1
JOBSUO,salt,1
JOCBAH,hydrate,3
JOCMOD,cocrystal,2
JOCRIC,cocrystal,2
JOCSEC,cocrystal,2
JOCTAZ,cocrystal,2
JOCVEC,cocrystal,2
JOCXAC,hydrate,3
JODJUI,hydrate,3
JODKOD,hydrate,3
JODKUJ,salt,1
JODWUX,salt,1
JODXUW,hydrate,3
JODZEH,salt,1
JODZUZ,salt,1
JOFBEL,salt,1
JOFBIP,salt,1
JOFDEN,salt,1
JOFGOD,cocrystal,2
JOFJEW,cocrystal,2
JOFJUK,cocrystal,2
JOFSIG,salt,1
JOFSOM,cocrystal,2
JOGWOR,salt,1
JOHFOD,cocrystal,2
JOHJEV,salt,1
JOHKAV,salt,1
JOHKEZ,salt,1
JOHKOI,salt,1
JOHPIH,salt,1
JOHPOL,cocrystal,2
JOHPUR,cocrystal,2
JOHVEI,salt,1
JOHVIM,hydrate,3
JOHVOS,salt,1
JOHVUY,salt,1
JOHWUZ,salt,1
JOJDIV,solvate,4
JOJDUJ,salt,1
JOJJOH,hydrate,3
JOJJUN,salt,1
JOJLEA,solvate,4
JOJPAB,cocrystal,2
JOJQOQ,salt,1
JOJRAB,salt,1
JOJVAF,cocrystal,2
JOJXAK,cocrystal,2
JOJXEO,cocrystal,2
JOJXIS,cocrystal,2
JOJZAL,salt,1
JOKJAW,salt,1
JOKJEA,cocrystal,2
JOKLEC,cocrystal,2
JOKLED,solvate,4
JOKNAY,hydrate,3
JOKPUW,salt,1
JOKQIK,salt,1
JOKQUY,solvate,4
JOKROR,salt,1
JOKSAE,cocrystal,2
JOKXUF,cocrystal,2
JOKYAM,cocrystal,2
JOKYIU,cocrystal,2
JOKYOA,cocrystal,2
JOKYUG,cocrystal,2
JOLCIY,cocrystal,2
JOLCOE,cocrystal,2
JOLFIZ,cocrystal,2
JOLJID,cocrystal,2
JOLKIE,salt,1
JOLSAE,cocrystal,2
JOLZUH,hydrate,3
JOMDUM,salt,1
JOMHIF,cocrystal,2
JOMHOL,cocrystal,2
JOMMUW,salt,1
JONSAG,salt,1
JONVAL,salt,1
JOPKOQ,salt,1
JOPLAD,salt,1
JOPMIM,salt,1
JOPNEH,salt,1
JOPNIL,salt,1
JOPNOR,salt,1
JOPPAF,cocrystal,2
JOPTEN,cocrystal,2
JOPTOZ,salt,1
JOPVAN,cocrystal,2
JOPVIV,salt,1
JOPWET,salt,1
JOPWIX,salt,1
JOPWOC,salt,1
JOPWOD,salt,1
JOPWUJ,solvate,4
JOPXAQ,salt,1
JOPXEU,hydrate,3
JOPXIY,solvate,4
JOQGED,cocrystal,2
JOQHEC,cocrystal,2
JOQHIG,cocrystal,2
JOQTAM,hydrate,3
JOQTEQ,hydrate,3
JOQTIU,hydrate,3
JOQTUG,salt,1
JOQVAO,hydrate,3
JOQVOC,salt,1
JORJOP,cocrystal,2
JORYUK,cocrystal,2
JOSDIG,salt,1
JOSDOM,salt,1
JOSDUS,salt,1
JOSFAA,salt,1
JOSFEE,salt,1
JOSHEH,salt,1
JOSLAG,salt,1
JOSMAF,solvate,4
JOSMEJ,salt,1
JOSPEP,cocrystal,2
JOSPIT,cocrystal,2
JOSPOZ,cocrystal,2
JOSXIY,salt,1
JOSZOG,cocrystal,2
JOTHUV,salt,1
JOTLIN,hydrate,3
JOTTUH,salt,1
JOTYAV,salt,1
JOVBII,salt,1
JOVBOO,salt,1
JOVBUU,salt,1
JOVCAB,salt,1
JOVCEF,salt,1
JOVCIJ,salt,1
JOVCOP,salt,1
JOVCUV,salt,1
JOVRUJ,salt,1
JOWKAJ,salt,1
JOWLUE,salt,1
JOWQUJ,salt,1
JOWRAQ,salt,1
JOWREU,salt,1
JOWRIY,salt,1
JOWTIB,salt,1
JOWWEX,salt,1
JOWWOH,salt,1
JOWZIG,cocrystal,2
JOWZUS,hydrate,3
JOXBAB,hydrate,3
JOXBEF,hydrate,3
JOXBUV,cocrystal,2
JOXGIO,salt,1
JOXZOL,salt,1
JOYBEE,salt,1
JOYCOS,hydrate,3
JOYJAK,cocrystal,2
JOYJEO,cocrystal,2
JOYYUR,salt,1
JOZCOQ,salt,1
JOZHOX,salt,1
JOZZED,cocrystal,2
JUBBEQ,salt,1
JUBCAK,salt,1
JUBPUR,salt,1
JUBRAZ,cocrystal,2
JUCDIX,cocrystal,2
JUCTEG,hydrate,3
JUCYAH,cocrystal,2
JUDCES,salt,1
JUDCOC,salt,1
JUDFIA,hydrate,3
JUDKOL,salt,1
JUDNAX,cocrystal,2
JUDNEE,salt,1
JUDVIN,cocrystal,2
JUDWOU,cocrystal,2
JUFDUJ,cocrystal,2
JUFFAR,cocrystal,2
JUFJIF,salt,1
JUFJOL,salt,1
JUFJUR,salt,1
JUFSAH,hydrate,3
JUFYUE,salt,1
JUGQEH,salt,1
JUGVOZ,salt,1
JUGWOZ,salt,1
JUGWUF,salt,1
JUGXAM,salt,1
JUHCOE,salt,1
JUHDOF,salt,1
JUHFOH,salt,1
JUHKII,cocrystal,2
JUHKOO,cocrystal,2
JUHKUU,cocrystal,2
JUHLAB,cocrystal,2
JUHLEF,salt,1
JUHLIJ,cocrystal,2
JUHSIR,cocrystal,2
JUHTIS,salt,1
JUKJII,cocrystal,2
JUKJOO,cocrystal,2
JUKNEL,salt,1
JUKNIP,salt,1
JUKNOV,salt,1
JUKNUB,salt,1
JUKPAJ,salt,1
JUKPEN,cocrystal,2
JUKTOY,cocrystal,2
JUKWAN,salt,1
JUKYUL,hydrate,3
JULBOH,hydrate,3
JULGEC,salt,1
JULJAB,cocrystal,2
JULJEH,cocrystal,2
JULLAD,cocrystal,2
JULLUZ,cocrystal,2
JULMAG,hydrate,3
JULMIM,salt,1
JULQAI,salt,1
JUMTOC,hydrate,3
JUMVEU,cocrystal,2
JUMXOH,salt,1
JUNDAA,salt,1
JUNDEE,salt,1
JUNDOL,cocrystal,2
JUNDUR,solvate,4
JUNFON,cocrystal,2
JUNHAE,salt,1
JUNHEI,salt,1
JUNHIM,salt,1
JUNHUY,hydrate,3
JUNJAG,salt,1
JUNJEK,hydrate,3
JUNJOU,salt,1
JUNJUA,salt,1
JUNLUC,hydrate,3
JUNMAJ,cocrystal,2
JUNSET,salt,1
JUNXAU,cocrystal,2
JUPBII,salt,1
JUPDAB,solvate,4
JUPDEF,salt,1
JUPDUT,salt,1
JUPKIO,salt,1
JUPQUG,salt,1
JUPVIZ,cocrystal,2
JUPVOF,cocrystal,2
JUQBAY,salt,1
JUQMUG,hydrate,3
JUQNER,salt,1
JURGAE,salt,1
JURRIA,cocrystal,2
JURZUU,cocrystal,2
JUSCAE,salt,1
JUSJIS,salt,1
JUSRUK,salt,1
JUSXIG,salt,1
JUTBEH,salt,1
JUTDOU,salt,1
JUTGAG,cocrystal,2
JUTNAP,salt,1
JUTXED,salt,1
JUVCEI,salt,1
JUVCOS,salt,1
JUVFOY,cocrystal,2
JUVFUE,cocrystal,2
JUVGAL,cocrystal,2
JUVGEP,cocrystal,2
JUVNUM,salt,1
JUWHIU,cocrystal,2
JUWHUG,cocrystal,2
JUWNIA,salt,1
JUWNOG,salt,1
JUWNUM,salt,1
JUXBEJ,salt,1
JUXLAP,salt,1
JUXROL,hydrate,3
JUXRUR,salt,1
JUYFUE,salt,1
JUYSED,cocrystal,2
JUYTUU,hydrate,3
JUYVEG,salt,1
JUYVIL,cocrystal,2
JUYWEH,salt,1
JUYXAF,cocrystal,2
JUZCEP,solvate,4
JUZRIH,cocrystal,2
JUZRON,cocrystal,2
JUZRUT,cocrystal,2
JUZSAA,solvate,4
JUZVAE,salt,1
JUZWOT,cocrystal,2
JUZXAF,salt,1
KABCAV,cocrystal,2
KABDAU,salt,1
KABFAW,salt,1
KABHAX,salt,1
KABHEB,salt,1
KABHEE,salt,1
KABHIE,hydrate,3
KABHII,salt,1
KABHOM,salt,1
KABHOO,salt,1
KABJOO,salt,1
KABKEF,salt,1
KABKIJ,salt,1
KABLAC,cocrystal,2
KABLEG,cocrystal,2
KABNAC,cocrystal,2
KABNEG,cocrystal,2
KABNIK,cocrystal,2
KABPOU,salt,1
KABSIP,hydrate,3
KABVIS,salt,1
KABYAQ,salt,1
KABYEU,salt,1
KACLOR,solvate,4
KACNUB,salt,1
KACPAJ,salt,1
KACPIQ,salt,1
KACPIR,salt,1
KACPUD,salt,1
KACQOX,cocrystal,2
KACTIS,salt,1
KACVOA,cocrystal,2
KACXET,cocrystal,2
KACXUJ,solvate,4
KACYUM,hydrate,3
KACZAT,hydrate,3
KACZOF,salt,1
KADBIE,salt,1
KADBOK,salt,1
KADFUR,hydrate,3
KADGAY,salt,1
KADGUR,salt,1
KADHIK,cocrystal,2
KADHUW,hydrate,3
KADQIT,salt,1
KADVET,cocrystal,2
KADYAP,salt,1
KAFBUO,cocrystal,2
KAFHUU,salt,1
KAGCEA,salt,1
KAGHEG,solvate,4
KAGHOP,salt,1
KAGKEI,salt,1
KAGPIV,salt,1
KAGQAO,solvate,4
KAGYEA,hydrate,3
KAGYIE,salt,1
KAGYOK,hydrate,3
KAGZOL,hydrate,3
KAHBUT,salt,1
KAHCUV,salt,1
KAHFAE,salt,1
KAHQAP,cocrystal,2
KAHRIW,hydrate,3
KAHRIX,cocrystal,2
KAHROD,hydrate,3
KAHTOC,cocrystal,2
KAHVOI,solvate,4
KAJFEJ,cocrystal,2
KAJGUY,hydrate,3
KAJSIB,cocrystal,2
KAJTAS,salt,1
KAJYIG,hydrate,3
KAJYUP,salt,1
KAJYUS,salt,1
KAKXAY,salt,1
KAKXEC,hydrate,3
KAKXIG,solvate,4
KAKXOM,salt,1
KAKXUS,hydrate,3
KAKYIH,salt,1
KAKYOO,cocrystal,2
KALDUY,salt,1
KALJIT,salt,1
KALJUF,salt,1
KALKAM,salt,1
KALKIU,salt,1
KALKOA,salt,1
KALQAP,salt,1
KALTEZ,salt,1
KALZUT,salt,1
KAMBUZ,salt,1
KAMCAF,salt,1
KAMCAG,salt,1
KAMDAD,hydrate,3
KAMJAN,salt,1
KAMLOZ,cocrystal,2
KAMLUI,hydrate,3
KAMMAQ,salt,1
KAMPIY,salt,1
KAMQIB,hydrate,3
KAMQOH,cocrystal,2
KAMQUN,solvate,4
KAMRAU,cocrystal,2
KAMREW,salt,1
KANBEJ,salt,1
KANBOT,cocrystal,2
KANBUZ,cocrystal,2
KANDAE,salt,1
KANFEN,salt,1
KANROH,salt,1
KANXAB,salt,1
KAPCEK,cocrystal,2
KAPCIP,salt,1
KAPCOV,salt,1
KAPHUF,cocrystal,2
KAPJAN,cocrystal,2
KAPJIY,salt,1
KAPKAO,hydrate,3
KAPKES,salt,1
KAPKEU,cocrystal,2
KAPKIW,salt,1
KAPKOC,salt,1
KAPVAY,salt,1
KAPVEC,salt,1
KAPVUS,hydrate,3
KAPWAZ,salt,1
KAPXEH,hydrate,3
KAPYEF,salt,1
KAPYIJ,salt,1
KAPZAD,solvate,4
KAPZOQ,salt,1
KAQBAF,salt,1
KAQFAN,salt,1
KAQGAM,salt,1
KAQHIV,salt,1
KAQKEW,cocrystal,2
KAQKIA,cocrystal,2
KAQQOK,cocrystal,2
KAQSUS,solvate,4
KARBOW,salt,1
KARCIQ,cocrystal,2
KARDUG,salt,1
KARFER,cocrystal,2
KARFIV,cocrystal,2
KARFUH,cocrystal,2
KARGAO,solvate,4
KARGES,solvate,4
KARGUI,hydrate,3
KARHAM,cocrystal,2
KARHOA,cocrystal,2
KARJOG,salt,1
KARKAS,cocrystal,2
KARSED,cocrystal,2
KARSEF,salt,1
KARXIO,salt,1
KARXUA,hydrate,3
KARYAH,salt,1
KARYEL,salt,1
KASCIQ,cocrystal,2
KASFET,cocrystal,2
KASFIX,cocrystal,2
KASJEU,cocrystal,2
KASLIA,hydrate,3
KASMEW,salt,1
KASPUP,salt,1
KASVIJ,salt,1
KASVOP,salt,1
KASWEI,salt,1
KASWIM,salt,1
KASWUY,salt,1
KASXAE,hydrate,3
KASXAF,salt,1
KASXEI,salt,1
KASXEJ,salt,1
KASXIN,salt,1
KASXUY,salt,1
KASYEJ,cocrystal,2
KASZUZ,salt,1
KATBAJ,cocrystal,2
KATCEN,hydrate,3
KATHEV,salt,1
KATJOF,hydrate,3
KATLAT,cocrystal,2
KAVFES,salt,1
KAVFUL,hydrate,3
KAVGAS,salt,1
KAVJUN,salt,1
KAVSUY,salt,1
KAVZIU,salt,1
KAWBAN,salt,1
KAWBER,salt,1
KAWMEE,cocrystal,2
KAWMII,cocrystal,2
KAWMUU,cocrystal,2
KAWNAB,cocrystal,2
KAWNEF,salt,1
KAWNIJ,salt,1
KAWNOP,salt,1
KAWNUV,salt,1
KAWPEH,salt,1
KAWPIL,salt,1
KAWPUX,salt,1
KAWQAE,salt,1
KAWQIM,cocrystal,2
KAWQOS,cocrystal,2
KAWQUY,cocrystal,2
KAWROT,cocrystal,2
KAWSEK,cocrystal,2
KAWSIO,cocrystal,2
KAWSOU,cocrystal,2
KAWSUA,cocrystal,2
KAWTEL,cocrystal,2
KAWTIP,cocrystal,2
KAWTOU,hydrate,3
KAWTOV,cocrystal,2
KAWTUB,cocrystal,2
KAWVUD,salt,1
KAWXOV,hydrate,3
KAWYUG,cocrystal,2
KAWZAN,cocrystal,2
KAWZIV,cocrystal,2
KAWZOB,cocrystal,2
KAXJAW,hydrate,3
KAXLII,salt,1
KAXMAB,solvate,4
KAXMIJ,hydrate,3
KAXMOP,cocrystal,2
KAXNIK,solvate,4
KAXNOQ,solvate,4
KAXPOS,hydrate,3
KAXRAE,cocrystal,2
KAXRIM,cocrystal,2
KAXROS,cocrystal,2
KAXRUY,cocrystal,2
KAXSEJ,cocrystal,2
KAXSIN,cocrystal,2
KAXSOS,hydrate,3
KAXSOT,cocrystal,2
KAXSUZ,cocrystal,2
KAXVOW,cocrystal,2
KAXVUC,cocrystal,2
KAXWAJ,cocrystal,2
KAXWIP,salt,1
KAXWIQ,salt,1
KAXWOV,salt,1
KAXWUB,solvate,4
KAXWUC,hydrate,3
KAXZIT,salt,1
KAYFOH,cocrystal,2
KAYFUN,cocrystal,2
KAYGAU,cocrystal,2
KAYGEY,cocrystal,2
KAYGIC,cocrystal,2
KAYGOI,cocrystal,2
KAYHAV,cocrystal,2
KAYHEZ,cocrystal,2
KAYHID,cocrystal,2
KAYHUP,cocrystal,2
KAYJAX,cocrystal,2
KAYNED,cocrystal,2
KAYVUB,hydrate,3
KAYXEO,cocrystal,2
KAZBAR,salt,1
KAZBEV,cocrystal,2
KAZCUK,cocrystal,2
KAZNAD,salt,1
KAZZIY,solvate,4
KEBCON,cocrystal,2
KEBFAZ,hydrate,3
KEBFOQ,solvate,4
KEBGAB,salt,1
KEBGAD,solvate,4
KEBGOR,hydrate,3
KEBGUX,salt,1
KEBHAE,hydrate,3
KEBHEI,hydrate,3
KEBHOS,solvate,4
KEBHUW,cocrystal,2
KEBJEK,hydrate,3
KEBJIM,cocrystal,2
KEBJOS,hydrate,3
KEBJUY,salt,1
KEBLAG,cocrystal,2
KEBLAI,salt,1
KEBLIO,cocrystal,2
KEBLIQ,salt,1
KEBLUA,cocrystal,2
KEBLUC,cocrystal,2
KEBMAH,hydrate,3
KEBMAJ,cocrystal,2
KEBMEL,cocrystal,2
KEBMOV,salt,1
KEBPEQ,salt,1
KEBPIU,hydrate,3
KEBPOA,solvate,4
KEBQAN,hydrate,3
KEBQER,salt,1
KEBQIV,hydrate,3
KEBSIW,salt,1
KEBSOC,salt,1
KEBTEU,cocrystal,2
KEBTOB,cocrystal,2
KEBTUH,cocrystal,2
KEBVET,cocrystal,2
KEBVIX,cocrystal,2
KEBYAS,salt,1
KEBYEW,salt,1
KECCIF,salt,1
KECCUR,salt,1
KECFAC,cocrystal,2
KECGUX,salt,1
KECJAG,cocrystal,2
KECJEK,salt,1
KECKEL,cocrystal,2
KECKIP,cocrystal,2
KECKOV,hydrate,3
KECKUB,hydrate,3
KECLOW,cocrystal,2
KECMAJ,cocrystal,2
KECQER,salt,1
KECQIV,salt,1
KECRIT,cocrystal,2
KECSUJ,cocrystal,2
KECTOB,salt,1
KECYUN,cocrystal,2
KECZIF,salt,1
KEDGUZ,cocrystal,2
KEDHAG,solvate,4
KEDPIT,cocrystal,2
KEDQEQ,cocrystal,2
KEDTOD,salt,1
KEDTUJ,salt,1
KEDVEV,solvate,4
KEDVIZ,salt,1
KEDVOF,salt,1
KEDVUL,salt,1
KEDWAS,salt,1
KEDXID,salt,1
KEDXOJ,salt,1
KEDYEX,salt,1
KEDZAV,solvate,4
KEFBAZ,cocrystal,2
KEFBEC,hydrate,3
KEFBIH,cocrystal,2
KEFBON,cocrystal,2
KEFBUT,cocrystal,2
KEFCAA,cocrystal,2
KEFCEE,cocrystal,2
KEFCOO,salt,1
KEFDEF,salt,1
KEFDOP,salt,1
KEFDUV,salt,1
KEFFEH,salt,1
KEFJEN,salt,1
KEFQOE,hydrate,3
KEFQUK,hydrate,3
KEFQUL,salt,1
KEFRIZ,salt,1
KEFROF,salt,1
KEFTUO,salt,1
KEFWAW,cocrystal,2
KEFWEA,cocrystal,2
KEFXEC,cocrystal,2
KEFXIG,hydrate,3
KEFXOM,hydrate,3
KEFXUS,cocrystal,2
KEFYAZ,salt,1
KEFYED,salt,1
KEFZAX,salt,1
KEGCIJ,cocrystal,2
KEGMIU,hydrate,3
KEGPUH,cocrystal,2
KEGROE,hydrate,3
KEGSEV,salt,1
KEGSIZ,salt,1
KEGVEY,salt,1
KEGVIC,salt,1
KEHBEF,salt,1
KEHVEZ,salt,1
KEHXEC,salt,1
KEJNIA,solvate,4
KEJTAY,cocrystal,2
KEJTEC,cocrystal,2
KEJZAA,salt,1
KEKDOU,salt,1
KEKGAJ,cocrystal,2
KEKGEN,salt,1
KEKGIR,hydrate,3
KEKGUD,cocrystal,2
KEKGUG,salt,1
KEKHIS,cocrystal,2
KEKJAM,hydrate,3
KEKNUN,cocrystal,2
KEKVEC,salt,1
KEKWOQ,salt,1
KEKXED,salt,1
KELCAG,cocrystal,2
KELFIU,cocrystal,2
KELRIC,salt,1
KELVEE,salt,1
KELXUV,solvate,4
KELYAC,solvate,4
KELYAE,cocrystal,2
KELYAF,cocrystal,2
KELYEG,hydrate,3
KEMBEK,salt,1
KEMBIR,cocrystal,2
KEMCEL,cocrystal,2
KEMGAO,salt,1
KEMGUI,salt,1
KEMHAP,salt,1
KEMHOB,salt,1
KEMMOH,salt,1
KEMRAZ,cocrystal,2
KEMRUT,salt,1
KEMSEE,cocrystal,2
KEMXEF,salt,1
KEMXIJ,salt,1
KEMYUW,hydrate,3
KEMZUZ,salt,1
KENDUC,salt,1
KENGAO,salt,1
KENMEX,salt,1
KENTUT,salt,1
KENVOS,salt,1
KENVUY,salt,1
KENWAF,hydrate,3
KENWEJ,salt,1
KENWIN,salt,1
KENWOR,salt,1
KENXEK,salt,1
KEPDES,salt,1
KEPDIV,cocrystal,2
KEPDIW,hydrate,3
KEPDOB,cocrystal,2
KEPFAO,salt,1
KEPFES,salt,1
KEPFIW,salt,1
KEPFOC,salt,1
KEPFUI,salt,1
KEPGUL,salt,1
KEPHAS,salt,1
KEPHEW,hydrate,3
KEPHUM,salt,1
KEPNOI,salt,1
KEPPON,salt,1
KEPXIM,salt,1
KEPXIO,solvate,4
KEQBOA,salt,1
KEQKAV,cocrystal,2
KEQLIC,hydrate,3
KEQMAV,salt,1
KEQPEC,hydrate,3
KEQRAD,cocrystal,2
KEQREH,cocrystal,2
KEQSEI,salt,1
KEQSOS,salt,1
KEQVEL,cocrystal,2
KEQYAI,cocrystal,2
KERFAP,salt,1
KERFUJ,salt,1
KERJOK,salt,1
KERLOM,salt,1
KERLUS,hydrate,3
KERMED,hydrate,3
KERMID,salt,1
KERMOJ,salt,1
KERMOL,salt,1
KERMUP,hydrate,3
KERMUR,salt,1
KERNAY,salt,1
KERNEC,hydrate,3
KERQOO,hydrate,3
KERQUW,salt,1
KERSAB,cocrystal,2
KERVEI,salt,1
KERWEK,salt,1
KERXAK,hydrate,3
KESDER,salt,1
KESHEV,salt,1
KESJIE,salt,1
KESJOI,salt,1
KESJUO,salt,1
KESKOM,hydrate,3
KESVEJ,salt,1
KESVOT,salt,1
KETDIW,hydrate,3
KETJEC,cocrystal,2
KETKIH,cocrystal,2
KETKUT,cocrystal,2
KETSUY,salt,1
KETWEO,cocrystal,2
KETWIS,cocrystal,2
KETWOY,cocrystal,2
KETWUE,cocrystal,2
KETXAL,cocrystal,2
KETXAM,cocrystal,2
KETXEP,cocrystal,2
KETYAN,salt,1
KETYUF,solvate,4
KETZAM,hydrate,3
KETZEQ,hydrate,3
KETZIT,cocrystal,2
KEVCOD,cocrystal,2
KEVGAW,hydrate,3
KEVGEA,salt,1
KEVHOK,salt,1
KEVLIJ,cocrystal,2
KEVLOP,cocrystal,2
KEVQUB,hydrate,3
KEVVEN,hydrate,3
KEVVIR,hydrate,3
KEWCAU,cocrystal,2
KEWDAV,salt,1
KEWGAV,cocrystal,2
KEWGAY,salt,1
KEWKOP,salt,1
KEWSEN,hydrate,3
KEWSOX,hydrate,3
KEWTAJ,salt,1
KEWWIW,salt,1
KEWWOB,salt,1
KEWWOC,cocrystal,2
KEWXIU,salt,1
KEWZAN,salt,1
KEWZUI,cocrystal,2
KEXBAR,cocrystal,2
KEXHUR,cocrystal,2
KEXJAZ,cocrystal,2
KEXJIH,cocrystal,2
KEXLEI,hydrate,3
KEXLIM,hydrate,3
KEXLOS,salt,1
KEXLUY,salt,1
KEXMAF,hydrate,3
KEXMEJ,salt,1
KEXMOT,salt,1
KEXMUZ,salt,1
KEXSEP,salt,1
KEXXUG,salt,1
KEXYAN,hydrate,3
KEXZIX,cocrystal,2
KEXZOD,cocrystal,2
KEXZUJ,cocrystal,2
KEYCUQ,salt,1
KEYFIG,cocrystal,2
KEYQUE,salt,1
KEYSAJ,solvate,4
KEYSIR,solvate,4
KEYXIY,cocrystal,2
KEZFIG,salt,1
KEZFOM,salt,1
KEZFUS,salt,1
KEZHAZ,salt,1
KEZJIJ,salt,1
KEZKOQ,salt,1
KEZNIM,salt,1
KEZPIR,hydrate,3
KEZWUJ,salt,1
KEZXAQ,salt,1
KEZXIA,cocrystal,2
KEZXOD,cocrystal,2
KEZYUJ,cocrystal,2
KEZZAQ,cocrystal,2
KEZZAU,hydrate,3
KEZZEU,cocrystal,2
KEZZEY,salt,1
KEZZIC,solvate,4
KEZZIY,cocrystal,2
KEZZOE,solvate,4
KEZZUK,cocrystal,2
KIBBAY,cocrystal,2
KIBFEJ,hydrate,3
KIBFEK,cocrystal,2
KIBKIT,cocrystal,2
KIBKOZ,cocrystal,2
KIBKUF,salt,1
KIBNUE,salt,1
KIBPIU,solvate,4
KIBQEV,salt,1
KIBQIZ,salt,1
KIBQOC,cocrystal,2
KIBRAQ,salt,1
KIBREU,salt,1
KIBRIY,salt,1
KIBROE,salt,1
KIBRUK,salt,1
KIBXOL,salt,1
KICBED,salt,1
KICFUA,cocrystal,2
KICNIX,hydrate,3
KICNUF,hydrate,3
KICNUJ,hydrate,3
KICPEU,cocrystal,2
KICSUK,salt,1
KICTAR,salt,1
KICVOJ,hydrate,3
KICVUP,solvate,4
KICWAW,salt,1
KICWEA,solvate,4
KICWIE,cocrystal,2
KICWOK,solvate,4
KICXIE,cocrystal,2
KICXOK,cocrystal,2
KIDBAE,cocrystal,2
KIDBEI,cocrystal,2
KIDCEJ,cocrystal,2
KIDGEM,salt,1
KIDGIQ,salt,1
KIDGUC,salt,1
KIDHEN,salt,1
KIDJAM,cocrystal,2
KIDKUG,salt,1
KIDLOB,salt,1
KIDMAO,salt,1
KIDMOA,cocrystal,2
KIDMUG,cocrystal,2
KIDNER,salt,1
KIDNIV,salt,1
KIDNOB,cocrystal,2
KIDNUH,cocrystal,2
KIDNUJ,salt,1
KIDPAR,salt,1
KIDPEV,salt,1
KIDROI,salt,1
KIDTEY,salt,1
KIDXEC,cocrystal,2
KIDYAB,cocrystal,2
KIDZAB,salt,1
KIDZEG,cocrystal,2
KIFBIO,salt,1
KIFBOU,cocrystal,2
KIFBUA,salt,1
KIFHIQ,salt,1
KIFHOW,salt,1
KIFLEQ,salt,1
KIFMUH,cocrystal,2
KIFQAS,hydrate,3
KIFWOP,salt,1
KIFZII,hydrate,3
KIGDOU,cocrystal,2
KIGJUG,hydrate,3
KIGKAN,hydrate,3
KIGKER,cocrystal,2
KIGKIV,cocrystal,2
KIGKOB,cocrystal,2
KIGLAO,cocrystal,2
KIGLES,cocrystal,2
KIGLEV,salt,1
KIGLIW,cocrystal,2
KIGLOC,cocrystal,2
KIGLUI,cocrystal,2
KIGMET,hydrate,3
KIGMIA,salt,1
KIGMIX,salt,1
KIGNEV,cocrystal,2
KIGNIZ,cocrystal,2
KIGPUL,salt,1
KIGSIG,salt,1
KIGXIL,salt,1
KIGXOR,salt,1
KIGZIK,hydrate,3
KIHQUQ,cocrystal,2
KIHQUR,salt,1
KIHRAX,cocrystal,2
KIHREB,cocrystal,2
KIHROL,cocrystal,2
KIHSIH,cocrystal,2
KIHSON,cocrystal,2
KIHSUT,cocrystal,2
KIHTAA,cocrystal,2
KIHTEE,cocrystal,2
KIHTII,cocrystal,2
KIHXAB,cocrystal,2
KIHXEF,cocrystal,2
KIHXIJ,cocrystal,2
KIHXOP,cocrystal,2
KIHXUV,cocrystal,2
KIHYAC,cocrystal,2
KIHYEG,cocrystal,2
KIHYIK,cocrystal,2
KIHYOQ,cocrystal,2
KIHYUW,cocrystal,2
KIHZAD,cocrystal,2
KIHZEH,cocrystal,2
KIHZIL,cocrystal,2
KIHZOR,cocrystal,2
KIHZUY,salt,1
KIJFIW,cocrystal,2
KIJFOC,cocrystal,2
KIJFUI,cocrystal,2
KIJGAP,cocrystal,2
KIJKUL,cocrystal,2
KIJLAS,cocrystal,2
KIJLEW,cocrystal,2
KIJLIA,salt,1
KIJLUM,cocrystal,2
KIJMIC,cocrystal,2
KIJMOH,cocrystal,2
KIJMUN,cocrystal,2
KIJMUP,salt,1
KIJPID,cocrystal,2
KIJSED,cocrystal,2
KIJSIH,cocrystal,2
KIJSUT,cocrystal,2
KIJTAA,cocrystal,2
KIJTEE,cocrystal,2
KIJVEH,hydrate,3
KIJVIK,hydrate,3
KIJVOQ,hydrate,3
KIJXIM,salt,1
KIKDOA,salt,1
KIKKEV,hydrate,3
KIKLAS,hydrate,3
KIKLEW,salt,1
KIKMAT,salt,1
KIKMUP,hydrate,3
KIKPAZ,salt,1
KIKQED,cocrystal,2
KIKTII,salt,1
KIKZOZ,cocrystal,2
KILHOF,salt,1
KILNAX,cocrystal,2
KILNUS,salt,1
KILPEE,salt,1
KILWUB,salt,1
KIMBEQ,cocrystal,2
KIMCOA,solvate,4
KIMGOF,cocrystal,2
KIMPOP,cocrystal,2
KIMRAC,hydrate,3
KIMREG,hydrate,3
KIMRIK,hydrate,3
KIMRUW,solvate,4
KIMSUX,salt,1
KIMTEI,salt,1
KINBIV,salt,1
KINCAO,hydrate,3
KINKEX,salt,1
KINMYC,cocrystal,2
KINTUY,cocrystal,2
KINVAG,cocrystal,2
KIPBIX,salt,1
KIPCOE,cocrystal,2
KIPDIA,cocrystal,2
KIPDOG,cocrystal,2
KIPGIC,cocrystal,2
KIPGOI,cocrystal,2
KIPGOJ,cocrystal,2
KIPGUO,cocrystal,2
KIPGUP,cocrystal,2
KIPHAV,cocrystal,2
KIPHAW,cocrystal,2
KIPHEA,cocrystal,2
KIPHEZ,cocrystal,2
KIPHIE,cocrystal,2
KIPHOJ,cocrystal,2
KIPHOK,cocrystal,2
KIPHUQ,cocrystal,2
KIPJAY,cocrystal,2
KIPJEC,cocrystal,2
KIPJIG,cocrystal,2
KIPKED,cocrystal,2
KIPKON,cocrystal,2
KIPKUT,cocrystal,2
KIPMAA,hydrate,3
KIPMAZ,solvate,4
KIPTOU,salt,1
KIPWEO,cocrystal,2
KIPWIS,cocrystal,2
KIPZOA,salt,1
KIQBOD,cocrystal,2
KIQHEZ,salt,1
KIQHID,salt,1
KIQHOJ,solvate,4
KIQPAE,salt,1
KIQRIN,salt,1
KIQROT,salt,1
KIQTIN,cocrystal,2
KIQYUG,cocrystal,2
KIQZAO,salt,1
KIQZES,salt,1
KIQZOZ,cocrystal,2
KIQZUF,cocrystal,2
KIQZUH,cocrystal,2
KIQZUI,hydrate,3
KIRBAR,salt,1
KIRGEB,cocrystal,2
KIRGIF,cocrystal,2
KIRGOL,cocrystal,2
KIRGUR,cocrystal,2
KIRHEC,salt,1
KIRLIG,salt,1
KIRQAF,hydrate,3
KISPAE,hydrate,3
KISTUD,salt,1
KISVAL,salt,1
KISYAO,solvate,4
KISYES,salt,1
KITKII,solvate,4
KITLUV,hydrate,3
KITMOR,cocrystal,2
KITNAE,cocrystal,2
KIVGEE,salt,1
KIVHOM,salt,1
KIVKAB,cocrystal,2
KIVLIK,salt,1
KIVLIN,solvate,4
KIVLOT,solvate,4
KIVSUG,salt,1
KIVTAN,salt,1
KIVTER,salt,1
KIVTIV,hydrate,3
KIVTOB,salt,1
KIVVAP,salt,1
KIVZOF,salt,1
KIVZUL,salt,1
KIWBOI,cocrystal,2
KIWFEE,salt,1
KIWGOP,salt,1
KIWLEI,hydrate,3
KIWLEK,salt,1
KIWPAK,salt,1
KIWVUI,hydrate,3
KIWWET,salt,1
KIWWIX,hydrate,3
KIWXEX,salt,1
KIXBEC,salt,1
KIXCIE,salt,1
KIXCOK,salt,1
KIXGII,salt,1
KIXHEE,cocrystal,2
KIXJIK,salt,1
KIXJUW,salt,1
KIXJUX,hydrate,3
KIXLAE,hydrate,3
KIXLIN,hydrate,3
KIXMUD,salt,1
KIXNAK,salt,1
KIXNEO,salt,1
KIXPUG,cocrystal,2
KIXVES,cocrystal,2
KIXWEV,salt,1
KIXWIZ,salt,1
KIXXEW,salt,1
KIYDON,salt,1
KIYDUT,salt,1
KIYFAB,salt,1
KIYFED,salt,1
KIYFEF,salt,1
KIYFEH,hydrate,3
KIYFIH,salt,1
KIYFIJ,hydrate,3
KIYLOX,cocrystal,2
KIYLUD,salt,1
KIYWOI,salt,1
KIYYEX,salt,1
KIYYIB,salt,1
KIYZAX,cocrystal,2
KIYZEB,hydrate,3
KIZLOV,hydrate,3
KIZNIQ,salt,1
KIZVAQ,cocrystal,2
KIZXEW,hydrate,3
KIZYAV,cocrystal,2
KIZYEZ,cocrystal,2
KIZYID,cocrystal,2
KIZYOJ,cocrystal,2
KIZYUP,salt,1
KIZZAW,cocrystal,2
KIZZIE,salt,1
KIZZUQ,salt,1
KNMYSL,hydrate,3
KOBBAG,salt,1
KOBBEK,salt,1
KOBBIO,hydrate,3
KOBBOU,salt,1
KOBFIQ,cocrystal,2
KOBGER,salt,1
KOBGIS,salt,1
KOBGIV,salt,1
KOBGOB,salt,1
KOBHAO,salt,1
KOBHES,salt,1
KOBHIW,salt,1
KOBHOC,salt,1
KOBLUM,salt,1
KOBMAP,salt,1
KOBNAQ,salt,1
KOBNOE,salt,1
KOBXUU,salt,1
KOCDIS,hydrate,3
KOCHOZ,cocrystal,2
KOCHUF,cocrystal,2
KOCJAN,cocrystal,2
KOCJOB,salt,1
KOCKOD,salt,1
KOCKUJ,salt,1
KOCWUX,salt,1
KODJES,cocrystal,2
KODKET,salt,1
KODKIX,salt,1
KODLAT,hydrate,3
KODLUM,salt,1
KODMEX,salt,1
KODMIB,solvate,4
KODMOH,salt,1
KODMUN,salt,1
KODNAU,solvate,4
KODNEY,salt,1
KODNIC,salt,1
KODNOI,salt,1
KODNUO,salt,1
KODPID,salt,1
KODPOJ,hydrate,3
KODQEA,solvate,4
KODVAB,cocrystal,2
KODVAC,salt,1
KODVEG,salt,1
KODVOQ,hydrate,3
KODWEF,cocrystal,2
KODWIJ,cocrystal,2
KODXUY,cocrystal,2
KODYIM,hydrate,3
KOFBUE,salt,1
KOFCAL,hydrate,3
KOFCEP,salt,1
KOFCIT,hydrate,3
KOFCUE,salt,1
KOFFAM,salt,1
KOFFAO,salt,1
KOFFES,hydrate,3
KOFFOB,cocrystal,2
KOFGOC,salt,1
KOFJIA,salt,1
KOFLAU,salt,1
KOFMUO,salt,1
KOFNAV,salt,1
KOFPAW,hydrate,3
KOFXIP,cocrystal,2
KOFZOW,salt,1
KOGDEP,cocrystal,2
KOGPEB,hydrate,3
KOGSAA,hydrate,3
KOGSEE,cocrystal,2
KOGSEF,cocrystal,2
KOGSII,cocrystal,2
KOGSOO,cocrystal,2
KOGTUV,hydrate,3
KOGVAD,hydrate,3
KOHMID,salt,1
KOHMOJ,salt,1
KOHPOM,solvate,4
KOHPUS,salt,1
KOHQOQ,salt,1
KOHXOW,salt,1
KOHYAJ,cocrystal,2
KOJDOF,salt,1
KOJDUL,salt,1
KOJFAT,hydrate,3
KOJFEX,salt,1
KOJGOG,solvate,4
KOKBER,salt,1
KOKFEV,salt,1
KOKFIZ,salt,1
KOKHAV,hydrate,3
KOKRAD,salt,1
KOKTAH,hydrate,3
KOKTEL,salt,1
KOLDIZ,solvate,4
KOLDUL,solvate,4
KOLKAY,salt,1
KOLKEC,salt,1
KOLKIG,salt,1
KOLKOM,salt,1
KOLLUT,salt,1
KOLMAA,salt,1
KOLSEK,cocrystal,2
KOLSIO,solvate,4
KOLSOU,solvate,4
KOLTUB,hydrate,3
KOLVAJ,hydrate,3
KOLWAJ,salt,1
KOMBEV,solvate,4
KOMMEF,solvate,4
KOMSAG,cocrystal,2
KOMTIQ,salt,1
KOMTIS,salt,1
KOMTUC,salt,1
KOMVIS,cocrystal,2
KOMZOC,salt,1
KOMZUI,salt,1
KONBAR,salt,1
KONBEV,salt,1
KONKEG,cocrystal,2
KONVEO,cocrystal,2
KONWOB,hydrate,3
KONYIX,salt,1
KOPJUW,cocrystal,2
KOPKEH,cocrystal,2
KOPYET,cocrystal,2
KOQGEC,salt,1
KOQGIG,salt,1
KORBEB,cocrystal,2
KORDED,hydrate,3
KORGUV,solvate,4
KORHAD,cocrystal,2
KORNOW,salt,1
KORTET,cocrystal,2
KORTIX,cocrystal,2
KORTOD,cocrystal,2
KORTUJ,cocrystal,2
KORVAR,cocrystal,2
KORVEV,cocrystal,2
KORVIZ,cocrystal,2
KOSBOJ,salt,1
KOSGIL,solvate,4
KOSHIJ,cocrystal,2
KOSRES,solvate,4
KOSRIW,salt,1
KOSSOD,cocrystal,2
KOSXUL,cocrystal,2
KOSYIA,salt,1
KOSYOG,hydrate,3
KOTGAE,hydrate,3
KOTMAJ,solvate,4
KOTMEN,solvate,4
KOTMOX,solvate,4
KOTNIS,solvate,4
KOTNOY,solvate,4
KOTNUE,solvate,4
KOTPEO,cocrystal,2
KOTXUO,salt,1
KOVBII,cocrystal,2
KOVDUU,salt,1
KOVJIO,solvate,4
KOVLIS,solvate,4
KOVLOY,solvate,4
KOVLUE,solvate,4
KOVNOB,hydrate,3
KOVNUH,hydrate,3
KOVPOC,hydrate,3
KOVRUK,salt,1
KOVSAR,cocrystal,2
KOVSEV,cocrystal,2
KOVSIZ,cocrystal,2
KOVSOF,cocrystal,2
KOVTAS,hydrate,3
KOVTOG,solvate,4
KOVTUM,solvate,4
KOWLIR,salt,1
KOWTUO,salt,1
KOWVAW,salt,1
KOWVIE,cocrystal,2
KOWXIG,cocrystal,2
KOWYEC,salt,1
KOWZUR,salt,1
KOXDAF,salt,1
KOXDOT,cocrystal,2
KOXDUZ,cocrystal,2
KOXFAH,cocrystal,2
KOXPIW,cocrystal,2
KOXSEY,cocrystal,2
KOXTAU,cocrystal,2
KOXWEB,hydrate,3
KOYCEG,salt,1
KOYCUY,cocrystal,2
KOYDAF,salt,1
KOYJUG,cocrystal,2
KOYKAN,cocrystal,2
KOYKER,cocrystal,2
KOYKIV,cocrystal,2
KOYLAO,cocrystal,2
KOYRUN,hydrate,3
KOYVAV,salt,1
KOYWAW,salt,1
KOZJOY,cocrystal,2
KOZJUE,cocrystal,2
KOZKAL,cocrystal,2
KOZKIT,cocrystal,2
KOZPUN,hydrate,3
KOZRUP,salt,1
KOZSUP,salt,1
KOZTAW,salt,1
KOZTEA,salt,1
KOZTIF,salt,1
KOZZAD,cocrystal,2
KRLAPY,cocrystal,2
KUBCOC,salt,1
KUBGUM,salt,1
KUBHEW,salt,1
KUBLEA,salt,1
KUBNED,salt,1
KUBPOP,hydrate,3
KUBSAE,salt,1
KUBSEI,hydrate,3
KUBSUY,salt,1
KUBTEJ,salt,1
KUBTIN,salt,1
KUBTOT,salt,1
KUBXUD,cocrystal,2
KUBYEO,hydrate,3
KUCCUG,cocrystal,2
KUCDAN,cocrystal,2
KUCGAS,cocrystal,2
KUCGIA,cocrystal,2
KUCJAT,cocrystal,2
KUCPED,salt,1
KUCPIH,salt,1
KUCPON,hydrate,3
KUCQEG,cocrystal,2
KUCRUX,hydrate,3
KUCSAE,salt,1
KUCSIM,hydrate,3
KUCZEP,salt,1
KUDFIA,salt,1
KUDFUM,salt,1
KUDJUQ,salt,1
KUDRUZ,cocrystal,2
KUDXIS,salt,1
KUDYOX,salt,1
KUDYUD,salt,1
KUDZER,salt,1
KUDZIV,salt,1
KUDZUH,hydrate,3
KUFBIX,salt,1
KUFBIY,hydrate,3
KUFBOC,salt,1
KUFBOD,hydrate,3
KUFBUI,salt,1
KUFBUJ,salt,1
KUFCAP,salt,1
KUFRUZ,hydrate,3
KUFTAH,hydrate,3
KUFTIO,hydrate,3
KUFTOU,hydrate,3
KUFWEO,salt,1
KUFWOZ,cocrystal,2
KUGCUK,cocrystal,2
KUGGOL,salt,1
KUGKIH,cocrystal,2
KUGKUV,cocrystal,2
KUGLAC,cocrystal,2
KUHCUL,salt,1
KUHDOG,solvate,4
KUHNIK,salt,1
KUJDEA,salt,1
KUJDIE,salt,1
KUJFIF,salt,1
KUJKUV,salt,1
KUJLAC,salt,1
KUJNEK,salt,1
KUJNIO,salt,1
KUJNIP,solvate,4
KUJNOU,salt,1
KUJNUA,salt,1
KUJPAI,salt,1
KUJPEL,salt,1
KUJPEM,salt,1
KUJPEN,cocrystal,2
KUJPIP,salt,1
KUJPIQ,salt,1
KUJPOW,salt,1
KUJPUD,hydrate,3
KUJQAJ,salt,1
KUJQEN,hydrate,3
KUJQIR,salt,1
KUJYIY,hydrate,3
KUJYOD,solvate,4
KUKCIC,salt,1
KUKCOI,salt,1
KUKCUO,salt,1
KUKMAG,salt,1
KUKSEP,salt,1
KUKYUM,salt,1
KUKZEX,hydrate,3
KULBAV,salt,1
KULBEZ,salt,1
KULJIN,solvate,4
KULJOT,solvate,4
KULJUZ,cocrystal,2
KULLUB,salt,1
KULMAI,salt,1
KULMOU,cocrystal,2
KULMUA,cocrystal,2
KULQOY,solvate,4
KULSOA,salt,1
KULXOG,salt,1
KUMCEB,salt,1
KUMLAH,salt,1
KUMRER,cocrystal,2
KUMROZ,cocrystal,2
KUMTEU,salt,1
KUMYOI,cocrystal,2
KUNBIH,salt,1
KUNTUK,cocrystal,2
KUPBAB,salt,1
KUPKAK,salt,1
KUPMIU,salt,1
KUPPOA,salt,1
KUPVAV,salt,1
KUPZAY,hydrate,3
KUQPUI,cocrystal,2
KUQQUJ,salt,1
KUQRAQ,salt,1
KUQREU,salt,1
KUQRIY,salt,1
KUQROE,salt,1
KUQWIF,cocrystal,2
KUQWOL,cocrystal,2
KUQWUR,cocrystal,2
KUQXAY,cocrystal,2
KUQXIG,cocrystal,2
KUQXOM,cocrystal,2
KUQXUS,cocrystal,2
KUQYED,cocrystal,2
KUQYUT,cocrystal,2
KUQZII,cocrystal,2
KUQZOO,cocrystal,2
KUQZUU,cocrystal,2
KURBOR,cocrystal,2
KURBUV,salt,1
KURCEG,cocrystal,2
KURCUW,salt,1
KURGEL,salt,1
KURGOU,cocrystal,2
KURGUA,salt,1
KURMAN,cocrystal,2
KURVUR,salt,1
KUSGEN,cocrystal,2
KUSGUD,salt,1
KUSNOC,hydrate,3
KUSTUO,salt,1
KUSYON,hydrate,3
KUSZAA,salt,1
KUTBUX,salt,1
KUTCAE,salt,1
KUTFUA,hydrate,3
KUTGIS,hydrate,3
KUTJAM,hydrate,3
KUTJIU,salt,1
KUTPOG,salt,1
KUTPUM,salt,1
KUTQAT,salt,1
KUTQEW,salt,1
KUTQEX,salt,1
KUTREX,hydrate,3
KUTRIB,hydrate,3
KUTTAW,salt,1
KUTXEF,salt,1
KUTXUT,salt,1
KUTZUV,solvate,4
KUVJOB,hydrate,3
KUVLAP,salt,1
KUVQAW,hydrate,3
KUVSIG,salt,1
KUVXAA,cocrystal,2
KUVXII,cocrystal,2
KUVXIL,salt,1
KUVYOR,cocrystal,2
KUWDEL,cocrystal,2
KUWDIP,cocrystal,2
KUWDOV,cocrystal,2
KUWHAN,cocrystal,2
KUWHER,cocrystal,2
KUWHIV,cocrystal,2
KUWHOA,salt,1
KUWNAT,cocrystal,2
KUWNEX,cocrystal,2
KUWNIB,cocrystal,2
KUWNUN,cocrystal,2
KUWPEZ,cocrystal,2
KUWPID,cocrystal,2
KUWPOJ,cocrystal,2
KUWPUP,cocrystal,2
KUWQEA,cocrystal,2
KUWQIE,cocrystal,2
KUWQOK,cocrystal,2
KUWQUQ,cocrystal,2
KUWRAX,cocrystal,2
KUWREB,cocrystal,2
KUWRIF,cocrystal,2
KUWVEF,cocrystal,2
KUWVIJ,cocrystal,2
KUWYOS,cocrystal,2
KUXBEM,cocrystal,2
KUXBIQ,cocrystal,2
KUXBOW,cocrystal,2
KUXBUC,cocrystal,2
KUXRAY,salt,1
KUXREA,salt,1
KUXSEB,salt,1
KUXTIH,cocrystal,2
KUXWIM,salt,1
KUXZEK,cocrystal,2
KUYKOE,salt,1
KUYKUK,salt,1
KUYYAH,salt,1
KUYYIO,solvate,4
KUYZUA,salt,1
KUZBEN,cocrystal,2
KUZGIW,cocrystal,2
KUZGOD,salt,1
KUZMIC,salt,1
KUZPAX,hydrate,3
KUZQOM,hydrate,3
KUZSOO,cocrystal,2
KUZSUU,cocrystal,2
KUZVEH,solvate,4
KUZVOR,salt,1
KUZWUY,salt,1
KUZYAI,salt,1
KUZYEM,cocrystal,2
KUZZAH,cocrystal,2
KUZZUB,cocrystal,2
LABGOK,cocrystal,2
LABJIH,cocrystal,2
LABJUX,salt,1
LABKAE,salt,1
LABKIM,hydrate,3
LABKOS,hydrate,3
LABQIR,salt,1
LABQOX,salt,1
LABRUB,salt,1
LABSAI,salt,1
LABSEP,salt,1
LABSOW,salt,1
LABVIT,salt,1
LABVOZ,cocrystal,2
LABXOB,salt,1
LABYIW,salt,1
LABYOC,salt,1
LABYOG,salt,1
LABZAP,salt,1
LACBAS,hydrate,3
LACDIC,cocrystal,2
LACKAB,cocrystal,2
LACLOQ,salt,1
LACPUA,salt,1
LACPUB,salt,1
LACQAH,salt,1
LACQAI,salt,1
LACQEL,salt,1
LACSUG,cocrystal,2
LACTAN,cocrystal,2
LACTEO,salt,1
LACTER,cocrystal,2
LACTIS,cocrystal,2
LACTIV,cocrystal,2
LACTOB,cocrystal,2
LACTOC,salt,1
LACTUH,cocrystal,2
LACVAP,cocrystal,2
LACVET,hydrate,3
LACVOB,salt,1
LACVUH,salt,1
LACVUJ,salt,1
LACWEU,cocrystal,2
LACWIY,cocrystal,2
LADBAW,cocrystal,2
LADBEZ,salt,1
LADBID,salt,1
LADBIE,cocrystal,2
LADBOJ,salt,1
LADBUP,salt,1
LADCAW,cocrystal,2
LADCEA,cocrystal,2
LADCIE,cocrystal,2
LADCUQ,cocrystal,2
LADDAX,cocrystal,2
LADDEB,cocrystal,2
LADFII,salt,1
LADFOO,salt,1
LADVEV,cocrystal,2
LADWEW,cocrystal,2
LAFCAW,cocrystal,2
LAFCEA,cocrystal,2
LAFCUS,hydrate,3
LAFHAF,salt,1
LAFHEJ,solvate,4
LAFLEJ,salt,1
LAFQAM,cocrystal,2
LAFQIU,salt,1
LAFRES,solvate,4
LAFTUL,salt,1
LAFXAV,hydrate,3
LAGDIG,hydrate,3
LAGDUS,salt,1
LAGFAA,salt,1
LAGGEH,salt,1
LAGGEI,cocrystal,2
LAGKIP,salt,1
LAGKOV,salt,1
LAGNAI,cocrystal,2
LAGQAP,salt,1
LAGSOE,cocrystal,2
LAGSUK,hydrate,3
LAGTAR,cocrystal,2
LAGTEV,salt,1
LAGTIZ,salt,1
LAGTOF,salt,1
LAGVAU,cocrystal,2
LAGVEY,cocrystal,2
LAGYAX,solvate,4
LAHFEJ,cocrystal,2
LAHFIN,cocrystal,2
LAHFOT,cocrystal,2
LAHFUZ,cocrystal,2
LAHGOS,salt,1
LAHHAH,cocrystal,2
LAHHEL,cocrystal,2
LAHKUC,cocrystal,2
LAHLEP,salt,1
LAHLIT,salt,1
LAHNER,hydrate,3
LAHQAM,salt,1
LAHZOJ,hydrate,3
LAJDAB,hydrate,3
LAJDAD,cocrystal,2
LAJHEL,salt,1
LAJHIP,salt,1
LAJHOV,salt,1
LAJHUB,salt,1
LAJJAL,salt,1
LAJJIT,salt,1
LAJJOZ,salt,1
LAJJUF,hydrate,3
LAJYED,cocrystal,2
LAJZEF,cocrystal,2
LAJZIJ,cocrystal,2
LAKDEK,cocrystal,2
LAKGAH,salt,1
LAKGUZ,salt,1
LAKLOC,cocrystal,2
LAKLUI,cocrystal,2
LAKMAP,cocrystal,2
LAKMET,cocrystal,2
LAKTAW,salt,1
LAKTIE,hydrate,3
LAKTOG,hydrate,3
LAKVUO,cocrystal,2
LAKXAW,cocrystal,2
LAKXUS,cocrystal,2
LAKZII,solvate,4
LALCOQ,salt,1
LALVED,cocrystal,2
LALVIH,salt,1
LALVOJ,hydrate,3
LALWEB,salt,1
LALZAZ,salt,1
LAMQAR,salt,1
LAMQAS,cocrystal,2
LAMQIA,hydrate,3
LAMSOI,hydrate,3
LAMTAV,salt,1
LAMXUT,salt,1
LAMYAA,salt,1
LANLAO,salt,1
LANMEU,salt,1
LANQUO,hydrate,3
LANWAA,salt,1
LANXOP,salt,1
LANYIK,cocrystal,2
LAPFAL,hydrate,3
LAPFIR,salt,1
LAPKUJ,cocrystal,2
LAPLAQ,cocrystal,2
LAPLEU,cocrystal,2
LAPLIY,cocrystal,2
LAPLOE,cocrystal,2
LAPMUL,salt,1
LAPMUO,hydrate,3
LAPNAS,salt,1
LAPNEW,salt,1
LAPNIA,salt,1
LAPNOG,salt,1
LAPPEY,salt,1
LAPPIC,salt,1
LAPSAX,cocrystal,2
LAPSEB,cocrystal,2
LAPTAZ,salt,1
LAPTUS,cocrystal,2
LAPVAA,cocrystal,2
LAPXAC,salt,1
LAPZOT,salt,1
LAQDAK,salt,1
LAQDIR,salt,1
LAQGOA,salt,1
LAQMIB,salt,1
LAQQEB,hydrate,3
LAQQED,salt,1
LAQQUR,hydrate,3
LAQXIK,salt,1
LAQXIM,cocrystal,2
LAQYAD,solvate,4
LARASC20,salt,1
LARGPH,hydrate,3
LARKIB,salt,1
LARPON,salt,1
LARVUY,cocrystal,2
LARXAG,salt,1
LARXEK,salt,1
LARXIO,salt,1
LASGOD,cocrystal,2
LASGUJ,cocrystal,2
LASHEW,salt,1
LASVIL,cocrystal,2
LASWAH,salt,1
LASWIL,salt,1
LASYIO,salt,1
LASZUC,cocrystal,2
LATBAL,cocrystal,2
LATBEP,cocrystal,2
LATBIT,hydrate,3
LATBOZ,hydrate,3
LATCIU,hydrate,3
LATCOA,hydrate,3
LATCOY,cocrystal,2
LATCUE,cocrystal,2
LATCUG,hydrate,3
LATDAN,hydrate,3
LATDER,hydrate,3
LATDIV,hydrate,3
LATDOZ,salt,1
LATDUF,salt,1
LATFOD,hydrate,3
LATFUJ,cocrystal,2
LATGAQ,cocrystal,2
LATGEU,cocrystal,2
LATGIY,cocrystal,2
LATGOE,cocrystal,2
LATGUK,cocrystal,2
LATHAR,cocrystal,2
LATHEV,cocrystal,2
LATHIZ,cocrystal,2
LATHOF,cocrystal,2
LATHUL,cocrystal,2
LATKOI,cocrystal,2
LATKUN,cocrystal,2
LATKUO,cocrystal,2
LATLAU,cocrystal,2
LATLAV,cocrystal,2
LATLEZ,cocrystal,2
LATLIC,cocrystal,2
LATLOI,cocrystal,2
LATQEE,cocrystal,2
LATQII,cocrystal,2
LATQOO,cocrystal,2
LATRAB,cocrystal,2
LATREF,cocrystal,2
LATRIJ,cocrystal,2
LATRUV,cocrystal,2
LATSAC,cocrystal,2
LATSEG,cocrystal,2
LATSUW,salt,1
LATTAD,cocrystal,2
LATTIL,cocrystal,2
LATZIT,cocrystal,2
LATZOV,salt,1
LAVGIC,hydrate,3
LAVGOE,cocrystal,2
LAVLAY,cocrystal,2
LAVLEC,cocrystal,2
LAVLIG,cocrystal,2
LAVMED,salt,1
LAVMIH,salt,1
LAVMON,salt,1
LAVNUV,salt,1
LAVQAB,salt,1
LAVQEF,salt,1
LAVQOP,salt,1
LAVQUV,salt,1
LAVRAC,salt,1
LAVREG,salt,1
LAVRIK,salt,1
LAVROQ,salt,1
LAVRUW,salt,1
LAVXIR,hydrate,3
LAVZOY,salt,1
LAVZUF,cocrystal,2
LAWBER,cocrystal,2
LAWKIE,cocrystal,2
LAWLEE,salt,1
LAWLIE,salt,1
LAWVEL,hydrate,3
LAWVIP,hydrate,3
LAWVIQ,salt,1
LAWVOV,cocrystal,2
LAWVUB,hydrate,3
LAWWAI,hydrate,3
LAWWEM,cocrystal,2
LAWWIQ,hydrate,3
LAWWOW,cocrystal,2
LAXJOM,cocrystal,2
LAXQAC,salt,1
LAXYOY,salt,1
LAYCAP,salt,1
LAYDAQ,salt,1
LAYDUK,salt,1
LAYFEW,salt,1
LAYGAT,salt,1
LAYGEY,cocrystal,2
LAYGOL,cocrystal,2
LAYGUN,salt,1
LAYHEY,salt,1
LAYJUQ,salt,1
LAYKAX,salt,1
LAYLEG,solvate,4
LAYLIK,cocrystal,2
LAYPOQ,solvate,4
LAYRIN,solvate,4
LAYROT,salt,1
LAYRUZ,solvate,4
LAYSAG,solvate,4
LAYSEK,solvate,4
LAYSOW,salt,1
LAYSUA,salt,1
LAYTIP,hydrate,3
LAYTOV,solvate,4
LAYTOY,hydrate,3
LAYTUB,salt,1
LAYYOB,salt,1
LAYYUH,salt,1
LAZFOH,salt,1
LAZGUO,salt,1
LAZHID,salt,1
LAZLAZ,solvate,4
LAZPIO,cocrystal,2
LAZREK,salt,1
LAZROU,salt,1
LAZRUA,salt,1
LAZTOW,salt,1
LAZVIU,cocrystal,2
LAZXES,cocrystal,2
LAZXIW,cocrystal,2
LAZXOC,cocrystal,2
LEBBIH,salt,1
LEBBON,salt,1
LEBBUT,salt,1
LEBCEA,salt,1
LEBTOF,salt,1
LEBVAS01,salt,1
LEBVIB,cocrystal,2
LEBVOH,cocrystal,2
LEBWAQ,salt,1
LEBWAR,salt,1
LECCIF,salt,1
LECCOL,salt,1
LECCOP,salt,1
LECDOP,cocrystal,2
LECDUV,cocrystal,2
LECFAD,cocrystal,2
LECVEW,salt,1
LECVIA,salt,1
LECVOG,salt,1
LECVUM,salt,1
LECWIC,salt,1
LECWOI,salt,1
LEDBEC,cocrystal,2
LEDBIG,cocrystal,2
LEDJIO,cocrystal,2
LEDXOJ,cocrystal,2
LEDYEY,salt,1
LEDYUQ,cocrystal,2
LEDZOJ,salt,1
LEFCIL,salt,1
LEFCOR,salt,1
LEFDEI,salt,1
LEFGOU,hydrate,3
LEFHIN,solvate,4
LEFHIP,salt,1
LEFHOV,salt,1
LEFHUD,solvate,4
LEFKAK,cocrystal,2
LEFLAL,salt,1
LEFQUK,cocrystal,2
LEFSAS,salt,1
LEFSUO,cocrystal,2
LEFTAV,cocrystal,2
LEFWUQ,salt,1
LEFZIH,hydrate,3
LEGBEI,salt,1
LEGPAR,cocrystal,2
LEGPIY,cocrystal,2
LEGRAU,salt,1
LEGVAW,salt,1
LEGVIE,salt,1
LEGWIF,salt,1
LEGYEE,hydrate,3
LEHBOT,hydrate,3
LEHFUA,solvate,4
LEHMIV,cocrystal,2
LEHSAT,hydrate,3
LEHTIC,salt,1
LEHWUU,cocrystal,2
LEHYEF,salt,1
LEHYOQ,cocrystal,2
LEHYUW,cocrystal,2
LEHZAD,cocrystal,2
LEJBUA,cocrystal,2
LEJDAJ,cocrystal,2
LEJDIR,cocrystal,2
LEJGAM,salt,1
LEJGIU,salt,1
LEJLUJ,cocrystal,2
LEJMEU,salt,1
LEJMOE,cocrystal,2
LEJQID,salt,1
LEJRIB,salt,1
LEJROH,cocrystal,2
LEJRUN,salt,1
LEJYEH,salt,1
LEJYIJ,salt,1
LEJZEG,salt,1
LEKBOV,solvate,4
LEKCUC,salt,1
LEKKOF,salt,1
LEKKUL,salt,1
LEKLAS,salt,1
LEKLEW,salt,1
LEKMEX,hydrate,3
LEKPOG,salt,1
LEKPUM,salt,1
LEKQEB,hydrate,3
LEKQIF,cocrystal,2
LEKRIC,salt,1
LEKROI,salt,1
LEKRUO,salt,1
LEKSAV,salt,1
LEKYIN,salt,1
LELJIW,hydrate,3
LELJOC,salt,1
LELJOE,salt,1
LELNOG,salt,1
LELPIF,salt,1
LELWII,cocrystal,2
LELWOO,salt,1
LELWUU,salt,1
LEMDUC,hydrate,3
LEMGOC,cocrystal,2
LEMHIU,cocrystal,2
LEMJES,cocrystal,2
LEMNAV,salt,1
LEMPAX,salt,1
LEMPAY,salt,1
LEMPIF,salt,1
LEMRON,salt,1
LEMVAC,hydrate,3
LEMYAD,salt,1
LEMYEH,salt,1
LENBIR,salt,1
LENBOZ,hydrate,3
LENBUD,salt,1
LENBUF,hydrate,3
LENDOB,salt,1
LENDUH,salt,1
LENFAL,salt,1
LENGAM,salt,1
LENGOA,cocrystal,2
LENHAN,salt,1
LENKEV,salt,1
LENMEW,salt,1
LENNIB,salt,1
LENQEA,salt,1
LENYOV,solvate,4
LENYUB,solvate,4
LENYUZ,hydrate,3
LEPCES,cocrystal,2
LEPCIW,cocrystal,2
LEPDAP,cocrystal,2
LEPDIU,cocrystal,2
LEPFES,salt,1
LEPFOF,hydrate,3
LEPQUT,salt,1
LEPVIM,salt,1
LEPXUB,salt,1
LEPYEM,salt,1
LEPZUC,cocrystal,2
LEQBAL,solvate,4
LEQDOD,salt,1
LEQLUP,salt,1
LEQMON,solvate,4
LEQSAF,salt,1
LEQSUZ,salt,1
LEQVOS,salt,1
LEQXAG,cocrystal,2
LEQYOX,salt,1
LERFOH,cocrystal,2
LERKAY,salt,1
LERKOK,salt,1
LERKUQ,salt,1
LERSIN,cocrystal,2
LERVAG,cocrystal,2
LERVEK,cocrystal,2
LERVIO,cocrystal,2
LERVUA,cocrystal,2
LERWAH,cocrystal,2
LERWIP,cocrystal,2
LERWOV,cocrystal,2
LERWUB,cocrystal,2
LERXUC,salt,1
LERYAJ,salt,1
LESBOC,cocrystal,2
LESCOE,salt,1
LESGOJ,cocrystal,2
LESJAV,salt,1
LESMIH,salt,1
LESRIL,salt,1
LESRIM,salt,1
LESVEM,salt,1
LESYIT,salt,1
LETBIX,cocrystal,2
LETBOF,salt,1
LETBUJ,salt,1
LETBUL,hydrate,3
LETCIW,salt,1
LETDUJ,salt,1
LETGIA,salt,1
LETJAZ,salt,1
LETJON,salt,1
LETJUT,cocrystal,2
LETKAA,hydrate,3
LETLAZ,salt,1
LETSAG,cocrystal,2
LETSEK,hydrate,3
LETXEN,salt,1
LEVWER,solvate,4
LEWBAR,cocrystal,2
LEWBEV,cocrystal,2
LEWJIG,cocrystal,2
LEWJOM,cocrystal,2
LEWLIJ,salt,1
LEWLOP,solvate,4
LEWNAG,salt,1
LEWPOS,salt,1
LEWPUY,cocrystal,2
LEWQOV,salt,1
LEWQUB,hydrate,3
LEWQUZ,salt,1
LEWRAG,cocrystal,2
LEWREK,cocrystal,2
LEWRIO,cocrystal,2
LEWROU,salt,1
LEWROY,cocrystal,2
LEWRUA,salt,1
LEWSUD,cocrystal,2
LEWTAK,cocrystal,2
LEWVES,salt,1
LEWYIX,hydrate,3
LEWZEU,salt,1
LEXCEA,salt,1
LEXGAA,cocrystal,2
LEXKEI,salt,1
LEXKOS,salt,1
LEXNAH,salt,1
LEXNEL,salt,1
LEXPIQ,cocrystal,2
LEXPIR,hydrate,3
LEXPOW,hydrate,3
LEXQAJ,cocrystal,2
LEXQEM,cocrystal,2
LEXQIQ,cocrystal,2
LEXQOW,cocrystal,2
LEXQUC,hydrate,3
LEXXIX,salt,1
LEXYAP,hydrate,3
LEYFOK,solvate,4
LEYKOT,salt,1
LEYTOA,salt,1
LEYTOB,salt,1
LEZHIH,hydrate,3
LEZHON,hydrate,3
LEZJIH,salt,1
LEZKEI,cocrystal,2
LEZMEI,salt,1
LEZNAG,salt,1
LEZNEK,salt,1
LEZPIQ,cocrystal,2
LEZPOW,cocrystal,2
LEZPUC,cocrystal,2
LEZQAJ,cocrystal,2
LEZQUE,cocrystal,2
LEZQUF,hydrate,3
LEZRIS,salt,1
LEZRUG,cocrystal,2
LEZSUI,cocrystal,2
LEZTAP,cocrystal,2
LEZTET,cocrystal,2
LEZTUJ,cocrystal,2
LGPYRG,hydrate,3
LHLASP01,hydrate,3
LIBBED,salt,1
LIBKEQ,salt,1
LIBKOA,hydrate,3
LIBKUG,hydrate,3
LIBMAO,hydrate,3
LIBMES,salt,1
LIBPOE,salt,1
LIBPUK,hydrate,3
LIBTUN,salt,1
LIBXUR,solvate,4
LIBYAX,salt,1
LIBYAY,salt,1
LIBYEC,hydrate,3
LICBAC,cocrystal,2
LICBEG,cocrystal,2
LICBIK,cocrystal,2
LICDEK,cocrystal,2
LICJUD,cocrystal,2
LICLAL,salt,1
LICLEP,salt,1
LICMOC,salt,1
LICMUH,hydrate,3
LICPIY,salt,1
LICPOE,salt,1
LICTAU,salt,1
LIDCAE,hydrate,3
LIDGOX,salt,1
LIDKOZ,salt,1
LIDMIX,cocrystal,2
LIDMOD,cocrystal,2
LIDMUJ,cocrystal,2
LIDNAQ,cocrystal,2
LIDNEU,cocrystal,2
LIDNIY,cocrystal,2
LIDNOE,hydrate,3
LIDNPP,salt,1
LIDNUK,cocrystal,2
LIDPAS,hydrate,3
LIDPEV,solvate,4
LIDPEW,cocrystal,2
LIDPIA,cocrystal,2
LIDPOG,cocrystal,2
LIDPUM,cocrystal,2
LIDQAT,cocrystal,2
LIDQEX,cocrystal,2
LIDQIB,cocrystal,2
LIDQOH,cocrystal,2
LIDQUN,cocrystal,2
LIDRAU,cocrystal,2
LIDREY,hydrate,3
LIDTEB,cocrystal,2
LIDVAW,cocrystal,2
LIDYIG,salt,1
LIDYOM,salt,1
LIFJAO,cocrystal,2
LIFPOI,cocrystal,2
LIFQID,salt,1
LIFZAC,salt,1
LIGBIO,salt,1
LIGDUC,salt,1
LIGFUE,cocrystal,2
LIGJOA,salt,1
LIGKET,salt,1
LIGKIX,salt,1
LIGKOD,salt,1
LIGKUJ,salt,1
LIGLAQ,hydrate,3
LIGLEU,hydrate,3
LIGLIY,salt,1
LIGNAT,cocrystal,2
LIGNEW,salt,1
LIGNEX,salt,1
LIGNIA,salt,1
LIGNIB,cocrystal,2
LIGNOG,salt,1
LIGNOH,cocrystal,2
LIGNUN,salt,1
LIGPAV,cocrystal,2
LIGPEZ,salt,1
LIGPID,hydrate,3
LIGPOJ,cocrystal,2
LIGTAX,cocrystal,2
LIGTEA,salt,1
LIGTIH,salt,1
LIGTON,salt,1
LIGWUT,salt,1
LIGXAA,salt,1
LIGXEE,hydrate,3
LIGXEG,salt,1
LIGYAD,salt,1
LIGYOR,cocrystal,2
LIGZIL,salt,1
LIGZOR,salt,1
LIGZUX,salt,1
LIHBAG,salt,1
LIHBEK,salt,1
LIHBIO,salt,1
LIHGAL,salt,1
LIHHAM,salt,1
LIHKUK,solvate,4
LIHMAS,salt,1
LIHQAW,salt,1
LIHWUV,cocrystal,2
LIHXIM,salt,1
LIJGAN,hydrate,3
LIJHAO,hydrate,3
LIJMUP,salt,1
LIJNAT,salt,1
LIJNAW,hydrate,3
LIJNEX,salt,1
LIJQUT,cocrystal,2
LIJTIJ,cocrystal,2
LIJXAG,salt,1
LIJXOU,salt,1
LIJZAH,salt,1
LIJZEM,salt,1
LIJZOW,hydrate,3
LIJZUC,salt,1
LIKJIC,salt,1
LIKLIC,salt,1
LIKVOS,salt,1
LIKVUY,solvate,4
LIKWAD,salt,1
LIKWAF,salt,1
LIKWEJ,salt,1
LIKWIN,cocrystal,2
LIKWOT,hydrate,3
LILDOC,hydrate,3
LILDUI,cocrystal,2
LILFIY,hydrate,3
LILGEV,hydrate,3
LILGOF,salt,1
LILHAP,salt,1
LILHIX,salt,1
LILKEW,salt,1
LILKUM,cocrystal,2
LILLEB,cocrystal,2
LILMAW,cocrystal,2
LILMEA,cocrystal,2
LILMIE,cocrystal,2
LILMOK,cocrystal,2
LILMUQ,cocrystal,2
LILXIR,cocrystal,2
LILXOX,cocrystal,2
LILYAK,cocrystal,2
LIMBIU,salt,1
LIMBOA,salt,1
LIMCET,solvate,4
LIMDAP,salt,1
LIMGIY,salt,1
LIMHUO,solvate,4
LIMJAW,solvate,4
LIMJIE,solvate,4
LIMJOK,salt,1
LIMKEB,salt,1
LIMPIG,cocrystal,2
LIMQOR,salt,1
LIMQUX,salt,1
LIMRAE,salt,1
LIMREE,cocrystal,2
LINFIX,cocrystal,2
LINQII,salt,1
LINRIN,hydrate,3
LINROT,salt,1
LINRUZ,solvate,4
LINTUZ,cocrystal,2
LINVAH,cocrystal,2
LINVOT,salt,1
LINZOY,salt,1
LIPBAO,salt,1
LIPDOD,cocrystal,2
LIPDUJ,solvate,4
LIPLUR,solvate,4
LIPSIO,salt,1
LIPSUA,salt,1
LIPTIP,salt,1
LIPWOW,cocrystal,2
LIPWUC,cocrystal,2
LIPXEN,cocrystal,2
LIPXIR,cocrystal,2
LIPXOX,hydrate,3
LIPXUD,cocrystal,2
LIPYAK,cocrystal,2
LIPYEO,cocrystal,2
LIPZOA,hydrate,3
LIPZUG,hydrate,3
LIQFAT,solvate,4
LIQFAU,cocrystal,2
LIQFUO,solvate,4
LIQGAV,solvate,4
LIQGEZ,solvate,4
LIQGID,solvate,4
LIQGOJ,solvate,4
LIQGOK,hydrate,3
LIQGUQ,solvate,4
LIQLEG,cocrystal,2
LIQNAB,salt,1
LIQNUW,solvate,4
LIQPAE,solvate,4
LIQPEI,solvate,4
LIQPIM,solvate,4
LIQPOS,solvate,4
LIQPUY,cocrystal,2
LIQQAF,cocrystal,2
LIQQEJ,cocrystal,2
LIQQIN,cocrystal,2
LIQRUC,cocrystal,2
LIQSIQ,cocrystal,2
LIQSOW,hydrate,3
LIQSUC,cocrystal,2
LIQTIP,hydrate,3
LIRBOF,cocrystal,2
LIRHUS,salt,1
LIRQUY,hydrate,3
LIRSUC,salt,1
LIRWOZ,cocrystal,2
LIRWUF,cocrystal,2
LIRXAM,cocrystal,2
LIRXEQ,cocrystal,2
LIRXIU,cocrystal,2
LIRYUH,hydrate,3
LIRZOC,salt,1
LISCEZ,cocrystal,2
LISDUQ,salt,1
LISFAY,salt,1
LISFOJ,cocrystal,2
LISGAW,cocrystal,2
LISGOL,salt,1
LISJOQ,salt,1
LISJUW,hydrate,3
LISKAD,salt,1
LISKEH,salt,1
LISKIL,salt,1
LISQOW,cocrystal,2
LISYAR,salt,1
LISYIZ,cocrystal,2
LISZES,hydrate,3
LITGEC,cocrystal,2
LITHIF,salt,1
LITNEH,salt,1
LITPIN,salt,1
LITSOX,cocrystal,2
LITTUE,salt,1
LITVAM,salt,1
LITVEQ,salt,1
LITVIU,salt,1
LITVOA,salt,1
LITVUG,salt,1
LITWER,salt,1
LITWIV,salt,1
LITWUH,salt,1
LIVDEA,hydrate,3
LIVRIR,salt,1
LIVVIW,salt,1
LIVXIY,salt,1
LIVYUL,salt,1
LIWCAW,hydrate,3
LIWDOM,salt,1
LIWHAA,salt,1
LIWHEE,salt,1
LIWHOQ,cocrystal,2
LIWHUU,cocrystal,2
LIWRAM,salt,1
LIWREQ,salt,1
LIWRIU,solvate,4
LIWROA,solvate,4
LIWRUG,salt,1
LIWSAN,salt,1
LIXMEL,cocrystal,2
LIXQOY,cocrystal,2
LIXTAO,hydrate,3
LIXTES,hydrate,3
LIXXIC,salt,1
LIXXOI,salt,1
LIXXUO,salt,1
LIXYAV,salt,1
LIXYEZ,salt,1
LIXYID,hydrate,3
LIXYOJ,salt,1
LIYPUF,salt,1
LIYSIV,cocrystal,2
LIYSIW,hydrate,3
LIYTUL,salt,1
LIYXAV,hydrate,3
LIYZAU,salt,1
LIYZEY,salt,1
LIYZOI,salt,1
LIZBEB,salt,1
LIZTEV,salt,1
LIZVIB,cocrystal,2
LIZVOH,cocrystal,2
LIZVUN,cocrystal,2
LIZWAU,salt,1
LIZWIC,cocrystal,2
LIZWOI,hydrate,3
LIZWUO,cocrystal,2
LIZYAV,salt,1
LIZZEC,salt,1
LOBBEM,salt,1
LOBBOU,hydrate,3
LOBFUE,salt,1
LOBGAL,hydrate,3
LOBGOY,salt,1
LOBNUO,solvate,4
LOBPAW,salt,1
LOBQUR,salt,1
LOBWAB,hydrate,3
LOCBAH,hydrate,3
LOCJET,salt,1
LOCJUJ,salt,1
LOCKAQ,salt,1
LOCKEU,cocrystal,2
LOCKIY,salt,1
LOCKOE,salt,1
LOCKUK,salt,1
LOCLOF,salt,1
LOCQIF,cocrystal,2
LOCRIF,salt,1
LOCVOO,cocrystal,2
LOCYEK,salt,1
LOCYIO,salt,1
LODBOX,salt,1
LODCUE,salt,1
LODFAN,cocrystal,2
LODFIV,cocrystal,2
LODGUH,cocrystal,2
LODHES,solvate,4
LODHIX,hydrate,3
LODHOC,hydrate,3
LODHOD,cocrystal,2
LODKUM,cocrystal,2
LODLIB,cocrystal,2
LODLUN,salt,1
LODWEJ,salt,1
LODWOR,salt,1
LODWUX,salt,1
LOFCOA,salt,1
LOFCUE,cocrystal,2
LOFDAL,cocrystal,2
LOFDER01,salt,1
LOFDIV,salt,1
LOFDUH,hydrate,3
LOFFAP,hydrate,3
LOFFIX,hydrate,3
LOFHAQ,cocrystal,2
LOFHEU,cocrystal,2
LOFJEX,solvate,4
LOFJIB,solvate,4
LOFJOF,hydrate,3
LOFJOH,solvate,4
LOFJUN,solvate,4
LOFKIB,cocrystal,2
LOFKOG,hydrate,3
LOFLAV,cocrystal,2
LOFLID,cocrystal,2
LOFMAW,salt,1
LOFMEB,salt,1
LOFNEC,hydrate,3
LOFNIG,hydrate,3
LOFNOM,salt,1
LOFPUT,salt,1
LOFQEE,salt,1
LOFQIJ,salt,1
LOFQOO,hydrate,3
LOFQOP,salt,1
LOFSOR,salt,1
LOFSUX,salt,1
LOGBAM,salt,1
LOGBAN,salt,1
LOGBUG,cocrystal,2
LOGDIW,hydrate,3
LOGDOC,salt,1
LOGFUL,cocrystal,2
LOGLAU,hydrate,3
LOGMOJ,solvate,4
LOGZIR,cocrystal,2
LOHBUI,cocrystal,2
LOHNOM,cocrystal,2
LOHPUU,hydrate,3
LOHQIJ,hydrate,3
LOHQIL,salt,1
LOHQOP,hydrate,3
LOHVAG,salt,1
LOJBOC,salt,1
LOJCES,cocrystal,2
LOJCIW,salt,1
LOJHOH,hydrate,3
LOJJAW,salt,1
LOJLUT,hydrate,3
LOJMAA,salt,1
LOJPIJ,cocrystal,2
LOJQUW,cocrystal,2
LOJRAD,cocrystal,2
LOKFEW,salt,1
LOKFIA,salt,1
LOKFUP,salt,1
LOKGAW,salt,1
LOKGOH,salt,1
LOKGUN,salt,1
LOKJIH,cocrystal,2
LOKRAE,cocrystal,2
LOKVOY,hydrate,3
LOLCUL,solvate,4
LOLDAS,salt,1
LOLDEW,hydrate,3
LOLGUO,solvate,4
LOLQOT,salt,1
LOLROU,solvate,4
LOLSUA,cocrystal,2
LOLWEO,cocrystal,2
LOMGEZ,salt,1
LOMHUR,cocrystal,2
LOMJUT,salt,1
LOMKAA,hydrate,3
LOMTAI,cocrystal,2
LOMTEM,cocrystal,2
LOMTEP,hydrate,3
LOMTIQ,salt,1
LOMTIT,hydrate,3
LOMTOX,salt,1
LOMWAO,hydrate,3
LOMWIW,hydrate,3
LOMZIY,salt,1
LONDOJ,salt,1
LONJEE,hydrate,3
LONNOT,salt,1
LONRAH,salt,1
LONREL,salt,1
LONRIP,salt,1
LONRUB,salt,1
LONSAI,salt,1
LONSEP,salt,1
LONTOY,hydrate,3
LONZEV,salt,1
LOPKEI,salt,1
LOPPUE,salt,1
LOPQAI,salt,1
LOPQEM,cocrystal,2
LOPTIU,salt,1
LOPTOB,hydrate,3
LOPWAQ,hydrate,3
LOPZAT,solvate,4
LOPZUL,cocrystal,2
LOQBAU,cocrystal,2
LOQCEC,cocrystal,2
LOQDAY,salt,1
LOQKOT,salt,1
LOQLAG,hydrate,3
LOQLEK,hydrate,3
LOQLOU,hydrate,3
LOQLUA,hydrate,3
LOQLUZ,salt,1
LOQMEK,salt,1
LOQMIO,salt,1
LOQVOF,salt,1
LOQWAS,salt,1
LOQWIA,salt,1
LOQWUM,salt,1
LOQXEX,salt,1
LOQXOH,salt,1
LOQYAU,salt,1
LOQYIC,salt,1
LOQZEZ,salt,1
LORBAY,salt,1
LORBIG,solvate,4
LORKUA,hydrate,3
LORLIP,hydrate,3
LORMUB,salt,1
LORNEM,salt,1
LORNIQ,salt,1
LORQEP,salt,1
LORQIT,salt,1
LORQUF,salt,1
LORRIU,salt,1
LORWEV,salt,1
LORWIZ,salt,1
LORXIA,cocrystal,2
LORXOG,salt,1
LORXUM,hydrate,3
LORYOI,salt,1
LORZUP,salt,1
LOSCEB,salt,1
LOSCIF,salt,1
LOSCOL,salt,1
LOSGEG,salt,1
LOSHUZ,salt,1
LOSKEL,salt,1
LOSWEV,cocrystal,2
LOTCEE,salt,1
LOVBAZ,cocrystal,2
LOVNOZ,salt,1
LOVXID,cocrystal,2
LOWDEJ,salt,1
LOWDIN,salt,1
LOWDUZ,hydrate,3
LOWFAH,salt,1
LOWFEL,hydrate,3
LOWFIP,salt,1
LOWFOU,cocrystal,2
LOWFOV,salt,1
LOWFUB,salt,1
LOWHEK,cocrystal,2
LOWHIO,cocrystal,2
LOWHUA,cocrystal,2
LOWJUC,cocrystal,2
LOWKAJ,cocrystal,2
LOWNUJ,cocrystal,2
LOWQUL,cocrystal,2
LOWVIE,cocrystal,2
LOWYUU,salt,1
LOWZUU,hydrate,3
LOXFAH,cocrystal,2
LOXFEL,cocrystal,2
LOXFIP,cocrystal,2
LOYDEL,hydrate,3
LOYDIP,hydrate,3
LOYPEW,salt,1
LOYRIC,cocrystal,2
LOYYOP,hydrate,3
LPNECL,salt,1
LSDIBZ,salt,1
LUBBES,salt,1
LUBBOC,salt,1
LUBBUI,hydrate,3
LUBCAP,salt,1
LUBGUK,cocrystal,2
LUBGUM,salt,1
LUBHAR,cocrystal,2
LUBHUN,solvate,4
LUBJAV,solvate,4
LUBWUD,cocrystal,2
LUCDUL,salt,1
LUCFAT,salt,1
LUCQIL,hydrate,3
LUCQOR,salt,1
LUCQUX,salt,1
LUCRAD,salt,1
LUCRAE,salt,1
LUCSUZ,salt,1
LUCTAG,salt,1
LUDCES,cocrystal,2
LUDCOC,cocrystal,2
LUDDET,salt,1
LUDDOD,cocrystal,2
LUDDUJ,salt,1
LUDFUL,cocrystal,2
LUDHAT,salt,1
LUDHEX,salt,1
LUDHOH,cocrystal,2
LUDKAW,salt,1
LUDMUU,cocrystal,2
LUDNIJ,salt,1
LUDWIQ,salt,1
LUDWUE,hydrate,3
LUDYOZ,cocrystal,2
LUFPOR,salt,1
LUFPUX,salt,1
LUFRAI,salt,1
LUGFIE,salt,1
LUGKIJ,salt,1
LUGLUW,solvate,4
LUGVAN,solvate,4
LUHGED,salt,1
LUHKAC,salt,1
LUHPOU,solvate,4
LUJBIB,cocrystal,2
LUJBUO,cocrystal,2
LUJCAV,cocrystal,2
LUJCID,cocrystal,2
LUJCOJ,cocrystal,2
LUJCUP,cocrystal,2
LUJDAW,cocrystal,2
LUJGII,salt,1
LUJJAC,salt,1
LUJJEI,salt,1
LUJJIM,salt,1
LUJLIN,salt,1
LUJLOT,salt,1
LUJMAG,hydrate,3
LUJMEK,salt,1
LUJSIT,cocrystal,2
LUJSOZ,cocrystal,2
LUJTAM,cocrystal,2
LUJVIY,salt,1
LUJXIA,hydrate,3
LUJZUM,cocrystal,2
LUKCEB,hydrate,3
LUKCOL,hydrate,3
LUKCUR,hydrate,3
LUKDAY,hydrate,3
LUKJAD,solvate,4
LUKJEH,solvate,4
LUKMIN,cocrystal,2
LUKXUL,cocrystal,2
LULBIF,salt,1
LULQIV,salt,1
LULQOA,cocrystal,2
LULQOB,hydrate,3
LULQUH,hydrate,3
LULRAL,hydrate,3
LULRAO,cocrystal,2
LULROC,cocrystal,2
LULSAP,hydrate,3
LULSOB,salt,1
LUMBUT,solvate,4
LUMFIK,cocrystal,2
LUMJOU,salt,1
LUMKAH,salt,1
LUMKEL,salt,1
LUMKIN,solvate,4
LUMKIP,salt,1
LUMQIT,salt,1
LUMQOZ,salt,1
LUMQUF,salt,1
LUMRAM,salt,1
LUMRIU,salt,1
LUMRUG,salt,1
LUMSAN,salt,1
LUMSUH,cocrystal,2
LUMWIB,solvate,4
LUMXEW,hydrate,3
LUMXID,salt,1
LUMYIB,cocrystal,2
LUMYOH,cocrystal,2
LUNCII,salt,1
LUNJUC,salt,1
LUNMAI,cocrystal,2
LUNMEM,cocrystal,2
LUNMIQ,cocrystal,2
LUNMOW,cocrystal,2
LUNMPO10,hydrate,3
LUNMUC,cocrystal,2
LUNNAJ,cocrystal,2
LUNNEN,cocrystal,2
LUNNIR,cocrystal,2
LUNNOX,cocrystal,2
LUNPAL,cocrystal,2
LUNPEP,cocrystal,2
LUNQIU,cocrystal,2
LUNRER,cocrystal,2
LUNVEY,hydrate,3
LUNXAW,hydrate,3
LUNYOI,cocrystal,2
LUNYUO,cocrystal,2
LUNZAV,cocrystal,2
LUNZEZ,cocrystal,2
LUNZID,cocrystal,2
LUNZOJ,cocrystal,2
LUNZUP,cocrystal,2
LUPALK01,salt,1
LUPAND,hydrate,3
LUPANO,salt,1
LUPGUB,cocrystal,2
LUPPUK,salt,1
LUPQAQ,cocrystal,2
LUPQIY,cocrystal,2
LUPQUK,cocrystal,2
LUPRAR,cocrystal,2
LUPYIF,salt,1
LUPZOL,salt,1
LUQFEJ,salt,1
LUQFIN,salt,1
LUQFOT,hydrate,3
LUQFUZ,salt,1
LUQJAJ,salt,1
LUQLUH,salt,1
LUQMES,salt,1
LUQPOD,hydrate,3
LUQPOE,salt,1
LUQTUM,salt,1
LUQVAU,cocrystal,2
LURGUC,cocrystal,2
LURWIE,salt,1
LUSGIS,salt,1
LUSWEB,cocrystal,2
LUSXAA,cocrystal,2
LUSXEE,salt,1
LUSXII,salt,1
LUSXOO,salt,1
LUSXUU,cocrystal,2
LUTBIO,salt,1
LUTBOU,hydrate,3
LUTCAE,salt,1
LUTDUR,cocrystal,2
LUTGUD,cocrystal,2
LUTNUM,salt,1
LUTPIC,cocrystal,2
LUTPOI,hydrate,3
LUTRID,cocrystal,2
LUTXOP,cocrystal,2
LUTXUV,cocrystal,2
LUVDIR,hydrate,3
LUVHOZ,salt,1
LUVNEX,salt,1
LUVQEZ,salt,1
LUVQID,salt,1
LUVTOL,salt,1
LUVVED,hydrate,3
LUVYEI,hydrate,3
LUVYIM,salt,1
LUVYOS,salt,1
LUWHAM,salt,1
LUWHEQ,hydrate,3
LUWHIU,hydrate,3
LUWHOA,hydrate,3
LUWPOL,hydrate,3
LUWQAY,salt,1
LUWTAB,solvate,4
LUXBAJ,salt,1
LUXJIA,salt,1
LUXKAT,salt,1
LUXMIB,solvate,4
LUXQIG,hydrate,3
LUXSIH,cocrystal,2
LUXTUT,salt,1
LUYHAR,cocrystal,2
LUYHEV,cocrystal,2
LUYNOJ,salt,1
LUZFUJ,hydrate,3
LUZQEC,salt,1
LYSASP,salt,1
MAAZNB,cocrystal,2
MABMOU,cocrystal,2
MABMOV,salt,1
MABMUA,cocrystal,2
MABMUB,salt,1
MABNAI,salt,1
MABROA,cocrystal,2
MABSIV,hydrate,3
MABSOB,cocrystal,2
MABTAO,cocrystal,2
MABTES,cocrystal,2
MABTIW,cocrystal,2
MABTOC,cocrystal,2
MABTUI,cocrystal,2
MABVAQ,hydrate,3
MABVES,salt,1
MABVIY,cocrystal,2
MABVOE,hydrate,3
MABVUK,cocrystal,2
MABWAR,solvate,4
MABWEV,solvate,4
MABXUM,cocrystal,2
MABYAT,solvate,4
MABYEX,cocrystal,2
MABYIY,salt,1
MABZAR,salt,1
MABZIC,cocrystal,2
MABZUO,cocrystal,2
MACAZC10,salt,1
MACJEG,cocrystal,2
MACMNO,salt,1
MACNIP,hydrate,3
MACPRP10,salt,1
MACQIS,hydrate,3
MACVIZ,salt,1
MADDAX,solvate,4
MADGEG,hydrate,3
MADGIK,cocrystal,2
MADMEM,salt,1
MADSAO,cocrystal,2
MADSES,cocrystal,2
MADSIW,hydrate,3
MADSUI,cocrystal,2
MADTAP,cocrystal,2
MADYEY,solvate,4
MAECBA,salt,1
MAFDAC,salt,1
MAFMAL,cocrystal,2
MAFMEP,cocrystal,2
MAFMUC,solvate,4
MAFPIT,salt,1
MAFPIU,salt,1
MAFQIU,cocrystal,2
MAFRAN,hydrate,3
MAFRUI,solvate,4
MAFSET,hydrate,3
MAFXOH,salt,1
MAGLIQ,salt,1
MAGRUL,cocrystal,2
MAGZIE,cocrystal,2
MAHGUB,hydrate,3
MAHKAJ,cocrystal,2
MAHKEN,hydrate,3
MAHMOB,salt,1
MAHNOY,salt,1
MAHNUE,salt,1
MAHPAM,salt,1
MAHQAQ,salt,1
MAHWUO,cocrystal,2
MAHXAV,hydrate,3
MAJRIY,salt,1
MAJROE,salt,1
MAJRUK,salt,1
MAJSAR,salt,1
MAJSAT,salt,1
MAJSEV,salt,1
MAJSIZ,salt,1
MAJTAU,solvate,4
MAJTOH,salt,1
MAJYEC,cocrystal,2
MAKDAH,cocrystal,2
MAKJOA,salt,1
MAKJUG,salt,1
MAKKEQ,cocrystal,2
MAKRAR,salt,1
MAKTAV,salt,1
MAKTEB,salt,1
MAKTEZ,salt,1
MAKTID,salt,1
MAKWAA,cocrystal,2
MAKXED,salt,1
MALAMS10,salt,1
MALGUB,cocrystal,2
MALTPO,cocrystal,2
MALYEH,hydrate,3
MAMADP,salt,1
MAMCAF,cocrystal,2
MAMDTC,salt,1
MAMGAM,salt,1
MAMGEQ,hydrate,3
MAMGIU,hydrate,3
MAMHIR,salt,1
MAMHOX,salt,1
MAMQUN,salt,1
MAMVEE,salt,1
MAMZEF,salt,1
MANHOZ,salt,1
MANLEV,cocrystal,2
MANMOD,salt,1
MANPUQ01,cocrystal,2
MANVEF,cocrystal,2
MANVII,salt,1
MANXOQ,salt,1
MANXOS,solvate,4
MANXUY,solvate,4
MANYAE,salt,1
MANYEJ,salt,1
MANYIN,salt,1
MAOPHS,salt,1
MAPACL,salt,1
MAPFIT,salt,1
MAPGIX,hydrate,3
MAPNEY,salt,1
MAPPAW,salt,1
MAPPEA,salt,1
MAPSAZ,hydrate,3
MAPSON,salt,1
MAPSOP,hydrate,3
MAPTAA,salt,1
MAPTED,salt,1
MAPTML10,salt,1
MAPTZI,salt,1
MAPVEG,solvate,4
MAPXAC,hydrate,3
MAPXEG,hydrate,3
MAPXIK,hydrate,3
MAPYAE,salt,1
MAPYEI,salt,1
MAPYEL,salt,1
MAPYOS,salt,1
MAPYUA,solvate,4
MAQBAI,salt,1
MAQBEM,hydrate,3
MAQBIQ,hydrate,3
MAQDAJ,salt,1
MAQDEQ,salt,1
MAQFIX,salt,1
MAQNAW,hydrate,3
MAQYAF,cocrystal,2
MAQYEJ,cocrystal,2
MAQZEK,cocrystal,2
MARLOH,salt,1
MARRIJ,salt,1
MARROO,salt,1
MARROP,salt,1
MARSAC,salt,1
MARVIM,hydrate,3
MASMAX,salt,1
MASQAR,salt,1
MASQOM,salt,1
MASWAG,cocrystal,2
MASWEK,cocrystal,2
MATGET,salt,1
MATHUK,salt,1
MATJUP,salt,1
MATKAT,salt,1
MATLEY,hydrate,3
MATLIE,solvate,4
MATLOK,hydrate,3
MATLUQ,salt,1
MATMAV,hydrate,3
MATNUQ,salt,1
MATNUR,hydrate,3
MATQIK,cocrystal,2
MATRUY,salt,1
MATWEJ,cocrystal,2
MATZAJ,cocrystal,2
MAVBAP,cocrystal,2
MAVGAS,salt,1
MAVGEY,cocrystal,2
MAVMEC,salt,1
MAVTAE,cocrystal,2
MAVTEI,cocrystal,2
MAVTOS,solvate,4
MAVTUY,solvate,4
MAVVAG,solvate,4
MAVVEK,hydrate,3
MAVVOU,cocrystal,2
MAVYUF,salt,1
MAWBOB,cocrystal,2
MAWBUL,salt,1
MAWFAU,hydrate,3
MAWMIJ,salt,1
MAWPUW,cocrystal,2
MAWQUY,salt,1
MAWYAL,salt,1
MAWYEP,salt,1
MAWYIS,solvate,4
MAXDOG,salt,1
MAXJAA,solvate,4
MAXJEE,hydrate,3
MAXLED,cocrystal,2
MAXLON,cocrystal,2
MAXPIL,cocrystal,2
MAXZAN,hydrate,3
MAYDUM,hydrate,3
MAYGAV,cocrystal,2
MAYGEZ,hydrate,3
MAYGID,hydrate,3
MAYTIT,salt,1
MAYWOA,cocrystal,2
MAYXAP,salt,1
MAZBIC,hydrate,3
MAZBOI,salt,1
MAZCAV,cocrystal,2
MAZHAZ,solvate,4
MAZPYA,salt,1
MAZXOB,salt,1
MAZYUI,cocrystal,2
MAZZUJ,hydrate,3
MBAMPH,salt,1
MBAZMS,salt,1
MBITCQ,salt,1
MBLUET,salt,1
MBPTCR,salt,1
MBYPAT,hydrate,3
MBZDCN,cocrystal,2
MBZSHY,cocrystal,2
MBZTCQ,salt,1
MCPATR,hydrate,3
MCYTMS10,hydrate,3
MCYTOS,salt,1
MCYTRI,salt,1
MDAPOS,hydrate,3
MDTTCQ,cocrystal,2
MEAFPH,salt,1
MEANBC10,salt,1
MEAPER,salt,1
MEBBAA,salt,1
MEBQIU,cocrystal,2
MEBRAN,cocrystal,2
MEBRER,cocrystal,2
MEBRIV,cocrystal,2
MEBRUH,cocrystal,2
MEBWEZ,hydrate,3
MEBXUM,cocrystal,2
MEBZEC,solvate,4
MECBIF,cocrystal,2
MECHAF,cocrystal,2
MECPIT,cocrystal,2
MECTAQ,salt,1
MECTUL,cocrystal,2
MECVEX,cocrystal,2
MECVIB,cocrystal,2
MECVOH,hydrate,3
MECVUN,solvate,4
MECWOI,cocrystal,2
MECWUO,solvate,4
MECXID,cocrystal,2
MECXOJ,hydrate,3
MECYOK,hydrate,3
MECYUQ,hydrate,3
MECZAX,salt,1
MECZIF,salt,1
MECZOL,hydrate,3
MECZUR,hydrate,3
MEDBAA,salt,1
MEDBEE,salt,1
MEDBOO,salt,1
MEDBOQ,cocrystal,2
MEDBUU,salt,1
MEDCAB,salt,1
MEDCEF,salt,1
MEDCIJ,salt,1
MEDCOP,salt,1
MEDCUV,salt,1
MEDDAC,salt,1
MEDDEG,salt,1
MEDDEH,salt,1
MEDDIL,hydrate,3
MEDDOQ,salt,1
MEDDUW,salt,1
MEDFEI,salt,1
MEDFIM,salt,1
MEDFOS,salt,1
MEDFUY,salt,1
MEDGEJ,hydrate,3
MEDGIN,hydrate,3
MEDHAG,hydrate,3
MEDHEK,hydrate,3
MEDHIO,hydrate,3
MEDHOU,salt,1
MEDMUF,salt,1
MEDNUF,salt,1
MEDNUG,salt,1
MEDPIW,salt,1
MEFHOW,salt,1
MEFJAI,cocrystal,2
MEFLIT,hydrate,3
MEFLOZ,hydrate,3
MEFLUF,hydrate,3
MEFMAM,cocrystal,2
MEFNIU,salt,1
MEFQUK,hydrate,3
MEFRAR,salt,1
MEFREV,hydrate,3
MEFRIZ,salt,1
MEFVIG,salt,1
MEFYUU,salt,1
MEFZIH,salt,1
MEGBUY,salt,1
MEGCUX,hydrate,3
MEGDIM,cocrystal,2
MEGHOV,salt,1
MEGREZ,salt,1
MEGRID,salt,1
MEGUAN,salt,1
MEGUHP10,salt,1
MEGVEZ,salt,1
MEGVID,salt,1
MEGVOJ,salt,1
MEGVUP,salt,1
MEGWAW,salt,1
MEGWEA,salt,1
MEGWIE,salt,1
MEGWOK,salt,1
MEGWUQ,salt,1
MEGXIF,hydrate,3
MEGXOL,hydrate,3
MEGYAY,hydrate,3
MEGYAZ,salt,1
MEGYEC,hydrate,3
MEHFOV,cocrystal,2
MEHGUC,hydrate,3
MEHKUH,salt,1
MEHQOJ,salt,1
MEHRID,cocrystal,2
MEHROJ,hydrate,3
MEHRUP,salt,1
MEHSAW,cocrystal,2
MEHWIG,salt,1
MEHWOM,salt,1
MEHWUS,salt,1
MEHXAZ,salt,1
MEJCUA,salt,1
MEJHIS,solvate,4
MEJJAO,salt,1
MEJKAP,solvate,4
MEJKET,salt,1
MEJNEX,salt,1
MEJQOI,salt,1
MEJYIM,salt,1
MEKKOC,solvate,4
MEKWOO,cocrystal,2
MEKWUU,cocrystal,2
MELKAT,salt,1
MELKEX,salt,1
MELPUS,hydrate,3
MELROO,hydrate,3
MELUPN,salt,1
MELVAB,salt,1
MELYEI,hydrate,3
MELYIO,salt,1
MELYOV,cocrystal,2
MELYUB,cocrystal,2
MELYUY,hydrate,3
MELZAI,cocrystal,2
MELZIQ,salt,1
MEMDUG,salt,1
MEMFOA,salt,1
MEMLAR,salt,1
MEMTON,cocrystal,2
MENBIR,salt,1
MENFER,cocrystal,2
MENFET,hydrate,3
MENGEV,cocrystal,2
MENGIZ,cocrystal,2
MENGOF,cocrystal,2
MENGUL,cocrystal,2
MENHAS,cocrystal,2
MENHEW,cocrystal,2
MENJIZ,cocrystal,2
MENJOF,cocrystal,2
MENMOL,salt,1
MENPAW,salt,1
MENPOL,hydrate,3
MENQIJ,cocrystal,2
MENQOP,cocrystal,2
MENQUV,cocrystal,2
MENRAC,cocrystal,2
MENREG,cocrystal,2
MENROQ,salt,1
MENSUX,cocrystal,2
MENTAE,cocrystal,2
MENTEI,cocrystal,2
MENTIM,cocrystal,2
MENXAI,cocrystal,2
MENYUA,salt,1
MEPCIU,hydrate,3
MEPROP,hydrate,3
MEPSOP,salt,1
MEPTAR10,salt,1
MEPTCP,salt,1
MEPWIQ,salt,1
MEPXOY,salt,1
MEPYAL,salt,1
MEPYEP,salt,1
MEPYIT,salt,1
MEPYOZ,salt,1
MEPYUF,salt,1
MEPZAM,salt,1
MEPZEQ,salt,1
MEPZUG,salt,1
MEQBAP,salt,1
MEQGOH,salt,1
MEQKAU,solvate,4
MEQMEE,salt,1
MEQNUR,salt,1
MEQPAZ,salt,1
MEQPED,salt,1
MEQPIH,salt,1
MEQPON,salt,1
MEQPUT,salt,1
MEQQAA,salt,1
MEQQEE,salt,1
MEQQII,solvate,4
MEQQOO,salt,1
MEQQUU,salt,1
MEQZUH,salt,1
MERLUQ,salt,1
MERNEC,salt,1
MERWUF,cocrystal,2
MERYEO,hydrate,3
MERYIS,salt,1
MERYUE,hydrate,3
MESBIZ,cocrystal,2
MESGAW,salt,1
MESNIL,cocrystal,2
MESPAF,salt,1
MESQUZ,salt,1
MESROV,solvate,4
MESTEM,hydrate,3
MESWEP,cocrystal,2
MESWIT,cocrystal,2
MESWOZ,cocrystal,2
MESXIU,salt,1
MESXOA,cocrystal,2
MESYUH,salt,1
MESZAO,salt,1
MESZIW,salt,1
MESZOC,salt,1
METAMM,salt,1
METGUR,salt,1
METLOQ,salt,1
METPHN,salt,1
METQOS,salt,1
METVAJ,salt,1
METWEQ,salt,1
METXER,salt,1
METXIV,salt,1
MEVDOJ,salt,1
MEVWEP,hydrate,3
MEVXIU,hydrate,3
MEVXOA,hydrate,3
MEVXUG,salt,1
MEVYAN,salt,1
MEVYER,salt,1
MEVZAO,salt,1
MEWCUQ,cocrystal,2
MEWFID,cocrystal,2
MEWJEG,cocrystal,2
MEWJIK,cocrystal,2
MEWKOR,cocrystal,2
MEWNUA,cocrystal,2
MEWTAL,cocrystal,2
MEWWAQ,hydrate,3
MEWWEU,hydrate,3
MEWYIW,salt,1
MEXBOI,cocrystal,2
MEXDAW,salt,1
MEXFIE,salt,1
MEXFOK,salt,1
MEXGEB,cocrystal,2
MEXHEG,salt,1
MEXJOO,hydrate,3
MEXMUB,cocrystal,2
MEXNOS,cocrystal,2
MEXPEK,cocrystal,2
MEXSEP,hydrate,3
MEXSIT,hydrate,3
MEXSOZ,salt,1
MEXSUF,salt,1
MEXVES,salt,1
MEYPIM,cocrystal,2
MEYSIU,cocrystal,2
MEYTUJ,hydrate,3
MEZHOO,cocrystal,2
MEZNOU,salt,1
MEZQIU,cocrystal,2
MEZQOA,cocrystal,2
MEZQUG,cocrystal,2
MEZRAN,cocrystal,2
MEZYIC,salt,1
MGPCPI,salt,1
MGUANP10,salt,1
MHBNPH10,cocrystal,2
MIAMTA,salt,1
MIBCIN,salt,1
MIBDEJ,hydrate,3
MIBMUJ,salt,1
MIBNAQ,salt,1
MIBNEU,salt,1
MIBNIY,salt,1
MIBTOH,salt,1
MIBTUN,salt,1
MIBVAV,salt,1
MIBVEZ,salt,1
MIBYEB,salt,1
MICFEJ,cocrystal,2
MICFEN,cocrystal,2
MICFOW,salt,1
MICGAJ,cocrystal,2
MICGEN,hydrate,3
MICGIR,hydrate,3
MICGOX,salt,1
MICGUC,cocrystal,2
MICHOX,hydrate,3
MICHUD,hydrate,3
MICKAM,hydrate,3
MICLAM,solvate,4
MICLEQ,salt,1
MIDDEL,cocrystal,2
MIDKUG,salt,1
MIDPOI,salt,1
MIDQEW,solvate,4
MIFBAH,salt,1
MIFPIA,salt,1
MIFQAT,salt,1
MIFQEX,salt,1
MIFQIB,salt,1
MIFQOH,hydrate,3
MIFQUN,hydrate,3
MIFQUO,cocrystal,2
MIFRAU,hydrate,3
MIFRAW,cocrystal,2
MIFRUQ,salt,1
MIFSIF,salt,1
MIFTUQ,salt,1
MIFVEC,hydrate,3
MIFZEG,hydrate,3
MIGCEO,cocrystal,2
MIGCIS,cocrystal,2
MIGCOY,cocrystal,2
MIGCUE,cocrystal,2
MIGDOY,hydrate,3
MIGFOB,cocrystal,2
MIGFUH,solvate,4
MIGGAO,cocrystal,2
MIGGES,cocrystal,2
MIGGIW,cocrystal,2
MIGLOE,salt,1
MIGQOJ,salt,1
MIGROJ,cocrystal,2
MIGWIL,salt,1
MIGWOR,salt,1
MIHGOA,solvate,4
MIHGUG,salt,1
MIHJIA,hydrate,3
MIHQED,hydrate,3
MIHSIJ,salt,1
MIHYAF,hydrate,3
MIJDIU,hydrate,3
MIJTEG,cocrystal,2
MIJWUB,salt,1
MIJXAI,cocrystal,2
MIKJAT,hydrate,3
MIKPOM,salt,1
MIKPUS,salt,1
MIKTUW,salt,1
MIKTUZ,cocrystal,2
MIKXEK,hydrate,3
MILFAP,solvate,4
MILGAT,cocrystal,2
MILJAV,cocrystal,2
MILKEB,cocrystal,2
MILKIF,cocrystal,2
MILKOL,cocrystal,2
MILLIC,salt,1
MILLUO,salt,1
MILMUS,salt,1
MILQAC,salt,1
MILQEG,salt,1
MILQIK,salt,1
MILQOQ,salt,1
MILSOP,cocrystal,2
MILSUZ,salt,1
MILZAK,salt,1
MIMCIY,cocrystal,2
MIMHAR,hydrate,3
MIMKOM,cocrystal,2
MIMMEE,salt,1
MIMNIG,salt,1
MIMRUZ,salt,1
MIMVOX,salt,1
MIMWAI,cocrystal,2
MIMWOV,hydrate,3
MIMXUR,salt,1
MINHEZ,salt,1
MINHOJ,hydrate,3
MINJAX,salt,1
MINPIJ,salt,1
MINRAE,solvate,4
MINROS,cocrystal,2
MINSUX,salt,1
MINVIP,salt,1
MINXUF,cocrystal,2
MIPBIZ,salt,1
MIPBUL,salt,1
MIPCOH,salt,1
MIPCUN,salt,1
MIPDAU,salt,1
MIPDEY,salt,1
MIPHIX,solvate,4
MIPNUY,salt,1
MIPPEK,salt,1
MIPQAG,hydrate,3
MIPRIM,salt,1
MIPROS,salt,1
MIPRUY,salt,1
MIPSIQ,salt,1
MIPVAI,hydrate,3
MIPVIQ,hydrate,3
MIPVOW,cocrystal,2
MIPVOX,cocrystal,2
MIPWEN,cocrystal,2
MIPYES,hydrate,3
MIPYOZ,salt,1
MIPZAP,salt,1
MIPZET,hydrate,3
MIPZIX,salt,1
MIPZOD,salt,1
MIQFAU,cocrystal,2
MIQGAV,cocrystal,2
MIQGID,cocrystal,2
MIQHAY,cocrystal,2
MIQMIM,salt,1
MIQQEL,cocrystal,2
MIQROU,salt,1
MIQTUC,salt,1
MIQVAK,salt,1
MIQVIT,cocrystal,2
MIQWAM,solvate,4
MIRBAQ,salt,1
MIRFOJ,salt,1
MIRGUQ,cocrystal,2
MIRHIF,cocrystal,2
MIRJEE,cocrystal,2
MIRPOV,salt,1
MIRQEJ,cocrystal,2
MIRXUJ,hydrate,3
MIRYOC,salt,1
MISBIB,salt,1
MISDIC,cocrystal,2
MISFAX,salt,1
MISFEB,salt,1
MISGAX,salt,1
MISGUT,solvate,4
MISHEE,salt,1
MISHII,solvate,4
MISKAE,salt,1
MISLAF,salt,1
MISMAC,salt,1
MISNAE,salt,1
MISNOR,cocrystal,2
MISNUX,cocrystal,2
MISURS,salt,1
MISVIX,salt,1
MISWIX,cocrystal,2
MISXIW,salt,1
MITDAX,cocrystal,2
MITJUW,cocrystal,2
MITKOP,solvate,4
MITLAC,solvate,4
MIUDAP10,cocrystal,2
MIVDIE,salt,1
MIVHAA,hydrate,3
MIVHEE,salt,1
MIVJUW,salt,1
MIVMEM,salt,1
MIVQIR,cocrystal,2
MIVRAK,cocrystal,2
MIWFOO,salt,1
MIWNEO,cocrystal,2
MIWQIU,cocrystal,2
MIWVIY,cocrystal,2
MIWVIZ,cocrystal,2
MIWXAU,cocrystal,2
MIWYEW,salt,1
MIXCUR,cocrystal,2
MIXCUS,hydrate,3
MIXDAZ,hydrate,3
MIXDIH,hydrate,3
MIXTAR,cocrystal,2
MIXTUJ,hydrate,3
MIYBAX,salt,1
MIYCIG,salt,1
MIYFAB,salt,1
MIYGEH,solvate,4
MIYJIP,hydrate,3
MIYKOU,cocrystal,2
MIYLOV,salt,1
MIYLUB,salt,1
MIYMIT,salt,1
MIYNEQ,salt,1
MIZMIT,cocrystal,2
MIZMUE,cocrystal,2
MIZTOG,salt,1
MIZVOI,salt,1
MNICPC,salt,1
MOAEBO,salt,1
MOBJOE,salt,1
MOBLIY,cocrystal,2
MOBTED,hydrate,3
MOBVUX,cocrystal,2
MOBYOR,salt,1
MOBZAF,salt,1
MOBZEJ,salt,1
MOBZIN,salt,1
MOBZOT,salt,1
MOBZUZ,salt,1
MOCBAH,salt,1
MOCBAI,salt,1
MOCBEM,salt,1
MOCBIQ,salt,1
MOCBOW,salt,1
MOCCEM,cocrystal,2
MOCCEN,salt,1
MOCCUE,hydrate,3
MOCFAM,salt,1
MOCFOC,cocrystal,2
MOCFUI,cocrystal,2
MOCGAP,cocrystal,2
MOCGET,cocrystal,2
MOCNAU,salt,1
MOCNEY,cocrystal,2
MOCNOH,cocrystal,2
MOCSEF,hydrate,3
MOCWEJ,cocrystal,2
MOCWOT,cocrystal,2
MOCWUX,hydrate,3
MOCXOU,cocrystal,2
MOCXUX,salt,1
MOCYEL,cocrystal,2
MOCZIQ,salt,1
MODBAJ,salt,1
MODBAK,salt,1
MODBIQ,salt,1
MODDIU,cocrystal,2
MODGUH,salt,1
MODHAQ,salt,1
MODLUO,salt,1
MODMAV,hydrate,3
MODPAX,cocrystal,2
MODQEC,solvate,4
MODSEE,salt,1
MODVEG,cocrystal,2
MODVUX,hydrate,3
MODWEK,solvate,4
MODWIO,hydrate,3
MODXUZ,salt,1
MOFFUI,cocrystal,2
MOFGAP,cocrystal,2
MOFHAR,salt,1
MOFHEV,salt,1
MOFHIB,salt,1
MOFXUB,cocrystal,2
MOFYAI,cocrystal,2
MOGBIV,salt,1
MOGBOB,salt,1
MOGLID,salt,1
MOGTAE,cocrystal,2
MOGVOV,cocrystal,2
MOGVUB,cocrystal,2
MOGWAI,cocrystal,2
MOGWEM,cocrystal,2
MOGZAJ,salt,1
MOGZEN,salt,1
MOGZIR,salt,1
MOGZOX,salt,1
MOGZUD,salt,1
MOHBUG,cocrystal,2
MOHBUH,hydrate,3
MOHCER,salt,1
MOHCUH,salt,1
MOHCUI,hydrate,3
MOHDAO,salt,1
MOHDIX,hydrate,3
MOHHEY,salt,1
MOHKOJ,cocrystal,2
MOHNUT,salt,1
MOHPAB,salt,1
MOHTIN,cocrystal,2
MOJDIZ,hydrate,3
MOJFAV,solvate,4
MOKHOK,salt,1
MOKLII,hydrate,3
MOKNAC,salt,1
MOKPIN,hydrate,3
MOKQUZ,cocrystal,2
MOKTUC,salt,1
MOKVAK,salt,1
MOLCUM,salt,1
MOLGIE,salt,1
MOLMUV,cocrystal,2
MOLRAI,salt,1
MOLREM,salt,1
MOLRIQ,salt,1
MOLXIW,hydrate,3
MOMDOH,salt,1
MOMFAV,salt,1
MOMSOY,hydrate,3
MOMVIV,cocrystal,2
MOMVUG,cocrystal,2
MONZUL,hydrate,3
MOPHAC,salt,1
MOPMOT,hydrate,3
MOPNUA,salt,1
MOPPEM,solvate,4
MOPSER,hydrate,3
MOPYAR,cocrystal,2
MOPYEV,salt,1
MOPYOF,salt,1
MOQBEA,salt,1
MOQGIJ,cocrystal,2
MOQGOP,cocrystal,2
MOQGUV,cocrystal,2
MOQHAC,cocrystal,2
MOQHEG,salt,1
MOQNOW,salt,1
MORPHN,salt,1
MORPIV,salt,1
MORQEP,solvate,4
MORQES,hydrate,3
MORQIW,salt,1
MORVEV,cocrystal,2
MORVIZ,hydrate,3
MORVOF,cocrystal,2
MORVUL,cocrystal,2
MORWAS,cocrystal,2
MORYAW,salt,1
MOSCEC,cocrystal,2
MOSFIL,salt,1
MOSFOR,hydrate,3
MOSFUX,salt,1
MOSGAE,salt,1
MOSGEI,salt,1
MOSHIN,salt,1
MOSHOT,salt,1
MOSMIR,solvate,4
MOSNAK,hydrate,3
MOSPAM,hydrate,3
MOSSOD,salt,1
MOSTAQ,salt,1
MOSVUO,cocrystal,2
MOSYEA,salt,1
MOTCAA,hydrate,3
MOTCON,salt,1
MOTRAO,cocrystal,2
MOTRES,cocrystal,2
MOTREV,salt,1
MOTSUM,cocrystal,2
MOTTAT,cocrystal,2
MOVDAF,cocrystal,2
MOVNOD,salt,1
MOVTOH,cocrystal,2
MOVWIE,cocrystal,2
MOVXAX,cocrystal,2
MOVXEB,cocrystal,2
MOVXON,hydrate,3
MOVYOO,cocrystal,2
MOWDUZ,cocrystal,2
MOWGIP,salt,1
MOWGOV,salt,1
MOWHIQ,salt,1
MOWHOW,salt,1
MOWJEO,salt,1
MOWJOY,salt,1
MOWJUE,hydrate,3
MOWMUJ,cocrystal,2
MOWQIA,salt,1
MOXBUW,salt,1
MOXGAK,hydrate,3
MOXKOC,salt,1
MOXNAR,cocrystal,2
MOXROH,hydrate,3
MOXRUN,cocrystal,2
MOXSAU,cocrystal,2
MOXSEY,cocrystal,2
MOXSIC,cocrystal,2
MOXTAV,salt,1
MOXTID,cocrystal,2
MOXTOJ,cocrystal,2
MOXTUP,cocrystal,2
MOXVAX,cocrystal,2
MOXVEB,cocrystal,2
MOXVIF,cocrystal,2
MOXVOL,cocrystal,2
MOXWAY,cocrystal,2
MOXWEC,cocrystal,2
MOXXAB,salt,1
MOXXAZ,cocrystal,2
MOXXEF,salt,1
MOXXIJ,salt,1
MOXXOP,salt,1
MOXXUV,salt,1
MOXYAC,salt,1
MOXYEG,salt,1
MOXYIK,salt,1
MOXYOQ,solvate,4
MOXYUW,solvate,4
MOXZIL,solvate,4
MOXZOR,hydrate,3
MOXZUV,salt,1
MOXZUX,salt,1
MOYBEI,salt,1
MOYBIM,salt,1
MOYBOS,salt,1
MOYBUY,salt,1
MOYCAF,salt,1
MOYCEJ,solvate,4
MOYCOT,salt,1
MOYCUZ,solvate,4
MOYHAJ,salt,1
MOYKAP,hydrate,3
MOYKES,salt,1
MOYKET,hydrate,3
MOYKIX,hydrate,3
MOYQOH,hydrate,3
MOYQUN,salt,1
MOYRAU,salt,1
MOYREY,hydrate,3
MOYRIC,salt,1
MOYROI,hydrate,3
MOYRUO,salt,1
MOYSAV,hydrate,3
MOYSEZ,salt,1
MOYWUU,salt,1
MOYYEG,salt,1
MOYYIK,salt,1
MOYYOQ,salt,1
MOYZAD,salt,1
MOYZEH,salt,1
MOYZIL,cocrystal,2
MOYZOR,salt,1
MOYZUX,cocrystal,2
MOZBAG,cocrystal,2
MOZBEK,cocrystal,2
MOZBOU,cocrystal,2
MOZCEK,hydrate,3
MOZCIO,hydrate,3
MOZCOU,cocrystal,2
MOZDAH,cocrystal,2
MOZDEL,hydrate,3
MOZDIP,cocrystal,2
MOZFOY,salt,1
MOZGIT,hydrate,3
MOZGOZ,salt,1
MOZHOA,salt,1
MOZMIY,salt,1
MOZNAR,salt,1
MOZNOF,salt,1
MOZPUN,salt,1
MOZWIH,salt,1
MOZWON,salt,1
MOZXOP,salt,1
MPAZPC,salt,1
MPBOPA,cocrystal,2
MPHAZP,salt,1
MPHLPB,cocrystal,2
MPIBTZ,cocrystal,2
MPITRZ,salt,1
MPPYRL,cocrystal,2
MPPZPO,cocrystal,2
MPTZTP,cocrystal,2
MQNLZD10,salt,1
MSAZOP01,salt,1
MSCBZO,salt,1
MSNROD,cocrystal,2
MSPAPC,salt,1
MSPRTC,salt,1
MSTYTQ10,salt,1
MTBPNP,cocrystal,2
MTDXYP,salt,1
MTHMAD,cocrystal,2
MTMCBA,salt,1
MTYDAP,hydrate,3
MTYHFB,cocrystal,2
MTZICA,cocrystal,2
MUBGIA,salt,1
MUBGOG,cocrystal,2
MUBJID,salt,1
MUBLOK,salt,1
MUBNAZ,salt,1
MUBSUY,salt,1
MUBVEL,cocrystal,2
MUCJOK,hydrate,3
MUCMUT,salt,1
MUCTOV,salt,1
MUCTUB,salt,1
MUCVAI,cocrystal,2
MUCZUI,cocrystal,2
MUDBEV,salt,1
MUDCIA,cocrystal,2
MUDFAV,hydrate,3
MUDFID,hydrate,3
MUDFUP,salt,1
MUDGAV,salt,1
MUDGEA,salt,1
MUDGOH,hydrate,3
MUDJEC,salt,1
MUDJOM,salt,1
MUDPEH,salt,1
MUDSAF,cocrystal,2
MUDSEJ,cocrystal,2
MUDSIN,cocrystal,2
MUDVUE,cocrystal,2
MUDYOB,salt,1
MUFBOE,salt,1
MUFCOF,salt,1
MUFJOP,hydrate,3
MUFKEG,salt,1
MUFKON,cocrystal,2
MUFLEE,salt,1
MUFMIJ,salt,1
MUFNIK,cocrystal,2
MUFQOT,salt,1
MUFRAG,solvate,4
MUFRUD,salt,1
MUFSAK,salt,1
MUGFAX,salt,1
MUGJUW,cocrystal,2
MUGKAD,cocrystal,2
MUGKUW,salt,1
MUGLAB,cocrystal,2
MUGLAD,salt,1
MUGLEH,hydrate,3
MUGLOR,salt,1
MUGLUX,salt,1
MUGMIM,salt,1
MUGRUC,solvate,4
MUHCOH,salt,1
MUHCUN,salt,1
MUHDIC,salt,1
MUHDUO,salt,1
MUHFAW,hydrate,3
MUHFEA,hydrate,3
MUHKAE,salt,1
MUHKEI,hydrate,3
MUHRAI,salt,1
MUHSIR,salt,1
MUJCOJ,cocrystal,2
MUJFEE,solvate,4
MUJFIG,hydrate,3
MUJFOM,cocrystal,2
MUJFOO,salt,1
MUJFUU,salt,1
MUJGAB,salt,1
MUJHIK,cocrystal,2
MUJHOQ,cocrystal,2
MUJHUW,solvate,4
MUJREO,salt,1
MUJTAN,salt,1
MUKDII,salt,1
MUKJUX,salt,1
MUKLOT,hydrate,3
MUKMIP,solvate,4
MUKRIT,hydrate,3
MUKTAQ,salt,1
MUKVUM,salt,1
MUKWOF,solvate,4
MUKXOI,cocrystal,2
MULBEA,solvate,4
MULCUS,salt,1
MULJEL,cocrystal,2
MULJIP,cocrystal,2
MULJOV,cocrystal,2
MULJUB,cocrystal,2
MULKAI,cocrystal,2
MULKIQ,cocrystal,2
MULKOW,cocrystal,2
MULKUC,solvate,4
MULLAJ,cocrystal,2
MULLEN,cocrystal,2
MULLIR,cocrystal,2
MULLOX,cocrystal,2
MULLUD,cocrystal,2
MULMAK,cocrystal,2
MULMEO,cocrystal,2
MULMOY,cocrystal,2
MULMUE,cocrystal,2
MULNAL,cocrystal,2
MULNEP,cocrystal,2
MULNIT,cocrystal,2
MULNOZ,cocrystal,2
MULPAN,salt,1
MULPER,salt,1
MULPIV,cocrystal,2
MULPOB,cocrystal,2
MULPUH,salt,1
MULQIW,cocrystal,2
MULQOC,solvate,4
MULREQ,cocrystal,2
MULRIU,cocrystal,2
MULVUN,salt,1
MULXEZ,salt,1
MULYOI,cocrystal,2
MUMDUV,salt,1
MUMGAE,cocrystal,2
MUMTIY,salt,1
MUMXEA,salt,1
MUNBON,salt,1
MUNBUT,salt,1
MUNBUV,salt,1
MUNCEG,salt,1
MUNKEM,salt,1
MUNKIQ,salt,1
MUNSIZ,salt,1
MUNSUM,salt,1
MUNTEX,salt,1
MUNTIB,salt,1
MUNTOH,salt,1
MUNVID,cocrystal,2
MUPDOR,salt,1
MUPFIP,salt,1
MUPMUG,hydrate,3
MUPNER,hydrate,3
MUPNIU,salt,1
MUPNIV,hydrate,3
MUPNOA,hydrate,3
MUPNOB,hydrate,3
MUPNUG,hydrate,3
MUPNUH,hydrate,3
MUPPAO,salt,1
MUPPAP,hydrate,3
MUPPIW,cocrystal,2
MUPPIX,hydrate,3
MUPPOD,hydrate,3
MUPPUI,cocrystal,2
MUPQAP,cocrystal,2
MUQHEN,salt,1
MUQHIR,salt,1
MUQHUC,hydrate,3
MUQJAL,salt,1
MUQKOZ,cocrystal,2
MUQKUF,hydrate,3
MUQQEX,cocrystal,2
MUQZON,cocrystal,2
MURHAK,salt,1
MURHOZ,hydrate,3
MURMEU,salt,1
MURMIY,hydrate,3
MURMOE,hydrate,3
MURMUK,salt,1
MURNAR,hydrate,3
MUROXA,cocrystal,2
MURPYR,cocrystal,2
MURYED,hydrate,3
MURYIH,hydrate,3
MUSBIN,cocrystal,2
MUSGIS,salt,1
MUSJUG,salt,1
MUSNOG,salt,1
MUSPAS,cocrystal,2
MUSPAU,salt,1
MUSPEY,salt,1
MUSPIC,salt,1
MUSQAV,salt,1
MUSQEZ,salt,1
MUSQID,salt,1
MUSSOL,salt,1
MUSSUR,cocrystal,2
MUSXEE,salt,1
MUTDEL,salt,1
MUTHUF,hydrate,3
MUTJOD,hydrate,3
MUTLUJ,hydrate,3
MUTMAQ,salt,1
MUTMOE,salt,1
MUTXEH,salt,1
MUVCIP,salt,1
MUVDOY,salt,1
MUVDUE,salt,1
MUVMAU,salt,1
MUVVUX,cocrystal,2
MUVWIK,salt,1
MUVWUW,hydrate,3
MUVXAC,salt,1
MUVXAD,hydrate,3
MUVZUY,salt,1
MUWJAS,cocrystal,2
MUWMOJ,salt,1
MUWMUP,salt,1
MUWNAW,salt,1
MUWNIE,salt,1
MUWNOK,salt,1
MUWNUP,salt,1
MUWNUQ,salt,1
MUWPAX,salt,1
MUWPEB,salt,1
MUWPIF,salt,1
MUWRAA,salt,1
MUWREE,salt,1
MUXCOA,salt,1
MUXGUJ,hydrate,3
MUXHIX,cocrystal,2
MUXPUQ,salt,1
MUXSAB,cocrystal,2
MUXSAC,salt,1
MUXZAJ,cocrystal,2
MUXZEN,cocrystal,2
MUYBAK,salt,1
MUYCER,hydrate,3
MUYDES,salt,1
MUYDIW,salt,1
MUYDOC,hydrate,3
MUYDUI,salt,1
MUYFIX,salt,1
MUYGIZ,salt,1
MUYHEU,salt,1
MUYHUK,cocrystal,2
MUYLEZ,cocrystal,2
MUYLID,cocrystal,2
MUYLOJ,cocrystal,2
MUYNEC,hydrate,3
MUYPOO,salt,1
MUYSIK,salt,1
MUYTAC,cocrystal,2
MUYTEG,cocrystal,2
MUYTIK,salt,1
MUYTUW,hydrate,3
MUYVAE,hydrate,3
MUYVEI,hydrate,3
MUYVIM,hydrate,3
MUYVOS,hydrate,3
MUYZUE,salt,1
MUZBIS,salt,1
MUZFET,salt,1
MUZFEU,cocrystal,2
MUZFIX,salt,1
MUZFIY,cocrystal,2
MUZFOD,salt,1
MUZFUJ,salt,1
MUZHEX,salt,1
MUZNIH,cocrystal,2
MUZTUY,salt,1
MUZYIP,salt,1
MXTTCQ01,cocrystal,2
MYFLTC,cocrystal,2
MZCPYZ10,salt,1
NABBEZ,solvate,4
NABBID,salt,1
NABBUP,salt,1
NABCAV,cocrystal,2
NABCAW,salt,1
NABCEZ,cocrystal,2
NABMAH,hydrate,3
NABMEL,hydrate,3
NABNOW,salt,1
NABQAJ,hydrate,3
NABRIR,salt,1
NABVEV,solvate,4
NABWAP,salt,1
NABWET,hydrate,3
NACDII,solvate,4
NACKUY,salt,1
NACNPC,salt,1
NACQIS,salt,1
NACSEQ,solvate,4
NACSUF,salt,1
NACTAM,salt,1
NADGIL,salt,1
NADKAH,cocrystal,2
NADRAL,salt,1
NADSUG,cocrystal,2
NAFKAJ,salt,1
NAFPIW,hydrate,3
NAFPOC,cocrystal,2
NAFQAP,solvate,4
NAFQIX,solvate,4
NAFQUJ,hydrate,3
NAFSEW,solvate,4
NAFWOH,salt,1
NAFXEA,cocrystal,2
NAFXIE,cocrystal,2
NAFXOK,cocrystal,2
NAFYID,salt,1
NAFYUR,cocrystal,2
NAFZAY,cocrystal,2
NAGLAJ,salt,1
NAGLEN,salt,1
NAGLIR,salt,1
NAGNOY,salt,1
NAGTAU,cocrystal,2
NAGTUN,hydrate,3
NAHDIL,salt,1
NAHLER,salt,1
NAHMUH,cocrystal,2
NAHSAT,cocrystal,2
NAHSIB,cocrystal,2
NAHSUN,cocrystal,2
NAHTAU,cocrystal,2
NAHTEY,cocrystal,2
NAHTIC,cocrystal,2
NAHTOI,cocrystal,2
NAHVOH,salt,1
NAHXIE,cocrystal,2
NAJBIK,cocrystal,2
NAJBOQ,cocrystal,2
NAJCIM,cocrystal,2
NAJFIO,salt,1
NAJGUC,salt,1
NAJHAJ,salt,1
NAJMUK,salt,1
NAJNAR,salt,1
NAJPEV,cocrystal,2
NAJPIZ,hydrate,3
NAJSIE,salt,1
NAJTEB,salt,1
NAJYAC,salt,1
NAJYIK,hydrate,3
NAJZUW,cocrystal,2
NAKBAF,cocrystal,2
NAKBIN,cocrystal,2
NAKGOY,cocrystal,2
NAKMER,salt,1
NAKMUL,salt,1
NAKNET,salt,1
NAKROH,salt,1
NAKVIE,salt,1
NAKVUT,salt,1
NAKWAA,hydrate,3
NAKWAB,salt,1
NAKWUV,cocrystal,2
NAKXEC,cocrystal,2
NAKYOQ,cocrystal,2
NAKZAD,salt,1
NAKZEH,salt,1
NAKZIL,cocrystal,2
NAKZOR,salt,1
NALGIT,salt,1
NALGOW,salt,1
NALJIW,salt,1
NALROL,salt,1
NALTUP,cocrystal,2
NALYAE,salt,1
NALYUU,salt,1
NAMCAJ,solvate,4
NAMCEN,salt,1
NAMVEG,cocrystal,2
NAMVON,cocrystal,2
NAMWIH,cocrystal,2
NAMZOT,cocrystal,2
NANCOX,salt,1
NANHOD,hydrate,3
NANMOF,salt,1
NANMUL,salt,1
NANNAS,salt,1
NANNIA,salt,1
NANNOG,salt,1
NANPCX,cocrystal,2
NANPUO,cocrystal,2
NANQAV,cocrystal,2
NANQEZ,cocrystal,2
NANQID,cocrystal,2
NANQOJ,cocrystal,2
NANREC,salt,1
NANWUW,salt,1
NAPCIS,cocrystal,2
NAPCOY,cocrystal,2
NAPCUE,cocrystal,2
NAPDAL,cocrystal,2
NAPDEP,cocrystal,2
NAPHET,salt,1
NAPHFP01,salt,1
NAPJAT,salt,1
NAPMIB,salt,1
NAPSEE,solvate,4
NAPSOO,cocrystal,2
NAPSUU,cocrystal,2
NAPTAB,cocrystal,2
NAPTEF,cocrystal,2
NAPTIJ,cocrystal,2
NAPTOP,cocrystal,2
NAPYPX10,salt,1
NAQJOE,salt,1
NAQMUQ,salt,1
NAQNAX,cocrystal,2
NAQNEB,cocrystal,2
NAQNOL,cocrystal,2
NAQPAZ,cocrystal,2
NAQPED,cocrystal,2
NAQPIH,cocrystal,2
NAQPON,cocrystal,2
NAQPUT,cocrystal,2
NAQQIJ,salt,1
NAQTIL,salt,1
NAQVOT,cocrystal,2
NAQXAE,salt,1
NARDAL,salt,1
NARDEP,salt,1
NARDIT,salt,1
NARGET,salt,1
NARJAV,salt,1
NARJEZ,hydrate,3
NARJUP,hydrate,3
NARKIE,hydrate,3
NARMOM,salt,1
NARNIH,hydrate,3
NARSOP,cocrystal,2
NARWAG,cocrystal,2
NASFAO,cocrystal,2
NASGOG,solvate,4
NASQED,salt,1
NASQON,salt,1
NASRII,hydrate,3
NASWUC,cocrystal,2
NATBUF,salt,1
NATFAQ,salt,1
NATGIY,cocrystal,2
NATHEW,hydrate,3
NATTIP,salt,1
NATWUC,salt,1
NAVGUO,solvate,4
NAVHIC,salt,1
NAVNAC,cocrystal,2
NAVYAN,cocrystal,2
NAWPOT,salt,1
NAWSOU,cocrystal,2
NAWYIX,salt,1
NAWYOD,salt,1
NAWYUJ,salt,1
NAWZAQ,salt,1
NAWZUK,salt,1
NAXBAT,salt,1
NAXBEX,salt,1
NAXCIY,salt,1
NAXDEZ,hydrate,3
NAXHOL,hydrate,3
NAXJIH,cocrystal,2
NAXJOL,salt,1
NAXLUW,cocrystal,2
NAXMEG,cocrystal,2
NAXMEH,cocrystal,2
NAXMIK,cocrystal,2
NAXSIQ,hydrate,3
NAXSOW,cocrystal,2
NAXSOY,salt,1
NAXSUC,salt,1
NAXTAJ,hydrate,3
NAXWOA,hydrate,3
NAXYOC,cocrystal,2
NAXZOF,hydrate,3
NAXZUL,hydrate,3
NAYBUO,cocrystal,2
NAYCID,salt,1
NAYCOH,salt,1
NAYCUN,salt,1
NAYDEX,salt,1
NAYGOK,salt,1
NAYJOM,hydrate,3
NAYJOQ,hydrate,3
NAYKED,cocrystal,2
NAYKOO,salt,1
NAYMOP,cocrystal,2
NAYMUV,cocrystal,2
NAYNEH,salt,1
NAYQOT,hydrate,3
NAYZUM,salt,1
NAZBOG,hydrate,3
NAZDAV,hydrate,3
NAZGAY,hydrate,3
NAZGEC,hydrate,3
NAZGIG,hydrate,3
NAZGUS,cocrystal,2
NAZVEP,salt,1
NAZVET,hydrate,3
NAZWIV,salt,1
NBMPHB,salt,1
NEBFIJ,salt,1
NEBFIM,hydrate,3
NEBFOS,salt,1
NEBFUV,cocrystal,2
NEBFUY,hydrate,3
NEBGAC,salt,1
NEBGEG,salt,1
NEBGIK,salt,1
NEBGOQ,salt,1
NEBHIL,salt,1
NEBMEM,salt,1
NEBMIQ,salt,1
NEBMOW,salt,1
NEBPET,hydrate,3
NEBPOC,cocrystal,2
NEBTUN,cocrystal,2
NEBVAV,cocrystal,2
NEBVOH,cocrystal,2
NEBVOJ,hydrate,3
NEBVUN,salt,1
NEBVUP,hydrate,3
NEBWAU,salt,1
NEBWAW,hydrate,3
NEBWEA,hydrate,3
NEBWEY,salt,1
NEBWIC,cocrystal,2
NEBWOI,cocrystal,2
NEBWOK,salt,1
NEBWUO,cocrystal,2
NEBXAV,cocrystal,2
NEBXEZ,cocrystal,2
NEBXID,cocrystal,2
NEBXOJ,cocrystal,2
NEBXUP,cocrystal,2
NEBYAW,salt,1
NEBYEA,salt,1
NEBZON,salt,1
NECBEG,salt,1
NECPUG,cocrystal,2
NECRIA,cocrystal,2
NEDDEF,solvate,4
NEDGOU,salt,1
NEDGUA,salt,1
NEDHAH,salt,1
NEDHIP,salt,1
NEDHIQ,salt,1
NEDHOW,hydrate,3
NEDJOZ,cocrystal,2
NEDJUF,cocrystal,2
NEDKAM,cocrystal,2
NEDKIU,cocrystal,2
NEDKOA,cocrystal,2
NEDKUG,cocrystal,2
NEDQEV,salt,1
NEDYUU,salt,1
NEDZOP,salt,1
NEFCAD,salt,1
NEFFEM,cocrystal,2
NEFFIQ,cocrystal,2
NEFGEN,cocrystal,2
NEFGIR,cocrystal,2
NEFMIX,salt,1
NEFRAT,cocrystal,2
NEFSUP,salt,1
NEGBAF,salt,1
NEGTIC,salt,1
NEGWIH,salt,1
NEGWON,salt,1
NEGWUT,salt,1
NEGXII,salt,1
NEGXOO,salt,1
NEGXUU,salt,1
NEGZEH,cocrystal,2
NEGZIL,cocrystal,2
NEHCAE,hydrate,3
NEHCIP,cocrystal,2
NEHCUB,cocrystal,2
NEHCUC,salt,1
NEHDAI,cocrystal,2
NEHDEM,cocrystal,2
NEHDIQ,cocrystal,2
NEHDOW,cocrystal,2
NEHJER,cocrystal,2
NEHKUH,hydrate,3
NEHLIW,cocrystal,2
NEJHEP,salt,1
NEJHIT,salt,1
NEJQUQ,cocrystal,2
NEJRAX,cocrystal,2
NEJREB,cocrystal,2
NEJVIJ,hydrate,3
NEJVOP,cocrystal,2
NEJXEJ,cocrystal,2
NEJXIN,salt,1
NEKDAJ,cocrystal,2
NEKDEN,cocrystal,2
NEKDOX,cocrystal,2
NEKMEZ,salt,1
NEKNUQ,hydrate,3
NEKRII,hydrate,3
NEKROO,hydrate,3
NEKYAE,salt,1
NEKYEI,salt,1
NEKZUZ,salt,1
NELBAI,salt,1
NELFEQ,hydrate,3
NELPUP,salt,1
NELQAX,cocrystal,2
NELQUQ,salt,1
NELTAZ,salt,1
NELTIH,cocrystal,2
NELVUV,solvate,4
NELWAE,hydrate,3
NELYOW,salt,1
NEMBOX,cocrystal,2
NEMFUG,salt,1
NEMGAN,salt,1
NEMGER,salt,1
NEMGOB,salt,1
NEMGUH,salt,1
NEMHIW,cocrystal,2
NEMHOC,cocrystal,2
NEMSUT,cocrystal,2
NEMSUX,salt,1
NEMTAA,cocrystal,2
NEMTAC,salt,1
NEMTAE,salt,1
NEMTEE,cocrystal,2
NEMTEG,salt,1
NEMTOO,cocrystal,2
NENDAM,cocrystal,2
NENFES,salt,1
NENGET,salt,1
NENGUI,salt,1
NENHAP,salt,1
NENKOH,salt,1
NENMEA,salt,1
NENPAA,cocrystal,2
NENPEE,cocrystal,2
NENPIG,salt,1
NENRON,cocrystal,2
NENRUT,cocrystal,2
NENRUV,salt,1
NENWAH,cocrystal,2
NENWEM,cocrystal,2
NENWIP,cocrystal,2
NENXEJ,hydrate,3
NENYAK,cocrystal,2
NENYOU,salt,1
NEPBER,salt,1
NEPBIU,hydrate,3
NEPBOB,hydrate,3
NEPXAI,salt,1
NEPXAJ,salt,1
NEPXEN,cocrystal,2
NEPXIR,cocrystal,2
NEPYOX,salt,1
NEQCET,cocrystal,2
NEQCOD,salt,1
NEQCUJ,salt,1
NEQDUK,salt,1
NEQHIC,hydrate,3
NEQHOH,salt,1
NEQHUN,salt,1
NEQJIE,salt,1
NEQKOL,salt,1
NEQLIG,salt,1
NEQMOO,cocrystal,2
NEQMUT,salt,1
NEQMUU,cocrystal,2
NEQNAB,cocrystal,2
NEQNIJ,cocrystal,2
NEQNOP,cocrystal,2
NEQNUV,cocrystal,2
NEQPAD,cocrystal,2
NEQRIL,cocrystal,2
NEQROR,salt,1
NEQSAH,hydrate,3
NEQSIM,salt,1
NEQTEM,salt,1
NEQVEL,hydrate,3
NEQWEM,hydrate,3
NEQWEN,salt,1
NEQWIR,salt,1
NEQWUD,salt,1
NERDET,salt,1
NERDIB,cocrystal,2
NERFAV,cocrystal,2
NERFID,cocrystal,2
NERHAU,solvate,4
NERJUQ,salt,1
NERLIJ,salt,1
NERPAD,hydrate,3
NERPEH,hydrate,3
NERPOR,salt,1
NERPUX,hydrate,3
NERQEI,hydrate,3
NERRUB,cocrystal,2
NERSAI,cocrystal,2
NERSEM,cocrystal,2
NERVIQ,salt,1
NERXIV,salt,1
NERXOX,salt,1
NERYOC,salt,1
NERYUF,hydrate,3
NERZAP,solvate,4
NERZET,salt,1
NESJOM,cocrystal,2
NESJUS,cocrystal,2
NESKAZ,cocrystal,2
NESKED,hydrate,3
NESKIH,cocrystal,2
NESKON,solvate,4
NESKUT,salt,1
NESLAA,solvate,4
NESMAZ,salt,1
NESWIU,cocrystal,2
NESWUG,solvate,4
NETDIZ,cocrystal,2
NETGIC,salt,1
NETKOM,cocrystal,2
NETNIN,hydrate,3
NETPIN,salt,1
NETRSN,hydrate,3
NETTEP,salt,1
NETTIT,salt,1
NETTOZ,salt,1
NETWUE,salt,1
NETXAL,hydrate,3
NETXEP,hydrate,3
NETXUF,salt,1
NEVDIF,solvate,4
NEVDOL,salt,1
NEVFIH,salt,1
NEVHEF,salt,1
NEVHIJ,salt,1
NEVHOP,solvate,4
NEVHUV,salt,1
NEVJEH,solvate,4
NEVKAB,cocrystal,2
NEVKUV,salt,1
NEVMEH,cocrystal,2
NEVNAG,salt,1
NEVSEN,salt,1
NEVTAN,salt,1
NEVTER,hydrate,3
NEVTIV,salt,1
NEVXUH,hydrate,3
NEVYAO,salt,1
NEVYES,salt,1
NEVYIW,hydrate,3
NEVYOC,salt,1
NEWKEI,salt,1
NEWKIM,solvate,4
NEWKUV,salt,1
NEWPEL,hydrate,3
NEWPIP,cocrystal,2
NEWPOV,cocrystal,2
NEWPUE,salt,1
NEWQAL,solvate,4
NEWRIR,cocrystal,2
NEWROX,cocrystal,2
NEWRUD,cocrystal,2
NEWSIU,salt,1
NEWSOA,salt,1
NEWSOY,salt,1
NEWXOC,hydrate,3
NEXLUA,salt,1
NEXMAH,salt,1
NEXMEL,salt,1
NEXMOW,solvate,4
NEXPEL,cocrystal,2
NEXPUB,cocrystal,2
NEXSES,solvate,4
NEXTUH,hydrate,3
NEXXIX,cocrystal,2
NEYBOI,hydrate,3
NEYJIN,cocrystal,2
NEYJOT,cocrystal,2
NEYLEI,salt,1
NEYLUY,solvate,4
NEYNEO,cocrystal,2
NEYNIS,cocrystal,2
NEZCAY,salt,1
NEZHEJ,hydrate,3
NEZMAG,cocrystal,2
NEZROZ,cocrystal,2
NEZTIX,salt,1
NEZXAT,cocrystal,2
NEZXEX,salt,1
NEZXUN,salt,1
NHAZMS,cocrystal,2
NIBJUF,cocrystal,2
NIBKOB,salt,1
NIBTOK,hydrate,3
NIBVEA,solvate,4
NIBVIE,hydrate,3
NIBVOK,solvate,4
NIBVUQ,salt,1
NIBZAM,cocrystal,2
NICADN,hydrate,3
NICCAG,salt,1
NICCEJ,salt,1
NICKAO,cocrystal,2
NICKES,cocrystal,2
NICKIW,solvate,4
NICKOC,cocrystal,2
NICQAU,hydrate,3
NICSAL,salt,1
NICSIB,cocrystal,2
NICSOJ,cocrystal,2
NICTAW,cocrystal,2
NICYED,salt,1
NIDJUH,hydrate,3
NIDNIA,salt,1
NIDNOG,salt,1
NIDPUN,hydrate,3
NIDSOK,salt,1
NIDZIN,salt,1
NIFBOT,salt,1
NIFCAH,cocrystal,2
NIFDAI,salt,1
NIFFAL,cocrystal,2
NIFFOX,hydrate,3
NIFGEP,solvate,4
NIFGIS,hydrate,3
NIFGOB,salt,1
NIFGOY,salt,1
NIFGUH,salt,1
NIFHAO,salt,1
NIFHES,salt,1
NIFKIX,cocrystal,2
NIFQAU,salt,1
NIGFIS,cocrystal,2
NIGHAO,salt,1
NIGJAR,cocrystal,2
NIGJUJ,salt,1
NIGKAT,hydrate,3
NIGKEW,salt,1
NIGLIY,salt,1
NIGMEX,salt,1
NIGMIB,salt,1
NIGMOH,salt,1
NIGNIB,cocrystal,2
NIGNOH,cocrystal,2
NIGQAW,salt,1
NIGVIK,cocrystal,2
NIGZAF,hydrate,3
NIHCOA,hydrate,3
NIHDAJ,cocrystal,2
NIHGOB,cocrystal,2
NIHMUN,cocrystal,2
NIHNEY,cocrystal,2
NIHNIC,cocrystal,2
NIHVOQ,solvate,4
NIJCES,salt,1
NIJCIW,cocrystal,2
NIJCOC,cocrystal,2
NIJDOB,salt,1
NIJDUH,salt,1
NIJFAP,salt,1
NIJGOC,solvate,4
NIJGOE,cocrystal,2
NIJGUK,cocrystal,2
NIJHAR,cocrystal,2
NIJHEV,cocrystal,2
NIJJIB,hydrate,3
NIJKOG,salt,1
NIJLEA,salt,1
NIJLIE,salt,1
NIJLOK,cocrystal,2
NIJLUQ,cocrystal,2
NIJMAX,cocrystal,2
NIJMUP,cocrystal,2
NIJTAF,cocrystal,2
NIJYEO,cocrystal,2
NIJZAK,salt,1
NIJZEO,salt,1
NIKBAN,hydrate,3
NIKFEW,hydrate,3
NIKHIZ,salt,1
NIKKOL,salt,1
NIKKUQ,solvate,4
NIKKUR,salt,1
NIKLIC,salt,1
NIKLIF,cocrystal,2
NIKLOL,cocrystal,2
NIKYAK,cocrystal,2
NIKYEO,salt,1
NIKYOY,salt,1
NILCET,cocrystal,2
NILNAB,cocrystal,2
NILNEB,salt,1
NILQAC,salt,1
NILQIJ,salt,1
NILVOX,salt,1
NILWUD,salt,1
NILXOV,hydrate,3
NILZOX,cocrystal,2
NILZUD,cocrystal,2
NIMBAM,cocrystal,2
NIMBIY,salt,1
NIMBOE,salt,1
NIMCAN,hydrate,3
NIMCAR,salt,1
NIMGOI,salt,1
NIMHEX,cocrystal,2
NIMVEM,salt,1
NIMVEN,salt,1
NIMVIR,salt,1
NIMXUF,salt,1
NINCIY,salt,1
NINDOD,hydrate,3
NINKEA,salt,1
NINKUT,salt,1
NINLAA,salt,1
NINMAB,cocrystal,2
NINMEF,cocrystal,2
NINNAD,salt,1
NINPIM,cocrystal,2
NINSAH,cocrystal,2
NINSEL,cocrystal,2
NINSOS,salt,1
NINSOV,cocrystal,2
NINSUA,salt,1
NINSUB,cocrystal,2
NINTHT,cocrystal,2
NINTIP,salt,1
NINTIQ,salt,1
NINXAL,cocrystal,2
NINXOZ,cocrystal,2
NINYAM,salt,1
NINZAN,salt,1
NINZIU,hydrate,3
NINZIV,hydrate,3
NINZUH,salt,1
NIPFIF,salt,1
NIPGAX,salt,1
NIPGIE,salt,1
NIPHEB,salt,1
NIPHUR,salt,1
NIPLUW,cocrystal,2
NIPRAJ,salt,1
NIPRIO,salt,1
NIPTOY,cocrystal,2
NIPTUC,cocrystal,2
NIPVAK,cocrystal,2
NIPVEO,cocrystal,2
NIPVIS,cocrystal,2
NIPVOY,cocrystal,2
NIPWIV,solvate,4
NIPXOC,cocrystal,2
NIPYET,cocrystal,2
NIPYIX,cocrystal,2
NIQCOF,salt,1
NIQFEZ,solvate,4
NIQJAB,cocrystal,2
NIQKIJ,salt,1
NIQNIL,cocrystal,2
NIQPUZ,hydrate,3
NIQROX,salt,1
NIQRUB,salt,1
NIQVAL,salt,1
NIQXAQ,salt,1
NIRDUP,hydrate,3
NIRFIF,salt,1
NIRFOL,hydrate,3
NIRLUX,salt,1
NIRMIN,salt,1
NIRQIO,cocrystal,2
NIRRAH,salt,1
NISGIF,salt,1
NISKIJ,salt,1
NISKOP,salt,1
NISSAK,salt,1
NISSEO,salt,1
NISTHD10,cocrystal,2
NISVUG,hydrate,3
NISWEU,hydrate,3
NISXES,salt,1
NISXIW,salt,1
NISXOC,salt,1
NISXUI,salt,1
NITGUS,cocrystal,2
NITQIQ,cocrystal,2
NITRIR,cocrystal,2
NITRUH,salt,1
NITSES,salt,1
NITWUL,salt,1
NITXAS,hydrate,3
NIVBUR,solvate,4
NIVCOM,salt,1
NIVCUS,salt,1
NIVFIK,cocrystal,2
NIVJIO,salt,1
NIVKAF,salt,1
NIVSAM,salt,1
NIVTAP,salt,1
NIVTIV,solvate,4
NIVYOG,cocrystal,2
NIVYUO,salt,1
NIVZAV,salt,1
NIWCIF,cocrystal,2
NIWFUV,cocrystal,2
NIWJUY,solvate,4
NIWKAF,cocrystal,2
NIWKIN,cocrystal,2
NIWMEN,cocrystal,2
NIWQIW,cocrystal,2
NIWQOC,cocrystal,2
NIWYEB,salt,1
NIWYIF,salt,1
NIWZEZ,cocrystal,2
NIXGOR,salt,1
NIXGUX,salt,1
NIXHAF,salt,1
NIXJOT,cocrystal,2
NIXKEK,cocrystal,2
NIXKEN,hydrate,3
NIXKIO,cocrystal,2
NIXLUC,cocrystal,2
NIXNAJ,salt,1
NIXTEW,cocrystal,2
NIYBIJ,salt,1
NIYDEE,hydrate,3
NIYDOP,cocrystal,2
NIYGEK,cocrystal,2
NIYGIN,salt,1
NIYJIR,salt,1
NIYJUD,salt,1
NIYQER,salt,1
NIYROC,cocrystal,2
NIYSET,cocrystal,2
NIYSUL,salt,1
NIZDIM,cocrystal,2
NIZGAF,salt,1
NIZKEM,cocrystal,2
NIZLAK,hydrate,3
NIZQES,cocrystal,2
NIZXIE,salt,1
NIZZIF,salt,1
NIZZUU,salt,1
NMACEP,salt,1
NOBDIT,hydrate,3
NOBDOZ,hydrate,3
NOBDUF,hydrate,3
NOBGAN,cocrystal,2
NOBWEJ,salt,1
NOBWIN,cocrystal,2
NOBYAE,salt,1
NOCMUN,salt,1
NOCNOK,hydrate,3
NOCNUQ,salt,1
NOCPAX,salt,1
NOCPAY,salt,1
NOCSAC,cocrystal,2
NOCSIK,cocrystal,2
NOCSOQ,cocrystal,2
NOCSUW,hydrate,3
NOCTAB,cocrystal,2
NOCTAD,cocrystal,2
NOCTEF,cocrystal,2
NOCTEH,hydrate,3
NOCTUV,cocrystal,2
NODBUG,cocrystal,2
NODCAN,cocrystal,2
NODCER,cocrystal,2
NODCIV,cocrystal,2
NODCOB,cocrystal,2
NODCOC,cocrystal,2
NODCUH,cocrystal,2
NODCUI,cocrystal,2
NODDAO,cocrystal,2
NODDEQ,hydrate,3
NODDES,cocrystal,2
NODDIU,hydrate,3
NODDIW,cocrystal,2
NODDOA,hydrate,3
NODFIX,cocrystal,2
NODLOK,salt,1
NODNAW,salt,1
NODWIO,solvate,4
NODZEL,hydrate,3
NOFCOD,salt,1
NOFFIY,salt,1
NOFGAT,cocrystal,2
NOFGIB,salt,1
NOFQOR,salt,1
NOFWEN,salt,1
NOFWUA,hydrate,3
NOFXAH,hydrate,3
NOFXEL,hydrate,3
NOFYIQ,salt,1
NOGDES,salt,1
NOGDIW,salt,1
NOGJIC,salt,1
NOGJOI,salt,1
NOGJUO,salt,1
NOGKAV,salt,1
NOGKEZ,salt,1
NOGKID,hydrate,3
NOGKOJ,salt,1
NOGLEB,hydrate,3
NOGNIJ,salt,1
NOGPAC,cocrystal,2
NOGQOS,cocrystal,2
NOGYOZ,cocrystal,2
NOGYUF,cocrystal,2
NOGZAM,cocrystal,2
NOHLAA,salt,1
NOHSAH,salt,1
NOHSEL,salt,1
NOJFEA,cocrystal,2
NOJFIE,cocrystal,2
NOJLII,cocrystal,2
NOJPOR,solvate,4
NOJWEO,salt,1
NOJWIS,salt,1
NOJWOY,salt,1
NOJXOC,salt,1
NOKCEX,salt,1
NOKDAS,cocrystal,2
NOKDEW,cocrystal,2
NOKNUX,salt,1
NOKPUZ,salt,1
NOKQIQ,salt,1
NOKROX,salt,1
NOKTUF,hydrate,3
NOKVAK,cocrystal,2
NOKWAL,cocrystal,2
NOKWES,salt,1
NOKWUF,cocrystal,2
NOKYER,salt,1
NOKZEV,cocrystal,2
NOKZIZ,cocrystal,2
NOKZOF,cocrystal,2
NOKZUL,cocrystal,2
NOLBEY,cocrystal,2
NOLBIC,hydrate,3
NOLBOI,cocrystal,2
NOLCAV,cocrystal,2
NOLCEZ,cocrystal,2
NOLDUP,salt,1
NOLFAX,salt,1
NOLFEB,salt,1
NOLJUT,cocrystal,2
NOLNEK,hydrate,3
NOLNIO,hydrate,3
NOLVIV,solvate,4
NOLVUH,salt,1
NOLWAO,solvate,4
NOLWES,hydrate,3
NOMKEH,salt,1
NOMLNA,salt,1
NOMNAH,salt,1
NOMWAQ,cocrystal,2
NOMXAP,salt,1
NOMXET,salt,1
NOMXUL,solvate,4
NONMIM,cocrystal,2
NONMOS,cocrystal,2
NONNOW,cocrystal,2
NONQIQ,salt,1
NONRUD,salt,1
NONZOF,cocrystal,2
NONZUL,cocrystal,2
NOPDAY,cocrystal,2
NOPFUW,salt,1
NOPPAM,hydrate,3
NOPSFC,salt,1
NOPYIC,salt,1
NOQDAY,salt,1
NOQFUV,cocrystal,2
NOQGUX,salt,1
NOQTEV,cocrystal,2
NOQVAR,salt,1
NORDAA,salt,1
NORGEH,salt,1
NORHAE,hydrate,3
NORKOX,salt,1
NORNUG,salt,1
NORPAO,salt,1
NORPES,salt,1
NORQUG,salt,1
NORTAS,cocrystal,2
NORTEW,cocrystal,2
NORTIA,cocrystal,2
NORTOG,hydrate,3
NOSRIZ,salt,1
NOSROF,salt,1
NOSTOH,hydrate,3
NOSTUN,cocrystal,2
NOSVAV,cocrystal,2
NOSVEZ,cocrystal,2
NOSWEA,salt,1
NOSWOK,salt,1
NOSXAU,salt,1
NOSXEY,salt,1
NOSYAX,salt,1
NOTBOQ,cocrystal,2
NOTCAD,cocrystal,2
NOTCEH,cocrystal,2
NOTDOS,hydrate,3
NOTKIQ,cocrystal,2
NOTLAL,salt,1
NOTPAN,hydrate,3
NOTQUK,cocrystal,2
NOTROF,cocrystal,2
NOTSEU,cocrystal,2
NOTSIY,cocrystal,2
NOTWUQ,salt,1
NOTXAX,hydrate,3
NOTXEB,salt,1
NOTXIF,salt,1
NOVBIL,salt,1
NOVLAN,cocrystal,2
NOVLER,salt,1
NOVSAU,salt,1
NOVSIA,cocrystal,2
NOVSOG,cocrystal,2
NOVSUM,cocrystal,2
NOVTAT,cocrystal,2
NOVTEX,cocrystal,2
NOWCAD,salt,1
NOWGIS,salt,1
NOWJAN,hydrate,3
NOWJER,hydrate,3
NOWJIV,hydrate,3
NOWKAO,salt,1
NOWKES,solvate,4
NOWWED,salt,1
NOXBOT,hydrate,3
NOXCUY,salt,1
NOXPAU,hydrate,3
NOXXED,salt,1
NOXXIH,salt,1
NOYBOV,cocrystal,2
NOYREB,hydrate,3
NOZGOB,hydrate,3
NOZGUH,cocrystal,2
NOZREC,salt,1
NOZWAD,cocrystal,2
NOZWEE,salt,1
NOZXIJ,cocrystal,2
NOZYAF,salt,1
NOZYEJ,salt,1
NOZZAG,salt,1
NPOAPL,cocrystal,2
NPOFNP,cocrystal,2
NPOLZP10,salt,1
NPQHRQ,cocrystal,2
NPQNHQ,cocrystal,2
NPRXML,salt,1
NUBBAN,cocrystal,2
NUBBET,solvate,4
NUBHAW,cocrystal,2
NUBHEA,cocrystal,2
NUBHIE,cocrystal,2
NUBHOH,cocrystal,2
NUBKUQ,cocrystal,2
NUBMEC,cocrystal,2
NUBROU,cocrystal,2
NUBSEL,cocrystal,2
NUBSUB,cocrystal,2
NUBTAI,cocrystal,2
NUBVEN,salt,1
NUBXAL,cocrystal,2
NUBZOA,cocrystal,2
NUBZUG,cocrystal,2
NUCBAQ,salt,1
NUCHIC,cocrystal,2
NUCJAX,cocrystal,2
NUCLUS,hydrate,3
NUCMED,salt,1
NUCMIK,salt,1
NUCNEF,salt,1
NUCQEH,cocrystal,2
NUCQIL,cocrystal,2
NUCZER,cocrystal,2
NUDHOJ,cocrystal,2
NUDLON,cocrystal,2
NUDMII,hydrate,3
NUDMOO,cocrystal,2
NUDMUU,hydrate,3
NUDVEQ,cocrystal,2
NUDVIU,cocrystal,2
NUDZAQ,hydrate,3
NUFKUX,salt,1
NUFMIN,salt,1
NUFNEK,salt,1
NUFNUA,salt,1
NUFPAI,salt,1
NUFPOU,cocrystal,2
NUFQAH,hydrate,3
NUFSAI,cocrystal,2
NUFSIQ,cocrystal,2
NUGJUX,hydrate,3
NUGKAE,salt,1
NUGLAF,solvate,4
NUGLEG,hydrate,3
NUGPUB,cocrystal,2
NUGQOW,cocrystal,2
NUGRAJ,cocrystal,2
NUGREN,cocrystal,2
NUGSEQ,salt,1
NUGZEV,cocrystal,2
NUGZOF,cocrystal,2
NUGZOH,salt,1
NUHBAU,hydrate,3
NUHBAV,cocrystal,2
NUHGUS,salt,1
NUHLIN,hydrate,3
NUHMEI,cocrystal,2
NUHSER,salt,1
NUHTUI,solvate,4
NUHXUJ,cocrystal,2
NUHYEU,cocrystal,2
NUHYIY,cocrystal,2
NUHYOE,cocrystal,2
NUHYUK,cocrystal,2
NUJCAY,cocrystal,2
NUJCEC,cocrystal,2
NUJDOL,cocrystal,2
NUJFEF,cocrystal,2
NUJHUW,solvate,4
NUJJOU,cocrystal,2
NUJJUA,salt,1
NUJKAH,cocrystal,2
NUJKEL,cocrystal,2
NUJKIO,cocrystal,2
NUJKIP,salt,1
NUJKOU,cocrystal,2
NUJKOV,salt,1
NUJKUB,salt,1
NUJLAH,cocrystal,2
NUJLAI,cocrystal,2
NUJLUB,salt,1
NUJMAI,hydrate,3
NUJPOZ,cocrystal,2
NUJRAM,salt,1
NUJSIU,solvate,4
NUJWAR,cocrystal,2
NUJWEV,cocrystal,2
NUJWIZ,cocrystal,2
NUJWOF,cocrystal,2
NUJXAS,cocrystal,2
NUJXEW,cocrystal,2
NUJZEZ,salt,1
NUKBEA,cocrystal,2
NUKBIE,salt,1
NUKBUS,salt,1
NUKDOO,salt,1
NUKGAB,hydrate,3
NUKGEF,hydrate,3
NUKGIJ,cocrystal,2
NUKKOW,salt,1
NUKPAK,salt,1
NUKVOF,salt,1
NUKWAR,salt,1
NUKWAS,salt,1
NUKWEW,cocrystal,2
NUKWOF,salt,1
NUKWOG,cocrystal,2
NUKWUL,salt,1
NUKWUM,salt,1
NUKXAT,cocrystal,2
NUKXEX,cocrystal,2
NUKXUN,cocrystal,2
NUKYAU,cocrystal,2
NUKYEY,cocrystal,2
NUKYIC,cocrystal,2
NUKYOI,cocrystal,2
NUKYUO,cocrystal,2
NUKZAV,cocrystal,2
NUKZEZ,cocrystal,2
NUKZID,cocrystal,2
NUKZOJ,cocrystal,2
NULBEB,salt,1
NULBIF,salt,1
NULBOL,salt,1
NULBUR,salt,1
NULCEC,salt,1
NULGIM,cocrystal,2
NUMCOQ,salt,1
NUMGUZ,cocrystal,2
NUMHAG,cocrystal,2
NUMHEK,cocrystal,2
NUMHIO,cocrystal,2
NUMHOU,cocrystal,2
NUMHUA,cocrystal,2
NUMJAH,cocrystal,2
NUMJAI,cocrystal,2
NUMJEM,cocrystal,2
NUMJIQ,cocrystal,2
NUMJOW,cocrystal,2
NUMJUC,cocrystal,2
NUMKAJ,cocrystal,2
NUMKEN,cocrystal,2
NUMLAL,salt,1
NUMMAL,solvate,4
NUMNER,salt,1
NUMNIV,solvate,4
NUMRAR,salt,1
NUMYEC,cocrystal,2
NUMYOM,cocrystal,2
NUMYUS,cocrystal,2
NUMZED,cocrystal,2
NUMZIH,cocrystal,2
NUMZON,cocrystal,2
NUNHAG,salt,1
NUNLUD,salt,1
NUNMAN,cocrystal,2
NUNMOY,cocrystal,2
NUNPUJ,salt,1
NUNROD,salt,1
NUNRUJ,salt,1
NUNSAQ,salt,1
NUPFOW,salt,1
NUPGIR,salt,1
NUPGUC,solvate,4
NUPHAJ,hydrate,3
NUPHEN,salt,1
NUPTAU,salt,1
NUPTEZ,cocrystal,2
NUPXAY,salt,1
NUPXEC,hydrate,3
NUPXED,solvate,4
NUQGIQ,salt,1
NUQGOX,hydrate,3
NUQHAK,cocrystal,2
NUQHEO,cocrystal,2
NUQHIR,solvate,4
NUQHIS,cocrystal,2
NUQHOY,cocrystal,2
NUQHUE,cocrystal,2
NUQJAL,hydrate,3
NUQJAM,cocrystal,2
NUQKIV,cocrystal,2
NUQKOA,cocrystal,2
NUQKOB,cocrystal,2
NUQKUH,cocrystal,2
NUQLAO,cocrystal,2
NUQLES,cocrystal,2
NUQLIW,cocrystal,2
NUQLOC,cocrystal,2
NUQLOD,salt,1
NUQLUI,cocrystal,2
NUQLUJ,salt,1
NUQMAQ,salt,1
NUQMUJ,cocrystal,2
NUQNAQ,cocrystal,2
NUQQUN,salt,1
NUQRAT,salt,1
NUQRAU,salt,1
NUQREY,salt,1
NUQRIC,hydrate,3
NUQROI,salt,1
NUQRUO,salt,1
NUQSAV,salt,1
NUQSEZ,salt,1
NUQTAV,hydrate,3
NUQTEZ,hydrate,3
NUQTID,salt,1
NUQTUR,solvate,4
NUQVAX,salt,1
NUQVEB,salt,1
NUQXIH,solvate,4
NUQZAB,salt,1
NURCOT,salt,1
NURFOW,solvate,4
NURMAQ,solvate,4
NURPAR,salt,1
NURPEV,salt,1
NURQIA,salt,1
NURRAT,salt,1
NURREX,salt,1
NURRIE,salt,1
NURWAB,cocrystal,2
NURXAZ,hydrate,3
NUSBEK,salt,1
NUSBOU,salt,1
NUSBUZ,cocrystal,2
NUSCAG,cocrystal,2
NUSCEK,cocrystal,2
NUSCOW,salt,1
NUSHIT,hydrate,3
NUSLIY,salt,1
NUSLOE,cocrystal,2
NUSLUK,cocrystal,2
NUSMAR,solvate,4
NUSMIZ,cocrystal,2
NUSVAZ,cocrystal,2
NUSVEF,salt,1
NUSVIH,salt,1
NUSVUT,salt,1
NUSZUY,cocrystal,2
NUTBAH,cocrystal,2
NUTDAK,cocrystal,2
NUTDEO,cocrystal,2
NUTDIS,cocrystal,2
NUTDUD,salt,1
NUTFAL,salt,1
NUTFEP,hydrate,3
NUTGEO,salt,1
NUTGOB,cocrystal,2
NUTPEZ,solvate,4
NUTPID,cocrystal,2
NUTPOJ,cocrystal,2
NUTRIE,cocrystal,2
NUTSUR,salt,1
NUTTAY,salt,1
NUTTIG,hydrate,3
NUTVUT,salt,1
NUVFIV,cocrystal,2
NUVFOB,salt,1
NUVJIX,salt,1
NUVPIF,solvate,4
NUVPUP,salt,1
NUVSAB,cocrystal,2
NUVTUT,salt,1
NUVZIQ,salt,1
NUWGUH,cocrystal,2
NUWHOF,hydrate,3
NUWKEX,cocrystal,2
NUWKIB,cocrystal,2
NUWKUN,solvate,4
NUWLID,salt,1
NUWNAU,salt,1
NUWTUW,salt,1
NUWVAE,salt,1
NUWZOW,cocrystal,2
NUXBAL,cocrystal,2
NUXCIU,solvate,4
NUXFIV,salt,1
NUXREG,salt,1
NUXYEM,salt,1
NUYBOZ,salt,1
NUYBUF,cocrystal,2
NUYCAM,salt,1
NUYCEQ,salt,1
NUYCIW,salt,1
NUYDER,salt,1
NUYDOB,hydrate,3
NUYDUH,hydrate,3
NUYFUI,hydrate,3
NUYREF,hydrate,3
NUZCAO,cocrystal,2
NUZCOD,salt,1
NUZDOD,solvate,4
NUZDUJ,salt,1
NUZHIC,solvate,4
NUZJAW,salt,1
NUZKAU,salt,1
NUZMIG,salt,1
NUZQOO,hydrate,3
NUZRUV,cocrystal,2
NUZSAC,salt,1
NUZSOS,cocrystal,2
NUZTAF,cocrystal,2
NUZTIN,cocrystal,2
NUZTOT,cocrystal,2
NUZTUZ,cocrystal,2
NUZVAH,cocrystal,2
OBAFEG,cocrystal,2
OBAFIK,cocrystal,2
OBAFOQ,cocrystal,2
OBAFUW,cocrystal,2
OBALIQ,salt,1
OBAPEO,cocrystal,2
OBARUG,salt,1
OBAWUM,cocrystal,2
OBECUU,cocrystal,2
OBEDOP,cocrystal,2
OBEDUV,cocrystal,2
OBEDUY,hydrate,3
OBEHOS,salt,1
OBEHUY,salt,1
OBEJIQ,salt,1
OBELAI,salt,1
OBELEM,cocrystal,2
OBELIQ,cocrystal,2
OBELOW,cocrystal,2
OBEPOD,salt,1
OBEQIV,cocrystal,2
OBEQUI,salt,1
OBEXEY,salt,1
OBEXUQ,salt,1
OBEXUR,salt,1
OBIDAF,salt,1
OBIFEL,hydrate,3
OBOBEM,salt,1
OBOCUG,salt,1
OBODER,salt,1
OBOVAF,cocrystal,2
OBOXIO,salt,1
OBOYUB,hydrate,3
OBOZEL,salt,1
OBOZIP,hydrate,3
OBTUSQ10,cocrystal,2
OBUBOE,cocrystal,2
OBUCIZ,salt,1
OBUHUP,salt,1
OBUJIG,salt,1
OBUJUR,salt,1
OBUKAY,salt,1
OBUKEC,salt,1
OBULUU,cocrystal,2
OBUNUW,salt,1
OBUYER,salt,1
OCABAX,cocrystal,2
OCABEB,salt,1
OCADAX,salt,1
OCAGAC,salt,1
OCAHEG,salt,1
OCAHIK,hydrate,3
OCAHOR,solvate,4
OCAKAF,salt,1
OCAKEJ,salt,1
OCAKEL,cocrystal,2
OCAKIP,cocrystal,2
OCAMIP,hydrate,3
OCAMUC,cocrystal,2
OCANIQ,hydrate,3
OCANUD,hydrate,3
OCAQOA,salt,1
OCAROB,salt,1
OCASAM,salt,1
OCASEQ,salt,1
OCATUH,cocrystal,2
OCAWAS,salt,1
OCAXAR,salt,1
OCAXAU,salt,1
OCAYIA,cocrystal,2
OCAYOG,hydrate,3
OCAYUM,cocrystal,2
OCAZAT,cocrystal,2
OCEBUV,cocrystal,2
OCEGEK,cocrystal,2
OCEHUB,salt,1
OCEJEM,hydrate,3
OCEMAO,cocrystal,2
OCEMOC,cocrystal,2
OCENUI,salt,1
OCERET,cocrystal,2
OCICUC,hydrate,3
OCIKIX,cocrystal,2
OCIKOD,cocrystal,2
OCIKUJ,cocrystal,2
OCIPOG,cocrystal,2
OCIQAS,solvate,4
OCIQAT,cocrystal,2
OCIWIH,salt,1
OCOJAV,cocrystal,2
OCOKEX,hydrate,3
OCOMUO,cocrystal,2
OCOPOP,salt,1
OCOQIK,salt,1
OCOWUY,solvate,4
OCOXIN,salt,1
OCTAMC,salt,1
OCUHEC,cocrystal,2
OCUJII,salt,1
OCUJOO,salt,1
OCUKEC,cocrystal,2
OCUTAL,salt,1
OCUTIT,hydrate,3
OCUWUH,salt,1
ODAFEE,cocrystal,2
ODAFIL,cocrystal,2
ODAGOS,cocrystal,2
ODAJOW,hydrate,3
ODAPUI,salt,1
ODASUI,hydrate,3
ODAVUL,salt,1
ODAXAS,cocrystal,2
ODAXEW,cocrystal,2
ODAYAX,solvate,4
ODAZID,salt,1
ODEBAB,salt,1
ODEBEE,salt,1
ODEBUV,hydrate,3
ODECUZ,salt,1
ODEFUZ,salt,1
ODEGAJ,cocrystal,2
ODEGIO,cocrystal,2
ODEHEL,salt,1
ODEHIR,hydrate,3
ODEHIS,cocrystal,2
ODEHOU,cocrystal,2
ODEJIR,cocrystal,2
ODEJUD,salt,1
ODELUH,hydrate,3
ODETUP,salt,1
ODEZOO,salt,1
ODICIN,salt,1
ODICOU,salt,1
ODIDAJ,cocrystal,2
ODIDEN,hydrate,3
ODIDIR,cocrystal,2
ODIGIT,salt,1
ODIHIU,cocrystal,2
ODIHOZ,salt,1
ODIJAP,salt,1
ODILAP,salt,1
ODINIB,salt,1
ODIPUP,cocrystal,2
ODIQAW,cocrystal,2
ODIQEZ,salt,1
ODIQIE,cocrystal,2
ODIQOK,cocrystal,2
ODISOJ,cocrystal,2
ODITAW,cocrystal,2
ODIYEJ,hydrate,3
ODIYIN,hydrate,3
ODIYOT,hydrate,3
ODIZOT,salt,1
ODOBIT,cocrystal,2
ODOHEV,cocrystal,2
ODOHIZ,cocrystal,2
ODOJUP,salt,1
ODOKOJ,solvate,4
ODOKUO,salt,1
ODOKUP,cocrystal,2
ODOLEZ,salt,1
ODOLID,salt,1
ODOLOJ,salt,1
ODONED,hydrate,3
ODORAD,salt,1
ODORIL,salt,1
ODOSIJ,cocrystal,2
ODOSUV,cocrystal,2
ODUFEY,cocrystal,2
ODUKUW,solvate,4
ODULEH,salt,1
ODUNAC,solvate,4
ODUNIK,solvate,4
ODUYER,salt,1
ODUZOG,salt,1
OFADUU,salt,1
OFAGAH,cocrystal,2
OFAGEL,cocrystal,2
OFANIV,hydrate,3
OFAYAW,salt,1
OFAZII,salt,1
OFAZUU,salt,1
OFEBEK,salt,1
OFEDOU,cocrystal,2
OFEGAK,cocrystal,2
OFEGEM,hydrate,3
OFEGEO,cocrystal,2
OFEGEP,cocrystal,2
OFEGIT,cocrystal,2
OFEJOA,hydrate,3
OFEJUG,salt,1
OFELIX,hydrate,3
OFELOD,hydrate,3
OFEPEU,cocrystal,2
OFEPIY,cocrystal,2
OFEPUK,cocrystal,2
OFEQAR,hydrate,3
OFEQEV,cocrystal,2
OFEQIZ,cocrystal,2
OFERAS,cocrystal,2
OFESID,salt,1
OFETAU,salt,1
OFETAW,cocrystal,2
OFEVAW,cocrystal,2
OFEWAX,cocrystal,2
OFEYUX,cocrystal,2
OFEZOS,cocrystal,2
OFIBOY,cocrystal,2
OFIBUE,cocrystal,2
OFICAL,cocrystal,2
OFICEP,cocrystal,2
OFICUF,salt,1
OFIDIU,salt,1
OFIGES,salt,1
OFIHAN,hydrate,3
OFITIG,salt,1
OFIWUW,hydrate,3
OFOBET,salt,1
OFOCER,salt,1
OFOKEA,cocrystal,2
OFOKIE,cocrystal,2
OFOKOK,cocrystal,2
OFOMUS,hydrate,3
OFOPOQ,salt,1
OFOWEM,salt,1
OFOWIP,salt,1
OFOWOV,salt,1
OFUBEA,salt,1
OFUBIE,salt,1
OFUGUR,cocrystal,2
OFUHIG,cocrystal,2
OFUHOM,cocrystal,2
OFUHUS,cocrystal,2
OFURAJ,salt,1
OFUYIZ,cocrystal,2
OFUZIY,hydrate,3
OFUZOE,hydrate,3
OFUZUK,hydrate,3
OGABAZ,hydrate,3
OGABED,salt,1
OGABIH,salt,1
OGACUY,hydrate,3
OGADAF,hydrate,3
OGADEJ,salt,1
OGAFIM,hydrate,3
OGAFOS,cocrystal,2
OGAFOV,hydrate,3
OGAFUY,cocrystal,2
OGAGOW,cocrystal,2
OGAGUY,cocrystal,2
OGAHEJ,cocrystal,2
OGAHIN,hydrate,3
OGAJAL,salt,1
OGAJOV,salt,1
OGANER,hydrate,3
OGAQEV,salt,1
OGAREV,cocrystal,2
OGAVAX,salt,1
OGAVID,salt,1
OGAVOJ,salt,1
OGAWEZ,salt,1
OGAWID,salt,1
OGAWUP,salt,1
OGEDAJ,cocrystal,2
OGEDOW,cocrystal,2
OGEDUC,cocrystal,2
OGEGAJ,salt,1
OGEKER,salt,1
OGENAQ,cocrystal,2
OGENUJ,cocrystal,2
OGEPIA,cocrystal,2
OGEPOG,cocrystal,2
OGEREB,cocrystal,2
OGEREY,salt,1
OGERUO,solvate,4
OGEZIJ,cocrystal,2
OGEZOP,cocrystal,2
OGICEM,hydrate,3
OGIKOF,cocrystal,2
OGIKUL,cocrystal,2
OGIMID,cocrystal,2
OGINAT,salt,1
OGINAW,solvate,4
OGINEX,hydrate,3
OGINIB,salt,1
OGINIE,cocrystal,2
OGIQAX,salt,1
OGIQAZ,cocrystal,2
OGIQEB,salt,1
OGIQOL,salt,1
OGIQUR,salt,1
OGIWOS,cocrystal,2
OGIXEJ,cocrystal,2
OGIXIN,cocrystal,2
OGIYEK,cocrystal,2
OGIYIO,cocrystal,2
OGIYOU,cocrystal,2
OGIYUA,cocrystal,2
OGOLUT,salt,1
OGOTIQ,cocrystal,2
OGOVOW,salt,1
OGOYIV,salt,1
OGOYUH,salt,1
OGUGIH,salt,1
OGUSOA,cocrystal,2
OGUSUG,cocrystal,2
OGUTAN,cocrystal,2
OGUTIV,cocrystal,2
OGUTOB,cocrystal,2
OGUTUH,cocrystal,2
OGUZAR,hydrate,3
OGUZEV,salt,1
OHACEH,salt,1
OHAGOU,cocrystal,2
OHAGUA,cocrystal,2
OHAHAH,cocrystal,2
OHAHAI,salt,1
OHAQIX,cocrystal,2
OHAQOG,salt,1
OHAQUJ,cocrystal,2
OHAQUM,hydrate,3
OHARAQ,cocrystal,2
OHARAT,salt,1
OHAVEB,cocrystal,2
OHAWOK,salt,1
OHAWUQ,salt,1
OHAXAX,salt,1
OHAXEA,cocrystal,2
OHAXIG,salt,1
OHEHIV,salt,1
OHEKAN,cocrystal,2
OHEMAR,salt,1
OHEPOJ,salt,1
OHEPUO,salt,1
OHEPUP,salt,1
OHEQAW,salt,1
OHEQOK,salt,1
OHIDAK,salt,1
OHIGET,solvate,4
OHIGIX,salt,1
OHIJEX,cocrystal,2
OHIKAS,salt,1
OHIQUS,cocrystal,2
OHIXAE,cocrystal,2
OHOJUT,cocrystal,2
OHOPOS,salt,1
OHOPUY,salt,1
OHOQAF,salt,1
OHOQEJ,salt,1
OHOREK,salt,1
OHOWOA,salt,1
OHOWUG,salt,1
OHOXAN,salt,1
OHOXER,salt,1
OHOYOB,salt,1
OHPHTN,salt,1
OHUKEJ,salt,1
OHUKIN,salt,1
OHUKOT,solvate,4
OHUKUZ,salt,1
OHUPUC,salt,1
OHUSIV,salt,1
OHUSOB,hydrate,3
OHUVAR,salt,1
OHUWAR,salt,1
OHUWEV,salt,1
OHUWIZ,salt,1
OHUXEV,salt,1
OHUZOG,salt,1
OHUZOJ,salt,1
OJACUZ,salt,1
OJADAG,salt,1
OJADEK,hydrate,3
OJADIO,salt,1
OJAFAH,solvate,4
OJAHOY,salt,1
OJAKOZ,salt,1
OJALAN,salt,1
OJALER,salt,1
OJALOD,cocrystal,2
OJALUG,salt,1
OJAQAU,salt,1
OJAWAY,salt,1
OJEGIW,cocrystal,2
OJEGOC,cocrystal,2
OJEGUI,cocrystal,2
OJEHAP,cocrystal,2
OJEKUM,salt,1
OJELAT,hydrate,3
OJELEW,hydrate,3
OJELEX,salt,1
OJENIA,cocrystal,2
OJEPEY,cocrystal,2
OJERIE,salt,1
OJIDUH,salt,1
OJIGUL,cocrystal,2
OJIHAS,cocrystal,2
OJIHIA,cocrystal,2
OJIHOE,salt,1
OJIHOG,cocrystal,2
OJIHUM,cocrystal,2
OJIJAU,cocrystal,2
OJIJEY,cocrystal,2
OJIJIC,cocrystal,2
OJIJOI,cocrystal,2
OJIJUO,cocrystal,2
OJIKEZ,cocrystal,2
OJIKID,cocrystal,2
OJIKOJ,cocrystal,2
OJIKUP,solvate,4
OJILAW,cocrystal,2
OJILEA,cocrystal,2
OJILOK,cocrystal,2
OJILUQ,cocrystal,2
OJIMAX,cocrystal,2
OJIQOQ,salt,1
OJITEH,salt,1
OJIVOU,salt,1
OJIWEM,solvate,4
OJOBAT,hydrate,3
OJOBIB,cocrystal,2
OJOBUN,cocrystal,2
OJOCEY,cocrystal,2
OJOCOH,hydrate,3
OJOCOI,cocrystal,2
OJORUB,salt,1
OJOSUC,salt,1
OJOTOY,salt,1
OJOVIV,salt,1
OJOXAO,salt,1
OJOXET,salt,1
OJOZUL,cocrystal,2
OJUBAY,solvate,4
OJUBEC,salt,1
OJUBOM,cocrystal,2
OJUFUV,hydrate,3
OJUFUW,salt,1
OJUHAE,salt,1
OJUMIR,salt,1
OJUMOX,hydrate,3
OJUNAI,salt,1
OJUNIQ,salt,1
OJUNOW,salt,1
OJUPOZ,salt,1
OJUQAN,cocrystal,2
OJUQER,salt,1
OJUQIV,salt,1
OJUQOB,cocrystal,2
OJUQUH,salt,1
OJUSOB,salt,1
OJUSUK,cocrystal,2
OJUZOI,solvate,4
OKAJIW,salt,1
OKAJOC,salt,1
OKAJUI,salt,1
OKAKES,salt,1
OKAMUJ,solvate,4
OKAPAT,salt,1
OKAQEX,salt,1
OKAVED,salt,1
OKAVIH,salt,1
OKAVON,salt,1
OKAVUT,salt,1
OKAWAA,hydrate,3
OKAWEE,hydrate,3
OKEBAJ,salt,1
OKEGOC,cocrystal,2
OKEJUK,hydrate,3
OKEKIZ,hydrate,3
OKEKUL,hydrate,3
OKELEW,hydrate,3
OKELIA,hydrate,3
OKELOG,hydrate,3
OKERII,cocrystal,2
OKEROO,cocrystal,2
OKESAB,cocrystal,2
OKESEF,salt,1
OKESIJ,cocrystal,2
OKESOP,cocrystal,2
OKESUV,cocrystal,2
OKETAC,cocrystal,2
OKETEE,salt,1
OKETEG,cocrystal,2
OKETIK,cocrystal,2
OKETOQ,salt,1
OKEXIO,cocrystal,2
OKEYIP,cocrystal,2
OKEYOV,cocrystal,2
OKEYUB,cocrystal,2
OKEZAI,cocrystal,2
OKIBUF,hydrate,3
OKIHOH,cocrystal,2
OKIPAZ,salt,1
OKIPED,salt,1
OKIQAA,salt,1
OKIQEE,hydrate,3
OKIQIK,salt,1
OKIRAB,cocrystal,2
OKIZEP,salt,1
OKOBOF,cocrystal,2
OKOKIJ,hydrate,3
OKONEJ,salt,1
OKOQUA,cocrystal,2
OKOROY,salt,1
OKOSEP,cocrystal,2
OKOVAM,salt,1
OKOZAQ,cocrystal,2
OKOZEU,cocrystal,2
OKOZIY,cocrystal,2
OKUDAA,cocrystal,2
OKUJIO,salt,1
OKUMOY,cocrystal,2
OKURIY,cocrystal,2
OKUROE,cocrystal,2
OKUWEX,hydrate,3
OKUWIB,hydrate,3
OKUYUR,cocrystal,2
OLADAH,cocrystal,2
OLAKAP,hydrate,3
OLAPAS,salt,1
OLAVED,salt,1
OLECIS,salt,1
OLECIT,salt,1
OLEWUA,salt,1
OLIFIB,salt,1
OLIHUO,cocrystal,2
OLIMAY,solvate,4
OLIRIN,salt,1
OLIROT,hydrate,3
OLOBAS,cocrystal,2
OLOBOG,salt,1
OLOFUQ,solvate,4
OLOHUV,cocrystal,2
OLOMEJ,salt,1
OLOROW,cocrystal,2
OLUPAM,salt,1
OLUTAS,salt,1
OLUTEX,salt,1
OLUTIB,salt,1
OLUTOH,salt,1
OLUTUN,salt,1
OMACAJ,cocrystal,2
OMACEN,salt,1
OMAKET,solvate,4
OMASON,cocrystal,2
OMAXEF,cocrystal,2
OMEBOA,cocrystal,2
OMEKEY,hydrate,3
OMEKOI,cocrystal,2
OMEKUO,hydrate,3
OMELAV,cocrystal,2
OMELEZ,cocrystal,2
OMELID,cocrystal,2
OMELOI,salt,1
OMELUO,salt,1
OMEMAV,salt,1
OMEREE,salt,1
OMESOP,cocrystal,2
OMEYIO,salt,1
OMIFUL,cocrystal,2
OMIGEW,salt,1
OMIHIB,hydrate,3
OMIHOH,hydrate,3
OMIJAV,salt,1
OMIJEZ,hydrate,3
OMILAA,hydrate,3
OMIQEJ,salt,1
OMIRIO,solvate,4
OMIXEN,salt,1
OMIXIR,salt,1
OMIXUD,salt,1
OMIZIV,hydrate,3
OMIZOB,salt,1
OMOBEX,salt,1
OMOBOJ,hydrate,3
OMOBUP,hydrate,3
OMODEA,hydrate,3
OMODOJ,salt,1
OMOMIO,salt,1
OMOPIP,cocrystal,2
OMOPOV,cocrystal,2
OMOPUB,salt,1
OMOZAT,salt,1
OMUKUF,salt,1
OMUSUL,hydrate,3
OMUWID,salt,1
OMUXEA,salt,1
OMUXIE,hydrate,3
OMUXOK,hydrate,3
OMUXUQ,hydrate,3
OMUYAX,hydrate,3
OMUYEB,salt,1
OMUYUT,hydrate,3
ONABEN,salt,1
ONABIR,salt,1
ONABOX,salt,1
ONABUD,salt,1
ONAJUL,cocrystal,2
ONANEX,salt,1
ONANUN,salt,1
ONAPAV,hydrate,3
ONAPUP,cocrystal,2
ONAQAW,cocrystal,2
ONAQIE,cocrystal,2
ONAZIN,salt,1
ONAZOT,salt,1
ONECAM,cocrystal,2
ONEPOP,salt,1
ONEPUV,salt,1
ONEQAC,salt,1
ONEQEG,salt,1
ONIDEX,salt,1
ONIGOK,salt,1
ONIHEB,cocrystal,2
ONIKAA,hydrate,3
ONIKAZ,salt,1
ONIKED,salt,1
ONIQAG,salt,1
ONIQIO,hydrate,3
ONIVOY,hydrate,3
ONIXEP,cocrystal,2
ONODAY,cocrystal,2
ONODIF,hydrate,3
ONODOL,salt,1
ONOGUW,salt,1
ONONAJ,salt,1
ONOQUE,salt,1
ONPTHL,salt,1
OPAYOV,salt,1
OPECOC,cocrystal,2
OPEFEV,salt,1
OPEKAW,hydrate,3
OPEZOZ,salt,1
OPEZUF,salt,1
OPIBAR,salt,1
OPIBOG,salt,1
OPICAT,salt,1
OPICEX,solvate,4
OPICIB,salt,1
OPICOH,solvate,4
OPICUN,salt,1
OPIDAU,salt,1
OPIDEY,salt,1
OPIDIC,salt,1
OPIDOI,salt,1
OPILIJ,salt,1
OPITEN,salt,1
OPITOX,salt,1
OPIWOA,hydrate,3
OPOCIH,hydrate,3
OPOFUW,cocrystal,2
OPOGAD,cocrystal,2
OPOMUD,salt,1
OPONEO,salt,1
OPOTUK,hydrate,3
OPOVAS,cocrystal,2
OPOYEY,salt,1
OPOZOK,salt,1
OPOZUQ,cocrystal,2
OPRHEL,cocrystal,2
OPRSTA,salt,1
OPUBAE,cocrystal,2
OPUDEL,salt,1
OPUKIV,cocrystal,2
OPUKOB,cocrystal,2
OPUKUH,cocrystal,2
OPULES,cocrystal,2
OPULOC,cocrystal,2
OPULUI,cocrystal,2
OPUMAP,cocrystal,2
OPUMIX,cocrystal,2
OPUMOD,cocrystal,2
OPUMUJ,cocrystal,2
OPUNAQ,cocrystal,2
OPUNEU,cocrystal,2
OPUNIY,cocrystal,2
OPUPIA,cocrystal,2
OPUPOG,cocrystal,2
OPUPUM,cocrystal,2
OPUSOI,cocrystal,2
OPUVED,hydrate,3
OPUVIF,salt,1
OPUVIH,hydrate,3
OPUWAY,salt,1
OPUWEC,salt,1
OPUWUS,salt,1
OPUXAZ,salt,1
OQAFOD,salt,1
OQAHAR,salt,1
OQAHEV,hydrate,3
OQAKUP,salt,1
OQAMOL,salt,1
OQAMUR,salt,1
OQAVEK,cocrystal,2
OQECIZ,hydrate,3
OQEDOG,cocrystal,2
OQEDUM,salt,1
OQEFIC,salt,1
OQEFOH,cocrystal,2
OQEFOI,salt,1
OQEFUN,salt,1
OQIFAX,cocrystal,2
OQIFEB,cocrystal,2
OQIFUR,solvate,4
OQIGON,salt,1
OQIHAA,salt,1
OQIWIX,cocrystal,2
OQIWOD,cocrystal,2
OQIWUJ,cocrystal,2
OQIXAQ,cocrystal,2
OQIXIY,cocrystal,2
OQIXOE,cocrystal,2
OQIYIX,hydrate,3
OQOGIN,cocrystal,2
OQOQIW,hydrate,3
OQOXEA,cocrystal,2
OQOYEA,hydrate,3
OQUJEQ,hydrate,3
OQUPAS,salt,1
OQURAU,solvate,4
OQUSAV,salt,1
OQUYAB,salt,1
ORABUG,hydrate,3
ORABUH,salt,1
ORACAN,hydrate,3
ORACES,salt,1
ORACUH,cocrystal,2
ORADAO,cocrystal,2
ORADUJ,salt,1
ORALUQ,salt,1
ORAMEB,salt,1
ORARUV,cocrystal,2
ORASAC,cocrystal,2
ORASEG,cocrystal,2
ORATOS,salt,1
ORAWIO,cocrystal,2
ORAXAJ,hydrate,3
ORAYOX,salt,1
OREBIY,hydrate,3
OREBIZ,salt,1
OREHIE,hydrate,3
OREJAY,salt,1
OREJON,salt,1
ORELAA,cocrystal,2
ORELEE,cocrystal,2
ORENIL,salt,1
OREREK,salt,1
ORERIO,hydrate,3
ORESAH,salt,1
ORETEL,salt,1
ORETIP,salt,1
ORETOV,salt,1
ORIKIL,cocrystal,2
ORIKOR,cocrystal,2
ORIKUX,cocrystal,2
ORILAE,cocrystal,2
ORILEI,cocrystal,2
ORIMIN,cocrystal,2
ORIMOT,cocrystal,2
ORITAM,salt,1
ORITEQ,salt,1
ORITIV,cocrystal,2
ORIXUK,solvate,4
OROWEY,cocrystal,2
OROWOI,cocrystal,2
ORUDUC,salt,1
ORUFEP,salt,1
ORUHUG,hydrate,3
ORUJES,salt,1
ORUJIW,salt,1
ORUKUK,salt,1
ORUQEY,cocrystal,2
ORUXAB,solvate,4
ORUXEF,hydrate,3
ORUXOP,cocrystal,2
ORUXUV,cocrystal,2
ORUYAC,hydrate,3
ORUYEG,hydrate,3
ORUYEI,salt,1
ORUYIK,hydrate,3
ORUYIM,hydrate,3
ORUYOQ,salt,1
ORUYUW,hydrate,3
ORUZAD,hydrate,3
OSABER,salt,1
OSABIV,salt,1
OSAFEV,salt,1
OSAHUM,salt,1
OSAJAW,cocrystal,2
OSASEI,salt,1
OSAZOA,solvate,4
OSAZUG,solvate,4
OSECIA,hydrate,3
OSECUM,hydrate,3
OSEGEB,salt,1
OSEGIF,hydrate,3
OSEGOL,salt,1
OSEGUR,salt,1
OSEHAY,salt,1
OSEJEE,solvate,4
OSELEG,cocrystal,2
OSELIK,cocrystal,2
OSELUW,cocrystal,2
OSEMAD,cocrystal,2
OSEVIS,salt,1
OSEVOY,salt,1
OSEWAM,hydrate,3
OSIJUY,cocrystal,2
OSIKIM,salt,1
OSIKOS,salt,1
OSIKUY,salt,1
OSITAM,cocrystal,2
OSITOA,cocrystal,2
OSIVES,cocrystal,2
OSOXUS,cocrystal,2
OSUHAO,hydrate,3
OSUQEA,salt,1
OTABUH,salt,1
OTACAO,salt,1
OTAHAV,salt,1
OTAZIT,salt,1
OTAZOZ,salt,1
OTAZUF,cocrystal,2
OTEBAR,salt,1
OTEBEV,salt,1
OTEBIZ,salt,1
OTEBOF,salt,1
OTECOG,hydrate,3
OTEKAA,hydrate,3
OTELEH,salt,1
OTESAI,cocrystal,2
OTESEM,cocrystal,2
OTHNID,salt,1
OTIGAA,hydrate,3
OTIHIJ,cocrystal,2
OTIMUA,solvate,4
OTIMUC,cocrystal,2
OTINIP,solvate,4
OTINUB,salt,1
OTIRUG,salt,1
OTIVAQ,salt,1
OTIYUM,cocrystal,2
OTIZAT,cocrystal,2
OTIZEX,cocrystal,2
OTIZIB,cocrystal,2
OTIZOH,cocrystal,2
OTIZUN,cocrystal,2
OTOBUV,cocrystal,2
OTOCAC,cocrystal,2
OTOCEG,solvate,4
OTOCOQ,cocrystal,2
OTOFEJ,salt,1
OTOGAG,cocrystal,2
OTOGEK,cocrystal,2
OTOGIO,cocrystal,2
OTONAO,salt,1
OTOZIJ,salt,1
OTOZOP,salt,1
OTOZUU,hydrate,3
OTUKUM,cocrystal,2
OTURIH,cocrystal,2
OVADUN,cocrystal,2
OVEBAT,salt,1
OVEBEX,salt,1
OVEBOH,solvate,4
OVEBUN,salt,1
OVECAU,salt,1
OVEDOK,hydrate,3
OVEPIR,salt,1
OVEZIB,hydrate,3
OVEZUL,cocrystal,2
OVIBAX,cocrystal,2
OVIBEB,cocrystal,2
OVIGEG,salt,1
OVIJIN,cocrystal,2
OVILUC,salt,1
OVIMAJ,salt,1
OVIVAR,cocrystal,2
OVUBOZ,salt,1
OVUBUF,salt,1
OVUCEQ,salt,1
OVUCIU,salt,1
OVUDIT,salt,1
OVUDOZ,salt,1
OVUDUF,salt,1
OVUFAN,salt,1
OVUFOB,cocrystal,2
OVUFUH,cocrystal,2
OVULEX,hydrate,3
OVULIB,hydrate,3
OVUMUO,cocrystal,2
OWAFAU,hydrate,3
OWAQEJ,cocrystal,2
OWAQUB,salt,1
OWARAI,salt,1
OWAREM,hydrate,3
OWARIQ,salt,1
OWAROW,salt,1
OWAVUE,cocrystal,2
OWAWAL,cocrystal,2
OWEBOK,salt,1
OWEHII,cocrystal,2
OWESOA,salt,1
OWEZEY,hydrate,3
OWIBIH,salt,1
OWIBON,salt,1
OWIBUT,salt,1
OWICAA,salt,1
OWICEF,salt,1
OWICOO,salt,1
OWIFEG,salt,1
OWIFUW,hydrate,3
OWIGEH,cocrystal,2
OWIJUC,hydrate,3
OWIQIX,salt,1
OWIRIY,salt,1
OWIVOG,salt,1
OWIVUM,salt,1
OWIWUN,hydrate,3
OWIXAU,salt,1
OWIXOI,salt,1
OWIXUO,salt,1
OWIYAX,salt,1
OWOJOB,salt,1
OWOJUH,salt,1
OWOKAO,salt,1
OWOKES,salt,1
OWOKIW,solvate,4
OWOMAR,hydrate,3
OWOYIJ,cocrystal,2
OWUDIW,salt,1
OWUDOC,salt,1
OWUDUI,salt,1
OWUFAQ,salt,1
OWUFEU,salt,1
OWUFIY,salt,1
OWUNUR,salt,1
OWUQAA,salt,1
OXADUP,solvate,4
OXAGOM,salt,1
OXANEI,cocrystal,2
OXAYUJ,hydrate,3
OXCONP,salt,1
OXEDAZ,cocrystal,2
OXEDED,cocrystal,2
OXEGAB,cocrystal,2
OXEMEL,cocrystal,2
OXICIJ02,cocrystal,2
OXICUV02,cocrystal,2
OXIDEG02,cocrystal,2
OXIHUB,cocrystal,2
OXILAK,salt,1
OXINIT,salt,1
OXINOZ,salt,1
OXIPAN,salt,1
OXLCLI,salt,1
OXMBZS,salt,1
OXODOW02,cocrystal,2
OXOGUF,cocrystal,2
OXOHAM,cocrystal,2
OXOHEQ,cocrystal,2
OXOHIU,cocrystal,2
OXOHOA,solvate,4
OXOHUG,salt,1
OXOMAQ,salt,1
OXOMEU,salt,1
OXONUM,hydrate,3
OXOPAU,salt,1
OXOPEY,salt,1
OXPMPS,cocrystal,2
OXSPRU,hydrate,3
OXUDIW,cocrystal,2
OXUGIZ,salt,1
OXULIF,cocrystal,2
OXULOL,cocrystal,2
OXULUP,solvate,4
OXUMAW,solvate,4
OXUMEA,salt,1
OXUMOM,salt,1
OXUTOT,cocrystal,2
OXUVUZ,salt,1
OYADAV,cocrystal,2
OYADUQ,cocrystal,2
OYALIM,salt,1
OYASUD,salt,1
OYEBAX,cocrystal,2
OYECAZ,salt,1
OYECUT,salt,1
OYEJAG,cocrystal,2
OYEXOG,salt,1
OYIBOP,cocrystal,2
OYIGAG02,salt,1
OYIGEK02,hydrate,3
OYIGIO02,salt,1
OYIHEM,cocrystal,2
OYITEW,salt,1
OYOFOY,hydrate,3
OYOMAS,cocrystal,2
OYOXUW,cocrystal,2
OYOXUY,hydrate,3
OYUHAU,hydrate,3
OYUXAK,cocrystal,2
OYUXIS,cocrystal,2
OYUXOY,cocrystal,2
OYUXUE,cocrystal,2
OYUYEN,salt,1
OYUYEP,cocrystal,2
OYUYIR,salt,1
OYUZAM,cocrystal,2
OZATAM,hydrate,3
OZAZIB,cocrystal,2
OZAZOH,cocrystal,2
OZAZUN,cocrystal,2
OZEBAZ,cocrystal,2
OZEBED,cocrystal,2
OZEBIH,cocrystal,2
OZEBON,cocrystal,2
OZEBUT,cocrystal,2
OZECAA,cocrystal,2
OZECEE,cocrystal,2
OZECII,cocrystal,2
OZECOO,cocrystal,2
OZECUU,cocrystal,2
OZEDEF,cocrystal,2
OZEDIJ,cocrystal,2
OZEDOP,cocrystal,2
OZEDUV,cocrystal,2
OZEFAD,cocrystal,2
OZEFEH,cocrystal,2
OZEFIL,cocrystal,2
OZEFOP,salt,1
OZEFOR,cocrystal,2
OZEFUX,cocrystal,2
OZEGAE,cocrystal,2
OZEGEI,cocrystal,2
OZEGIL,salt,1
OZELIP,solvate,4
OZELUD,cocrystal,2
OZEMAK,cocrystal,2
OZEMEO,cocrystal,2
OZERIX,salt,1
OZESUJ,salt,1
OZETAQ,cocrystal,2
OZETEU,cocrystal,2
OZETIY,cocrystal,2
OZETOE,salt,1
OZEVAS,salt,1
OZEVEW,salt,1
OZEVIA,salt,1
OZEWIB,salt,1
OZEWOH,salt,1
OZEWUN,salt,1
OZEXAU,salt,1
OZEXEY,salt,1
OZEXIC,salt,1
OZEXOI,salt,1
OZIDEH,solvate,4
OZIDIL,hydrate,3
OZIDUX,hydrate,3
OZIFOU,hydrate,3
OZIRIB,salt,1
OZIZOP,salt,1
OZOPIF,cocrystal,2
OZOSED,cocrystal,2
OZOSIH,salt,1
OZOSUT,salt,1
OZOTAA,salt,1
OZOTAB,salt,1
OZOTEE,hydrate,3
OZOTII,hydrate,3
OZUFUM,cocrystal,2
OZUPAC,salt,1
PABAQS,salt,1
PABBAV,cocrystal,2
PABBEZ,salt,1
PABGOO,salt,1
PABHEF,salt,1
PABHEI,salt,1
PABHIM,salt,1
PABJOR,salt,1
PABLAF,hydrate,3
PABMUA,salt,1
PABNAH,salt,1
PABNEL,hydrate,3
PABNIP,hydrate,3
PABNIR,cocrystal,2
PABTOD,cocrystal,2
PACDEC,salt,1
PACDIG,salt,1
PACFEH,salt,1
PACFIL,salt,1
PACNAK,hydrate,3
PACROB,salt,1
PACROD,hydrate,3
PACVIC,cocrystal,2
PACWEV,hydrate,3
PADDEE,salt,1
PADDII,salt,1
PADFOS,salt,1
PADGAF,hydrate,3
PADNOB,cocrystal,2
PADNUH,cocrystal,2
PADQUK,salt,1
PADVAU,solvate,4
PAFFEL,salt,1
PAFFIP,hydrate,3
PAFKUD,salt,1
PAFLAK,salt,1
PAFLEO,salt,1
PAFSAS,solvate,4
PAFTAT,solvate,4
PAFTEX,solvate,4
PAFTIA,salt,1
PAFTIB,salt,1
PAFWOK,salt,1
PAFWUQ,salt,1
PAFXAX,salt,1
PAFXEC,salt,1
PAFXIG,salt,1
PAGCAE,cocrystal,2
PAGFIP,cocrystal,2
PAGLAM,salt,1
PAGXOL,salt,1
PAGZED,salt,1
PAHCEH,salt,1
PAHFOW,salt,1
PAHGAH,hydrate,3
PAHGUC,cocrystal,2
PAHHAK,cocrystal,2
PAHHEO,cocrystal,2
PAHHUD,salt,1
PAHKOA,salt,1
PAHLER,salt,1
PAHXOL,salt,1
PAHXUR,salt,1
PAHYOO,salt,1
PAHYUT,cocrystal,2
PAHYUU,salt,1
PAHZAA,salt,1
PAHZEE,salt,1
PAHZEG,cocrystal,2
PAJBIM,cocrystal,2
PAJBUY,hydrate,3
PAJCAF,hydrate,3
PAJFAI,cocrystal,2
PAJFEM,salt,1
PAJGEQ,salt,1
PAJLIY,salt,1
PAJVAA,salt,1
PAJVEE,salt,1
PAKBAH,salt,1
PAKJAO,cocrystal,2
PAKJAQ,cocrystal,2
PAKJES,cocrystal,2
PAKJIW,cocrystal,2
PAKJOC,cocrystal,2
PAKNOG,salt,1
PAKNUM,cocrystal,2
PAKPAU,hydrate,3
PAKQEZ,hydrate,3
PAKQID,salt,1
PAKRIG,hydrate,3
PAKROM,salt,1
PAKSAZ,salt,1
PAKSOM,salt,1
PALBOU,cocrystal,2
PALBUA,cocrystal,2
PALCAH,cocrystal,2
PALCIP,cocrystal,2
PALGAL,solvate,4
PALGEP,salt,1
PALHES,cocrystal,2
PALLIA,cocrystal,2
PALNEX,hydrate,3
PALNIB,hydrate,3
PALRUT,hydrate,3
PALXND10,cocrystal,2
PAMCAH,salt,1
PAMCAL,salt,1
PAMCEP,salt,1
PAMCOW,salt,1
PAMCUC,salt,1
PAMDAJ,salt,1
PAMDIT,solvate,4
PAMDUF,cocrystal,2
PAMFAN,cocrystal,2
PAMFIV,solvate,4
PAMFOB,cocrystal,2
PAMGIX,hydrate,3
PAMLIA,cocrystal,2
PAMLOG,cocrystal,2
PAMLUM,cocrystal,2
PAMMAT,salt,1
PAMMOH,salt,1
PAMPCL,salt,1
PAMPIE,cocrystal,2
PAMPIF,hydrate,3
PAMQAV,cocrystal,2
PAMQAX,cocrystal,2
PAMQEZ,cocrystal,2
PAMRAX,hydrate,3
PAMSEE,solvate,4
PAMWIL,salt,1
PAMWUX,cocrystal,2
PAMXAE,hydrate,3
PAMXEI,hydrate,3
PAMXIM,hydrate,3
PAMZOS,salt,1
PANBEM,salt,1
PANCYQ,cocrystal,2
PANKAR,cocrystal,2
PANLAS,hydrate,3
PANPOK,hydrate,3
PANQIG,cocrystal,2
PANQOM,cocrystal,2
PANQUS,cocrystal,2
PANRIF,salt,1
PANRIH,cocrystal,2
PANROL,salt,1
PANRON,salt,1
PANRUT,salt,1
PANSOP,salt,1
PANVAB,cocrystal,2
PANVAD,hydrate,3
PANVUV,cocrystal,2
PANYIM,cocrystal,2
PANZEJ,cocrystal,2
PAPDER,cocrystal,2
PAPDIT,cocrystal,2
PAPFOB,cocrystal,2
PAPFUI,salt,1
PAPGET,salt,1
PAPMOJ,salt,1
PAPPEE,salt,1
PAPWEL,salt,1
PAQLOI,salt,1
PAQMEC,cocrystal,2
PAQMIG,cocrystal,2
PAQMUS,solvate,4
PAQNAZ,salt,1
PAQNOM,cocrystal,2
PAQNOO,salt,1
PAQNUS,salt,1
PAQPAA,salt,1
PAQPEG,salt,1
PAQPIK,cocrystal,2
PAQRUX,salt,1
PAQSAE,salt,1
PAQSOS,salt,1
PAQSUY,salt,1
PAQTAF,salt,1
PAQVOW,salt,1
PAQVUC,salt,1
PAQWAJ,salt,1
PAQWEN,salt,1
PAQWIR,salt,1
PAQWOX,salt,1
PAQWUD,salt,1
PAQXAK,salt,1
PAQYOV,cocrystal,2
PAQZOZ,cocrystal,2
PARBIT,cocrystal,2
PARBOZ,cocrystal,2
PARDEV,salt,1
PARGIZ,salt,1
PARKUS,salt,1
PARLIH,salt,1
PARLUT,salt,1
PARMUT,salt,1
PARNAA,solvate,4
PARNAX,salt,1
PARTAH,hydrate,3
PARTUZ,hydrate,3
PARVOW,cocrystal,2
PARWOV,salt,1
PARWUB,salt,1
PARXAI,salt,1
PARXEM,salt,1
PARXIQ,salt,1
PASBEQ,salt,1
PASGOG,cocrystal,2
PASHEX,cocrystal,2
PASHID,salt,1
PASKOL,cocrystal,2
PASLAY,cocrystal,2
PASLOO,hydrate,3
PASSUA,salt,1
PASWEO,salt,1
PASXIT,hydrate,3
PASXOZ,hydrate,3
PASYEN,cocrystal,2
PATBEV,salt,1
PATBUL,salt,1
PATFEZ,salt,1
PATFID,salt,1
PATFOJ,salt,1
PATGIE,salt,1
PATHUP,salt,1
PATPUV,salt,1
PATROR,cocrystal,2
PATTAF,salt,1
PATTOU,salt,1
PATYAN,salt,1
PATYER,hydrate,3
PATYOB,salt,1
PATYUH,hydrate,3
PAVBAR,salt,1
PAVCEW,salt,1
PAVFOJ,hydrate,3
PAVGOK,cocrystal,2
PAVHOM,hydrate,3
PAVHUS,hydrate,3
PAVKII,hydrate,3
PAVKOO,salt,1
PAVKUU,cocrystal,2
PAVLEF,salt,1
PAVNEF,cocrystal,2
PAVNOR,salt,1
PAVPUX,hydrate,3
PAVQEK,hydrate,3
PAVRIN,salt,1
PAVSAI,salt,1
PAVSOV,solvate,4
PAVTIR,salt,1
PAVWUF,salt,1
PAVXAN,cocrystal,2
PAVYIW,cocrystal,2
PAVYUI,salt,1
PAWBIA,salt,1
PAWBOG,salt,1
PAWCUO,salt,1
PAWDAV,hydrate,3
PAWDUO,salt,1
PAWFEA,salt,1
PAWGIF,cocrystal,2
PAWLAE,salt,1
PAWPUZ,cocrystal,2
PAWSAH,salt,1
PAWSOX,hydrate,3
PAWTEP,cocrystal,2
PAWTUF,cocrystal,2
PAXBOH,salt,1
PAXDID,salt,1
PAXFIF,cocrystal,2
PAXGOM,salt,1
PAXHAZ,salt,1
PAXKAC,salt,1
PAXKIK,cocrystal,2
PAXLEI,salt,1
PAXLIL,salt,1
PAXMEI,hydrate,3
PAXMUY,hydrate,3
PAXNIN,salt,1
PAXNOR,cocrystal,2
PAXPEL,hydrate,3
PAXYAQ,salt,1
PAXZOF,solvate,4
PAYBAW,cocrystal,2
PAYBUQ,hydrate,3
PAYGEF,cocrystal,2
PAYGIJ,cocrystal,2
PAYKUZ,hydrate,3
PAYVIY,salt,1
PAYVOE,salt,1
PAYWIY,salt,1
PAYXUM,cocrystal,2
PAYYOG,cocrystal,2
PAZDOJ,hydrate,3
PAZFUS,hydrate,3
PAZHOO,salt,1
PAZPEL,salt,1
PAZPIP,salt,1
PAZSIV,solvate,4
PAZYIA,cocrystal,2
PAZZEY,hydrate,3
PBEPST,salt,1
PBUMSL,salt,1
PBUPEA,salt,1
PBUTOL,salt,1
PBXPCH,solvate,4
PBZPAZ10,salt,1
PCACAP,salt,1
PCRTXN,cocrystal,2
PDTCNB,cocrystal,2
PDTHTC,salt,1
PDTOMS,cocrystal,2
PDZNCP,salt,1
PEAMAN,salt,1
PEBBEF,cocrystal,2
PEBCIJ,salt,1
PEBCOP,salt,1
PEBCUV,salt,1
PEBDAC,salt,1
PEBDEG,salt,1
PEBDIK,salt,1
PEBDOQ,salt,1
PEBDUW,salt,1
PEBFIL,salt,1
PEBPER,salt,1
PEBYOO,salt,1
PEBZEE,cocrystal,2
PEBZII,cocrystal,2
PEBZOO,cocrystal,2
PEBZUU,cocrystal,2
PECDAC,salt,1
PECDEG,solvate,4
PECREW,cocrystal,2
PECWEB,cocrystal,2
PECWIF,salt,1
PECXAY,salt,1
PECYAA,salt,1
PECYAZ,hydrate,3
PECYEE,solvate,4
PEDCIM,salt,1
PEDDOR,hydrate,3
PEDFOT,cocrystal,2
PEDGIO,salt,1
PEDGUE,hydrate,3
PEDHAK,salt,1
PEDHEO,salt,1
PEDHIS,salt,1
PEDHOY,salt,1
PEDHUE,salt,1
PEDKAM,hydrate,3
PEDMUK,cocrystal,2
PEDQOG,salt,1
PEDROH,hydrate,3
PEDSIA,salt,1
PEDYED,salt,1
PEDZEF,salt,1
PEDZIJ,salt,1
PEFBEH,salt,1
PEFBIL,salt,1
PEFBOR,hydrate,3
PEFCAG,cocrystal,2
PEFCEI,hydrate,3
PEFJEQ,salt,1
PEFJUI,hydrate,3
PEFNEV,cocrystal,2
PEFNIZ,cocrystal,2
PEFNUL,cocrystal,2
PEFPAT,cocrystal,2
PEFPEX,cocrystal,2
PEFVII,salt,1
PEFXIJ,salt,1
PEFXOP,hydrate,3
PEFYAA,cocrystal,2
PEFYAC,salt,1
PEFYEE,salt,1
PEFYEG,salt,1
PEFYIK,hydrate,3
PEFYOQ,salt,1
PEFYUW,salt,1
PEFZAD,hydrate,3
PEFZEH,hydrate,3
PEFZIL,salt,1
PEGCIR,cocrystal,2
PEGCOX,cocrystal,2
PEGCUD,cocrystal,2
PEGDAH,cocrystal,2
PEGDAK,cocrystal,2
PEGDEO,cocrystal,2
PEGDIR,salt,1
PEGDIS,cocrystal,2
PEGDOX,salt,1
PEGDOY,cocrystal,2
PEGDUE,cocrystal,2
PEGFAM,cocrystal,2
PEGFEM,salt,1
PEGFEQ,cocrystal,2
PEGFOW,salt,1
PEGJUH,cocrystal,2
PEGMOF,salt,1
PEGNUK,cocrystal,2
PEGPEA,salt,1
PEGVON,salt,1
PEGWOQ,salt,1
PEGWUW,salt,1
PEGXAC,cocrystal,2
PEGXAD,salt,1
PEGXEG,cocrystal,2
PEGXIK,cocrystal,2
PEGXOQ,cocrystal,2
PEGXUW,cocrystal,2
PEHCMP10,salt,1
PEHFUF,cocrystal,2
PEHGIT,cocrystal,2
PEHXOQ,salt,1
PEHYOR,cocrystal,2
PEHYUX,cocrystal,2
PEHZAE,cocrystal,2
PEHZIM,cocrystal,2
PEHZOS,cocrystal,2
PEJBAI,cocrystal,2
PEJBEM,cocrystal,2
PEJBIQ,cocrystal,2
PEJBOV,salt,1
PEJBOW,cocrystal,2
PEJGIY,hydrate,3
PEJQOL,salt,1
PEJQUR,salt,1
PEJREC,hydrate,3
PEJRIG,salt,1
PEJSIJ,salt,1
PEJSOP,salt,1
PEJSUV,salt,1
PEJTEG,salt,1
PEJTOQ,salt,1
PEJVAE,salt,1
PEJXOT,cocrystal,2
PEJYAG,cocrystal,2
PEJZAG,salt,1
PEJZEK,hydrate,3
PEJZUB,solvate,4
PEKBAJ,salt,1
PEKBAK,salt,1
PEKBEO,salt,1
PEKBIS,salt,1
PEKBOY,solvate,4
PEKBUE,solvate,4
PEKCAL,solvate,4
PEKCEP,solvate,4
PEKCIT,solvate,4
PEKCUE,salt,1
PEKFAM,cocrystal,2
PEKHAO,salt,1
PEKJIY,salt,1
PEKJOG,cocrystal,2
PEKKIB,salt,1
PEKNUQ,salt,1
PEKPAY,salt,1
PEKPEC,salt,1
PEKPIG,salt,1
PEKPOM,salt,1
PEKPUS,salt,1
PEKQAZ,salt,1
PEKQED,salt,1
PEKQIH,salt,1
PEKQON,salt,1
PEKQUT,hydrate,3
PEKRAA,salt,1
PEKRAZ,salt,1
PEKREE,cocrystal,2
PEKROO,cocrystal,2
PEKRUU,cocrystal,2
PEKSAB,hydrate,3
PEKSEF,cocrystal,2
PEKSIJ,salt,1
PEKSOP,salt,1
PEKTAC,cocrystal,2
PEKWEJ,cocrystal,2
PEKWIN,cocrystal,2
PEKWOT,cocrystal,2
PEKWUZ,cocrystal,2
PEKXAG,cocrystal,2
PEKXAI,hydrate,3
PEKXEK,cocrystal,2
PEKYEL,hydrate,3
PELDER,salt,1
PELDOB,hydrate,3
PELQAY,salt,1
PELTUY,salt,1
PELXOO,cocrystal,2
PELZAI,salt,1
PELZEM,salt,1
PEMBAL,cocrystal,2
PEMGUJ,salt,1
PEMHIC,cocrystal,2
PEMJIB,salt,1
PEMKOL,salt,1
PEMMAV,cocrystal,2
PEMNUR,hydrate,3
PEMPIH,hydrate,3
PEMREE,salt,1
PEMRIJ,cocrystal,2
PEMTOS,salt,1
PENLAW,cocrystal,2
PENMEB,cocrystal,2
PENPCM,hydrate,3
PENPYM,cocrystal,2
PEPDUK,cocrystal,2
PEPMOM,hydrate,3
PEPNPR01,solvate,4
PEPQEG,hydrate,3
PEPQIL,cocrystal,2
PEPREI,solvate,4
PEPROR,cocrystal,2
PEQBES,cocrystal,2
PEQGAU,hydrate,3
PEQGEY,salt,1
PEQGIC,salt,1
PEQGOI,salt,1
PEQGUO,salt,1
PEQHAV,salt,1
PEQHEZ,salt,1
PEQHID,salt,1
PEQHOJ,salt,1
PEQHUP,salt,1
PEQJAX,salt,1
PEQJIF,salt,1
PEQJOL,salt,1
PEQJUR,salt,1
PEQKAY,salt,1
PEQKEC,salt,1
PEQKIG,salt,1
PEQKIH,cocrystal,2
PEQMIJ,cocrystal,2
PEQPAD,cocrystal,2
PEQPAG,salt,1
PEQPIL,cocrystal,2
PEQPOR,cocrystal,2
PEQPUZ,salt,1
PEQQAE,cocrystal,2
PEQQEI,cocrystal,2
PEQQIM,cocrystal,2
PEQQOS,cocrystal,2
PEQVOA,cocrystal,2
PERBUL,solvate,4
PERFAN,cocrystal,2
PERFIC,hydrate,3
PERGOL,cocrystal,2
PERKEF,hydrate,3
PERKIJ,salt,1
PERKOP,hydrate,3
PERKUV,salt,1
PERLAC,cocrystal,2
PERPML,cocrystal,2
PERSUD,salt,1
PERTCE10,cocrystal,2
PERTCQ,cocrystal,2
PERTOW,hydrate,3
PERTUC,solvate,4
PERVIS,cocrystal,2
PERWER,solvate,4
PERWIV,salt,1
PERWUH,salt,1
PERXES,cocrystal,2
PERXOA,hydrate,3
PERXOZ,salt,1
PESBAT,salt,1
PESBEX,salt,1
PESBOH,salt,1
PESBUN,salt,1
PESCAU,salt,1
PESCEY,salt,1
PESCEZ,cocrystal,2
PESCIC,salt,1
PESCOI,solvate,4
PESHIG,cocrystal,2
PESLEF,cocrystal,2
PESLUX,cocrystal,2
PESMAE,cocrystal,2
PESQOU,salt,1
PESRIP,cocrystal,2
PESYUK,cocrystal,2
PESZAS,cocrystal,2
PETBUP,cocrystal,2
PETCEA,cocrystal,2
PETCIB,cocrystal,2
PETCIE,cocrystal,2
PETNEJ,cocrystal,2
PETNIN,cocrystal,2
PETNOT,cocrystal,2
PETNUZ,cocrystal,2
PETPIP,cocrystal,2
PETPOV,cocrystal,2
PETPUB,cocrystal,2
PETQAH,hydrate,3
PETQAI,cocrystal,2
PETQEM,cocrystal,2
PETSAM,salt,1
PETYUJ,solvate,4
PEVCAX,salt,1
PEVCEB,salt,1
PEVCIF,salt,1
PEVCOL,salt,1
PEVCUR,salt,1
PEVDAY,hydrate,3
PEVDEC,salt,1
PEVFAZ,cocrystal,2
PEVJIM,cocrystal,2
PEVKIK,cocrystal,2
PEVLAE,salt,1
PEVQUD,salt,1
PEVRAN,salt,1
PEVRER,salt,1
PEWHEE,salt,1
PEWHIJ,hydrate,3
PEWLAI,salt,1
PEWPUF,salt,1
PEWXOF,salt,1
PEXBEC,salt,1
PEXBIG,salt,1
PEXBOM,salt,1
PEXBUS,hydrate,3
PEXCIH,salt,1
PEXDEF,salt,1
PEXDIJ,hydrate,3
PEXGOS,cocrystal,2
PEXGUY,cocrystal,2
PEXHAB,solvate,4
PEXHIN,cocrystal,2
PEXKAE,hydrate,3
PEXKEK,solvate,4
PEXLUZ,salt,1
PEXNAJ,cocrystal,2
PEXNOV,salt,1
PEXNOX,salt,1
PEXNUB,salt,1
PEXNUD,salt,1
PEXPAL,salt,1
PEXPEP,cocrystal,2
PEXPIT,cocrystal,2
PEXSAM,salt,1
PEXSUJ,salt,1
PEXTAQ,salt,1
PEXTEU,salt,1
PEXTIY,salt,1
PEXTOE,salt,1
PEXTUK,salt,1
PEXVAS,salt,1
PEXWIZ,salt,1
PEXXIZ,salt,1
PEXXOF,salt,1
PEXYAV,salt,1
PEYDUV,hydrate,3
PEYMUB,solvate,4
PEYNAI,salt,1
PEYPUF,hydrate,3
PEYYIB,salt,1
PEZJAH,salt,1
PEZJUA,cocrystal,2
PEZKAK,salt,1
PEZKEO,salt,1
PEZKIS,salt,1
PEZLOV,salt,1
PEZMUC,salt,1
PEZNEP,hydrate,3
PEZNOZ,hydrate,3
PEZPOZ,salt,1
PEZPUF,cocrystal,2
PEZQAN,cocrystal,2
PEZREV,hydrate,3
PEZWID,hydrate,3
PEZXIB,salt,1
PHCPED,salt,1
PHENNP10,hydrate,3
PHENQU,cocrystal,2
PHLBZQ,cocrystal,2
PHNAZI,cocrystal,2
PHNSNB10,cocrystal,2
PHPRPC10,salt,1
PIBCEJ,cocrystal,2
PIBDAF,cocrystal,2
PIBLOF,salt,1
PIBLUL,hydrate,3
PICDUA,cocrystal,2
PICFAI,cocrystal,2
PICFUM,cocrystal,2
PICGIV,salt,1
PICLIA,cocrystal,2
PICLIY,salt,1
PICLUK,salt,1
PICMIA,cocrystal,2
PICMOG,cocrystal,2
PICOLI,cocrystal,2
PICVUU,salt,1
PICWED,solvate,4
PICYOS,cocrystal,2
PIDCAI,salt,1
PIDCIS,cocrystal,2
PIDCOY,solvate,4
PIDCUE,cocrystal,2
PIDHUG,hydrate,3
PIDJOD,cocrystal,2
PIDJUJ,cocrystal,2
PIDKAQ,cocrystal,2
PIDKIY,solvate,4
PIDKOE,salt,1
PIDLET,salt,1
PIDLUM,salt,1
PIDMEU,solvate,4
PIDMEW,cocrystal,2
PIDMIY,hydrate,3
PIDNOI,salt,1
PIDRAW,hydrate,3
PIDRID,cocrystal,2
PIFGUH,salt,1
PIFHAO,cocrystal,2
PIFJAQ,salt,1
PIFQUT,salt,1
PIFRAA,salt,1
PIFWAD,cocrystal,2
PIGCIU,salt,1
PIGDER,salt,1
PIGDUI,salt,1
PIGGOC,salt,1
PIGGOD,hydrate,3
PIGHAP,salt,1
PIGJUK,cocrystal,2
PIGNUP,cocrystal,2
PIGPAX,cocrystal,2
PIGQAY,cocrystal,2
PIGQON,salt,1
PIGSEH,salt,1
PIGSOO,salt,1
PIGXUY,cocrystal,2
PIGZEN,salt,1
PIHCIS,salt,1
PIHLIC,hydrate,3
PIHLOI,hydrate,3
PIHLUO,salt,1
PIHMAV,salt,1
PIHMEA,salt,1
PIHMIG,cocrystal,2
PIHNED,cocrystal,2
PIHSOO,hydrate,3
PIHWOS,salt,1
PIJBUF,cocrystal,2
PIJCIY,hydrate,3
PIJCUK,solvate,4
PIJDEV,hydrate,3
PIJHIA,cocrystal,2
PIJHOG,cocrystal,2
PIJHUM,cocrystal,2
PIJNAB,hydrate,3
PIJNOL,salt,1
PIJSEJ,cocrystal,2
PIJSEK,salt,1
PIJSIN,hydrate,3
PIJSIO,salt,1
PIJSOT,solvate,4
PIJSOU,salt,1
PIJSUZ,cocrystal,2
PIKBOA,salt,1
PIKCAN,salt,1
PIKCOB,salt,1
PIKDOC,salt,1
PIKGEW,hydrate,3
PIKGOJ,salt,1
PIKGUP,salt,1
PIKHAW,salt,1
PIKLEA,cocrystal,2
PIKMEB,hydrate,3
PIKXEN,salt,1
PILCIW,cocrystal,2
PILCUK,cocrystal,2
PILJON,salt,1
PILKIG,cocrystal,2
PILKUS,cocrystal,2
PILLAZ,cocrystal,2
PILMAA,cocrystal,2
PILMAZ,hydrate,3
PILSEK,hydrate,3
PILSIN,cocrystal,2
PILSIO,hydrate,3
PILSOU,solvate,4
PILTAH,salt,1
PILTOW,cocrystal,2
PILTUC,salt,1
PILXUD,salt,1
PIMCIA,hydrate,3
PIMLAB,hydrate,3
PIMOZD,salt,1
PIMPUA,hydrate,3
PIMSAI,solvate,4
PINHID,cocrystal,2
PINJEB,cocrystal,2
PINJII,cocrystal,2
PINMEG,cocrystal,2
PINMUW,cocrystal,2
PINNAD,cocrystal,2
PINNIJ,salt,1
PINPIM,salt,1
PINPOR,salt,1
PINVIU,cocrystal,2
PIODON,salt,1
PIPACP,salt,1
PIPBBZ,salt,1
PIPCBZ,salt,1
PIPCLI,salt,1
PIPEDC10,salt,1
PIPERS,salt,1
PIPGIG,salt,1
PIPGII,salt,1
PIPHBZ,salt,1
PIPLIJ,solvate,4
PIPLIM,salt,1
PIPLOS,salt,1
PIPLUY,salt,1
PIPMAF,salt,1
PIPMEJ,salt,1
PIPMOT,salt,1
PIPMUZ,salt,1
PIPNOR,salt,1
PIPQUD,hydrate,3
PIPREO,hydrate,3
PIPTAC,salt,1
PIPTAM,salt,1
PIPTEQ,salt,1
PIPYAQ,solvate,4
PIQHIJ,solvate,4
PIQJIL,salt,1
PIQPAK,salt,1
PIQPOX,salt,1
PIQPUD,salt,1
PIQQAK,salt,1
PIQRIT,cocrystal,2
PIQTIS,hydrate,3
PIRBAW,salt,1
PIRFIJ,cocrystal,2
PIRFON,cocrystal,2
PIRFOP,solvate,4
PIRLUZ,cocrystal,2
PIRNOV,cocrystal,2
PIRNUB,salt,1
PIRPEN,cocrystal,2
PIRPIR,cocrystal,2
PIRQAM,cocrystal,2
PIRQEO,cocrystal,2
PIRQIS,cocrystal,2
PIRRAL,hydrate,3
PIRREP,cocrystal,2
PIRXOF,cocrystal,2
PIRXUL,cocrystal,2
PIRYAS,cocrystal,2
PITLEL,salt,1
PITPIV,salt,1
PITPOB,salt,1
PITQAM,salt,1
PITRET,salt,1
PITRIX,salt,1
PITROD,salt,1
PITRUJ,salt,1
PITSEU,salt,1
PITTIV,salt,1
PITVAS,salt,1
PITYAS,cocrystal,2
PITYEW,cocrystal,2
PITYIA,cocrystal,2
PITYOG,cocrystal,2
PITZEX,cocrystal,2
PITZUN,hydrate,3
PIVBAX,salt,1
PIVDON,hydrate,3
PIVDOO,cocrystal,2
PIVDUT,hydrate,3
PIVGEG,salt,1
PIVTOH,cocrystal,2
PIVZAZ,salt,1
PIWBEC,hydrate,3
PIWCIK,cocrystal,2
PIWCUU,salt,1
PIWJAK,salt,1
PIWKEL,cocrystal,2
PIWKUB,cocrystal,2
PIWNUE,cocrystal,2
PIWQIZ,cocrystal,2
PIWQOF,cocrystal,2
PIWQUL,cocrystal,2
PIWRAS,cocrystal,2
PIWRIA,cocrystal,2
PIWTUL,solvate,4
PIWWEZ,cocrystal,2
PIWWOJ,hydrate,3
PIWXOI,cocrystal,2
PIWXUO,cocrystal,2
PIXCIJ,salt,1
PIXCOP,salt,1
PIXCUV,salt,1
PIXFOU,salt,1
PIXMEP,hydrate,3
PIXMIT,hydrate,3
PIXMOZ,salt,1
PIXTAU,salt,1
PIXVEZ,salt,1
PIXWEA,hydrate,3
PIXXEB,cocrystal,2
PIXZEF,salt,1
PIXZIJ,salt,1
PIYDEG,cocrystal,2
PIYDUW,cocrystal,2
PIYFAE,cocrystal,2
PIYFOV,salt,1
PIYGUZ,solvate,4
PIYHEK,solvate,4
PIZDAD,solvate,4
PIZDOS,hydrate,3
PIZGUA,salt,1
PIZNOF,cocrystal,2
PIZNUL,cocrystal,2
PIZPIB,cocrystal,2
PIZPOH,cocrystal,2
PIZPUN,cocrystal,2
PIZRUP,hydrate,3
PIZSEA,hydrate,3
PIZSIE,salt,1
PIZTPH,salt,1
PIZXEE,salt,1
PIZZAD,hydrate,3
PLAGBL10,cocrystal,2
PMACEP01,salt,1
PMBFUP,salt,1
PMDXLP,salt,1
PMEANT,cocrystal,2
PMPYAZ,salt,1
PMPZOL,cocrystal,2
PMTTIC,cocrystal,2
POBCEO,salt,1
POBCOA,salt,1
POBDAL,cocrystal,2
POBJOI,cocrystal,2
POBMEC,cocrystal,2
POBMUQ,salt,1
POBRIL,solvate,4
POBSIL,solvate,4
POBTIK,hydrate,3
POBZAK,cocrystal,2
POCBAN,cocrystal,2
POCBER,cocrystal,2
POCBUH,cocrystal,2
POCHIA,salt,1
POCNED,salt,1
POCNIH,salt,1
POCNON,hydrate,3
POCNUT,hydrate,3
POCPAB,salt,1
POCPEC,salt,1
POCPED,cocrystal,2
POCPEF,salt,1
POCPIH,cocrystal,2
POCPIJ,solvate,4
POCPON,cocrystal,2
POCQOQ,hydrate,3
POCQUW,salt,1
POCVEL,cocrystal,2
POCVIP,cocrystal,2
POCVOS,salt,1
POCVOV,cocrystal,2
POCVUB,cocrystal,2
POCVUY,salt,1
POCWAF,salt,1
POCWOV,hydrate,3
POCYOW,cocrystal,2
PODFIX,salt,1
PODLAV,cocrystal,2
PODLUS,salt,1
PODPAC,salt,1
PODPII,salt,1
PODQEG,salt,1
PODRAC,salt,1
PODSAD,hydrate,3
PODYEM,salt,1
POFCOF,salt,1
POFGID,hydrate,3
POFLAZ,salt,1
POFLIF,salt,1
POFPAB,cocrystal,2
POFPEF,cocrystal,2
POFREH,salt,1
POFRIL,salt,1
POFRIM,salt,1
POFTEM,solvate,4
POFVOV,cocrystal,2
POGDEX,salt,1
POGFIA,salt,1
POGPAC,salt,1
POGWUE,cocrystal,2
POHCIZ,solvate,4
POHDAR,cocrystal,2
POHDUO,cocrystal,2
POHFAU,salt,1
POHHEZ,salt,1
POHLIH,hydrate,3
POHSOX,salt,1
POHWER,hydrate,3
POHZAN,hydrate,3
POJFAV,salt,1
POJPEJ,salt,1
POJQEK,cocrystal,2
POJQIR,cocrystal,2
POJZET,cocrystal,2
POKBIC,salt,1
POKDAU,cocrystal,2
POKFEA,salt,1
POKKEG,hydrate,3
POKKIK,salt,1
POKLUY,salt,1
POKMOU,hydrate,3
POKQIP,salt,1
POLGUT,solvate,4
POLLOU,cocrystal,2
POLLUZ,cocrystal,2
POLMAG,cocrystal,2
POLMAH,cocrystal,2
POLMEK,cocrystal,2
POLMUB,hydrate,3
POLNIQ,salt,1
POLWOE,salt,1
POLZIC,cocrystal,2
POLZOI,cocrystal,2
POMBEY,salt,1
POMCOJ,cocrystal,2
POMFEE,salt,1
POMKOU,cocrystal,2
POMKUZ,salt,1
POMQIU,cocrystal,2
POMQUG,cocrystal,2
PONPAK,cocrystal,2
PONPUD,cocrystal,2
PONRAL,cocrystal,2
PONSAO,hydrate,3
PONSET,salt,1
PONSIX,salt,1
PONSUI,salt,1
PONTER,salt,1
PONVAR,salt,1
PONXOH,salt,1
PONYAS,cocrystal,2
PONYOH,salt,1
POPGIK,salt,1
POPJOT,cocrystal,2
POPLIQ,salt,1
POPMOX,cocrystal,2
POPNAJ,salt,1
POPQAN,cocrystal,2
POPRES,salt,1
POPVAR,salt,1
POPWEZ,salt,1
POPXEZ,salt,1
POQHEL,cocrystal,2
POQHIP,hydrate,3
POQNAL,salt,1
POQNOZ,salt,1
POQPIX,cocrystal,2
POQQIW,salt,1
POQZAY,solvate,4
POQZEC,solvate,4
PORGUB,salt,1
PORMUG,salt,1
PORNAN,salt,1
PORNER,salt,1
PORNIV,salt,1
PORNOB,salt,1
PORNUH,salt,1
PORPAP,salt,1
PORPET,salt,1
PORPIX,salt,1
PORQAQ,salt,1
PORTUO,hydrate,3
PORVAU,salt,1
PORVAW,hydrate,3
PORVEA,hydrate,3
PORWAU,salt,1
PORWEY,salt,1
POSMUF,cocrystal,2
POSQOE,salt,1
POSQUK,salt,1
POSRAR,salt,1
POSREV,cocrystal,2
POSROG,salt,1
POSSOG,salt,1
POSXUT,salt,1
POTKIS,cocrystal,2
POTLAN,salt,1
POTMAM,salt,1
POTZUU,salt,1
POVDEJ,salt,1
POVDUZ,salt,1
POVGAK,cocrystal,2
POVGEO,cocrystal,2
POVGIS,cocrystal,2
POVGOY,solvate,4
POVGUE,solvate,4
POVHAL,solvate,4
POVHEP,solvate,4
POVHIR,salt,1
POVHIT,solvate,4
POVHOZ,solvate,4
POVJAL,cocrystal,2
POVKES,salt,1
POVKET,hydrate,3
POVKIW,hydrate,3
POVLOB,salt,1
POVLOD,salt,1
POVMAQ,salt,1
POVMEU,salt,1
POVQIC,salt,1
POVXAC,cocrystal,2
POVXIK,hydrate,3
POVYAB,hydrate,3
POVYAD,salt,1
POVYEF,cocrystal,2
POVYIJ,cocrystal,2
POVYIL,hydrate,3
POVYOP,cocrystal,2
POVYUV,cocrystal,2
POVZAC,cocrystal,2
POVZEG,salt,1
POVZIK,salt,1
POVZIM,cocrystal,2
POVZOQ,salt,1
POVZOS,cocrystal,2
POVZUY,cocrystal,2
POWBAH,cocrystal,2
POWBEL,cocrystal,2
POWGOA,cocrystal,2
POWGUG,cocrystal,2
POWHER,cocrystal,2
POWHUH,cocrystal,2
POWJAP,cocrystal,2
POWJET,cocrystal,2
POWJIX,cocrystal,2
POWKUI,salt,1
POWMET,cocrystal,2
POWMOE,salt,1
POWMUL,salt,1
POWREB,cocrystal,2
POWRIF,cocrystal,2
POWTUT,salt,1
POWWUU,salt,1
POWYAE,salt,1
POWZAD,hydrate,3
POWZEJ,salt,1
POXCUA,hydrate,3
POXGAL,cocrystal,2
POXJAQ,salt,1
POXLOG,cocrystal,2
POXXUY,hydrate,3
POXYOQ,salt,1
POYLIZ,salt,1
POYLOF,salt,1
POYMEW,salt,1
POYMIA,salt,1
POYWEG,salt,1
POYXIK,cocrystal,2
POYXOQ,salt,1
POZCOZ,cocrystal,2
POZNOK,cocrystal,2
POZNUQ,hydrate,3
POZPAY,cocrystal,2
POZPUP,cocrystal,2
POZQAW,cocrystal,2
PPCRHZ01,cocrystal,2
PPHTCQ,salt,1
PPIMNS,salt,1
PRGETP,salt,1
PROCPH,salt,1
PROFLS,hydrate,3
PRORES,cocrystal,2
PRPENG,hydrate,3
PSEAOX,salt,1
PSPART,salt,1
PTBPOS,cocrystal,2
PTCARB10,solvate,4
PTPAMS10,salt,1
PTZPMA,cocrystal,2
PTZTCQ,cocrystal,2
PUBDIZ,salt,1
PUBMUX,cocrystal,2
PUBNAE,cocrystal,2
PUBNEI,cocrystal,2
PUBNIM,cocrystal,2
PUBNOS,salt,1
PUBNUY,hydrate,3
PUBQEI,salt,1
PUBVAK,cocrystal,2
PUBWEO,cocrystal,2
PUCBIY,hydrate,3
PUCKOQ,salt,1
PUCKUW,salt,1
PUCLEH,hydrate,3
PUCSAJ,hydrate,3
PUCSAK,cocrystal,2
PUCSEO,cocrystal,2
PUCSIS,cocrystal,2
PUCSOY,cocrystal,2
PUCTEP,cocrystal,2
PUCTOZ,cocrystal,2
PUCZOF,solvate,4
PUDJIH,hydrate,3
PUDMOQ,salt,1
PUDPIQ,salt,1
PUDZEU,salt,1
PUFFIG,salt,1
PUFFUS,cocrystal,2
PUFGII,salt,1
PUFGUT,cocrystal,2
PUFHON,salt,1
PUFHOO,salt,1
PUFJAC,salt,1
PUFKIL,hydrate,3
PUGBEZ,hydrate,3
PUGBOJ,salt,1
PUGDOL,salt,1
PUGGAA,hydrate,3
PUGGOO,hydrate,3
PUGHEF,salt,1
PUGQUD,salt,1
PUGRIT,salt,1
PUGRUF,hydrate,3
PUGVIY,cocrystal,2
PUHBOK,salt,1
PUHBUQ,salt,1
PUHFAA,cocrystal,2
PUHGOP,cocrystal,2
PUHGUV,cocrystal,2
PUHTIX,salt,1
PUHTOD,salt,1
PUHVAR,salt,1
PUHWUN,cocrystal,2
PUHXAU,cocrystal,2
PUHXIC,cocrystal,2
PUHYID,cocrystal,2
PUJBOM,cocrystal,2
PUJDAA,salt,1
PUJFOQ,salt,1
PUJGOR,cocrystal,2
PUJHUY,cocrystal,2
PUJKIP,salt,1
PUJKOV,salt,1
PUJLIQ,salt,1
PUJNAK,cocrystal,2
PUJNIS,cocrystal,2
PUJTOE,solvate,4
PUJVUO,cocrystal,2
PUJWAV,hydrate,3
PUJWEX,salt,1
PUJWEZ,cocrystal,2
PUJWIB,salt,1
PUJWUO,cocrystal,2
PUJZEA,salt,1
PUKBIJ,cocrystal,2
PUKBON,salt,1
PUKDEF,salt,1
PUKDIJ,cocrystal,2
PUKDOP,salt,1
PUKDUW,salt,1
PUKFAD,hydrate,3
PUKJIP,salt,1
PUKJOV,salt,1
PUKKAH,cocrystal,2
PUKPER,cocrystal,2
PUKPOC,hydrate,3
PUKPUI,salt,1
PUKRET,salt,1
PUKRIX,hydrate,3
PUKYEA,cocrystal,2
PULWAU,solvate,4
PULWUO,cocrystal,2
PUMFOV,cocrystal,2
PUMGAI,cocrystal,2
PUMGOW,cocrystal,2
PUMNER,salt,1
PUMQET,cocrystal,2
PUMRUK,salt,1
PUMSEV,salt,1
PUMTUM,salt,1
PUMVEB,salt,1
PUMVOI,cocrystal,2
PUMVUO,cocrystal,2
PUMWEZ,cocrystal,2
PUMWID,cocrystal,2
PUMWOJ,solvate,4
PUNMIX,hydrate,3
PUNMUJ,hydrate,3
PUNPIY,salt,1
PUNPOE,salt,1
PUNPUK,salt,1
PUNQAR,hydrate,3
PUNVAW,cocrystal,2
PUNWED,hydrate,3
PUNWIF,salt,1
PUNWIH,hydrate,3
PUNWOL,salt,1
PUNWON,hydrate,3
PUNWUR,salt,1
PUNXAA,hydrate,3
PUNXAY,salt,1
PUNXEC,salt,1
PUNXIG,salt,1
PUNXII,hydrate,3
PUNXOM,salt,1
PUNYUS,cocrystal,2
PUPBIL,salt,1
PUPGOX,hydrate,3
PUPGUD,cocrystal,2
PUPHAK,hydrate,3
PUPKER,salt,1
PUPKIV,salt,1
PUPLOC,cocrystal,2
PUPMAP,cocrystal,2
PUPPUL,salt,1
PUPXAA,hydrate,3
PUPYII,salt,1
PUQDOU,salt,1
PUQGEO,cocrystal,2
PUQGIS,salt,1
PUQNEW,salt,1
PUQQIB,cocrystal,2
PUQTIF,hydrate,3
PURDUD,cocrystal,2
PURFEP,cocrystal,2
PURFUF,cocrystal,2
PURHUH,cocrystal,2
PURKOD,salt,1
PURXAE,cocrystal,2
PURXEI,salt,1
PUSFAM,hydrate,3
PUSRIE,cocrystal,2
PUSRUQ,cocrystal,2
PUSXAE,salt,1
PUSYOR,salt,1
PUTFAL,solvate,4
PUTKUN,cocrystal,2
PUTLUN,cocrystal,2
PUTMAU,cocrystal,2
PUTMIC,cocrystal,2
PUTMUM,salt,1
PUTMUO,cocrystal,2
PUTNAV,cocrystal,2
PUTRDP02,salt,1
PUTWEI,cocrystal,2
PUTWIM,cocrystal,2
PUTWOS,cocrystal,2
PUTWUY,cocrystal,2
PUTXAF,cocrystal,2
PUTXEJ,cocrystal,2
PUVJIA,salt,1
PUVKOJ,hydrate,3
PUVMIC,cocrystal,2
PUVMOI,cocrystal,2
PUVNID,hydrate,3
PUVTUV,hydrate,3
PUVVOR,solvate,4
PUVZEN,salt,1
PUVZIR,solvate,4
PUWFOD,cocrystal,2
PUWLAW,cocrystal,2
PUWREE,cocrystal,2
PUWROO,cocrystal,2
PUXJUQ,salt,1
PUXKAU,salt,1
PUXKIC,salt,1
PUXKUQ,cocrystal,2
PUXVEM,salt,1
PUXWEM,salt,1
PUXXIS,cocrystal,2
PUYTAE,cocrystal,2
PUYVUA,salt,1
PUYXOZ,salt,1
PUYXUF,salt,1
PUYYAK,cocrystal,2
PUYYUE,cocrystal,2
PUZBIV,cocrystal,2
PUZDEW,cocrystal,2
PUZGUP,cocrystal,2
PUZHAW,cocrystal,2
PUZHEA,cocrystal,2
PUZHIE,cocrystal,2
PUZHOK,cocrystal,2
PUZJAY,cocrystal,2
PUZLOO,salt,1
PUZTAG,salt,1
PUZVIQ,hydrate,3
PUZVOW,salt,1
PUZVUC,salt,1
PUZWAJ,solvate,4
PUZWEN,hydrate,3
PUZWIR,hydrate,3
PUZZIT,cocrystal,2
PUZZIU,salt,1
PUZZOZ,cocrystal,2
PUZZUF,cocrystal,2
PXTRBA10,salt,1
PXYHFB,cocrystal,2
PYCHMA,salt,1
PYMAST,cocrystal,2
PYMCBZ,salt,1
PYMMBZ,salt,1
PYOCHP,cocrystal,2
PYOTCA01,salt,1
PYPYPC,salt,1
PYQAZP,salt,1
PYRBPC,cocrystal,2
PYRBZQ,cocrystal,2
PYRCBZ,cocrystal,2
PYRCDT,salt,1
PYRCLN,cocrystal,2
PYRDHN,salt,1
PYRFLR,cocrystal,2
PYRINK,cocrystal,2
PYRPIC,salt,1
PYRPMA01,cocrystal,2
PYRTNB,cocrystal,2
PYTQIM,cocrystal,2
QABBIE,salt,1
QABHIO,cocrystal,2
QABMAL,salt,1
QABPAM,hydrate,3
QABPEQ,hydrate,3
QABSAQ,salt,1
QABTOF,hydrate,3
QABZOL,cocrystal,2
QABZUQ,cocrystal,2
QACBAA,cocrystal,2
QACBAZ,cocrystal,2
QACBUU,salt,1
QACCAB,salt,1
QACCIJ,salt,1
QACKEO,hydrate,3
QACMAJ,hydrate,3
QACNAK,salt,1
QACVAT,cocrystal,2
QACVEX,salt,1
QADCAB,salt,1
QADGEH,cocrystal,2
QADHAE,salt,1
QADLOY,salt,1
QADQUH,salt,1
QADRES,salt,1
QADVUQ,salt,1
QADYAW,hydrate,3
QAFCEJ,hydrate,3
QAFFOS,solvate,4
QAFGIR,salt,1
QAFGOX,salt,1
QAFGUD,salt,1
QAFHAK,salt,1
QAFHIS,salt,1
QAFHOY,hydrate,3
QAFHUE,salt,1
QAFJIU,salt,1
QAFJOA,salt,1
QAFJUF,salt,1
QAFJUG,hydrate,3
QAFKAM,salt,1
QAFKEO,salt,1
QAFLOB,cocrystal,2
QAFPUL,salt,1
QAFQEW,cocrystal,2
QAFQOE,salt,1
QAFROH,hydrate,3
QAFSAU,hydrate,3
QAFSEY,cocrystal,2
QAFSOF,hydrate,3
QAFTID,cocrystal,2
QAFTUN,salt,1
QAFVAV,hydrate,3
QAFVID,salt,1
QAFWID,salt,1
QAFWOJ,salt,1
QAFZUT,cocrystal,2
QAGDAG,salt,1
QAGDEK,hydrate,3
QAGHOY,cocrystal,2
QAGHUE,solvate,4
QAGJAJ,salt,1
QAGJAM,cocrystal,2
QAGJEN,salt,1
QAGJIR,salt,1
QAGJIU,cocrystal,2
QAGJOX,salt,1
QAGJUD,salt,1
QAGQAT,salt,1
QAGVAV,salt,1
QAGXAB,cocrystal,2
QAHDAH,salt,1
QAHKAM,salt,1
QAHMEU,solvate,4
QAHNIZ,cocrystal,2
QAHNOF,cocrystal,2
QAHNUL,cocrystal,2
QAHPAQ,cocrystal,2
QAHPAT,cocrystal,2
QAHPEU,cocrystal,2
QAHSIB,cocrystal,2
QAHTOM,salt,1
QAHVAA,solvate,4
QAHYAA,salt,1
QAHYEE,salt,1
QAHYII,salt,1
QAHYOO,salt,1
QAJCUD,salt,1
QAJGIV,cocrystal,2
QAJLAR,salt,1
QAJLOE,salt,1
QAJNEW,hydrate,3
QAJQEZ,hydrate,3
QAJWAB,salt,1
QAJXUV,salt,1
QAJYEG,salt,1
QAJZEH,salt,1
QAKBAH,salt,1
QAKBIO,salt,1
QAKBOU,salt,1
QAKBUA,salt,1
QAKCUC,hydrate,3
QAKDIR,salt,1
QAKDOW,solvate,4
QAKFAK,salt,1
QAKGES,salt,1
QAKGUI,salt,1
QAKNIB,salt,1
QAKNUN,salt,1
QAKQIE,salt,1
QAKRIF,cocrystal,2
QAKROL,solvate,4
QAKTAB,cocrystal,2
QAKTUT,salt,1
QAKWAA,salt,1
QAKWAB,salt,1
QAKYOS,salt,1
QAKZAH,salt,1
QAKZEL,salt,1
QAKZIP,salt,1
QAKZOV,salt,1
QALBAI,hydrate,3
QALDAL,hydrate,3
QALDOY,solvate,4
QALDUE,cocrystal,2
QALFUI,salt,1
QALKOE,cocrystal,2
QALSOM,salt,1
QALSUS,salt,1
QALXAE,salt,1
QALXEI,salt,1
QAMBAH,salt,1
QAMBAK,salt,1
QAMBEO,salt,1
QAMFOB,salt,1
QAMFOZ,cocrystal,2
QAMNEZ,salt,1
QAMPAV,salt,1
QAMPEZ,salt,1
QAMQUR,cocrystal,2
QAMRAY,cocrystal,2
QAMRIF,salt,1
QAMRIG,cocrystal,2
QAMROM,cocrystal,2
QAMRUS,cocrystal,2
QAMSAZ,cocrystal,2
QAMSED,cocrystal,2
QAMSUU,salt,1
QAMWEG,cocrystal,2
QAMXEI,hydrate,3
QAMXIM,salt,1
QAMYEJ,salt,1
QAMYIN,salt,1
QAMYOT,salt,1
QAMYUZ,salt,1
QAMZAG,solvate,4
QANGUJ,salt,1
QANJIZ,hydrate,3
QANJUL,salt,1
QANKUM,hydrate,3
QANKUN,cocrystal,2
QANLAT,hydrate,3
QANLEX,hydrate,3
QANLEZ,salt,1
QANMEY,hydrate,3
QANPEB,salt,1
QANPIF,salt,1
QANPOL,salt,1
QANPUR,salt,1
QANRUS,cocrystal,2
QANXAI,hydrate,3
QANXEM,hydrate,3
QANYOW,salt,1
QAPNAZ,cocrystal,2
QAPNEA,salt,1
QAPTEG,salt,1
QAPTOS,salt,1
QAPVIN,solvate,4
QAQBUG,salt,1
QAQLAV,hydrate,3
QAQPUT,salt,1
QAQXAJ,salt,1
QAQZUD,cocrystal,2
QARBIU,salt,1
QARGIZ,cocrystal,2
QARGOF,cocrystal,2
QARGUL,cocrystal,2
QARMEF,salt,1
QARQUY,cocrystal,2
QARWUC,cocrystal,2
QARXAJ,cocrystal,2
QARXEN,cocrystal,2
QARXIR,cocrystal,2
QARXOX,cocrystal,2
QASDOE,hydrate,3
QASHEX,cocrystal,2
QASNEH,salt,1
QASQEJ,solvate,4
QASQIN,salt,1
QASRAE,salt,1
QASTUZ,cocrystal,2
QASVOZ,cocrystal,2
QASVUF,cocrystal,2
QASYIT,hydrate,3
QATBEU,solvate,4
QATKEC,salt,1
QATKEE,salt,1
QATTIP,solvate,4
QATTOV,solvate,4
QATYET,salt,1
QATYIX,salt,1
QAVBUN,cocrystal,2
QAVHOO,cocrystal,2
QAVJEG,cocrystal,2
QAVMEF,cocrystal,2
QAVSAJ,salt,1
QAVSUD,salt,1
QAVWER,salt,1
QAWJEH,hydrate,3
QAWSUC,salt,1
QAWTEQ,salt,1
QAWTIU,salt,1
QAWTUE,solvate,4
QAXGIG,salt,1
QAXJAD,salt,1
QAXLEK,hydrate,3
QAXQOZ,salt,1
QAXTOZ,hydrate,3
QAXTUF,salt,1
QAXWUJ,salt,1
QAXYOG,solvate,4
QAXYUM,solvate,4
QAXZAT,solvate,4
QAXZEX,solvate,4
QAXZIB,solvate,4
QAXZOH,solvate,4
QAXZUN,cocrystal,2
QAYBAW,cocrystal,2
QAYBEA,cocrystal,2
QAYGUT,salt,1
QAYTEQ,salt,1
QAYTUG,cocrystal,2
QAYVIW,cocrystal,2
QAYVOC,cocrystal,2
QAYWET,cocrystal,2
QAYWIX,cocrystal,2
QAYWOD,cocrystal,2
QAYXAQ,cocrystal,2
QAYXEU,cocrystal,2
QAYXIY,cocrystal,2
QAYXOE,cocrystal,2
QAYXUK,cocrystal,2
QAYYAR,cocrystal,2
QAYYEV,cocrystal,2
QAYYUL,cocrystal,2
QAYYUN,cocrystal,2
QAYZAS,cocrystal,2
QAYZAU,cocrystal,2
QAYZIA,cocrystal,2
QAYZIC,cocrystal,2
QAYZOI,cocrystal,2
QAYZUO,cocrystal,2
QAZBEB,cocrystal,2
QAZCOK,cocrystal,2
QAZCUQ,cocrystal,2
QAZDAX,cocrystal,2
QAZDEB,cocrystal,2
QAZDIF,cocrystal,2
QAZFAZ,cocrystal,2
QAZFIH,cocrystal,2
QAZFON,cocrystal,2
QAZGEE,cocrystal,2
QAZGII,cocrystal,2
QAZGOO,cocrystal,2
QAZGUU,cocrystal,2
QAZGUW,salt,1
QAZHIJ,cocrystal,2
QAZHOP,cocrystal,2
QAZJAD,cocrystal,2
QAZJAE,salt,1
QAZJEH,cocrystal,2
QAZXUN,cocrystal,2
QEBBEG,hydrate,3
QEBBIK,hydrate,3
QEBBOQ,hydrate,3
QEBJUG,hydrate,3
QEBKER,cocrystal,2
QEBKIV,cocrystal,2
QEBLAO,hydrate,3
QEBVOI,salt,1
QEBXON,salt,1
QEBYUV,hydrate,3
QECBAF,salt,1
QECDAD,cocrystal,2
QECHOX,salt,1
QECMAP,salt,1
QECNEU,cocrystal,2
QECQAT,hydrate,3
QECQIB,hydrate,3
QECTOK,salt,1
QECYII,cocrystal,2
QEDBUW,hydrate,3
QEDFEK,cocrystal,2
QEDHUE,salt,1
QEDJEQ,salt,1
QEDLEU,hydrate,3
QEDNUM,cocrystal,2
QEDQEZ,cocrystal,2
QEDQID,cocrystal,2
QEDRIC,salt,1
QEDRUO,salt,1
QEDWAZ,salt,1
QEDXII,salt,1
QEDYUV,salt,1
QEFCEJ,cocrystal,2
QEFCIR,cocrystal,2
QEFDAK,hydrate,3
QEFNAU,cocrystal,2
QEFPOG,cocrystal,2
QEFQUN,salt,1
QEFRAU,salt,1
QEGDAJ,salt,1
QEGDOV,salt,1
QEGKAO,cocrystal,2
QEGKIW,solvate,4
QEGLAP,salt,1
QEGSED,salt,1
QEGSIH,salt,1
QEGTON,cocrystal,2
QEGYOU,salt,1
QEHBAK,hydrate,3
QEHCUD,hydrate,3
QEHDAK,salt,1
QEHDEO,hydrate,3
QEHDUE,salt,1
QEHLEY,salt,1
QEHNEA,cocrystal,2
QEHNIE,cocrystal,2
QEHPOL,salt,1
QEHQAY,salt,1
QEHRIF,salt,1
QEHSOM,salt,1
QEHSUS,salt,1
QEHTON,salt,1
QEHTUT,hydrate,3
QEHVOP,salt,1
QEHWAC,salt,1
QEHWIK,salt,1
QEHWUW,salt,1
QEHXUX,hydrate,3
QEHYAE,solvate,4
QEJBUC,salt,1
QEJFUG,salt,1
QEJHUI,salt,1
QEJKUP,salt,1
QEJNEA,salt,1
QEJNOM,hydrate,3
QEJVAD,salt,1
QEJVUX,salt,1
QEJVUZ,salt,1
QEJWAE,salt,1
QEJWEI,salt,1
QEKFOE,cocrystal,2
QEKGAR,cocrystal,2
QEKHAT,solvate,4
QEKJEZ,salt,1
QEKNEZ,salt,1
QEKPAA,solvate,4
QEKPOL,cocrystal,2
QEKPOM,salt,1
QEKVIM,solvate,4
QEKWEJ,salt,1
QEKWIN,solvate,4
QEKWOT,solvate,4
QEKWUZ,solvate,4
QELBOY,cocrystal,2
QELBOZ,salt,1
QELCIX,solvate,4
QELCOD,cocrystal,2
QELCUJ,salt,1
QELDAQ,salt,1
QELDEU,cocrystal,2
QELFEW,cocrystal,2
QELFOG,salt,1
QELGAS,salt,1
QELHEX,salt,1
QELHIB,salt,1
QELLEB,salt,1
QELMUS,salt,1
QELNAZ,salt,1
QELTIL,salt,1
QELYAI,cocrystal,2
QEMBOC,cocrystal,2
QEMGEV,hydrate,3
QEMKAV,cocrystal,2
QEMLIE,solvate,4
QEMLOK,hydrate,3
QEMSEK,salt,1
QEMSIO,salt,1
QEMSOU,salt,1
QEMSUA,salt,1
QEMVOX,hydrate,3
QEMWUD,salt,1
QEMYEN,salt,1
QEMYOA,cocrystal,2
QEMZEO,hydrate,3
QEMZIS,salt,1
QENFAQ,cocrystal,2
QENGIZ,solvate,4
QENGUL,salt,1
QENHAS,cocrystal,2
QENNAC,cocrystal,2
QENNEC,cocrystal,2
QENNIG,cocrystal,2
QENNOM,cocrystal,2
QEPFIB,salt,1
QEPFOH,salt,1
QEPJAX,salt,1
QEPJEB,salt,1
QEPJED,salt,1
QEPJIF,salt,1
QEPJIH,salt,1
QEPJOL,salt,1
QEPJON,salt,1
QEPJUT,salt,1
QEPQEJ,solvate,4
QEPQUA,salt,1
QEPRAH,salt,1
QEPRIP,salt,1
QEPROV,salt,1
QEPXEP,salt,1
QEPXEQ,salt,1
QEQDUP,salt,1
QEQFAX,hydrate,3
QEQLOR,hydrate,3
QEQMEE,cocrystal,2
QEQNOP,salt,1
QEQNUZ,salt,1
QEQPAH,salt,1
QEQPIP,salt,1
QEQPOV,salt,1
QEQSUA,salt,1
QEQVIS,salt,1
QERCAS,cocrystal,2
QERDEW,cocrystal,2
QERDIA,cocrystal,2
QERDOG,cocrystal,2
QERDUM,cocrystal,2
QERFUS,cocrystal,2
QERHEA,salt,1
QERHIE,salt,1
QERHOK,salt,1
QERJAY,salt,1
QERJEG,salt,1
QERKEH,salt,1
QERLUV,hydrate,3
QERPEL,salt,1
QERPIP,salt,1
QERWOA,salt,1
QERZEV,hydrate,3
QERZIZ,salt,1
QERZOF,salt,1
QERZUL,salt,1
QESBOG,salt,1
QESFIE,solvate,4
QESFOK,hydrate,3
QESFUQ,hydrate,3
QESGIE,salt,1
QESGOK,solvate,4
QESNOS,salt,1
QESWOB,hydrate,3
QESWUK,hydrate,3
QESYAP,hydrate,3
QETMOS,cocrystal,2
QETMUY,cocrystal,2
QETNAF,cocrystal,2
QETPIP,hydrate,3
QETRIR,salt,1
QETVUJ,salt,1
QETZOF,salt,1
QEVKOR,hydrate,3
QEVLIM,hydrate,3
QEVMUZ,salt,1
QEVSAL,salt,1
QEVTAQ,salt,1
QEVWEW,cocrystal,2
QEVWOG,cocrystal,2
QEVXOE,salt,1
QEVXOH,cocrystal,2
QEVXUN,salt,1
QEVYAU,salt,1
QEWBAX,salt,1
QEWBEB,hydrate,3
QEWBIF,hydrate,3
QEWBOL,hydrate,3
QEWBUR,hydrate,3
QEWCAY,hydrate,3
QEWCEC,hydrate,3
QEWCIG,hydrate,3
QEWFEG,salt,1
QEWHEH,cocrystal,2
QEWHIL,cocrystal,2
QEWRER,salt,1
QEWVIA,salt,1
QEXBAX,salt,1
QEXHOR,salt,1
QEXJEJ,solvate,4
QEXRIV,hydrate,3
QEXROE,salt,1
QEXTOG,salt,1
QEXXAS,cocrystal,2
QEXYUR,salt,1
QEYBOP,salt,1
QEYCAY,salt,1
QEYCEE,salt,1
QEYCIH,salt,1
QEYCII,salt,1
QEYCUS,salt,1
QEYDUV,salt,1
QEYGIO,cocrystal,2
QEYHIP,hydrate,3
QEYLAH,salt,1
QEYMIU,salt,1
QEYNAM,salt,1
QEYNEQ,hydrate,3
QEYRAO,salt,1
QEYREV,salt,1
QEYRIZ,salt,1
QEYTOF,salt,1
QEYYOM,cocrystal,2
QEYYUR,hydrate,3
QEYZIH,salt,1
QEZFEK,cocrystal,2
QEZSAT,cocrystal,2
QIBCEM,cocrystal,2
QIBCIQ,cocrystal,2
QIBCOW,cocrystal,2
QIBGOX,cocrystal,2
QIBHIS,salt,1
QIBLES,salt,1
QIBLIZ,salt,1
QIBNAQ,salt,1
QIBRUO,salt,1
QIBSAV,hydrate,3
QIBSEZ,salt,1
QIBSID,salt,1
QIBSUP,salt,1
QIBVOP,salt,1
QICBEJ,salt,1
QICJIY,salt,1
QICJOE,salt,1
QICJUK,salt,1
QICKAO,cocrystal,2
QICMEU,salt,1
QICMEV,salt,1
QICMUL,salt,1
QICPOL,cocrystal,2
QICPUR,cocrystal,2
QICQAY,cocrystal,2
QICQIG,cocrystal,2
QICRUP,hydrate,3
QICWEE,salt,1
QIDKOF,salt,1
QIDZAH,cocrystal,2
QIDZEM,salt,1
QIFBUG,salt,1
QIFDIV,salt,1
QIFKAV,cocrystal,2
QIFYOX,cocrystal,2
QIFYUZ,cocrystal,2
QIGCEO,salt,1
QIGCIS,salt,1
QIGCOY,hydrate,3
QIGNOM,salt,1
QIGPIJ,cocrystal,2
QIGPOP,cocrystal,2
QIGQEG,cocrystal,2
QIGQIJ,cocrystal,2
QIGQIK,cocrystal,2
QIGRUV,salt,1
QIGSIK,salt,1
QIGVAH,cocrystal,2
QIGVEH,cocrystal,2
QIGVIL,cocrystal,2
QIGVOR,cocrystal,2
QIGVUX,salt,1
QIGWAE,salt,1
QIGWIM,salt,1
QIGXUD,cocrystal,2
QIHBAK,cocrystal,2
QIHBEO,cocrystal,2
QIHBIS,cocrystal,2
QIHBOY,cocrystal,2
QIHCAL,cocrystal,2
QIHCEP,cocrystal,2
QIHCIT,cocrystal,2
QIHCOZ,cocrystal,2
QIHDAM,cocrystal,2
QIHGAT,solvate,4
QIHTAC,salt,1
QIHXUD,cocrystal,2
QIHZOW,solvate,4
QIJCUH,cocrystal,2
QIJDES,hydrate,3
QIJJEB,salt,1
QIJJIF,solvate,4
QIJWOV,salt,1
QIJYAJ,salt,1
QIJZUE,hydrate,3
QIKDIX,salt,1
QIKGAS,salt,1
QIKGEW,salt,1
QIKGIA,solvate,4
QIKHUN,salt,1
QIKWEM,hydrate,3
QILCAR,cocrystal,2
QILCEV,cocrystal,2
QILNAE,salt,1
QILTAI,solvate,4
QILVUF,salt,1
QILZIU,hydrate,3
QILZIX,cocrystal,2
QILZIY,salt,1
QILZOA,cocrystal,2
QILZOD,cocrystal,2
QIMBAS,cocrystal,2
QIMBAT,salt,1
QIMBEX,salt,1
QIMBIA,hydrate,3
QIMCOH,cocrystal,2
QIMCUN,cocrystal,2
QIMHAV,salt,1
QIMHEZ,salt,1
QIMHOJ,cocrystal,2
QIMHUP,cocrystal,2
QIMJAX,cocrystal,2
QINDOI,cocrystal,2
QINLEH,cocrystal,2
QINMOT,salt,1
QINPEK,cocrystal,2
QINQOV,cocrystal,2
QINRIS,hydrate,3
QIPDOL,salt,1
QIPHIK,hydrate,3
QIPKOP,solvate,4
QIPMAG,salt,1
QIPMEK,salt,1
QIPMIL,cocrystal,2
QIPMIO,salt,1
QIPMOU,salt,1
QIPMUA,solvate,4
QIPMUX,cocrystal,2
QIPNEI,cocrystal,2
QIPPEO,solvate,4
QIPRAL,salt,1
QIPYIX,salt,1
QIQHEG,salt,1
QIQHOP,solvate,4
QIQKEG,salt,1
QIQKEI,salt,1
QIQKIK,salt,1
QIQKIM,salt,1
QIQKOS,hydrate,3
QIQKUY,hydrate,3
QIQLIL,salt,1
QIQLUX,hydrate,3
QIQMIP,cocrystal,2
QIQMOV,solvate,4
QIQQEQ,salt,1
QIQSAO,salt,1
QIQVAQ,salt,1
QIRDEC,hydrate,3
QIRFUU,cocrystal,2
QIRGIH,salt,1
QIRHEI,salt,1
QIRHUU,salt,1
QIRKAD,hydrate,3
QIRKUZ,cocrystal,2
QIRLAG,cocrystal,2
QIRLEK,cocrystal,2
QIRLEL,hydrate,3
QIRNUC,cocrystal,2
QIRRAM,salt,1
QISBUT,salt,1
QISCAA,salt,1
QISCEE,solvate,4
QISFAB,hydrate,3
QISGIL,salt,1
QISHOS,cocrystal,2
QISKOT,salt,1
QISMIQ,cocrystal,2
QISQEP,hydrate,3
QISQUI,hydrate,3
QISRET,salt,1
QISSUK,cocrystal,2
QISTOC,salt,1
QISVIB,cocrystal,2
QITHAF,salt,1
QITZOK,hydrate,3
QIVBAA,cocrystal,2
QIVGUA,salt,1
QIVHAH,salt,1
QIVPUJ,cocrystal,2
QIVROF,salt,1
QIVRUL,salt,1
QIVYUQ,hydrate,3
QIWFEJ,salt,1
QIWZOL,salt,1
QIXMOZ,hydrate,3
QIXVUO,cocrystal,2
QIXWEA,salt,1
QIXXEC,hydrate,3
QIXXIG,hydrate,3
QIXXUT,salt,1
QIXYAA,salt,1
QIYBUY,salt,1
QIYFOU,salt,1
QIYGOV,salt,1
QIYJEQ,salt,1
QIYJOY,salt,1
QIYKAL,salt,1
QIYKEP,salt,1
QIYKIT,salt,1
QIYKOZ,salt,1
QIYNOE,hydrate,3
QIYRIZ,salt,1
QIZLES,cocrystal,2
QIZLET,cocrystal,2
QIZPUL,salt,1
QIZQAR,salt,1
QIZQAS,salt,1
QIZQUM,salt,1
QMEPHE,cocrystal,2
QOBBAM,salt,1
QOBBEQ,salt,1
QOBCER,hydrate,3
QOBCIV,hydrate,3
QOBCOB,cocrystal,2
QOBDOD,salt,1
QOBFES,salt,1
QOBJOH,hydrate,3
QOBMAX,salt,1
QOBSOQ,cocrystal,2
QOBVAF,hydrate,3
QOBVEJ,cocrystal,2
QOBZIQ,cocrystal,2
QOBZOW,cocrystal,2
QOBZUC,cocrystal,2
QOCBAL,cocrystal,2
QOCBIT,salt,1
QOCCUI,salt,1
QOCMEA,salt,1
QODCIX,cocrystal,2
QODFAR,salt,1
QODKIF,cocrystal,2
QODKOL,solvate,4
QODKUR,cocrystal,2
QODMEE,cocrystal,2
QODMII,cocrystal,2
QODMOO,cocrystal,2
QODMUU,cocrystal,2
QODNAB,cocrystal,2
QODNEF,cocrystal,2
QODNOP,cocrystal,2
QODNUV,cocrystal,2
QODPAD,cocrystal,2
QODPEH,cocrystal,2
QODPIL,cocrystal,2
QODPOR,cocrystal,2
QODQAE,cocrystal,2
QODQEF,cocrystal,2
QODQIJ,hydrate,3
QOFKEC,salt,1
QOFSIQ,cocrystal,2
QOFSOW,cocrystal,2
QOFSUC,cocrystal,2
QOFXOY,solvate,4
QOFXUE,cocrystal,2
QOGBAR,cocrystal,2
QOGBEV,cocrystal,2
QOGBIZ,cocrystal,2
QOGBOD,salt,1
QOGBUJ,salt,1
QOGCAQ,salt,1
QOGCEU,salt,1
QOGHOK,hydrate,3
QOGMII,cocrystal,2
QOGNAC,salt,1
QOGNEG,salt,1
QOGNIK,salt,1
QOGPIL,salt,1
QOGPOR,salt,1
QOGPUX,salt,1
QOGRIN,salt,1
QOGTIP,salt,1
QOHWOB,salt,1
QOHXOB,cocrystal,2
QOJCIC,salt,1
QOJCOI,salt,1
QOJCUO,solvate,4
QOJNAF,hydrate,3
QOKLEH,salt,1
QOLLUA,solvate,4
QOLMAH,cocrystal,2
QOLMEL,cocrystal,2
QOLMIP,cocrystal,2
QOLMOV,cocrystal,2
QOLMUB,cocrystal,2
QOLNAI,cocrystal,2
QOLNEM,cocrystal,2
QOLNOW,cocrystal,2
QOLPUF,cocrystal,2
QOLQAM,cocrystal,2
QOLQEQ,cocrystal,2
QOLQIU,cocrystal,2
QOLQOA,cocrystal,2
QOLQUG,cocrystal,2
QOLRAN,cocrystal,2
QOLRER,cocrystal,2
QOLRIV,cocrystal,2
QOLROB,cocrystal,2
QOLRUH,cocrystal,2
QOLSAM,cocrystal,2
QOLVUI,cocrystal,2
QOLWAP,cocrystal,2
QOLWET,cocrystal,2
QOLWIX,cocrystal,2
QOLWUM,cocrystal,2
QOLXEX,cocrystal,2
QOLYAU,cocrystal,2
QOLYIC,cocrystal,2
QOMCED,salt,1
QOMDEE,salt,1
QOMFEG,cocrystal,2
QOMGIL,salt,1
QOMJUY,hydrate,3
QONKAH,salt,1
QONKIP,salt,1
QONQUG,hydrate,3
QONRAN,salt,1
QONRER,salt,1
QONRIV,salt,1
QONRIW,salt,1
QONROC,salt,1
QONSIX,salt,1
QONVEW,salt,1
QONVIZ,salt,1
QONYAU,salt,1
QONYID,salt,1
QONYOJ,salt,1
QONYUO,salt,1
QONYUP,cocrystal,2
QONZAV,solvate,4
QONZAW,solvate,4
QOPHIO,hydrate,3
QOQBAZ,salt,1
QOQBIJ,cocrystal,2
QOQBOP,salt,1
QOQBUV,salt,1
QOQCIK,hydrate,3
QOQCOQ,salt,1
QOQDIJ,cocrystal,2
QOQDUV,cocrystal,2
QOQFAD,cocrystal,2
QOQFAG,solvate,4
QOQGOT,salt,1
QOQJOX,cocrystal,2
QOQJUD,hydrate,3
QOQKEO,cocrystal,2
QOQKOY,cocrystal,2
QOQNEQ,salt,1
QOQNIU,solvate,4
QOQNOA,solvate,4
QOQTOF,salt,1
QOQTOG,salt,1
QOQVOH,salt,1
QOQXEZ,hydrate,3
QORJUF,hydrate,3
QORROE,hydrate,3
QOSCEG,cocrystal,2
QOSCOR,cocrystal,2
QOSCUW,solvate,4
QOSLER,cocrystal,2
QOSLOB,cocrystal,2
QOSLUH,cocrystal,2
QOSQIA,salt,1
QOSQOG,salt,1
QOSRUN,cocrystal,2
QOSSIB,salt,1
QOSTAV,salt,1
QOSWAZ,solvate,4
QOSWIG,salt,1
QOSWIH,solvate,4
QOSWOM,solvate,4
QOSWON,solvate,4
QOSWUS,solvate,4
QOSWUT,cocrystal,2
QOSXAA,cocrystal,2
QOSXAZ,solvate,4
QOSXEC,cocrystal,2
QOSXEE,cocrystal,2
QOTCEH,cocrystal,2
QOTCIO,salt,1
QOTCOU,salt,1
QOTLIW,solvate,4
QOTPEV,salt,1
QOTYAB,salt,1
QOVHOZ,cocrystal,2
QOVHUF,cocrystal,2
QOVLEV,salt,1
QOVLIZ,salt,1
QOVLOF,salt,1
QOVNOH,solvate,4
QOVQAU,solvate,4
QOVQEA,cocrystal,2
QOVQEY,salt,1
QOVQIE,cocrystal,2
QOVQOK,cocrystal,2
QOVQUO,salt,1
QOVRAV,hydrate,3
QOVRID,salt,1
QOVYOP,cocrystal,2
QOVYUV,cocrystal,2
QOVZAC,cocrystal,2
QOVZIK,cocrystal,2
QOWBEJ,cocrystal,2
QOWDAH,cocrystal,2
QOWDIP,cocrystal,2
QOWHES,cocrystal,2
QOWWII,salt,1
QOWXAB,solvate,4
QOXCAK,salt,1
QOXMAS,cocrystal,2
QOXQAW,cocrystal,2
QOYHAN,hydrate,3
QOYJUJ,salt,1
QOYKAQ,salt,1
QOYKOE,cocrystal,2
QOYKUK,cocrystal,2
QOYLAR,cocrystal,2
QOYMAV,hydrate,3
QOYMID,hydrate,3
QOYXIO,hydrate,3
QOZNEZ,salt,1
QOZWOT,salt,1
QOZWUZ,salt,1
QOZXAG,salt,1
QOZXEK,salt,1
QOZXIO,salt,1
QOZYOV,salt,1
QUBQAF,cocrystal,2
QUBQEJ,cocrystal,2
QUBQOT,cocrystal,2
QUBRAH,salt,1
QUBREL,hydrate,3
QUBROV,salt,1
QUBRPC,salt,1
QUBRUB,salt,1
QUBSAI,salt,1
QUBSEM,hydrate,3
QUCGEC,hydrate,3
QUCGIG,hydrate,3
QUCKAB,solvate,4
QUCKEH,cocrystal,2
QUCLIM,salt,1
QUCLOQ,salt,1
QUCMUX,solvate,4
QUCNOS,salt,1
QUCNPR10,salt,1
QUCRUC,salt,1
QUCSAJ,salt,1
QUCSEN,salt,1
QUCSIR,salt,1
QUCVOB,solvate,4
QUCVUH,hydrate,3
QUCXIV,salt,1
QUCXOB,salt,1
QUDGUR,hydrate,3
QUDKAE,hydrate,3
QUDKEI,salt,1
QUDNUA,hydrate,3
QUDPAI,salt,1
QUDPEM,hydrate,3
QUDPIQ,hydrate,3
QUDPOW,salt,1
QUDQIR,salt,1
QUDSOX,salt,1
QUDSOY,salt,1
QUDWIX,salt,1
QUDWOD,salt,1
QUDXAO,salt,1
QUDZEU,hydrate,3
QUDZIY,hydrate,3
QUETHU,cocrystal,2
QUFCEB,cocrystal,2
QUFDAX,hydrate,3
QUFDEB,hydrate,3
QUFDIF,hydrate,3
QUFDOL,hydrate,3
QUFDUR,salt,1
QUFFIJ,salt,1
QUFFOP,salt,1
QUFHAA,cocrystal,2
QUFJIL,cocrystal,2
QUFKEI,cocrystal,2
QUFKIL,salt,1
QUFKOR,salt,1
QUFROA,cocrystal,2
QUFSER,hydrate,3
QUFSIV,salt,1
QUGLOT,salt,1
QUGNEO,cocrystal,2
QUGNIS,hydrate,3
QUGNUE,cocrystal,2
QUGPOZ,cocrystal,2
QUGVUM,hydrate,3
QUGWAT,salt,1
QUHHUZ,cocrystal,2
QUHLIR,cocrystal,2
QUHQIV,solvate,4
QUHRAO,cocrystal,2
QUHRES,cocrystal,2
QUHRUJ,cocrystal,2
QUHSAQ,cocrystal,2
QUHTIY,salt,1
QUIDON,cocrystal,2
QUJDAA,salt,1
QUJDAB,salt,1
QUJDEE,salt,1
QUJDEF,salt,1
QUJDII,salt,1
QUJDOP,cocrystal,2
QUJFIL,cocrystal,2
QUJQOB,salt,1
QUJQOE,cocrystal,2
QUJYEC,salt,1
QUKHIP,salt,1
QUKHOV,hydrate,3
QUKHUB,hydrate,3
QUKJIP,cocrystal,2
QUKKOY,cocrystal,2
QUKLUG,salt,1
QUKMAN,salt,1
QUKNER,cocrystal,2
QUKRUJ,salt,1
QUKSUL,salt,1
QUKTAR,cocrystal,2
QUKVUO,cocrystal,2
QULLUF,cocrystal,2
QULLUG,salt,1
QULMOB,salt,1
QULPAO,salt,1
QULSOG,salt,1
QULTAS,salt,1
QULZOM,salt,1
QUMBAB,salt,1
QUMDEJ,cocrystal,2
QUMDIN,solvate,4
QUMFIO,salt,1
QUMFOU,hydrate,3
QUMFUA,salt,1
QUMHOY,cocrystal,2
QUMRAU,salt,1
QUMXII,salt,1
QUNCLB,salt,1
QUNCLC,salt,1
QUNCLD,salt,1
QUNQUM,cocrystal,2
QUNRAU,salt,1
QUNROI,salt,1
QUOLUR,cocrystal,2
QUOXPC,salt,1
QUPFOZ,salt,1
QUPKAN,salt,1
QUPNAQ,cocrystal,2
QUPSIE,salt,1
QUPSOK,salt,1
QUPSUQ,salt,1
QUPTUT,cocrystal,2
QUPWED,salt,1
QUQBIQ,salt,1
QUQFEN,salt,1
QUQNOG,solvate,4
QUQPAU,salt,1
QUQPAV,cocrystal,2
QUQPEZ,cocrystal,2
QUQPID,cocrystal,2
QUQPOJ,cocrystal,2
QUQVEF,salt,1
QUQVUV,salt,1
QUQWIK,salt,1
QUQYEJ,cocrystal,2
QURDOX,solvate,4
QURNEX,salt,1
QURPIC,salt,1
QURQIE,solvate,4
QURQUP,salt,1
QURSUR,salt,1
QURYAE,salt,1
QURYEI,hydrate,3
QUSBOY,salt,1
QUSBUE,salt,1
QUSLEV,salt,1
QUSLIZ,salt,1
QUSLOF,salt,1
QUSLUL,salt,1
QUSMAS,salt,1
QUSMIA,hydrate,3
QUSPAY,cocrystal,2
QUSQED,cocrystal,2
QUSREC,cocrystal,2
QUSXAE,solvate,4
QUSXEI,solvate,4
QUSXUX,salt,1
QUSYEI,salt,1
QUTBIT,hydrate,3
QUTBOZ,salt,1
QUTBUF,salt,1
QUTCAM,salt,1
QUTLOH,cocrystal,2
QUTLUN,cocrystal,2
QUTMAU,cocrystal,2
QUTMEY,cocrystal,2
QUTMIC,cocrystal,2
QUTMOI,cocrystal,2
QUTMUO,cocrystal,2
QUTNAV,cocrystal,2
QUTSIK,salt,1
QUTTIL,salt,1
QUVBIU,cocrystal,2
QUVFOD,salt,1
QUVKIE,cocrystal,2
QUVSAE,hydrate,3
QUWGOH,salt,1
QUWQOQ,salt,1
QUWWAI,cocrystal,2
QUWXAI,salt,1
QUWXEM,salt,1
QUWXIQ,hydrate,3
QUWYAJ,salt,1
QUWYEN,salt,1
QUWZEO,cocrystal,2
QUWZIS,cocrystal,2
QUWZOY,cocrystal,2
QUXCIW,salt,1
QUXCOC,salt,1
QUXCUI,hydrate,3
QUXDAP,hydrate,3
QUXNUU,cocrystal,2
QUYFEW,salt,1
QUYGAV,salt,1
QUYHUO,salt,1
QUYJEA,cocrystal,2
QUYKEB,hydrate,3
QUYNEE,salt,1
QUYPOQ,salt,1
QUYQAE,salt,1
QUYQEI,hydrate,3
QUYRUA,cocrystal,2
QUYSAH,hydrate,3
QUYVEO,salt,1
QUYVIR,salt,1
QUYVIS,hydrate,3
QUYVOW,salt,1
QUYVOX,salt,1
QUYVUD,salt,1
QUYWAK,salt,1
QUYYOA,salt,1
QUYYUG,salt,1
QUYZAN,salt,1
QUYZEQ,salt,1
QUYZOC,hydrate,3
QUZHOJ,salt,1
QUZLUT,salt,1
QUZSAG,hydrate,3
QUZZIW,hydrate,3
QUZZOC,hydrate,3
RABBEE,salt,1
RABBII,salt,1
RABBOO,salt,1
RABCIC,hydrate,3
RABCOI,hydrate,3
RABJUV,cocrystal,2
RABKAC,cocrystal,2
RABKEG,cocrystal,2
RABNAN,cocrystal,2
RABNEN,salt,1
RABNER,cocrystal,2
RABPAL,hydrate,3
RABPEP,salt,1
RABPIT,hydrate,3
RABPOZ,salt,1
RABPUF,salt,1
RABXIE,cocrystal,2
RABYID,salt,1
RABZAV,salt,1
RABZEZ,salt,1
RACBED,salt,1
RACBIK,salt,1
RACFEJ,cocrystal,2
RACFIN,cocrystal,2
RACFOS,hydrate,3
RACFOU,salt,1
RACFUA,salt,1
RACGEJ,salt,1
RACHOW,cocrystal,2
RACHUC,cocrystal,2
RACMOX,salt,1
RACMUD,salt,1
RACNAK,salt,1
RACNEO,hydrate,3
RACNIS,salt,1
RACNOY,salt,1
RACNUE,salt,1
RACSAT,hydrate,3
RACSIB,salt,1
RACSUL,salt,1
RACTAS,salt,1
RACTEW,salt,1
RACTIA,solvate,4
RACZED,salt,1
RACZIH,hydrate,3
RADCUV,salt,1
RADDAC,salt,1
RADDIK,salt,1
RADDOQ,cocrystal,2
RADDUW,salt,1
RADFAE,salt,1
RADFEI,cocrystal,2
RADFOS,cocrystal,2
RADFUY,salt,1
RADGAF,cocrystal,2
RADGEJ,salt,1
RADHAH,cocrystal,2
RADHEL,cocrystal,2
RADJAJ,cocrystal,2
RADJEN,cocrystal,2
RADJOY,salt,1
RADKAK,cocrystal,2
RADVUQ,cocrystal,2
RADXED,cocrystal,2
RADXIH,cocrystal,2
RADYAA,cocrystal,2
RAFBAC,salt,1
RAFBAD,salt,1
RAFBIL,salt,1
RAFBOP,cocrystal,2
RAFDEJ,cocrystal,2
RAFGEO,cocrystal,2
RAFNAP,hydrate,3
RAFZEF,cocrystal,2
RAGBEH,cocrystal,2
RAGJOB,salt,1
RAGNEU,cocrystal,2
RAGNIY,cocrystal,2
RAGSID,cocrystal,2
RAGSOJ,cocrystal,2
RAGSUP,cocrystal,2
RAHDUD,solvate,4
RAHGAM,cocrystal,2
RAHHEN,cocrystal,2
RAHHIR,salt,1
RAHHOX,salt,1
RAHJIW,salt,1
RAHJUI,salt,1
RAHKAM,cocrystal,2
RAHKUJ,cocrystal,2
RAHLIV,salt,1
RAHSEA,salt,1
RAHSIC,salt,1
RAHSID,cocrystal,2
RAHSUO,salt,1
RAHWUV,cocrystal,2
RAHXOO,salt,1
RAHXUV,salt,1
RAJDAH,solvate,4
RAJLIZ,salt,1
RAJTOP,salt,1
RAKBUE,salt,1
RAKDAK,solvate,4
RAKDAL,salt,1
RAKDIS,salt,1
RAKHES,salt,1
RAKHIW,salt,1
RAKPOM,salt,1
RAKQAV,salt,1
RAKTUW,salt,1
RALCEQ,salt,1
RALDOX,salt,1
RALDUD,salt,1
RALFAL,salt,1
RALFEP,salt,1
RALLIA,cocrystal,2
RALLOG,cocrystal,2
RALMAT,cocrystal,2
RALPAV,salt,1
RALPUQ,hydrate,3
RALSIJ,salt,1
RALSOP,solvate,4
RALVOS,cocrystal,2
RALVUY,cocrystal,2
RALWAF,cocrystal,2
RALXIN,salt,1
RALXOT,salt,1
RALXUZ,salt,1
RALYAG,salt,1
RALYOT,cocrystal,2
RAMKOJ,cocrystal,2
RAMKUP,salt,1
RAMLAW,salt,1
RAMLOK,cocrystal,2
RAMLUQ,salt,1
RAMPAX,salt,1
RAMPUU,salt,1
RAMXUC,salt,1
RANDAP,salt,1
RANGUM,salt,1
RANJUP,salt,1
RANKAW,salt,1
RANKEA,salt,1
RANKIE,salt,1
RANKUQ,salt,1
RANLAX,salt,1
RANNEC,salt,1
RANTUZ,salt,1
RANVUY,salt,1
RANWAF,salt,1
RANWEJ,salt,1
RANWOT,salt,1
RANXAG,salt,1
RANXEK,salt,1
RAPCAQ,salt,1
RAPDAO,salt,1
RAPFAQ,salt,1
RAPFEU,salt,1
RAPHAR,cocrystal,2
RAPKEZ,salt,1
RAPLEA,cocrystal,2
RAPMIH,salt,1
RAPQAD,salt,1
RAPRUZ,cocrystal,2
RAPSAD,salt,1
RAPSAG,cocrystal,2
RAPSIK,salt,1
RAPXAI,cocrystal,2
RAPZEN,salt,1
RAQBOB,salt,1
RAQCUK,salt,1
RAQDOC,salt,1
RAQHOG,hydrate,3
RAQJIC,solvate,4
RAQRAD,salt,1
RAQVUB,salt,1
RAQYOB,cocrystal,2
RARBAQ,salt,1
RARBEU,hydrate,3
RARBIY,hydrate,3
RARCAR,hydrate,3
RARCIZ,hydrate,3
RARGID,solvate,4
RARTIQ,cocrystal,2
RARVEO,hydrate,3
RARWAM,salt,1
RARWEM,salt,1
RARXOX,salt,1
RARXUD,salt,1
RARZET,salt,1
RASBOD,cocrystal,2
RASBUJ,hydrate,3
RASCAQ,cocrystal,2
RASCUK,solvate,4
RASHAW,salt,1
RASHIE,salt,1
RASHUQ,salt,1
RASLUU,salt,1
RASMOR,salt,1
RASMUW,hydrate,3
RASNAD,hydrate,3
RASNOS,salt,1
RASPOU,cocrystal,2
RASSAF,hydrate,3
RASSEJ,hydrate,3
RASSUZ,solvate,4
RASTAG,salt,1
RASYEP,salt,1
RASYOZ,salt,1
RASZAQ,hydrate,3
RATBET,cocrystal,2
RATBEW,salt,1
RATGAV,salt,1
RATGEZ,salt,1
RATGID,salt,1
RATKAZ,salt,1
RATKEF,salt,1
RATNEI,salt,1
RATNIN,salt,1
RATROW,salt,1
RATRUC,salt,1
RATSAJ,salt,1
RATWIV,salt,1
RATYAN,salt,1
RATYER,salt,1
RATYIV,salt,1
RATYOB,salt,1
RATYUH,salt,1
RATZAO,salt,1
RATZES,salt,1
RATZIW,salt,1
RAVLAC,solvate,4
RAVLIK,salt,1
RAVLIM,cocrystal,2
RAVLOS,cocrystal,2
RAVLUW,salt,1
RAVMAD,salt,1
RAVMEG,salt,1
RAVMEK,hydrate,3
RAVMIL,salt,1
RAVMOT,salt,1
RAVMUZ,salt,1
RAVNAG,salt,1
RAVNEK,salt,1
RAVNOT,hydrate,3
RAVNOU,salt,1
RAVNUA,salt,1
RAVPAH,solvate,4
RAVPAI,hydrate,3
RAVPIO,salt,1
RAVQIO,salt,1
RAVQIR,salt,1
RAVVIT,hydrate,3
RAVVUF,cocrystal,2
RAVWAM,salt,1
RAVXIY,cocrystal,2
RAVXOE,cocrystal,2
RAVXUK,cocrystal,2
RAVYAQ,cocrystal,2
RAVYAR,cocrystal,2
RAVYIY,salt,1
RAVZAR,salt,1
RAWBAS,salt,1
RAWBEW,salt,1
RAWBIA,hydrate,3
RAWBOG,cocrystal,2
RAWCOH,cocrystal,2
RAWCUN,cocrystal,2
RAWDAU,cocrystal,2
RAWDEY,cocrystal,2
RAWDIC,cocrystal,2
RAWFAW,cocrystal,2
RAWPAI,cocrystal,2
RAWXIA,salt,1
RAWXOG,salt,1
RAXHUU,hydrate,3
RAXJAC,hydrate,3
RAXKAD,salt,1
RAXKIL,hydrate,3
RAXPUF,salt,1
RAXQUF,salt,1
RAXSUG,salt,1
RAXTOC,cocrystal,2
RAXXOH,cocrystal,2
RAXXUN,cocrystal,2
RAXYAU,cocrystal,2
RAXYEX,cocrystal,2
RAXYEY,cocrystal,2
RAXZAV,cocrystal,2
RAXZEZ,cocrystal,2
RAYCOJ,cocrystal,2
RAYJOQ,cocrystal,2
RAYJUX,cocrystal,2
RAYLOS,cocrystal,2
RAYPOY,salt,1
RAYQEN,salt,1
RAYQIR,salt,1
RAYQOX,salt,1
RAYQUD,salt,1
RAYRAK,salt,1
RAYREO,salt,1
RAYVOE,salt,1
RAYWUJ,hydrate,3
RAYZEW,hydrate,3
RAYZOG,salt,1
RAYZUM,salt,1
RAZBID,hydrate,3
RAZCUU,cocrystal,2
RAZDAX,hydrate,3
RAZMEL,cocrystal,2
RAZPEO,salt,1
RAZPOA,hydrate,3
RAZPUE,cocrystal,2
RAZPUG,hydrate,3
RAZQAN,hydrate,3
RAZQER,salt,1
RAZQOB,salt,1
RAZSUG,cocrystal,2
RAZTER,hydrate,3
RAZZIC,salt,1
RDAVEY,cocrystal,2
REBFEJ,salt,1
REBXED,cocrystal,2
REBXIH,hydrate,3
REBXIJ,salt,1
REBXON,cocrystal,2
REBXOP,salt,1
REBXUT,cocrystal,2
REBZON,cocrystal,2
RECCOV,cocrystal,2
RECDAI,cocrystal,2
RECDEM,cocrystal,2
RECJOC,cocrystal,2
RECJUE,salt,1
RECJUI,cocrystal,2
RECKAL,salt,1
RECKEP,salt,1
RECKOZ,salt,1
RECKUJ,salt,1
RECLIX,hydrate,3
RECLUH,solvate,4
RECNUL,salt,1
RECQIC,salt,1
RECQOG,cocrystal,2
RECQOI,salt,1
RECQUM,cocrystal,2
RECROH,salt,1
RECRUM,salt,1
RECSAT,salt,1
REDCAE,salt,1
REDCEI,salt,1
REDCIM,cocrystal,2
REDCUY,cocrystal,2
REDDAF,cocrystal,2
REDDEJ,cocrystal,2
REDDOT,cocrystal,2
REDFAH,cocrystal,2
REDFIP,cocrystal,2
REDFOV,cocrystal,2
REDJAM,cocrystal,2
REDSAX,cocrystal,2
REDSIF,cocrystal,2
REDSOL,cocrystal,2
REDSUR,cocrystal,2
REDTAY,cocrystal,2
REDVUV,salt,1
REDZIM,hydrate,3
REDZUY,cocrystal,2
REFCEK,cocrystal,2
REFCIO,cocrystal,2
REFFEO,hydrate,3
REFFIS,salt,1
REFHOZ,salt,1
REFHUF,salt,1
REFJUL,cocrystal,2
REFMOE,solvate,4
REFNIA,cocrystal,2
REFPAT,cocrystal,2
REFQEY,cocrystal,2
REFVED,cocrystal,2
REGCIR,cocrystal,2
REGDUD,salt,1
REGKIX,cocrystal,2
REGKOD,cocrystal,2
REGKOF,cocrystal,2
REGKUK,cocrystal,2
REGKUL,cocrystal,2
REGLAS,cocrystal,2
REGLUK,salt,1
REGSEF,salt,1
REGWIJ,cocrystal,2
REHFIU,salt,1
REHKIZ,salt,1
REHMOG,salt,1
REHMUM,cocrystal,2
REHNAT,cocrystal,2
REHNEX,hydrate,3
REHSAA,cocrystal,2
REHSAC,cocrystal,2
REHSEE,cocrystal,2
REHSEG,cocrystal,2
REHSII,cocrystal,2
REHSIK,cocrystal,2
REHSOO,cocrystal,2
REHSOQ,cocrystal,2
REHSUU,cocrystal,2
REHTAB,cocrystal,2
REHTUT,salt,1
REJJOI,hydrate,3
REJJUO,hydrate,3
REJKAV,salt,1
REJKEZ,salt,1
REJKID,solvate,4
REJKOJ,salt,1
REJKUP,hydrate,3
REJMAX,salt,1
REJMEB,salt,1
REJMOI,salt,1
REJMOL,hydrate,3
REJMUR,salt,1
REJNAY,salt,1
REJNEC,hydrate,3
REJPOO,salt,1
REJPUU,salt,1
REJQAB,salt,1
REJQEF,salt,1
REJSEH,salt,1
REJSIL,salt,1
REJTUY,salt,1
REJVIM,salt,1
REJXUD,salt,1
REJZUC,salt,1
REKBAK,salt,1
REKBEO,salt,1
REKBIS,salt,1
REKBOZ,hydrate,3
REKKAT,cocrystal,2
REKKIB,cocrystal,2
REKKOH,cocrystal,2
REKKUN,cocrystal,2
REKMAV,cocrystal,2
REKMOL,salt,1
REKNAZ,solvate,4
REKNEC,salt,1
REKNED,cocrystal,2
REKNIH,cocrystal,2
REKNON,cocrystal,2
REKNUS,salt,1
REKPAZ,salt,1
REKPED,salt,1
REKSAF,salt,1
REKTAG,cocrystal,2
REKXAH,cocrystal,2
REKXOV,hydrate,3
REKXUB,salt,1
REKYUE,cocrystal,2
RELBUG,solvate,4
RELCUH,cocrystal,2
RELKAW,salt,1
RELKEB,salt,1
RELPOR,salt,1
RELPUX,salt,1
RELQAE,hydrate,3
RELRIK,cocrystal,2
RELVEN,cocrystal,2
RELVIR,cocrystal,2
RELVOX,cocrystal,2
REMFEV,cocrystal,2
REMKOJ,salt,1
REMMUT,salt,1
REMNUT,salt,1
REMWOV,salt,1
REMWUE,salt,1
REMYEP,salt,1
REMZOA,cocrystal,2
RENBAN,salt,1
RENDET,salt,1
RENKUQ,hydrate,3
RENLEE,solvate,4
RENPEJ,cocrystal,2
RENPUV,cocrystal,2
RENQAF,hydrate,3
RENQEG,salt,1
RENSEJ,salt,1
RENSIN,salt,1
RENWEP,salt,1
RENWOY,salt,1
RENYUE,salt,1
RENYUG,solvate,4
REPCOF,cocrystal,2
REPFEX,salt,1
REPFUN,hydrate,3
REPMUU,salt,1
REPPAD,cocrystal,2
REPTIS,salt,1
REPWUI,cocrystal,2
REQCID,salt,1
REQCOJ,salt,1
REQFIE,solvate,4
REQFOM,cocrystal,2
REQGAZ,cocrystal,2
REQGED,cocrystal,2
REQGIH,cocrystal,2
REQVIT,cocrystal,2
REQVOZ,cocrystal,2
REQWAM,cocrystal,2
REQZES,solvate,4
REQZUJ,cocrystal,2
RERBAS,cocrystal,2
RERBIA,cocrystal,2
RERCAT,cocrystal,2
RERCEA,hydrate,3
RERCEX,solvate,4
RERCIB,cocrystal,2
RERCIE,hydrate,3
RERCOK,hydrate,3
RERCUQ,hydrate,3
RERDEB,hydrate,3
RERFID,hydrate,3
RERNIO,salt,1
RERNOU,hydrate,3
RERNUA,salt,1
RERNUZ,cocrystal,2
RERPAI,hydrate,3
RERSIU,salt,1
RERXUH,salt,1
RERYAO,salt,1
RESFOL,cocrystal,2
RESHED,cocrystal,2
RESLUA,cocrystal,2
RESNAE,salt,1
RESQEP,salt,1
RESQOW,cocrystal,2
RESVAM,salt,1
RESWIV,salt,1
RESZAU,solvate,4
RESZEY,cocrystal,2
RETGUW,hydrate,3
RETKEI,salt,1
RETKUA,cocrystal,2
RETLAF,salt,1
RETLEL,cocrystal,2
RETLIN,salt,1
RETLOT,salt,1
RETLUZ,hydrate,3
RETSEQ,cocrystal,2
REVFAC,salt,1
REVGOQ,salt,1
REVLEK,salt,1
REVNIP,salt,1
REVTUI,hydrate,3
REVVAQ,hydrate,3
REVZAT,salt,1
REWBIE,cocrystal,2
REWCEE,hydrate,3
REWCEF,solvate,4
REWCOP,salt,1
REWFUX,salt,1
REWJOT,salt,1
REWJUA,cocrystal,2
REWKAG,solvate,4
REWKUC,hydrate,3
REWLAJ,salt,1
REWLEN,salt,1
REWLIR,hydrate,3
REWROB,salt,1
REWRUH,salt,1
REWVOI,salt,1
REWWAS,salt,1
REWZAU,salt,1
REXBEF,solvate,4
REXBIJ,cocrystal,2
REXCUT,solvate,4
REXHIO,hydrate,3
REXMOY,hydrate,3
REXNAL,cocrystal,2
REXNEP,cocrystal,2
REXNUF,salt,1
REXSET,salt,1
REYDAA,salt,1
REYDEE,salt,1
REYDII,salt,1
REYDOO,salt,1
REYDUU,salt,1
REYKEM,salt,1
REYNIW,salt,1
REYPIU,cocrystal,2
REYPOA,salt,1
REYRUM,salt,1
REYSOH,salt,1
REYYED,hydrate,3
REZDEG,cocrystal,2
REZHAG,salt,1
REZHEK,salt,1
REZJAL,salt,1
REZMOC,salt,1
REZNEP,hydrate,3
REZNUF,hydrate,3
REZPAP,salt,1
REZPET,salt,1
REZQAR,cocrystal,2
REZQIZ,cocrystal,2
REZREW,cocrystal,2
REZRUN,cocrystal,2
REZSIC,cocrystal,2
REZXEZ,solvate,4
RIBFIT,hydrate,3
RIBFOZ,salt,1
RIBLAS,hydrate,3
RIBLEW,salt,1
RIBLIA,salt,1
RIBLOG,salt,1
RIBLUJ,salt,1
RIBWAB,salt,1
RIBXAC,salt,1
RIBZIP,salt,1
RIBZOV,hydrate,3
RICBIP,salt,1
RICDOX,salt,1
RICGIU,salt,1
RICHOD,cocrystal,2
RICMEZ,salt,1
RICYEJ,hydrate,3
RIDFAN,cocrystal,2
RIDFER,cocrystal,2
RIDJOD,cocrystal,2
RIDJUJ,salt,1
RIDKEW,salt,1
RIDKIA,salt,1
RIDKOF,hydrate,3
RIDKOG,salt,1
RIDKUK,cocrystal,2
RIDLEV,cocrystal,2
RIDNUQ,salt,1
RIDPAV,cocrystal,2
RIDPEZ,cocrystal,2
RIDQIE,cocrystal,2
RIDSOQ,hydrate,3
RIDSUW,hydrate,3
RIDTAD,hydrate,3
RIDTUU,salt,1
RIDVEG,salt,1
RIDVIK,salt,1
RIDVOQ,salt,1
RIDVUW,salt,1
RIDWAD,salt,1
RIDWEH,hydrate,3
RIDWIL,salt,1
RIDWOR,salt,1
RIFDOD,salt,1
RIFFAR,salt,1
RIFNEZ,salt,1
RIFQAY,cocrystal,2
RIFTUY,salt,1
RIFWAF,salt,1
RIFWIN,salt,1
RIFWOT,hydrate,3
RIFWUZ,hydrate,3
RIFXEK,salt,1
RIGDAO,hydrate,3
RIGDES,cocrystal,2
RIGDIW,salt,1
RIGDUI,salt,1
RIGFAQ,salt,1
RIGHUO,salt,1
RIGLID,hydrate,3
RIGLOJ,hydrate,3
RIGMIE,hydrate,3
RIGPAZ,cocrystal,2
RIGPED,cocrystal,2
RIGRIL,cocrystal,2
RIGSEF,salt,1
RIGSIJ,solvate,4
RIGTAC,salt,1
RIGTIM,cocrystal,2
RIGTOS,cocrystal,2
RIGTUY,cocrystal,2
RIGVIM,salt,1
RIGVOT,salt,1
RIGWUA,hydrate,3
RIHBOB,hydrate,3
RIHBUG,cocrystal,2
RIHGIY,cocrystal,2
RIHJEA,salt,1
RIHKID,salt,1
RIHPOQ,salt,1
RIHQOR,cocrystal,2
RIHQUY,cocrystal,2
RIHSOU,salt,1
RIJCEU,salt,1
RIJCIY,salt,1
RIJDUJ,cocrystal,2
RIJFEY,cocrystal,2
RIJFOJ,hydrate,3
RIJNEF,cocrystal,2
RIJPUZ,salt,1
RIJQAG,salt,1
RIJTUZ,salt,1
RIJVOV,cocrystal,2
RIKBOC,salt,1
RIKJAW,cocrystal,2
RIKKEE,salt,1
RIKKII,salt,1
RIKKUR,cocrystal,2
RIKLEG,cocrystal,2
RIKLUV,salt,1
RIKMAC,salt,1
RIKMUW,salt,1
RIKRAH,cocrystal,2
RIKVEP,hydrate,3
RIKYOZ,cocrystal,2
RIKYUF,cocrystal,2
RIKZEQ,salt,1
RILCEY,salt,1
RILCIC,salt,1
RILHAZ,salt,1
RILJEB,cocrystal,2
RILJIF,cocrystal,2
RILJOL,cocrystal,2
RILPOT,salt,1
RILQIP,salt,1
RILQOU,salt,1
RILQUA,salt,1
RILREL,hydrate,3
RILTOY,solvate,4
RILVIR,hydrate,3
RIMCUN,hydrate,3
RIMGUP,salt,1
RIMJAB,cocrystal,2
RIMMEI,solvate,4
RIMMEJ,salt,1
RIMMOS,salt,1
RIMNEI,cocrystal,2
RIMQEM,salt,1
RIMREO,salt,1
RIMRIS,salt,1
RIMROY,salt,1
RIMRUE,salt,1
RIMWAO,cocrystal,2
RIMWES,salt,1
RIMWIW,cocrystal,2
RIMWOC,cocrystal,2
RIMXAP,salt,1
RINDID,salt,1
RINGAW,cocrystal,2
RINHUT,cocrystal,2
RINPEM,cocrystal,2
RINPIP,cocrystal,2
RINPOW,cocrystal,2
RINQOW,salt,1
RINQUC,hydrate,3
RINTEN,hydrate,3
RINTIT,cocrystal,2
RINTOZ,cocrystal,2
RINXAR,salt,1
RINXIZ,salt,1
RINXOF,salt,1
RINXUL,salt,1
RINZUL,salt,1
RIPQEO,salt,1
RIPTUI,salt,1
RIPVAQ,salt,1
RIPVIY,hydrate,3
RIPXOG,cocrystal,2
RIPYAT,cocrystal,2
RIPYEX,cocrystal,2
RIPYIB,salt,1
RIPYOH,salt,1
RIQDAY,salt,1
RIQDOM,salt,1
RIQFOO,cocrystal,2
RIQHOP,salt,1
RIQRIS,salt,1
RIQWUM,salt,1
RIQXEX,cocrystal,2
RIQXIC,salt,1
RIQXOH,salt,1
RIRFAC,cocrystal,2
RIRFOQ,salt,1
RIRGUV,cocrystal,2
RIRHIJ,cocrystal,2
RIRPAL,hydrate,3
RIRPIR,hydrate,3
RIRPOX,cocrystal,2
RIRWEY,hydrate,3
RIRWIC,salt,1
RIRWUO,salt,1
RIRXAU,salt,1
RIRXAV,salt,1
RISBUU,cocrystal,2
RISDAB,salt,1
RISDOP,salt,1
RISFEH,salt,1
RISKIP,hydrate,3
RISKOV,salt,1
RISKUB,hydrate,3
RISNOA,salt,1
RISNUG,hydrate,3
RISPAO,hydrate,3
RISPUG,hydrate,3
RISQAN,hydrate,3
RISQER,salt,1
RISQOB,salt,1
RITBUT,salt,1
RITCED,salt,1
RITDOO,hydrate,3
RITFEF,salt,1
RITKEM,hydrate,3
RITZAZ,hydrate,3
RIVFIN,solvate,4
RIVJEL,salt,1
RIVMIV,cocrystal,2
RIVQEV,salt,1
RIVQOF,salt,1
RIVTEZ,hydrate,3
RIVVEA,salt,1
RIVWUR,hydrate,3
RIVXUT,cocrystal,2
RIVYAA,cocrystal,2
RIVYEE,cocrystal,2
RIVYII,cocrystal,2
RIWFOW,cocrystal,2
RIWGAH,cocrystal,2
RIWJIQ,cocrystal,2
RIWLOY,hydrate,3
RIWPOG,salt,1
RIWPUI,salt,1
RIWPUM,hydrate,3
RIWVAU,salt,1
RIWWAW,cocrystal,2
RIWWEA,cocrystal,2
RIWWIF,salt,1
RIWWUT,cocrystal,2
RIWXUQ,cocrystal,2
RIXBOS,cocrystal,2
RIXCAF,cocrystal,2
RIXNOF,cocrystal,2
RIXNUL,cocrystal,2
RIXPAT,cocrystal,2
RIXPEX,cocrystal,2
RIXPIB,cocrystal,2
RIXPUM,salt,1
RIXSUN,cocrystal,2
RIYHAK,salt,1
RIYJUE,salt,1
RIYVEB,cocrystal,2
RIYXUT,cocrystal,2
RIZBEK,salt,1
RIZBUY,salt,1
RIZFEL,salt,1
RIZFUE,hydrate,3
RIZGOX,hydrate,3
RIZRAW,salt,1
RIZVUR,salt,1
RIZWEC,cocrystal,2
RIZWIG,salt,1
RIZWOM,cocrystal,2
RIZWUS,cocrystal,2
RIZXED,salt,1
RIZZUY,salt,1
ROBWEN,salt,1
ROBWIR,salt,1
ROBWOX,hydrate,3
ROBZOX,salt,1
ROCDOD,cocrystal,2
ROCLAX,salt,1
ROCNOP,salt,1
ROCPOR,cocrystal,2
RODGUN,salt,1
RODHIE,salt,1
RODKEB,salt,1
RODSEK,cocrystal,2
RODSIO,cocrystal,2
RODSOU,hydrate,3
RODSUA,cocrystal,2
ROFCAR,cocrystal,2
ROFCAT,cocrystal,2
ROFCEX,cocrystal,2
ROFCIB,cocrystal,2
ROFCOH,cocrystal,2
ROFGEZ,salt,1
ROFHAW,salt,1
ROFJAZ,salt,1
ROFLAZ,salt,1
ROFLEF,salt,1
ROFLIJ,salt,1
ROFLOP,hydrate,3
ROFNUW,hydrate,3
ROFPAE,hydrate,3
ROFQAF,salt,1
ROFRAI,hydrate,3
ROFREM,salt,1
ROFROW,salt,1
ROFRUC,salt,1
ROFSAJ,salt,1
ROFSEN,salt,1
ROFVEO,salt,1
ROFWAN,salt,1
ROFXER,solvate,4
ROGCUM,salt,1
ROGDIB,salt,1
ROGKOO,cocrystal,2
ROGLIJ,hydrate,3
ROGPOT,hydrate,3
ROGPUZ,salt,1
ROGQAG,hydrate,3
ROGQEK,salt,1
ROGQIO,salt,1
ROGQOU,hydrate,3
ROGQUA,cocrystal,2
ROHHIF,salt,1
ROHJAZ,salt,1
ROHKUU,salt,1
ROHWIX,cocrystal,2
ROHYIY,salt,1
ROHZOF,salt,1
ROJCEA,cocrystal,2
ROJJEG,hydrate,3
ROJKOS,solvate,4
ROJKUY,solvate,4
ROJRAM,cocrystal,2
ROJROZ,cocrystal,2
ROJSAL,salt,1
ROJSEP,salt,1
ROJSIS,cocrystal,2
ROJSIT,cocrystal,2
ROJVAP,cocrystal,2
ROJVUH,cocrystal,2
ROJWAO,cocrystal,2
ROKBOI,salt,1
ROKCIE,salt,1
ROKCOK,salt,1
ROKCUQ,salt,1
ROKCUR,salt,1
ROKDAX,salt,1
ROKNAH,cocrystal,2
ROKQAJ,cocrystal,2
ROKQEN,cocrystal,2
ROKQIR,cocrystal,2
ROKQUG,cocrystal,2
ROKRIS,hydrate,3
ROKTES,salt,1
ROKVUK,salt,1
ROKWAP,hydrate,3
ROKWEV,salt,1
ROKWIZ,cocrystal,2
ROLFAZ,salt,1
ROLFON,salt,1
ROLFUU,cocrystal,2
ROLFUW,salt,1
ROLJEK,salt,1
ROLKUY,salt,1
ROLLIN,salt,1
ROLNOY,cocrystal,2
ROLNUB,salt,1
ROLPEP,salt,1
ROLSAM,salt,1
ROLSEQ,salt,1
ROLTUJ,salt,1
ROMBEB,salt,1
ROMFAC,cocrystal,2
ROMLOV,salt,1
ROMQOC,cocrystal,2
ROMZOJ,salt,1
ROMZUR,solvate,4
RONBAA,hydrate,3
RONBEE,cocrystal,2
RONBUS,salt,1
RONDAA,cocrystal,2
RONDEE,cocrystal,2
RONDII,cocrystal,2
RONHUX,salt,1
RONQIU,salt,1
ROPHIP,cocrystal,2
ROPHOV,solvate,4
ROPHUB,hydrate,3
ROPJIR,solvate,4
ROPMUH,salt,1
ROPRUJ,salt,1
ROPSUM,hydrate,3
ROPTAT,hydrate,3
ROPTEX,solvate,4
ROPTIB,solvate,4
ROQFOV,salt,1
ROQGAI,salt,1
ROQJUE,salt,1
ROQLAK,salt,1
ROQLEQ,cocrystal,2
ROQLIU,cocrystal,2
ROQLOA,cocrystal,2
ROQLUG,cocrystal,2
ROQMAN,cocrystal,2
ROQPEU,hydrate,3
ROQSOI,solvate,4
ROQYED,cocrystal,2
ROQYIH,cocrystal,2
RORBIL,solvate,4
RORQEU,salt,1
RORWEC,cocrystal,2
RORWIG,cocrystal,2
ROSDEL,salt,1
ROSDOV,salt,1
ROSDUB,salt,1
ROSFAJ,salt,1
ROSFEN,salt,1
ROSFIR,salt,1
ROSFOX,salt,1
ROSLIW,cocrystal,2
ROSMIX,cocrystal,2
ROSMOD,cocrystal,2
ROSMOE,cocrystal,2
ROSPIB,cocrystal,2
ROSPOH,cocrystal,2
ROSPUN,cocrystal,2
ROSQAU,cocrystal,2
ROSTEA,cocrystal,2
ROTCIP,salt,1
ROTCOV,solvate,4
ROTHEP,cocrystal,2
ROTHIT,cocrystal,2
ROTREZ,cocrystal,2
ROTVOO,salt,1
ROTVUU,salt,1
ROTWAB,hydrate,3
ROTZOS,salt,1
ROTZUY,salt,1
ROVBAI,salt,1
ROVDUD,salt,1
ROVQAX,cocrystal,2
ROVQUR,cocrystal,2
ROVSAY,cocrystal,2
ROWDEP,cocrystal,2
ROWHAP,cocrystal,2
ROWHET,cocrystal,2
ROWKAS,hydrate,3
ROWRUT,salt,1
ROWWIM,salt,1
ROXBUE,salt,1
ROXJIA,solvate,4
ROXREE,salt,1
ROXWAF,solvate,4
ROYDAN,salt,1
ROYNOL,hydrate,3
ROYNUQ,cocrystal,2
ROYWIN,salt,1
ROYWOT,salt,1
ROZXAG,salt,1
RTUSMN,hydrate,3
RUBQAI,salt,1
RUBQOW,salt,1
RUBREN,salt,1
RUBTOA,hydrate,3
RUBYOD,salt,1
RUBYUJ,salt,1
RUBZUM,hydrate,3
RUCDEZ,cocrystal,2
RUCDID,cocrystal,2
RUCDIE,hydrate,3
RUCDOJ,cocrystal,2
RUCDUP,cocrystal,2
RUCFAX,cocrystal,2
RUCFEB,cocrystal,2
RUCFOL,hydrate,3
RUCFUR,salt,1
RUCGAY,salt,1
RUCJEG,salt,1
RUCMIO,salt,1
RUCMOU,salt,1
RUCTUG,cocrystal,2
RUDDIG,salt,1
RUDGEE,hydrate,3
RUDLOT,salt,1
RUDMAG,salt,1
RUDMEK,solvate,4
RUDMIO,salt,1
RUDRAJ,salt,1
RUDRAL,salt,1
RUDYIZ,salt,1
RUFFAA,hydrate,3
RUFGEF,salt,1
RUFGUU,cocrystal,2
RUFJIO,salt,1
RUFYEW,salt,1
RUFYIC,cocrystal,2
RUFYOI,cocrystal,2
RUFYUP,cocrystal,2
RUFZEA,solvate,4
RUGCED,cocrystal,2
RUGCII,salt,1
RUGFAB,solvate,4
RUGHOQ,solvate,4
RUGRAN,salt,1
RUGVOG,cocrystal,2
RUGYEZ,cocrystal,2
RUGYID,cocrystal,2
RUHDOP,cocrystal,2
RUHHIO,hydrate,3
RUHJAI,hydrate,3
RUHQAM,salt,1
RUHXEX,salt,1
RUHXOI,salt,1
RUHZOK,salt,1
RUJCII,cocrystal,2
RUJHEK,salt,1
RUJQET,salt,1
RUJRAQ,hydrate,3
RUJYEB,hydrate,3
RUKCEG,solvate,4
RUKFEI,salt,1
RUKGIP,cocrystal,2
RUKGUA,salt,1
RUKHAH,salt,1
RUKQUM,salt,1
RUKREX,salt,1
RUKTOI,hydrate,3
RUKYUR,hydrate,3
RULFOW,hydrate,3
RULGAJ,hydrate,3
RULGEN,hydrate,3
RULLUF,cocrystal,2
RULQOG,salt,1
RULYAA,salt,1
RUMCAF,salt,1
RUMDOV,cocrystal,2
RUMFOV,cocrystal,2
RUMGAJ,salt,1
RUMLOD,salt,1
RUMPUN,hydrate,3
RUMXAB,salt,1
RUNDOU,hydrate,3
RUNDUA,hydrate,3
RUNPIZ,salt,1
RUNROK,cocrystal,2
RUNSUR,cocrystal,2
RUPFOY,cocrystal,2
RUPRUR,salt,1
RUPSAW,cocrystal,2
RUPVED,salt,1
RUPZOU,cocrystal,2
RUQDEP,salt,1
RUQFUH,solvate,4
RUQGUG,salt,1
RUQKUM,cocrystal,2
RUQLAT,cocrystal,2
RUQLIB,cocrystal,2
RUQNOH,salt,1
RUQSOM,hydrate,3
RUQWAC,hydrate,3
RUQXIN,hydrate,3
RURHAQ,salt,1
RURLUN,salt,1
RURQIF,salt,1
RURROM,cocrystal,2
RURRUS,cocrystal,2
RURWOS,salt,1
RURWUY,salt,1
RURXEJ,salt,1
RURXIN,salt,1
RUSFUI,salt,1
RUSGOD,salt,1
RUSNOK,salt,1
RUSQEE,salt,1
RUSQII,salt,1
RUTGOE,cocrystal,2
RUTGUK,cocrystal,2
RUTHEV,cocrystal,2
RUTMUP,cocrystal,2
RUTROQ,salt,1
RUTTIL,hydrate,3
RUTTOR,salt,1
RUTYUA,salt,1
RUTYUC,cocrystal,2
RUVFIZ,hydrate,3
RUVFOF,hydrate,3
RUVFUL,hydrate,3
RUVGIA,salt,1
RUVGIB,cocrystal,2
RUVNEC,hydrate,3
RUVNIG,hydrate,3
RUVNOM,hydrate,3
RUVNUS,hydrate,3
RUVPAA,hydrate,3
RUVPII,salt,1
RUVVAF,cocrystal,2
RUVVIN,salt,1
RUVWIO,salt,1
RUVYIQ,salt,1
RUVYIS,salt,1
RUWDUJ,cocrystal,2
RUWFAR,cocrystal,2
RUWFEV,cocrystal,2
RUWFIZ,cocrystal,2
RUWFOF,cocrystal,2
RUWFUL,hydrate,3
RUWGAS,hydrate,3
RUWGEW,cocrystal,2
RUWGIA,cocrystal,2
RUWGOG,hydrate,3
RUWGUM,hydrate,3
RUWHAT,hydrate,3
RUWHEX,cocrystal,2
RUWHIB,cocrystal,2
RUWHOH,hydrate,3
RUWHUN,hydrate,3
RUWJOI,cocrystal,2
RUWMIF,cocrystal,2
RUWPEG,cocrystal,2
RUWPIK,hydrate,3
RUWPUX,cocrystal,2
RUWQAE,cocrystal,2
RUWVEN,cocrystal,2
RUWVIR,cocrystal,2
RUWVOV,solvate,4
RUWWIS,salt,1
RUWXAL,solvate,4
RUWXOY,salt,1
RUXDAP,cocrystal,2
RUXDET,salt,1
RUXFAU,hydrate,3
RUXGIC,hydrate,3
RUXLUS,cocrystal,2
RUXMAZ,cocrystal,2
RUXMED,cocrystal,2
RUXMIH,cocrystal,2
RUXMON,cocrystal,2
RUXMUT,cocrystal,2
RUXNAA,cocrystal,2
RUXPUV,cocrystal,2
RUXQAC,cocrystal,2
RUXQEG,cocrystal,2
RUXQOQ,salt,1
RUXQUW,cocrystal,2
RUXRAD,cocrystal,2
RUXSUZ,salt,1
RUXYAM,salt,1
RUXYOZ,cocrystal,2
RUYDOF,salt,1
RUYGIC,cocrystal,2
RUYGUO,hydrate,3
RUYHEZ,cocrystal,2
RUYHID,cocrystal,2
RUYHOJ,cocrystal,2
RUYHUP,cocrystal,2
RUYJAX,cocrystal,2
RUYJEB,solvate,4
RUYKUR,cocrystal,2
RUYLAY,cocrystal,2
RUYLEC,cocrystal,2
RUYROU,salt,1
RUYRUA,salt,1
RUYSAH,salt,1
RUYSEL,salt,1
RUYSOV,salt,1
RUYSUB,salt,1
RUYTAI,cocrystal,2
RUYWIR,cocrystal,2
RUYXAM,cocrystal,2
RUYXEQ,salt,1
RUYXUG,hydrate,3
RUYYAN,cocrystal,2
RUYYER,cocrystal,2
RUYYIV,cocrystal,2
RUYYUH,cocrystal,2
RUYZAO,cocrystal,2
RUZFIE,hydrate,3
RUZGIF,hydrate,3
RUZGOL,hydrate,3
RUZGUR,salt,1
RUZHAY,hydrate,3
RUZHIG,salt,1
RUZMOO,cocrystal,2
RUZXOA,salt,1
RUZZOC,salt,1
SABBAB,cocrystal,2
SABBEF,solvate,4
SABCEF,cocrystal,2
SABDOQ,cocrystal,2
SABFEI,salt,1
SABJOU,salt,1
SABJOW,salt,1
SABJUC,salt,1
SABKEN,hydrate,3
SABNOA,salt,1
SABPAO,hydrate,3
SABPEQ,salt,1
SABVUP,cocrystal,2
SABXUP,salt,1
SACCAF,cocrystal,2
SACJOW,cocrystal,2
SACKEQ,salt,1
SACKIU,hydrate,3
SACKOA,salt,1
SACLER,hydrate,3
SACQET,salt,1
SACROG,salt,1
SACSAT,salt,1
SACSOE,cocrystal,2
SADDUW,cocrystal,2
SADFEI,cocrystal,2
SADKUH,salt,1
SADLAO,salt,1
SADMAP,cocrystal,2
SADMIX,cocrystal,2
SADMOD,cocrystal,2
SADMUJ,cocrystal,2
SADNAQ,solvate,4
SADNEU,solvate,4
SADNOB,salt,1
SADRAS,salt,1
SADREW,hydrate,3
SADTIC,cocrystal,2
SADTOI,cocrystal,2
SADYII,salt,1
SAFCIM,salt,1
SAFFIS,salt,1
SAFFUE,salt,1
SAFJUF,salt,1
SAFKAM,salt,1
SAFNOE,cocrystal,2
SAFNOF,salt,1
SAFQIB,salt,1
SAFSOK,salt,1
SAFTOK,hydrate,3
SAFXAA,salt,1
SAFYIK,salt,1
SAGDAH,salt,1
SAGFUD,cocrystal,2
SAGGIT,salt,1
SAGGOZ,salt,1
SAGGUE,salt,1
SAGLAP,salt,1
SAGMAQ,salt,1
SAGMOG,cocrystal,2
SAGMUM,cocrystal,2
SAGNAT,cocrystal,2
SAGNEX,cocrystal,2
SAGNIB,cocrystal,2
SAGPOJ,salt,1
SAGQEY,hydrate,3
SAGYAC,salt,1
SAHBOU,salt,1
SAHBUZ,salt,1
SAHCAG,hydrate,3
SAHDEM,salt,1
SAHFAK,salt,1
SAHHEQ,cocrystal,2
SAHJAP,cocrystal,2
SAHJET,cocrystal,2
SAHJIW,salt,1
SAHJIX,cocrystal,2
SAHJOD,cocrystal,2
SAHJUJ,cocrystal,2
SAHQAX,hydrate,3
SAHQEB,hydrate,3
SAHQID,salt,1
SAHRIG,hydrate,3
SAHWIH,salt,1
SAJCOW,salt,1
SAJCOY,cocrystal,2
SAJCUE,cocrystal,2
SAJDAL,cocrystal,2
SAJDEP,cocrystal,2
SAJHOB,salt,1
SAJJAR,cocrystal,2
SAJJET,hydrate,3
SAJMEV,salt,1
SAJNIA,salt,1
SAJQIG,hydrate,3
SAJSIJ,salt,1
SAKBUB,salt,1
SAKJEU,hydrate,3
SAKJOE,cocrystal,2
SAKKEW,salt,1
SAKLAR,cocrystal,2
SAKPIG,salt,1
SAKPUS,salt,1
SAKQAZ,salt,1
SAKQON,salt,1
SAKTAB,salt,1
SAKWIL,salt,1
SALCYS,cocrystal,2
SALDAN,salt,1
SALDER,salt,1
SALGOB,salt,1
SALHEU,salt,1
SALKEY,salt,1
SALLAV,salt,1
SALNUQ,cocrystal,2
SALQIG,salt,1
SALQOM,salt,1
SALQUS,salt,1
SALSUL,hydrate,3
SALYEK,solvate,4
SALZEM,salt,1
SALZIQ,salt,1
SAMFOE,cocrystal,2
SAMGEV,cocrystal,2
SAMGIZ,cocrystal,2
SAMLAU,salt,1
SAMTEF,cocrystal,2
SAMWOT,cocrystal,2
SAMWUZ,cocrystal,2
SAMXAG,cocrystal,2
SAMYOW,salt,1
SANAPY,cocrystal,2
SANBER,cocrystal,2
SANBIV,cocrystal,2
SANCUG,salt,1
SANFAR,salt,1
SANFIZ,cocrystal,2
SANMOM,solvate,4
SANMUS,salt,1
SANQUU,salt,1
SANTUZ,cocrystal,2
SANYOW,salt,1
SANZOA,cocrystal,2
SAPBAQ,salt,1
SAPBEU,salt,1
SAPBIY,hydrate,3
SAPCEU,salt,1
SAPCEV,salt,1
SAPDEU,hydrate,3
SAPDUJ,cocrystal,2
SAPFIB,cocrystal,2
SAPFOH,cocrystal,2
SAPGAV,cocrystal,2
SAPHAW,solvate,4
SAPJUS,cocrystal,2
SAPKID,salt,1
SAPLAW,cocrystal,2
SAPNUW,cocrystal,2
SAPQOP,cocrystal,2
SAPQUV,cocrystal,2
SAPRAC,cocrystal,2
SAPZAL,salt,1
SAQGIE,cocrystal,2
SAQGOK,cocrystal,2
SAQGUQ,cocrystal,2
SAQHUN,salt,1
SAQJID,salt,1
SAQJUP,salt,1
SAQKON,salt,1
SAQLOO,hydrate,3
SAQLUU,salt,1
SAQWIU,salt,1
SAQYAO,solvate,4
SARBOD,salt,1
SARDAQ,cocrystal,2
SARDIY,cocrystal,2
SARDOE,cocrystal,2
SARHAY,cocrystal,2
SARHIG,cocrystal,2
SARJEB,salt,1
SARJIF,hydrate,3
SARJON,solvate,4
SARJUQ,cocrystal,2
SARKII,cocrystal,2
SARLEC,cocrystal,2
SARNAD,hydrate,3
SARPAG,salt,1
SARPEK,salt,1
SARQAH,solvate,4
SARQOV,cocrystal,2
SARQUB,cocrystal,2
SARSEJ,salt,1
SARYAL,cocrystal,2
SARYOZ,salt,1
SASBIX,salt,1
SASKII,salt,1
SASKOO,hydrate,3
SASKUU,solvate,4
SASLAB,solvate,4
SASLOR,salt,1
SASLUX,salt,1
SASNEG,salt,1
SASNIK,salt,1
SASNUW,salt,1
SASPAE,salt,1
SASQAH,salt,1
SASYIW,salt,1
SATBAR,salt,1
SATBIB,hydrate,3
SATFUP,salt,1
SATLUV,salt,1
SATMAC,salt,1
SATMEG,salt,1
SATMOQ,salt,1
SATNOS,salt,1
SATNUY,salt,1
SATPAG,salt,1
SATPEK,hydrate,3
SATPIO,salt,1
SATQAH,salt,1
SATQEL,salt,1
SATQIP,salt,1
SATSOX,salt,1
SATSUD,salt,1
SATTAK,salt,1
SATTEO,salt,1
SATTIS,salt,1
SATTOY,hydrate,3
SATTUE,hydrate,3
SAVCAT,salt,1
SAVDUQ,cocrystal,2
SAVJOS,hydrate,3
SAVKAB,hydrate,3
SAVSOX,salt,1
SAVSUD,salt,1
SAVWEU,solvate,4
SAVZUO,hydrate,3
SAWCUQ,salt,1
SAWDAX,salt,1
SAWFIF,salt,1
SAWFOP,cocrystal,2
SAWFUV,solvate,4
SAWJEG,salt,1
SAWXEW,salt,1
SAWZUL,salt,1
SAXCOK,salt,1
SAXDEA,salt,1
SAXFAZ,salt,1
SAXGIJ,salt,1
SAXGOP,salt,1
SAXGUV,salt,1
SAXHIK,cocrystal,2
SAXHUW,solvate,4
SAXITB,salt,1
SAXJEI,salt,1
SAXJIM,salt,1
SAXLOW,cocrystal,2
SAXPAK,cocrystal,2
SAXPEO,cocrystal,2
SAXPOY,salt,1
SAXQAL,hydrate,3
SAXQEP,salt,1
SAXQIT,salt,1
SAXQOZ,hydrate,3
SAYBED,cocrystal,2
SAYMOV,salt,1
SAYMUB,cocrystal,2
SAYNEM,cocrystal,2
SAYNIQ,cocrystal,2
SAYNOW,cocrystal,2
SAYNOY,cocrystal,2
SAYNUC,cocrystal,2
SAYNUD,cocrystal,2
SAYPAK,cocrystal,2
SAYPAL,cocrystal,2
SAYPEO,cocrystal,2
SAYPIT,hydrate,3
SAYPOX,salt,1
SAYPOY,cocrystal,2
SAYPOZ,hydrate,3
SAYPUE,cocrystal,2
SAYPUF,hydrate,3
SAYQAL,cocrystal,2
SAYQAM,hydrate,3
SAYQEQ,hydrate,3
SAYSUI,solvate,4
SAYVAR,salt,1
SAYWAQ,salt,1
SAZBUU,salt,1
SAZCAB,salt,1
SAZGIJ,salt,1
SAZGUY,salt,1
SAZHAF,salt,1
SAZKEK,cocrystal,2
SAZRAM,solvate,4
SAZXEZ,salt,1
SAZXID,salt,1
SAZXOJ,salt,1
SAZYUP,salt,1
SAZZAW,salt,1
SEBBEG,salt,1
SEBCEH,hydrate,3
SEBFOW,solvate,4
SEBFUB,salt,1
SEBGAI,salt,1
SEBGIR,salt,1
SEBJIV,salt,1
SEBJOB,salt,1
SEBKAN,salt,1
SEBKIW,hydrate,3
SEBKOC,cocrystal,2
SEBKUI,salt,1
SEBSAX,cocrystal,2
SEBWOM,salt,1
SEBYOQ,salt,1
SEBYUW,salt,1
SEBZAD,salt,1
SEBZEH,salt,1
SEBZIL,salt,1
SECBOS,salt,1
SECDAF,salt,1
SECDIP,salt,1
SECDUB,salt,1
SECGOW,salt,1
SECHAJ,salt,1
SECJIV,cocrystal,2
SECLAP,salt,1
SECLEU,salt,1
SECMUI,salt,1
SECPUN,salt,1
SECWEE,salt,1
SECXEG,cocrystal,2
SECXIJ,salt,1
SECXOP,salt,1
SECXOQ,cocrystal,2
SECXUW,cocrystal,2
SECYAD,cocrystal,2
SECYEH,cocrystal,2
SECYIL,cocrystal,2
SECYOR,cocrystal,2
SECYUX,cocrystal,2
SECZAE,cocrystal,2
SECZEI,cocrystal,2
SECZIM,cocrystal,2
SECZOS,cocrystal,2
SECZUY,cocrystal,2
SEDBAH,salt,1
SEDFIT,cocrystal,2
SEDFUF,cocrystal,2
SEDGEP,salt,1
SEDGIT,salt,1
SEDGOA,cocrystal,2
SEDJUI,cocrystal,2
SEDKET,salt,1
SEDMEV,cocrystal,2
SEDNIY,cocrystal,2
SEDSIE,salt,1
SEDWAA,cocrystal,2
SEDWEE,cocrystal,2
SEDYIK,cocrystal,2
SEDZUZ,salt,1
SEFCIT,salt,1
SEFDOW,salt,1
SEFGEQ,cocrystal,2
SEFQUP,solvate,4
SEFVOO,salt,1
SEFWEG,hydrate,3
SEFWUV,cocrystal,2
SEFXAC,cocrystal,2
SEFXUZ,salt,1
SEFYAG,salt,1
SEFYIN,hydrate,3
SEFYOT,hydrate,3
SEGFUG,cocrystal,2
SEGGAM,salt,1
SEGGER,hydrate,3
SEGHIX,solvate,4
SEGHUI,cocrystal,2
SEGJEU,hydrate,3
SEGKOG,solvate,4
SEGMOG,salt,1
SEGRON,solvate,4
SEGVEJ,cocrystal,2
SEGYEI,hydrate,3
SEGYOS,salt,1
SEGZUZ,salt,1
SEHBUF,solvate,4
SEHDAL,solvate,4
SEHDEP,salt,1
SEHSIL,hydrate,3
SEHSUX,hydrate,3
SEHTEI,salt,1
SEJCOD,hydrate,3
SEJHIY,salt,1
SEJHIZ,salt,1
SEJJEW,salt,1
SEJJUM,salt,1
SEJKEX,salt,1
SEJREI,salt,1
SEJSOP,salt,1
SEJSUV,salt,1
SEJTIK,salt,1
SEKBES,hydrate,3
SEKCUJ,salt,1
SEKHIA,salt,1
SEKHOG,salt,1
SEKHUM,salt,1
SEKJAW,solvate,4
SEKLON,salt,1
SEKWIO,hydrate,3
SEKXIP,hydrate,3
SELDAO,hydrate,3
SELFUM,hydrate,3
SELGAT,salt,1
SELGIC,salt,1
SELWAJ,salt,1
SELXUC,salt,1
SEMKOL,hydrate,3
SEMLOO,salt,1
SEMLUS,salt,1
SEMMEG,salt,1
SEMMIK,salt,1
SEMMUW,salt,1
SEMNAA,salt,1
SEMNIH,cocrystal,2
SEMNUT,cocrystal,2
SEMPEI,cocrystal,2
SEMPIM,cocrystal,2
SEMPOS,cocrystal,2
SEMQOU,salt,1
SEMRUY,salt,1
SEMSEI,hydrate,3
SEMWAI,hydrate,3
SENBUI,salt,1
SENDOE,salt,1
SENFEA,hydrate,3
SENGID,salt,1
SENHAV,salt,1
SENKIG,cocrystal,2
SENNUV,hydrate,3
SENPAG,cocrystal,2
SENVIU,salt,1
SENVOA,salt,1
SENWOB,cocrystal,2
SENYIV,cocrystal,2
SEPGEB,salt,1
SEPHEB,hydrate,3
SEPKON,cocrystal,2
SEPLUV,cocrystal,2
SEPNEG,solvate,4
SEPQUZ,cocrystal,2
SEPREK,cocrystal,2
SEPRUD,salt,1
SEPSEP,salt,1
SEPSIP,cocrystal,2
SEPSOZ,salt,1
SEPTEQ,salt,1
SEPTIQ,salt,1
SEPTIT,salt,1
SEPTOZ,salt,1
SEPTUC,hydrate,3
SEPVES,salt,1
SEPVIW,salt,1
SEPWET,salt,1
SEPWOD,salt,1
SEPYEU,solvate,4
SEQBOF,hydrate,3
SEQGAX,salt,1
SEQKOO,salt,1
SEQLUV,salt,1
SEQNEK,hydrate,3
SEQRAJ,cocrystal,2
SEQTUF,solvate,4
SEQVAN,salt,1
SEQVER,salt,1
SERASC10,cocrystal,2
SERBUQ,salt,1
SERFON,solvate,4
SERHOX,salt,1
SERNAH,cocrystal,2
SERPIC,hydrate,3
SERQAH,cocrystal,2
SERREP,hydrate,3
SERRIQ,cocrystal,2
SERRIT,hydrate,3
SERROZ,cocrystal,2
SERRUF,cocrystal,2
SERYUK,hydrate,3
SERZIB,cocrystal,2
SESCAV,salt,1
SESFEE,cocrystal,2
SESFII,hydrate,3
SESKUY,cocrystal,2
SESLIM,cocrystal,2
SESQUD,hydrate,3
SESSIS,cocrystal,2
SESYUL,salt,1
SESZAS,salt,1
SETDUU,salt,1
SETFIH,hydrate,3
SETFOP,salt,1
SETHAB,salt,1
SETNEO,cocrystal,2
SETPIU,cocrystal,2
SETQOY,cocrystal,2
SETQUE,hydrate,3
SETREP,salt,1
SETRIU,cocrystal,2
SETROA,cocrystal,2
SETRUG,cocrystal,2
SETRUI,cocrystal,2
SETSAN,cocrystal,2
SETTOB,salt,1
SETTUH,solvate,4
SETVAP,hydrate,3
SETWOD,cocrystal,2
SETYAU,salt,1
SETYEY,hydrate,3
SEVCOP,hydrate,3
SEVFAA,salt,1
SEVGIN,cocrystal,2
SEVHUZ,salt,1
SEVJAH,cocrystal,2
SEVJEI,salt,1
SEVLAJ,hydrate,3
SEVLOX,hydrate,3
SEVQIW,salt,1
SEVQOC,salt,1
SEVSAR,hydrate,3
SEVSIX,salt,1
SEVWEZ,hydrate,3
SEVYEB,hydrate,3
SEVZOL,cocrystal,2
SEWWIA,cocrystal,2
SEWWOG,cocrystal,2
SEWWUM,cocrystal,2
SEWXAU,salt,1
SEWZEC,cocrystal,2
SEWZUT,cocrystal,2
SEYHEM,cocrystal,2
SEYHOW,salt,1
SEYJAK,salt,1
SEYLAJ,hydrate,3
SEYLAL,hydrate,3
SEYWEB,salt,1
SEYWOJ,salt,1
SEYWUP,salt,1
SEYXAY,salt,1
SEYXEC,salt,1
SEZGIO,salt,1
SEZLOZ,salt,1
SEZQOH,cocrystal,2
SEZQUN,cocrystal,2
SEZRAU,cocrystal,2
SEZREU,salt,1
SEZYOM,salt,1
SEZZEG,hydrate,3
SEZZIK,hydrate,3
SEZZOQ,hydrate,3
SFONBS10,salt,1
SIBBUD,hydrate,3
SIBDUC,solvate,4
SIBFAK,cocrystal,2
SIBFEO,cocrystal,2
SIBGAM,solvate,4
SIBGUF,cocrystal,2
SIBHEQ,cocrystal,2
SIBQID,salt,1
SIBQOM,hydrate,3
SIBQUS,salt,1
SIBVUU,salt,1
SIBYOV,cocrystal,2
SIBYUA,cocrystal,2
SIBYUB,cocrystal,2
SIBZAI,cocrystal,2
SICCEQ,salt,1
SICCIR,hydrate,3
SICFIW,cocrystal,2
SICFOC,salt,1
SICFUI,salt,1
SICGAP,salt,1
SICGET,cocrystal,2
SICGIX,cocrystal,2
SICLAV,salt,1
SICPUS,hydrate,3
SICQEC,salt,1
SICQEE,solvate,4
SICQIG,salt,1
SICQII,salt,1
SICQOM,salt,1
SICQOO,salt,1
SICQUS,salt,1
SICVIJ,salt,1
SICWOQ,salt,1
SIDMIE,salt,1
SIDMOH,salt,1
SIDREG,salt,1
SIDSEF,cocrystal,2
SIDVOS,cocrystal,2
SIDVUA,salt,1
SIFBIT,cocrystal,2
SIFDAO,solvate,4
SIFDIW,salt,1
SIFDOC,salt,1
SIFGOE,salt,1
SIFHEU,salt,1
SIFHIZ,salt,1
SIFHOG,salt,1
SIFJIE,salt,1
SIFJUQ,cocrystal,2
SIFKIB,salt,1
SIFRAD,cocrystal,2
SIFREH,cocrystal,2
SIFWUA,cocrystal,2
SIFYUF,cocrystal,2
SIGFEU,solvate,4
SIGFIY,solvate,4
SIGFOE,salt,1
SIGGAR,salt,1
SIGGEV,hydrate,3
SIGGIZ,salt,1
SIGGOF,salt,1
SIGGUL,salt,1
SIGNOM,salt,1
SIGPUW,cocrystal,2
SIGQUV,salt,1
SIGXUF,hydrate,3
SIGZEO,salt,1
SIGZUG,cocrystal,2
SIHBAP,cocrystal,2
SIHBET,cocrystal,2
SIHBIV,hydrate,3
SIHBIX,cocrystal,2
SIHBOA,cocrystal,2
SIHDAP,salt,1
SIHLAX,salt,1
SIHLEB,salt,1
SIHLED,cocrystal,2
SIHLIF,salt,1
SIHLIH,cocrystal,2
SIHLOL,salt,1
SIHLON,cocrystal,2
SIHLUT,cocrystal,2
SIHMAA,cocrystal,2
SIHMEE,cocrystal,2
SIHQEH,salt,1
SIHQOR,cocrystal,2
SIHRAE,cocrystal,2
SIHXUC,hydrate,3
SIHZAK,salt,1
SIJJAX,cocrystal,2
SIJPUA,cocrystal,2
SIJXEQ,salt,1
SIJXOA,salt,1
SIJYAN,cocrystal,2
SIJZOC,cocrystal,2
SIJZUI,cocrystal,2
SIKDAS,solvate,4
SIKFOK,salt,1
SIKFUQ,salt,1
SIKJEB,hydrate,3
SIKKIK,cocrystal,2
SIKLEG,solvate,4
SIKLIK,cocrystal,2
SIKTEO,cocrystal,2
SIKXIT,hydrate,3
SIKYIU,cocrystal,2
SILCOG,salt,1
SILFEZ,cocrystal,2
SILHUR,solvate,4
SILKIH,cocrystal,2
SILLOS,salt,1
SILMOS,salt,1
SILPIM,salt,1
SILSIS,hydrate,3
SILSOZ,salt,1
SILSUF,hydrate,3
SILTAM,hydrate,3
SILTEQ,hydrate,3
SILYIY,salt,1
SIMBIC,cocrystal,2
SIMBOI,cocrystal,2
SIMCUQ,cocrystal,2
SIMGIF,hydrate,3
SIMHAY,cocrystal,2
SIMHEC,hydrate,3
SIMJUU,salt,1
SIMKAB,salt,1
SIMKUV,salt,1
SIMQUE,salt,1
SIMRAI,hydrate,3
SIMSIR,salt,1
SIMTEO,salt,1
SIMTEQ,salt,1
SIMTIS,salt,1
SIMVAM,salt,1
SIMVET,salt,1
SIMXEV,hydrate,3
SIMXUK,cocrystal,2
SIMZEV,cocrystal,2
SIMZIY,salt,1
SINBAT,hydrate,3
SINBIB,salt,1
SINDAV,salt,1
SINPOV,hydrate,3
SIPHII,hydrate,3
SIPROZ,hydrate,3
SIPSEQ,cocrystal,2
SIPSIU,cocrystal,2
SIPSOA,cocrystal,2
SIPTOB,salt,1
SIPVET,salt,1
SIQBEB,salt,1
SIQBIE,cocrystal,2
SIQBUQ,hydrate,3
SIQHUY,salt,1
SIQLOU,cocrystal,2
SIQNIS,cocrystal,2
SIQNOY,cocrystal,2
SIQNUE,cocrystal,2
SIQPAM,cocrystal,2
SIQPEQ,hydrate,3
SIQREQ,salt,1
SIQWEU,cocrystal,2
SIQXOI,salt,1
SIRBUR,cocrystal,2
SIRGEF,salt,1
SIRKEL,salt,1
SIRKIP,salt,1
SIRKUA,salt,1
SIRMUB,salt,1
SIRPES,hydrate,3
SIRPOY,cocrystal,2
SIRPUE,cocrystal,2
SIRSIY,salt,1
SIRSOE,salt,1
SIRSUK,salt,1
SIRTAQ,salt,1
SIRWUL,salt,1
SISVOH,salt,1
SISXUQ,hydrate,3
SISZID,cocrystal,2
SITBAZ,salt,1
SITBIG,hydrate,3
SITBOM,salt,1
SITCUU,cocrystal,2
SITDOP,salt,1
SITJEL,hydrate,3
SITLUD,salt,1
SIVBAA,cocrystal,2
SIVBII,cocrystal,2
SIVBUU,cocrystal,2
SIVNIU,salt,1
SIVRIY,cocrystal,2
SIVZEC,salt,1
SIWBOP,salt,1
SIWPEV,salt,1
SIWPOF,salt,1
SIXBAD,hydrate,3
SIXDOS,cocrystal,2
SIXFAH,cocrystal,2
SIXTEY,hydrate,3
SIXYAZ,cocrystal,2
SIXYIH,salt,1
SIYCAF,salt,1
SIYCEJ,cocrystal,2
SIYCIN,cocrystal,2
SIYJIT,cocrystal,2
SIYSAW,salt,1
SIYSIE,solvate,4
SIYSOK,salt,1
SIYWAZ,cocrystal,2
SIYYIK,salt,1
SIYZEH,cocrystal,2
SIZBEK,salt,1
SIZKIX,salt,1
SIZKOD,hydrate,3
SIZKUJ,salt,1
SIZQUO,salt,1
SIZXIK,salt,1
SIZXOQ,salt,1
SIZZUZ,cocrystal,2
SKTNIB,cocrystal,2
SLBZAC01,hydrate,3
SLFURE,salt,1
SMZTMP,cocrystal,2
SNACTC,salt,1
SOBBAM,cocrystal,2
SOBBAP,hydrate,3
SOBCUI,cocrystal,2
SOBDIY,salt,1
SOBDUK,salt,1
SOBNAB,solvate,4
SOBNEE,cocrystal,2
SOBWIR,salt,1
SOBWUD,hydrate,3
SOCFAU,cocrystal,2
SOCJAW,salt,1
SOCMAA,solvate,4
SOCMED,solvate,4
SOCMEE,cocrystal,2
SOCPUX,salt,1
SOCPUY,salt,1
SOCQAE,salt,1
SOCQAF,hydrate,3
SOCQEJ,hydrate,3
SOCRIO,salt,1
SOCROU,salt,1
SOCSUB,salt,1
SOCTAH,salt,1
SOCVIR,salt,1
SOCXIR,cocrystal,2
SOCYUF,salt,1
SODCUJ,hydrate,3
SODDIZ,cocrystal,2
SODDOF,cocrystal,2
SODGEZ,salt,1
SODHEB,salt,1
SODJOK,salt,1
SODKIG,cocrystal,2
SODKOM,cocrystal,2
SODKUS,solvate,4
SODPEH,hydrate,3
SODPIL,hydrate,3
SODPOR,salt,1
SODQUX,cocrystal,2
SOFHEA,salt,1
SOFPEJ,salt,1
SOFQUZ,salt,1
SOFYOE,salt,1
SOGHAX,cocrystal,2
SOGHIG,hydrate,3
SOGLAC,cocrystal,2
SOGNOU,salt,1
SOGRAK,salt,1
SOGSEP,cocrystal,2
SOGVIW,salt,1
SOGVOC,salt,1
SOGWOA,salt,1
SOGXUH,cocrystal,2
SOHCUO,hydrate,3
SOHDAV,salt,1
SOHDEZ,salt,1
SOHDID,salt,1
SOHDOJ,salt,1
SOHFED,salt,1
SOHFIH,salt,1
SOHMUZ,hydrate,3
SOHNAG,salt,1
SOHPIQ,salt,1
SOHPUC,salt,1
SOHTAN,hydrate,3
SOHVOC,salt,1
SOHVUI,hydrate,3
SOHWAP,solvate,4
SOHWIX,salt,1
SOHWOD,salt,1
SOHXAQ,cocrystal,2
SOHXEU,cocrystal,2
SOHXIY,salt,1
SOHXUK,solvate,4
SOHYAP,hydrate,3
SOJMIN,salt,1
SOJMOT,salt,1
SOJPEM,cocrystal,2
SOJRUG,hydrate,3
SOJVAQ,cocrystal,2
SOJXOF,salt,1
SOJZEW,cocrystal,2
SOKLEL,salt,1
SOKMOX,solvate,4
SOKZUQ,salt,1
SOLBEC,cocrystal,2
SOLDIG,salt,1
SOLFAC,cocrystal,2
SOLFEG,cocrystal,2
SOLFIK,cocrystal,2
SOLFUW,cocrystal,2
SOLGAD,cocrystal,2
SOLGEH,salt,1
SOLGIL,hydrate,3
SOLGOR,hydrate,3
SOLGUX,salt,1
SOLHEI,hydrate,3
SOLHIM,hydrate,3
SOLHOS,salt,1
SOLHUY,cocrystal,2
SOLJAG,cocrystal,2
SOLJEK,cocrystal,2
SOLJIO,cocrystal,2
SOLPAL,salt,1
SOLTIX,salt,1
SOLVEV,salt,1
SOLYIC,salt,1
SOLZEB,hydrate,3
SOLZIF,hydrate,3
SOMCAA,hydrate,3
SOMDOO,salt,1
SOMDUU,salt,1
SOMHEI,cocrystal,2
SOMHIL,salt,1
SOMHUX,salt,1
SOMJEK,cocrystal,2
SOMJIO,hydrate,3
SOMKEL,cocrystal,2
SONCED,cocrystal,2
SONKEM,salt,1
SONKOV,cocrystal,2
SONMAM,salt,1
SONMIU,salt,1
SONZIH,hydrate,3
SOPBIJ,hydrate,3
SOPJOY,salt,1
SOPMAM,salt,1
SOPMEQ,salt,1
SOPMIU,salt,1
SOPMOA,salt,1
SOPPOC,salt,1
SOQCOQ,cocrystal,2
SOQDIN,cocrystal,2
SOQKAN,cocrystal,2
SOQNUI,hydrate,3
SOQPAQ,cocrystal,2
SOQQUK,salt,1
SOQSOI,salt,1
SORBPY20,cocrystal,2
SORPEX,salt,1
SORPUN,salt,1
SORREX,salt,1
SORRIB,solvate,4
SORWAZ,hydrate,3
SORWEB,cocrystal,2
SORWED,cocrystal,2
SORWIF,cocrystal,2
SORWIH,hydrate,3
SORWUT,salt,1
SORXED,cocrystal,2
SORXON,salt,1
SORXUV,cocrystal,2
SORYAC,cocrystal,2
SORYEF,solvate,4
SORYEG,cocrystal,2
SOSKAO01,salt,1
SOSKES01,salt,1
SOSNIZ,salt,1
SOSSOK,salt,1
SOSSUP,salt,1
SOSTAW,salt,1
SOSTEA,solvate,4
SOSTIE,salt,1
SOSXII,salt,1
SOTDUA,salt,1
SOTFAI,salt,1
SOTFEM,salt,1
SOTGEO,salt,1
SOTGIS,salt,1
SOTXAD,solvate,4
SOTXUX,salt,1
SOVBOU,cocrystal,2
SOVDIQ,cocrystal,2
SOVFIS,cocrystal,2
SOVFOA,salt,1
SOVFOY,cocrystal,2
SOVGEP,cocrystal,2
SOVHEQ,cocrystal,2
SOVJIW,cocrystal,2
SOVJOC,cocrystal,2
SOVKAS,salt,1
SOVKET,salt,1
SOVKIX,salt,1
SOVLAQ,hydrate,3
SOVLAS,solvate,4
SOVMOF,hydrate,3
SOVMUM,salt,1
SOVNIA,cocrystal,2
SOVNIB,solvate,4
SOVQAV,solvate,4
SOVTON,salt,1
SOVVAB,salt,1
SOVVEF,salt,1
SOVVIJ,salt,1
SOVVIK,salt,1
SOVVOP,salt,1
SOVVUV,salt,1
SOVWAC,salt,1
SOVWIK,salt,1
SOVWOQ,salt,1
SOVXAD,salt,1
SOVXEH,salt,1
SOVXIL,salt,1
SOVXOR,salt,1
SOVXUX,salt,1
SOVXUZ,cocrystal,2
SOVYAE,salt,1
SOVYAG,cocrystal,2
SOVYEI,salt,1
SOVYEK,cocrystal,2
SOVYIM,salt,1
SOVYIO,cocrystal,2
SOVYOS,salt,1
SOVYOU,cocrystal,2
SOVYUA,cocrystal,2
SOVYUY,salt,1
SOVZAF,salt,1
SOVZEJ,salt,1
SOWCIT,cocrystal,2
SOWDEP,cocrystal,2
SOWDOA,cocrystal,2
SOWFAN,salt,1
SOWKEX,cocrystal,2
SOWLOF,cocrystal,2
SOWLUL,salt,1
SOWMOG,salt,1
SOWNAW,cocrystal,2
SOWQEB,salt,1
SOWREC,salt,1
SOWRIG,salt,1
SOWROM,salt,1
SOWRON,salt,1
SOWRUR,hydrate,3
SOWRUS,salt,1
SOWSAY,hydrate,3
SOWSAZ,salt,1
SOXFAN,salt,1
SOXFIX,salt,1
SOXHET,salt,1
SOXJIY,cocrystal,2
SOXLAS,hydrate,3
SOXLIA,hydrate,3
SOXWOS,hydrate,3
SOXWUX,salt,1
SOXZEK,salt,1
SOYCOY,cocrystal,2
SOYCUH,salt,1
SOYFIV,cocrystal,2
SOYGAP,salt,1
SOYHEU,salt,1
SOYQED,salt,1
SOYQUS,salt,1
SOYRAZ,hydrate,3
SOYVAE,hydrate,3
SOZQIJ,salt,1
SOZREG,cocrystal,2
SPAROC,salt,1
SPEPOH,hydrate,3
SPINPH,hydrate,3
STAMID,hydrate,3
STILAM,hydrate,3
STRSUH,hydrate,3
SUBGON,cocrystal,2
SUBJOO,solvate,4
SUBPIR,cocrystal,2
SUBQIP,cocrystal,2
SUBQIS,hydrate,3
SUBSEN,salt,1
SUCHLO,salt,1
SUCKUZ,salt,1
SUCPIC10,salt,1
SUCTIV,cocrystal,2
SUCWIW,salt,1
SUDFOO,cocrystal,2
SUDJUZ,hydrate,3
SUDSAO,salt,1
SUDSIW,hydrate,3
SUDTUG,salt,1
SUDXIA,cocrystal,2
SUFFOO,cocrystal,2
SUFFUU,cocrystal,2
SUFJIP,salt,1
SUFNUC,salt,1
SUFXAV,salt,1
SUGCAY,cocrystal,2
SUGFAD,hydrate,3
SUGKOW,cocrystal,2
SUGTUL,salt,1
SUGVAT,salt,1
SUGXAW,cocrystal,2
SUGZEZ,salt,1
SUGZUQ,cocrystal,2
SUHBAZ,cocrystal,2
SUHBED,cocrystal,2
SUHHOS,hydrate,3
SUHJIO,salt,1
SUHLEO,salt,1
SUHRAR,cocrystal,2
SUHVEZ,salt,1
SUHYAY,cocrystal,2
SUJSEY,salt,1
SUKGUC,cocrystal,2
SUKHIR,cocrystal,2
SUKNER,salt,1
SUKNEU,salt,1
SUKPAS,salt,1
SUKPEW,salt,1
SUKPIA,hydrate,3
SUKPOG,hydrate,3
SUKSAS,salt,1
SUKVOJ,salt,1
SUKYAZ,cocrystal,2
SULFUB,salt,1
SULLAM,cocrystal,2
SULSOI,salt,1
SULSUO,salt,1
SUMBOR,salt,1
SUMWEC,salt,1
SUMZEI,cocrystal,2
SUNDIQ,salt,1
SUNDOW,salt,1
SUNDUC,salt,1
SUNFAK,salt,1
SUNFEO,salt,1
SUNFIS,salt,1
SUNFOY,salt,1
SUNNIY,salt,1
SUNSAW,cocrystal,2
SUNTUR,salt,1
SUNVAZ,hydrate,3
SUNWUT,salt,1
SUNXUU,hydrate,3
SUNYAB,salt,1
SUPFEP,salt,1
SUPRIG,solvate,4
SUPROM,salt,1
SUPSIH,salt,1
SUQBUB,cocrystal,2
SUQMOH,cocrystal,2
SURDOY,cocrystal,2
SURFAP,salt,1
SURFIX,salt,1
SURFOD,cocrystal,2
SURLAS,cocrystal,2
SURLIA,hydrate,3
SURROM,cocrystal,2
SURSIH,salt,1
SURWIL,salt,1
SURYUZ,solvate,4
SUSSAC,hydrate,3
SUSXIP,salt,1
SUSXOV,salt,1
SUSXUB,salt,1
SUTQOQ,cocrystal,2
SUTQUW,cocrystal,2
SUTRUX,cocrystal,2
SUTSAE,cocrystal,2
SUTVAF,cocrystal,2
SUTVIO,cocrystal,2
SUTWOU,salt,1
SUVBAP,cocrystal,2
SUVFUL,cocrystal,2
SUVGAS,cocrystal,2
SUVJEY,cocrystal,2
SUVMII,salt,1
SUVNEC,cocrystal,2
SUVVOV,salt,1
SUVZEO,cocrystal,2
SUWBOB,salt,1
SUWGOG,cocrystal,2
SUWLAZ,cocrystal,2
SUWLED,cocrystal,2
SUWLIH,cocrystal,2
SUWQEH,salt,1
SUWTEK,hydrate,3
SUWYIT,cocrystal,2
SUWYOZ,cocrystal,2
SUXFUN,salt,1
SUXGIE,salt,1
SUXGOK,hydrate,3
SUXLIH,hydrate,3
SUXPOR,salt,1
SUXRUA,salt,1
SUXVOW,cocrystal,2
SUXVUC,cocrystal,2
SUXWAJ,cocrystal,2
SUXYUF,hydrate,3
SUYBUL,cocrystal,2
SUYCAS,solvate,4
SUYMUV,salt,1
SUYNEI,salt,1
SUYNIK,salt,1
SUYNIM,salt,1
SUYNUW,salt,1
SUYPAE,salt,1
SUYPEI,cocrystal,2
SUYPIN,salt,1
SUYPOU,cocrystal,2
SUYQEK,salt,1
SUYQUZ,hydrate,3
SUYVEO,salt,1
SUYVIR,hydrate,3
SUYWEP,cocrystal,2
SUYXEQ,salt,1
SUYXIU,hydrate,3
SUYYAN,hydrate,3
SUYYER,salt,1
SUYYIV,salt,1
SUYYIW,cocrystal,2
SUYYOC,cocrystal,2
SUYZAP,cocrystal,2
SUZBEV,salt,1
SUZCOH,cocrystal,2
SUZFIC,salt,1
SUZFOI,salt,1
SUZGEA,cocrystal,2
SUZLII,salt,1
SUZNEH,hydrate,3
SUZNUY,cocrystal,2
SUZQEL,salt,1
SUZQIO,cocrystal,2
SUZQOU,cocrystal,2
SUZROV,salt,1
SUZSOW,salt,1
SUZXIW,hydrate,3
SUZXOC,salt,1
SUZXUH,hydrate,3
SUZYAO,hydrate,3
SUZYOB,solvate,4
SUZZES,salt,1
SUZZIW,salt,1
SUZZIX,salt,1
SUZZIY,salt,1
SUZZOC,cocrystal,2
SUZZUI,salt,1
TABBUV,salt,1
TABCAC,salt,1
TABJIP,salt,1
TABMAK,salt,1
TABXUP,cocrystal,2
TABYAW,cocrystal,2
TACBAC,cocrystal,2
TACBEG,cocrystal,2
TACBIK,cocrystal,2
TACBOQ,cocrystal,2
TACBUW,cocrystal,2
TACCAD,cocrystal,2
TACCEH,cocrystal,2
TACCUX,cocrystal,2
TACDAE,cocrystal,2
TACDUX,salt,1
TACFAF,salt,1
TACJAM,salt,1
TACJEQ,salt,1
TACPAS,salt,1
TACTAU,cocrystal,2
TACZII,cocrystal,2
TADBOT,cocrystal,2
TADDOV,salt,1
TADGAH,salt,1
TADMIY,hydrate,3
TADNOF,salt,1
TADPAQ,hydrate,3
TADQAR,salt,1
TADQEX,cocrystal,2
TADQIB,cocrystal,2
TADROJ,salt,1
TADRUM,salt,1
TADSAU,cocrystal,2
TAEDCT,salt,1
TAFBOR,salt,1
TAFDAF,cocrystal,2
TAFDIN,cocrystal,2
TAFDOT,cocrystal,2
TAFFOZ,hydrate,3
TAFGAM,salt,1
TAFPEZ,salt,1
TAFWEC,hydrate,3
TAGLIA,salt,1
TAGLOG,salt,1
TAGVIG,hydrate,3
TAGWIJ,cocrystal,2
TAGWOP,cocrystal,2
TAGXEH,cocrystal,2
TAGZAC,hydrate,3
TAHHAL,cocrystal,2
TAHHUG,salt,1
TAHPEZ,salt,1
TAHVAA,cocrystal,2
TAHVII,cocrystal,2
TAHZEI,cocrystal,2
TAHZOS,cocrystal,2
TAHZUY,cocrystal,2
TAJHER,salt,1
TAJHET,cocrystal,2
TAJMUN,hydrate,3
TAJQIF,salt,1
TAJSUV,salt,1
TAKCAK,salt,1
TAKDAL,salt,1
TAKJAR,salt,1
TAKJOH,salt,1
TAKJUN,salt,1
TAKJUO,hydrate,3
TAKKAU,salt,1
TAKKID,solvate,4
TAKKOJ,solvate,4
TAKKUP,hydrate,3
TAKLEX,cocrystal,2
TAKMAU,salt,1
TAKMEB,hydrate,3
TAKMIF,hydrate,3
TAKMUR,hydrate,3
TAKVEK,hydrate,3
TAKXIQ,hydrate,3
TAKXOW,salt,1
TALBAL,salt,1
TALBEP,salt,1
TALBIT,hydrate,3
TALBOX,salt,1
TALCOA,cocrystal,2
TALCUG,cocrystal,2
TALDER,salt,1
TALDIV,hydrate,3
TALGIW,cocrystal,2
TALPAB,cocrystal,2
TALPEF,solvate,4
TALPIJ,cocrystal,2
TALVIO,hydrate,3
TALVOU,salt,1
TAMBUE,cocrystal,2
TAMCES,hydrate,3
TAMCIW,hydrate,3
TAMCIX,salt,1
TAMCOC,hydrate,3
TAMCUI,hydrate,3
TAMDAP,hydrate,3
TAMDET,salt,1
TAMFIZ,salt,1
TAMKEA,cocrystal,2
TAMKIE,cocrystal,2
TAMKOK,cocrystal,2
TAMKOL,cocrystal,2
TAMKUQ,cocrystal,2
TAMLAX,cocrystal,2
TAMLIF,cocrystal,2
TAMMAY,hydrate,3
TAMNUU,salt,1
TAMXAJ,hydrate,3
TAMXEN,salt,1
TAMZAK,cocrystal,2
TANCAO,cocrystal,2
TANCES,hydrate,3
TANCIW,hydrate,3
TANCOC,cocrystal,2
TANCUI,cocrystal,2
TANDAP,cocrystal,2
TANDET,cocrystal,2
TANFAS,cocrystal,2
TANNIG,cocrystal,2
TANNOP,cocrystal,2
TANNUV,cocrystal,2
TANXAH,salt,1
TANXEL,hydrate,3
TANYUF,cocrystal,2
TANZOX,salt,1
TANZOZ,salt,1
TANZUF,salt,1
TANZUH,salt,1
TAPBAP,salt,1
TAPBET,salt,1
TAPBIX,hydrate,3
TAPBUL,cocrystal,2
TAPCAS,salt,1
TAPCEW,cocrystal,2
TAPCIA,cocrystal,2
TAPCUM,cocrystal,2
TAPDEV,solvate,4
TAPDEX,cocrystal,2
TAPDIB,salt,1
TAPDOF,solvate,4
TAPDOH,cocrystal,2
TAPDUN,cocrystal,2
TAPFAV,cocrystal,2
TAPFEZ,cocrystal,2
TAPFIB,cocrystal,2
TAPFID,salt,1
TAPFOH,salt,1
TAPFUL,salt,1
TAPGAU,salt,1
TAPGAW,cocrystal,2
TAPGIC,solvate,4
TAPHEY,salt,1
TAPHUP,solvate,4
TAPIPZ,salt,1
TAPJAX,salt,1
TAPJIF,salt,1
TAPMEC,salt,1
TAPMUU,cocrystal,2
TAPNAZ,cocrystal,2
TAPNED,salt,1
TAPNIH,salt,1
TAPYIW,salt,1
TAPZIU,cocrystal,2
TAPZIX,hydrate,3
TAQJAZ,hydrate,3
TAQKEE,salt,1
TAQNUV,salt,1
TAQTAJ,cocrystal,2
TAQVOX,salt,1
TARBUL,hydrate,3
TARLAA,cocrystal,2
TARLEE,salt,1
TARWAL,cocrystal,2
TASBOG,cocrystal,2
TASDEZ,salt,1
TASDOJ,salt,1
TASDUP,salt,1
TASFUO,cocrystal,2
TASLAA,cocrystal,2
TASLEE,cocrystal,2
TASLUY,salt,1
TASNAF,salt,1
TASQAG,salt,1
TASQEK,salt,1
TASQIN,cocrystal,2
TASZAR,hydrate,3
TASZEV,salt,1
TASZIZ,salt,1
TATGEE,salt,1
TATGII,salt,1
TATGOO,salt,1
TATGUU,salt,1
TATHAB,hydrate,3
TATHEF,salt,1
TATHIJ,salt,1
TATHUV,salt,1
TATJAD,salt,1
TATJEH,salt,1
TATJIL,salt,1
TATJOR,salt,1
TATNIP,cocrystal,2
TATNOV,cocrystal,2
TATNUB,cocrystal,2
TATPON,hydrate,3
TATWUI,hydrate,3
TATXOD,hydrate,3
TATXUJ,salt,1
TATYAQ,hydrate,3
TATZAT,salt,1
TATZOE,salt,1
TATZUK,hydrate,3
TAVBIC,salt,1
TAVMIQ,salt,1
TAVMUC,solvate,4
TAVNAJ,salt,1
TAVNEK,salt,1
TAVNEN,salt,1
TAVNOX,salt,1
TAVNUD,salt,1
TAVREP,solvate,4
TAVZAS,cocrystal,2
TAVZOI,cocrystal,2
TAWBOL,cocrystal,2
TAWCIF,solvate,4
TAWCUS,cocrystal,2
TAWDIH,solvate,4
TAWDUT,salt,1
TAWFAB,cocrystal,2
TAWFEF,cocrystal,2
TAWFIJ,cocrystal,2
TAWFOP,cocrystal,2
TAWGUX,solvate,4
TAWLEJ,hydrate,3
TAWNEL,cocrystal,2
TAWQUF,salt,1
TAWRAM,hydrate,3
TAWREQ,salt,1
TAWRUG,salt,1
TAWSOB,cocrystal,2
TAWVAP,salt,1
TAWZID,salt,1
TAWZOJ,salt,1
TAXHIL,cocrystal,2
TAXHUW,cocrystal,2
TAXLAF,cocrystal,2
TAXXOI,salt,1
TAXXUO,salt,1
TAXYAV,salt,1
TAXYID,cocrystal,2
TAXYOJ,cocrystal,2
TAXYUP,cocrystal,2
TAXZAW,cocrystal,2
TAXZEB,salt,1
TAXZIF,salt,1
TAYDED,cocrystal,2
TAYKEJ,hydrate,3
TAYMAI,hydrate,3
TAYQAN,hydrate,3
TAYWAS,salt,1
TAYXOJ,salt,1
TAYXUP,salt,1
TAYYAW,salt,1
TAYYEA,salt,1
TAYYEB,salt,1
TAYYIE,salt,1
TAYYOK,salt,1
TAYYUQ,salt,1
TAYZEY,salt,1
TAZDOR,hydrate,3
TAZLOW,cocrystal,2
TAZMIS,salt,1
TAZPIT,salt,1
TAZQAM,cocrystal,2
TAZQIX,hydrate,3
TAZRAO,cocrystal,2
TAZWOH,cocrystal,2
TAZXAU,salt,1
TAZXEY,salt,1
TAZZIG,hydrate,3
TCAPLI,cocrystal,2
TCBCYP,salt,1
TCHYZS,salt,1
TCQANT,cocrystal,2
TCQBDX,cocrystal,2
TCQMEI,solvate,4
TCQMHP,cocrystal,2
TCQMIM,solvate,4
TCQNAP,cocrystal,2
TCQPDA,cocrystal,2
TCQPEN10,cocrystal,2
TCQPER,cocrystal,2
TCYPIC,salt,1
TCYURT10,hydrate,3
TDHBZD,cocrystal,2
TEACBR,salt,1
TEAURP10,salt,1
TEBFEO,solvate,4
TEBFIS,solvate,4
TEBFOY,salt,1
TEBJIW,cocrystal,2
TEBKIU,cocrystal,2
TEBKUH,salt,1
TEBLUH,salt,1
TEBMAO,salt,1
TEBQEY,hydrate,3
TEBREA,salt,1
TEBSAX,salt,1
TECCAF,cocrystal,2
TECCEK,cocrystal,2
TECCIQ,salt,1
TECCOV,hydrate,3
TECCOW,salt,1
TECFUD,hydrate,3
TECHAK,hydrate,3
TECHOB,cocrystal,2
TECMIY,hydrate,3
TECMUK,salt,1
TECNOE,salt,1
TECOMP10,salt,1
TECREB,salt,1
TECSAV,cocrystal,2
TECSEZ,cocrystal,2
TECTIF,hydrate,3
TECWEF,salt,1
TEDDIP,cocrystal,2
TEDFAL,hydrate,3
TEDFEP,salt,1
TEDFIR,salt,1
TEDGUH,salt,1
TEDHAO,salt,1
TEDQOK,salt,1
TEDQUQ,salt,1
TEDRAX,hydrate,3
TEDWEE,hydrate,3
TEFDUD,cocrystal,2
TEFFOD,salt,1
TEFJET,cocrystal,2
TEFKOI,hydrate,3
TEFLUL,salt,1
TEFMAS,hydrate,3
TEFMEW,salt,1
TEFMIA,salt,1
TEFRIG,cocrystal,2
TEFRII,solvate,4
TEFROM,cocrystal,2
TEFRUS,cocrystal,2
TEFSAZ,cocrystal,2
TEFSED,cocrystal,2
TEFSIH,cocrystal,2
TEFSON,cocrystal,2
TEFTIL,salt,1
TEFXIP,cocrystal,2
TEGCAN,solvate,4
TEGFOC,cocrystal,2
TEGGET,cocrystal,2
TEGGIX,cocrystal,2
TEGWAF,salt,1
TEGXUY,salt,1
TEGZIO,hydrate,3
TEHFAN,salt,1
TEHNAV,salt,1
TEHNAW,cocrystal,2
TEHNAZ,hydrate,3
TEHNIH,solvate,4
TEHROQ,cocrystal,2
TEHSAD,cocrystal,2
TEHXEK,salt,1
TEHYUA,hydrate,3
TEJCIY,cocrystal,2
TEJDAN,hydrate,3
TEJDER,hydrate,3
TEJDIV,hydrate,3
TEJHIC,salt,1
TEJHOI,salt,1
TEJMOK,salt,1
TEJNAX,salt,1
TEJNEB,hydrate,3
TEJNEC,cocrystal,2
TEJROT,salt,1
TEJRUY,salt,1
TEJSAD,salt,1
TEJTEH,salt,1
TEJVOT,hydrate,3
TEJVUZ,salt,1
TEJWAG,salt,1
TEJWEL,hydrate,3
TEJYEN,cocrystal,2
TEKBAP,salt,1
TEKBET,salt,1
TEKKID,cocrystal,2
TEKKOJ,cocrystal,2
TEKNIJ,salt,1
TEKREK,solvate,4
TEKSAH,solvate,4
TEKTIQ,hydrate,3
TEKTOW,hydrate,3
TEKTUC,salt,1
TEKVIS,salt,1
TEKVOY,salt,1
TEKVUE,hydrate,3
TEKWAK,salt,1
TEKWIS,hydrate,3
TEKWIT,salt,1
TEKWOY,hydrate,3
TELBUJ,cocrystal,2
TELCAQ,cocrystal,2
TELCOE,cocrystal,2
TELCUI,salt,1
TELDIZ,cocrystal,2
TELPUV,salt,1
TELQAC,hydrate,3
TELVIP,cocrystal,2
TELYUH,salt,1
TEMBOF,hydrate,3
TEMDEU,cocrystal,2
TEMKOO,salt,1
TEMQOV,salt,1
TEMVAL,salt,1
TEMVEP,salt,1
TEMWOX,cocrystal,2
TEMWUH,salt,1
TENHAY,hydrate,3
TENKIG,cocrystal,2
TENKUS,cocrystal,2
TENLAZ,cocrystal,2
TENNOR,cocrystal,2
TENNUX,cocrystal,2
TENPAF,hydrate,3
TENQUA,salt,1
TENREL,hydrate,3
TENSIQ,cocrystal,2
TENSOW,cocrystal,2
TENVOZ,salt,1
TENVUF,hydrate,3
TENWIU,salt,1
TENWOA,salt,1
TENYAO,cocrystal,2
TENYES,cocrystal,2
TEPKEG,cocrystal,2
TEPKIK,cocrystal,2
TEPKOQ,cocrystal,2
TEPLAD,cocrystal,2
TEPLUZ,solvate,4
TEPMUW,cocrystal,2
TEPQIO,salt,1
TEPYEW,salt,1
TEQCAW,salt,1
TEQCEA,salt,1
TEQCIE,salt,1
TEQDAX,salt,1
TEQDEB,salt,1
TEQDIF,salt,1
TEQQOX,solvate,4
TERDAY,cocrystal,2
TERFOL,salt,1
TERLEK,solvate,4
TERLIO,salt,1
TERMIM,salt,1
TERNEJ,salt,1
TERNOT,hydrate,3
TERSAK,cocrystal,2
TERSEP,salt,1
TERXOD,hydrate,3
TESBRP,cocrystal,2
TESDOL,salt,1
TESFUU,salt,1
TESJUZ,cocrystal,2
TESSAM,salt,1
TESWOH,salt,1
TESXEY,salt,1
TETAMI,salt,1
TETRIU,salt,1
TETTAQ,cocrystal,2
TETTEU,cocrystal,2
TETXIZ,salt,1
TETXOF,salt,1
TETXUL,cocrystal,2
TEVLEP,cocrystal,2
TEVLIQ,cocrystal,2
TEVLOW,cocrystal,2
TEVMAL,salt,1
TEVRAO,hydrate,3
TEVSAR,salt,1
TEVSAS,salt,1
TEVYEZ,salt,1
TEWBEC,hydrate,3
TEWCUX,solvate,4
TEWDUW,salt,1
TEWFOR,salt,1
TEWKOV,cocrystal,2
TEWKUB,cocrystal,2
TEWNER,salt,1
TEWQAR,cocrystal,2
TEWQEV,solvate,4
TEWQOB,salt,1
TEWQOF,cocrystal,2
TEWQUL,cocrystal,2
TEWRAS,solvate,4
TEWREW,solvate,4
TEWWEZ,solvate,4
TEWWID,cocrystal,2
TEWWOH,salt,1
TEWWUN,hydrate,3
TEWXAU,salt,1
TEWXEY,hydrate,3
TEWXIC,salt,1
TEWXOI,hydrate,3
TEWXUO,hydrate,3
TEWYOM,solvate,4
TEXBAC,salt,1
TEXBEG,salt,1
TEXBOQ,salt,1
TEXBUW,salt,1
TEXCAD,salt,1
TEXCEH,salt,1
TEXCIL,salt,1
TEXCOR,salt,1
TEXLAN,salt,1
TEXLER,salt,1
TEXLIV,hydrate,3
TEXLOB,cocrystal,2
TEXLUH,cocrystal,2
TEXPOB,cocrystal,2
TEXPUH,hydrate,3
TEXQEW,salt,1
TEXQOD,salt,1
TEXQOE,salt,1
TEXQOG,solvate,4
TEXQUJ,salt,1
TEXRAT,cocrystal,2
TEXTIC,cocrystal,2
TEXTOI,cocrystal,2
TEXTUN,cocrystal,2
TEXVAV,cocrystal,2
TEXVAW,cocrystal,2
TEXVEA,cocrystal,2
TEXVIE,cocrystal,2
TEXWEZ,salt,1
TEXWID,salt,1
TEYCUV,salt,1
TEYJOA,cocrystal,2
TEYKUD,salt,1
TEYMAM,hydrate,3
TEYMEQ,salt,1
TEYMUJ,cocrystal,2
TEYSEY,salt,1
TEYSIB,salt,1
TEYSIC,salt,1
TEYSOH,salt,1
TEYSOI,salt,1
TEYSUN,salt,1
TEYSUO,salt,1
TEYTAU,salt,1
TEYTAV,salt,1
TEYTEZ,salt,1
TEYTID,salt,1
TEYTOJ,salt,1
TEYTUP,salt,1
TEYVAX,salt,1
TEYVEB,salt,1
TEYVIF,hydrate,3
TEYVUR,salt,1
TEYWAY,salt,1
TEYWEC,salt,1
TEYWIG,salt,1
TEYWOM,salt,1
TEYXIH,hydrate,3
TEYXOL,salt,1
TEYXON,hydrate,3
TEYYAA,salt,1
TEYYEE,salt,1
TEYYII,hydrate,3
TEYYOO,salt,1
TEZBAE,cocrystal,2
TEZGIR,cocrystal,2
TEZHEN,salt,1
TEZHIR,salt,1
TEZLAP,salt,1
TEZLET,salt,1
TEZLUI,solvate,4
TEZMAO,salt,1
TEZMAP,salt,1
TEZMET,salt,1
TEZMIX,salt,1
TEZMOC,cocrystal,2
TEZMOD,salt,1
TEZMUH,cocrystal,2
TEZMUI,cocrystal,2
TEZMUK,salt,1
TEZNAP,salt,1
TEZNAR,salt,1
TEZNET,cocrystal,2
TEZNIX,cocrystal,2
TEZNOB,salt,1
TEZNOD,cocrystal,2
TEZRAT,hydrate,3
TEZREX,salt,1
TEZSUQ,salt,1
TEZTIC,salt,1
TEZVEA,hydrate,3
TEZVOJ,hydrate,3
TEZVON,cocrystal,2
TEZXIG,salt,1
TEZZEE,salt,1
TFETCQ,salt,1
TFMSAD,hydrate,3
TFMSPH,hydrate,3
TFMSTH,hydrate,3
TFMSUL,salt,1
TGUPIC10,hydrate,3
THCFMD,solvate,4
THFSCN,solvate,4
THIURN,salt,1
THLCTC,cocrystal,2
THOPBA,cocrystal,2
THOTCQ,salt,1
THPROL,hydrate,3
THYBNZ10,cocrystal,2
TIBHAO,salt,1
TIBKUL,salt,1
TIBNOL,salt,1
TIBROL,salt,1
TIBSOP,cocrystal,2
TIBVAE,hydrate,3
TIBVUW,cocrystal,2
TIBXEL,salt,1
TIBXIP,salt,1
TIBXOV,cocrystal,2
TIBXUB,hydrate,3
TIBZIO,cocrystal,2
TICCOY,salt,1
TICDUF,cocrystal,2
TICFIU,salt,1
TICFOA,cocrystal,2
TICKEV,cocrystal,2
TICMIB,salt,1
TICPOK,salt,1
TICQEB,salt,1
TICREE,cocrystal,2
TICRII,cocrystal,2
TICROO,cocrystal,2
TICRUU,cocrystal,2
TICSAB,salt,1
TICSIL,hydrate,3
TICSOR,hydrate,3
TICVEH,salt,1
TICYIP,cocrystal,2
TICZEM,salt,1
TICZIQ,salt,1
TICZUC,cocrystal,2
TIDBIT,salt,1
TIDBOZ,salt,1
TIDBUF,salt,1
TIDCAK,salt,1
TIDCAM,salt,1
TIDCEQ,salt,1
TIDCIU,salt,1
TIDCOA,salt,1
TIDCUG,salt,1
TIDFER,cocrystal,2
TIDFUH,cocrystal,2
TIDMUO,salt,1
TIDQAZ,cocrystal,2
TIDQEF,salt,1
TIDQIJ,salt,1
TIDXEJ,cocrystal,2
TIDYIS,salt,1
TIDYOY,salt,1
TIFLAV,salt,1
TIFSOT,solvate,4
TIFSUW,cocrystal,2
TIFTAD,cocrystal,2
TIFXIR,salt,1
TIGBAM,cocrystal,2
TIGBIU,salt,1
TIGBOA,salt,1
TIGBUG,salt,1
TIGCAN,salt,1
TIGCER,salt,1
TIGCIV,salt,1
TIGCOB,salt,1
TIGKUQ,salt,1
TIGNAZ,salt,1
TIGNIH,salt,1
TIGNUS,salt,1
TIGNUT,cocrystal,2
TIGQUW,salt,1
TIGRAG,solvate,4
TIGTIO,salt,1
TIGTOU,salt,1
TIGZUI,salt,1
TIHDOE,salt,1
TIHDOH,cocrystal,2
TIHFUP,salt,1
TIHHAU,salt,1
TIHKAZ,salt,1
TIHMOO,cocrystal,2
TIHNIL,hydrate,3
TIHNOR,cocrystal,2
TIHPAC,cocrystal,2
TIHSAH,cocrystal,2
TIHXEN,cocrystal,2
TIHZOB,salt,1
TIJCAU,hydrate,3
TIJCEY,salt,1
TIJCOI,salt,1
TIJFUO,salt,1
TIJHUP,hydrate,3
TIJJOL,hydrate,3
TIJJUS,salt,1
TIJKIG,cocrystal,2
TIJKOM,cocrystal,2
TIJMEE,salt,1
TIJMUU,cocrystal,2
TIJNOR,hydrate,3
TIJTIP,cocrystal,2
TIJTOV,cocrystal,2
TIJTUB,cocrystal,2
TIJVAJ,cocrystal,2
TIJXAM,hydrate,3
TIJXUH,salt,1
TIKBEW,salt,1
TIKBIA,solvate,4
TIKBOH,hydrate,3
TIKCAT,salt,1
TIKNUX,cocrystal,2
TIKPAF,hydrate,3
TIKPEJ,cocrystal,2
TIKSAI,hydrate,3
TIKTIR,salt,1
TIKTOX,salt,1
TIKTUD,salt,1
TILMEI,salt,1
TILNEL,salt,1
TILNIP,salt,1
TILNOU,cocrystal,2
TILNUB,hydrate,3
TILROZ,salt,1
TILSIS,hydrate,3
TILYEV,salt,1
TILYIZ,salt,1
TILYUL,hydrate,3
TIMBOI,salt,1
TIMFOL,hydrate,3
TIMFUS,salt,1
TIMMEL,salt,1
TIMMIO,hydrate,3
TIMMIP,salt,1
TIMQIT,salt,1
TIMRIQ,cocrystal,2
TIMZEY,hydrate,3
TINKAF,salt,1
TINLAH,salt,1
TINNOU,salt,1
TINPOX,salt,1
TINQOZ,salt,1
TINQUF,salt,1
TINRAM,salt,1
TINREQ,salt,1
TINYIZ,hydrate,3
TIPFII,cocrystal,2
TIPGIK,salt,1
TIPGUW,salt,1
TIPHAD,salt,1
TIPHEH,salt,1
TIPJOU,cocrystal,2
TIPJUA,solvate,4
TIPKAH,cocrystal,2
TIPKEL,cocrystal,2
TIPMAH,cocrystal,2
TIPWAQ,salt,1
TIPWAR,salt,1
TIPWIY,cocrystal,2
TIPXEY,salt,1
TIQDOM,cocrystal,2
TIQFUW,salt,1
TIQLAG,salt,1
TIQLIS,salt,1
TIQNOA,salt,1
TIQREU,hydrate,3
TIQROC,salt,1
TIQXEA,salt,1
TIQXUQ,cocrystal,2
TIRDUX,salt,1
TIRHIO,cocrystal,2
TIRKAI,salt,1
TIRLUB,salt,1
TIRMOY,salt,1
TIRNOX,cocrystal,2
TIRNOY,salt,1
TIRRIZ,salt,1
TIRVIB,hydrate,3
TIRVOH,salt,1
TIRVUN,salt,1
TIRZEB,hydrate,3
TISDEG,hydrate,3
TISPES,salt,1
TISPOC,solvate,4
TISPUK,salt,1
TISSIB,cocrystal,2
TISZAX,salt,1
TISZEB,salt,1
TISZIF,salt,1
TISZOL,salt,1
TITFEI,salt,1
TITFOS,cocrystal,2
TITFUY,cocrystal,2
TITHAG,cocrystal,2
TITHEK,salt,1
TITJOV,cocrystal,2
TITLOY,salt,1
TITMIS,cocrystal,2
TITPIV,salt,1
TITTIZ,salt,1
TITTOF,salt,1
TITXEB,cocrystal,2
TITZEB,cocrystal,2
TIVCOS,cocrystal,2
TIVCUY,solvate,4
TIVDAF,salt,1
TIVDOT,salt,1
TIVDUZ,salt,1
TIVFEL,salt,1
TIVFIP,salt,1
TIVJUF,cocrystal,2
TIVKAL,salt,1
TIVKEP,salt,1
TIVVAX,cocrystal,2
TIWDUY,salt,1
TIWFAG,salt,1
TIWFEK,salt,1
TIWFIO,salt,1
TIWGEL,salt,1
TIWNET,cocrystal,2
TIWNIX,cocrystal,2
TIWPIB,cocrystal,2
TIWPOH,cocrystal,2
TIWREW,salt,1
TIWWUR,salt,1
TIWXAY,salt,1
TIWXEC,salt,1
TIWXIG,salt,1
TIWXOM,hydrate,3
TIWZAA,cocrystal,2
TIWZEG,cocrystal,2
TIXBEI,salt,1
TIXGEM,hydrate,3
TIXGIQ,hydrate,3
TIXGOW,salt,1
TIXHAJ,salt,1
TIXHOX,salt,1
TIXHOY,salt,1
TIXLAO,cocrystal,2
TIXLEU,salt,1
TIXLIW,salt,1
TIXMUL,hydrate,3
TIXQEZ,salt,1
TIXQUO,salt,1
TIXTUQ,salt,1
TIYFEP,hydrate,3
TIYFOZ,salt,1
TIYFUE,salt,1
TIYKES,salt,1
TIYPEX,solvate,4
TIYPIB,solvate,4
TIYRUP,salt,1
TIYZIM,salt,1
TIZGIS,hydrate,3
TIZGOY,hydrate,3
TIZTUT,hydrate,3
TIZVOO,cocrystal,2
TIZVOQ,salt,1
TLQULZ,cocrystal,2
TMABCA,cocrystal,2
TMAHOX,salt,1
TMATCB,hydrate,3
TMBCAN,cocrystal,2
TMDICL10,salt,1
TMIALO,salt,1
TMPASD,cocrystal,2
TMPMET,solvate,4
TMUBZP10,cocrystal,2
TMXSTQ10,cocrystal,2
TNBFBT,cocrystal,2
TNFLMB,cocrystal,2
TOBMAA,cocrystal,2
TOBMII,cocrystal,2
TOBRUZ,hydrate,3
TOBSAG,salt,1
TOBSOU,cocrystal,2
TOBXUF,solvate,4
TOBYAM,salt,1
TOCQOT,salt,1
TOCSUC,salt,1
TOCXER,solvate,4
TOCXIV,solvate,4
TOCXOB,solvate,4
TOCYEP,salt,1
TODBAS,salt,1
TODBEW,cocrystal,2
TODBIA,cocrystal,2
TODCAT,salt,1
TODCEX,cocrystal,2
TODDUN,salt,1
TODFAV,salt,1
TODGIE,salt,1
TODLEF,salt,1
TODNEI,salt,1
TODNIM,cocrystal,2
TODPIO,salt,1
TODZET,salt,1
TOFBOI,cocrystal,2
TOFBUO,cocrystal,2
TOFPOW,cocrystal,2
TOFYAO,cocrystal,2
TOGZOE,hydrate,3
TOHBIE,salt,1
TOHCAU,salt,1
TOHCEY,hydrate,3
TOHGIG,hydrate,3
TOHGOM,salt,1
TOHGUS,salt,1
TOHGUV,cocrystal,2
TOHHEG,salt,1
TOHHIK,hydrate,3
TOHLIO,cocrystal,2
TOHLOU,salt,1
TOHPEO,cocrystal,2
TOHROX,hydrate,3
TOHWOD,cocrystal,2
TOHXEW,cocrystal,2
TOHXOE,salt,1
TOHXUK,salt,1
TOHYAR,salt,1
TOHYEV,salt,1
TOHZIC,cocrystal,2
TOHZOI,cocrystal,2
TOHZUO,cocrystal,2
TOJBAW,cocrystal,2
TOJBEA,cocrystal,2
TOJBIE,cocrystal,2
TOJBOK,solvate,4
TOJBUQ,cocrystal,2
TOJCAX,cocrystal,2
TOJLEM,salt,1
TOJLIQ,salt,1
TOJMAJ,salt,1
TOJMIR,salt,1
TOJNEO,hydrate,3
TOJNOY,hydrate,3
TOJNUE,salt,1
TOJPAM,hydrate,3
TOJPIU,salt,1
TOJQOZ,salt,1
TOJQUF,salt,1
TOJRAM,salt,1
TOJREQ,salt,1
TOJSAP,salt,1
TOJSOD,cocrystal,2
TOJXAT,cocrystal,2
TOJXEX,cocrystal,2
TOKCUS,hydrate,3
TOKDAZ,salt,1
TOKFEG,cocrystal,2
TOKJUY,cocrystal,2
TOKSUI,salt,1
TOKTAP,salt,1
TOKTET,salt,1
TOKTIW,cocrystal,2
TOKTIX,salt,1
TOKTOD,salt,1
TOKTUJ,salt,1
TOKVAR,salt,1
TOKVEV,salt,1
TOKWUM,cocrystal,2
TOLDBF,salt,1
TOLDUW,salt,1
TOLHAF,salt,1
TOLJUB,salt,1
TOLKAI,salt,1
TOLLEO,hydrate,3
TOLSAM,salt,1
TOLVUO,salt,1
TOLXUQ,cocrystal,2
TOLYAX,cocrystal,2
TOLYEB,cocrystal,2
TOLYOL,cocrystal,2
TOMCOQ,salt,1
TOMDIL,salt,1
TOMFAF,salt,1
TOMVID,cocrystal,2
TOMWOJ,cocrystal,2
TOMXEA,cocrystal,2
TOMXIE,cocrystal,2
TONBEF,salt,1
TONFIL,hydrate,3
TONFOR,cocrystal,2
TONGIM,cocrystal,2
TONGOS,cocrystal,2
TONGOV,solvate,4
TONGUB,solvate,4
TONHAI,solvate,4
TONHEM,solvate,4
TONHIQ,solvate,4
TONLAJ,salt,1
TONMAL,cocrystal,2
TONMEP,cocrystal,2
TONMOA,salt,1
TONNAN,salt,1
TONNER,salt,1
TONNIV,salt,1
TONNOB,salt,1
TONNUH,salt,1
TONRIA,salt,1
TONROG,salt,1
TONXIG,salt,1
TOPBOR,salt,1
TOPBUX,hydrate,3
TOPCUY,salt,1
TOPGOU,salt,1
TOPPNP,cocrystal,2
TOPROH,salt,1
TOPWUT,cocrystal,2
TOPXAA,cocrystal,2
TOPZIK,salt,1
TOQCAE,salt,1
TOQGUD,salt,1
TOQKAN,solvate,4
TOQLUJ,hydrate,3
TOQMIY,hydrate,3
TOQMOE,hydrate,3
TOQNEV,salt,1
TOQNIZ,hydrate,3
TOQPAT,salt,1
TOQPOH,salt,1
TOQPUN,salt,1
TOQVUT,salt,1
TOQWAA,salt,1
TOQXAB,solvate,4
TORCUB,salt,1
TORDUC,salt,1
TORFEO,salt,1
TORFIS,salt,1
TORFUD,hydrate,3
TORTAY,cocrystal,2
TORTOK,cocrystal,2
TORTUQ,cocrystal,2
TORXOQ,cocrystal,2
TORYIL,salt,1
TORYOR,cocrystal,2
TORYUX,hydrate,3
TORZAE,hydrate,3
TORZEH,hydrate,3
TORZIL,hydrate,3
TORZOR,salt,1
TORZOS,cocrystal,2
TORZUX,salt,1
TOSBAG,salt,1
TOSBEK,salt,1
TOSBIO,salt,1
TOSBOU,hydrate,3
TOSBUA,salt,1
TOSCEL,hydrate,3
TOSGUF,cocrystal,2
TOSMOF,salt,1
TOSNEW,salt,1
TOSNIA,hydrate,3
TOSTIG,cocrystal,2
TOSTOM,cocrystal,2
TOSTUQ,salt,1
TOTJIY,salt,1
TOTMUK,salt,1
TOTPYD10,cocrystal,2
TOTTAZ,hydrate,3
TOTVAB,salt,1
TOTYAE,salt,1
TOTYIM,salt,1
TOVLAT,salt,1
TOWHIZ,cocrystal,2
TOWPIH,salt,1
TOYFOC,cocrystal,2
TOYGOF,salt,1
TOYHEW,cocrystal,2
TOYHOG,cocrystal,2
TOYHUM,cocrystal,2
TOYLIC,salt,1
TOYLUO,salt,1
TOYMAV,salt,1
TOYMEZ,salt,1
TOYTEJ,cocrystal,2
TOZBAN,salt,1
TOZCUJ,salt,1
TOZHOF,cocrystal,2
TOZJEZ01,hydrate,3
TOZMUS,cocrystal,2
TOZTAF,salt,1
TOZTEJ,salt,1
TOZTIN,salt,1
TOZZIT,salt,1
TPATAA,salt,1
TPAZPC,salt,1
TPDTCB,cocrystal,2
TPHOSI,salt,1
TPHPSI10,cocrystal,2
TPHPYR,salt,1
TPONBZ,salt,1
TPOPHX,salt,1
TPOTCA,cocrystal,2
TPOXHF,cocrystal,2
TPOXLC,cocrystal,2
TPPOBR,hydrate,3
TPPOPH,cocrystal,2
TPTPCM,solvate,4
TPYMAN,cocrystal,2
TRPPAC,salt,1
TRYPIC,salt,1
TRYPTB,salt,1
TRYPTF10,salt,1
TTFCAN,cocrystal,2
TTFFAN,cocrystal,2
TTFIOD,salt,1
TTFTCQ,salt,1
TUBDOJ,salt,1
TUBFII,cocrystal,2
TUBGAA,salt,1
TUBMOV,hydrate,3
TUBMUB,salt,1
TUBVOB,cocrystal,2
TUCKAG,salt,1
TUCLIM,solvate,4
TUCNIR,cocrystal,2
TUCNOX,salt,1
TUCZUO,hydrate,3
TUDBAX,solvate,4
TUDCAY,solvate,4
TUDCAZ,salt,1
TUDCED,solvate,4
TUDCIG,solvate,4
TUDCIH,solvate,4
TUDHEI,cocrystal,2
TUDHIM,cocrystal,2
TUDHUY,salt,1
TUDJAG,solvate,4
TUDLOT,hydrate,3
TUDMOU,hydrate,3
TUDPIR,salt,1
TUDTUH,cocrystal,2
TUDWAT,salt,1
TUDWEX,salt,1
TUFCII,cocrystal,2
TUFDAB,cocrystal,2
TUFDIH,salt,1
TUFDUV,hydrate,3
TUFNUF,cocrystal,2
TUFPER,salt,1
TUFPUG,salt,1
TUFRUK,salt,1
TUFTIY,salt,1
TUGDAA,salt,1
TUGHUA,salt,1
TUGJOW,cocrystal,2
TUGJUB,salt,1
TUGKAI,salt,1
TUGKEM,salt,1
TUGMOA,salt,1
TUGNER,salt,1
TUGNIU,salt,1
TUGNIV,salt,1
TUGNOA,salt,1
TUGSUL,salt,1
TUGVEZ,salt,1
TUGYIE,cocrystal,2
TUGZIE,salt,1
TUHFUX,hydrate,3
TUHHUZ,cocrystal,2
TUHJAH,cocrystal,2
TUHLEQ,hydrate,3
TUHLOA,hydrate,3
TUHLUG,salt,1
TUHMIS,cocrystal,2
TUHQUL,cocrystal,2
TUHRAS,cocrystal,2
TUHWAW,cocrystal,2
TUHXOL,salt,1
TUJKOY,cocrystal,2
TUJKUE,cocrystal,2
TUJLEP,cocrystal,2
TUJPEV,salt,1
TUKFAG,salt,1
TUKFEK,salt,1
TUKFUB,cocrystal,2
TUKHUC,salt,1
TUKJAK,salt,1
TUKLER,salt,1
TUKRUP,salt,1
TUKSOK,solvate,4
TUKTEB,hydrate,3
TULBEJ,solvate,4
TULKIW,salt,1
TULPIA,cocrystal,2
TULRUQ,hydrate,3
TULSID,hydrate,3
TUMCAI,cocrystal,2
TUMHOY,salt,1
TUMJES,salt,1
TUMQAU,salt,1
TUMWAB,salt,1
TUMWEF,salt,1
TUMWIJ,salt,1
TUMWUV,salt,1
TUMXAC,salt,1
TUMXEG,salt,1
TUMXIK,salt,1
TUNMEX,salt,1
TUNMUN,cocrystal,2
TUNSOL,salt,1
TUNXUW,salt,1
TUNYAD,salt,1
TUPBAI,salt,1
TUPFOZ,solvate,4
TUPHES,salt,1
TUPKAR,hydrate,3
TUPLAT,cocrystal,2
TUPLUN,cocrystal,2
TUPLUO,cocrystal,2
TUPMOI,salt,1
TUPPEA,salt,1
TUPRBN01,cocrystal,2
TUPTUU,salt,1
TUPVAC,hydrate,3
TUPYOT,cocrystal,2
TUQBIR,cocrystal,2
TUQCUE,hydrate,3
TUQFUH,salt,1
TUQGUI,salt,1
TUQHUJ,salt,1
TUQKEW,salt,1
TUQLID,hydrate,3
TUQMUN,solvate,4
TUQNAU,salt,1
TUQNEY,salt,1
TUQPUQ,solvate,4
TUQQIG,salt,1
TUQTUX,cocrystal,2
TUQVAF,cocrystal,2
TUQVEJ,cocrystal,2
TUQVIN,salt,1
TUQXOS,salt,1
TUQXUY,salt,1
TUQYIN,salt,1
TUQYUC,cocrystal,2
TUQZAH,salt,1
TUQZEK,salt,1
TURJEX,salt,1
TURJIB,salt,1
TURJOH,salt,1
TURMBD,cocrystal,2
TURNOM,hydrate,3
TURPUR,hydrate,3
TURPUU,cocrystal,2
TURQAY,hydrate,3
TURQEC,salt,1
TURQIG,salt,1
TURQUS,salt,1
TUSDET,salt,1
TUSMIE,salt,1
TUSRUX,salt,1
TUSSIM,salt,1
TUTFIA,cocrystal,2
TUTFIY,salt,1
TUTFOE,salt,1
TUTKID,hydrate,3
TUTPAA,cocrystal,2
TUTRIM,cocrystal,2
TUTSOR,cocrystal,2
TUTYEP,cocrystal,2
TUTYOZ,cocrystal,2
TUVBIY,hydrate,3
TUVLOO,cocrystal,2
TUVNAA,solvate,4
TUVNEG,hydrate,3
TUVNIJ,cocrystal,2
TUVROU,salt,1
TUVSEL,salt,1
TUVWUF,salt,1
TUVXAL,salt,1
TUVXEQ,salt,1
TUVXOA,cocrystal,2
TUVXUG,salt,1
TUVYAN,salt,1
TUVYER,cocrystal,2
TUVZIV,hydrate,3
TUWBAO,solvate,4
TUWBOD,solvate,4
TUWCOE,hydrate,3
TUWCUK,hydrate,3
TUWDAR,hydrate,3
TUWDEV,salt,1
TUWJEA,cocrystal,2
TUWNUV,hydrate,3
TUWVAI,cocrystal,2
TUWWEO,cocrystal,2
TUXBUJ,salt,1
TUXBUK,cocrystal,2
TUXCAR,cocrystal,2
TUXZAN,salt,1
TUYCUO,solvate,4
TUYKAB,salt,1
TUYQOU,cocrystal,2
TUYQUA,cocrystal,2
TUZCOH,cocrystal,2
TUZCOI,hydrate,3
TUZCUO,hydrate,3
TUZDAU,salt,1
TUZDAV,hydrate,3
TUZDEY,salt,1
TUZDID,hydrate,3
TUZDOJ,salt,1
TUZDUP,salt,1
TUZFAX,hydrate,3
TUZFEB,cocrystal,2
TUZJIH,hydrate,3
TUZJIJ,hydrate,3
TUZLOP,salt,1
TUZZAP,salt,1
TUZZOG,cocrystal,2
TYRTHM,hydrate,3
TZHDRZ,hydrate,3
UBADUY,hydrate,3
UBAHUC,salt,1
UBAJOZ,cocrystal,2
UBAKOA,salt,1
UBAMES,hydrate,3
UBAMIW,hydrate,3
UBAWOM,salt,1
UBAWUS,salt,1
UBAXAZ,salt,1
UBAXED,salt,1
UBAXIH,salt,1
UBAXON,salt,1
UBAYAA,salt,1
UBAYAZ,salt,1
UBAYED,salt,1
UBAYEE,salt,1
UBAYIH,salt,1
UBAYII,salt,1
UBAYOO,salt,1
UBAYUU,salt,1
UBEDEM,cocrystal,2
UBEFEO,salt,1
UBEFIS,salt,1
UBEFOY,salt,1
UBEFUE,salt,1
UBEGAL,salt,1
UBEGEP,hydrate,3
UBEGOZ,salt,1
UBEGUF,salt,1
UBEHAM,salt,1
UBEHEQ,salt,1
UBEHIU,hydrate,3
UBEHOA,hydrate,3
UBEJES,salt,1
UBEJIU,salt,1
UBEJIW,salt,1
UBEJOC,salt,1
UBEKAP,salt,1
UBEREC,salt,1
UBESAV,salt,1
UBESOJ,cocrystal,2
UBEVAY,cocrystal,2
UBIKUN,cocrystal,2
UBILAW,cocrystal,2
UBIMAV,salt,1
UBIMEZ,salt,1
UBITUW,solvate,4
UBIWEJ,salt,1
UBIWIN,salt,1
UBIXEK,salt,1
UBIXOU,solvate,4
UBIXUA,cocrystal,2
UBIYAH,cocrystal,2
UBIYEL,cocrystal,2
UBIYIP,hydrate,3
UBIYOV,cocrystal,2
UBIYUB,cocrystal,2
UBOBIA,salt,1
UBODIA,cocrystal,2
UBOKEB,hydrate,3
UBOSEM,hydrate,3
UBOSOW,hydrate,3
UBOTAI,salt,1
UBOTUE,salt,1
UBOXIW,salt,1
UBUBIC,cocrystal,2
UBUFAB,salt,1
UBUFIJ,cocrystal,2
UBUFUU,hydrate,3
UBUHOQ,cocrystal,2
UBUJIM,cocrystal,2
UBUPEP,cocrystal,2
UBUPOY,salt,1
UBUPOZ,cocrystal,2
UBUPUE,salt,1
UBUQAL,solvate,4
UBUQIU,cocrystal,2
UBUYIC,cocrystal,2
UCABEF,salt,1
UCACUW,solvate,4
UCADAD,salt,1
UCADOT,salt,1
UCADUZ,salt,1
UCAGEO,salt,1
UCAGOY,salt,1
UCAHAL,solvate,4
UCAJEN,salt,1
UCAMUG,salt,1
UCANAN,salt,1
UCAPAS,cocrystal,2
UCASID,solvate,4
UCASOJ,cocrystal,2
UCASUP,cocrystal,2
UCAWUS,cocrystal,2
UCAXEF,salt,1
UCAXOP,salt,1
UCAXUV,solvate,4
UCAYAC,salt,1
UCAYEG,cocrystal,2
UCAYIK,cocrystal,2
UCAYOQ,salt,1
UCAYUW,solvate,4
UCAZIJ,cocrystal,2
UCEFUF,salt,1
UCEGIT,salt,1
UCEGIW,cocrystal,2
UCEGOC,cocrystal,2
UCEGUI,cocrystal,2
UCEHAP,cocrystal,2
UCEHET,cocrystal,2
UCEHIX,cocrystal,2
UCEHOD,cocrystal,2
UCEJES,hydrate,3
UCEMEV,hydrate,3
UCEMUL,hydrate,3
UCEROM,cocrystal,2
UCERUS,cocrystal,2
UCESAZ,cocrystal,2
UCETOO,cocrystal,2
UCEVAZ,salt,1
UCEXAB,cocrystal,2
UCEXIJ,cocrystal,2
UCEXUV,cocrystal,2
UCEYAC,hydrate,3
UCEYEG,salt,1
UCILOJ,salt,1
UCILUP,salt,1
UCIMEA,salt,1
UCIMIE,salt,1
UCIMOK,salt,1
UCIPIH,salt,1
UCIZAL,salt,1
UCIZIS,hydrate,3
UCOFUO,salt,1
UCOGAV,salt,1
UCOKON,salt,1
UCONOT,cocrystal,2
UCOPAE,salt,1
UCOPIM,cocrystal,2
UCOTIQ,cocrystal,2
UCOTUC,cocrystal,2
UCOVAK,salt,1
UCOVOX,solvate,4
UCOVUG,salt,1
UCOVUH,salt,1
UCOWAK,solvate,4
UCOWOY,salt,1
UCOYAN,hydrate,3
UCOZAQ,salt,1
UCUKUY,solvate,4
UCULIP,salt,1
UDABOU,salt,1
UDACOV,cocrystal,2
UDACUZ,salt,1
UDAGAK,salt,1
UDAKOA,hydrate,3
UDAMIW,cocrystal,2
UDANUJ,salt,1
UDAPAT,cocrystal,2
UDAPUM,salt,1
UDEDOA,hydrate,3
UDEFAO,hydrate,3
UDEGOA,cocrystal,2
UDEGUG,hydrate,3
UDEJAP,hydrate,3
UDEJIX,salt,1
UDEJIY,cocrystal,2
UDEJOE,cocrystal,2
UDEJUK,cocrystal,2
UDEKAR,cocrystal,2
UDEKEV,cocrystal,2
UDEKIZ,cocrystal,2
UDELIB,salt,1
UDEPIG,salt,1
UDEPOM,salt,1
UDEPUS,salt,1
UDEWAC,salt,1
UDICEP,salt,1
UDIGET,cocrystal,2
UDIGIA,salt,1
UDIHIB,cocrystal,2
UDIHOH,cocrystal,2
UDIJAV,cocrystal,2
UDIPUS,salt,1
UDIQAZ,salt,1
UDIQUV,cocrystal,2
UDIREH,solvate,4
UDIYUE,salt,1
UDIZAL,salt,1
UDOKAA,hydrate,3
UDOLAB,solvate,4
UDOLEF,solvate,4
UDOLIL,cocrystal,2
UDOSEO,cocrystal,2
UDOSOY,cocrystal,2
UDOTIR,salt,1
UDOTOX,salt,1
UDOVIV,hydrate,3
UDUROD,cocrystal,2
UDUZEY,cocrystal,2
UDUZIC,cocrystal,2
UDUZOI,cocrystal,2
UFAFAI,salt,1
UFAFEO,salt,1
UFAGOX,cocrystal,2
UFAGUD,cocrystal,2
UFAKUH,salt,1
UFALAO,salt,1
UFALET,hydrate,3
UFALUI,hydrate,3
UFANAU,cocrystal,2
UFANEY,cocrystal,2
UFANIC,cocrystal,2
UFANOI,cocrystal,2
UFAQEY,cocrystal,2
UFAQIC,cocrystal,2
UFAQOI,cocrystal,2
UFAQUO,cocrystal,2
UFAXOQ,cocrystal,2
UFAYAD,hydrate,3
UFAYIJ,hydrate,3
UFAZAC,hydrate,3
UFEPII,solvate,4
UFERED,cocrystal,2
UFERON,salt,1
UFEROO,solvate,4
UFETAA,cocrystal,2
UFETEE,cocrystal,2
UFETOR,cocrystal,2
UFETUX,hydrate,3
UFEVAF,salt,1
UFEVEJ,cocrystal,2
UFEVOT,cocrystal,2
UFEVUZ,cocrystal,2
UFEWAG,cocrystal,2
UFEXEM,hydrate,3
UFEZUD,salt,1
UFIJEB,salt,1
UFINON,salt,1
UFINOO,salt,1
UFINUU,salt,1
UFIRAG,salt,1
UFIWAH,cocrystal,2
UFOBIB,cocrystal,2
UFOCOI,cocrystal,2
UFOHIG,hydrate,3
UFOQEN,hydrate,3
UFOQIT,salt,1
UFORUG,salt,1
UFOTOY,hydrate,3
UFOYOH,solvate,4
UFUBIJ,salt,1
UFUDEH,salt,1
UFUDIL,salt,1
UFUGUY,solvate,4
UFUHAF,salt,1
UFUJEO,cocrystal,2
UFUJOY,cocrystal,2
UFUKEP,cocrystal,2
UFUKIT,solvate,4
UFULIR,salt,1
UFUQOC,hydrate,3
UFUSIB,cocrystal,2
UFUTEV,cocrystal,2
UFUVOH,solvate,4
UFUWUO,salt,1
UFUXAV,solvate,4
UFUXEZ,solvate,4
UGAJIZ,cocrystal,2
UGAWIK,cocrystal,2
UGEFAO,cocrystal,2
UGEFOC,cocrystal,2
UGEGUK,salt,1
UGEHAR,salt,1
UGEHEV,salt,1
UGEHIZ,salt,1
UGEKID,hydrate,3
UGEKOJ,solvate,4
UGENIG,cocrystal,2
UGEWEI,solvate,4
UGICAR,cocrystal,2
UGICEV,cocrystal,2
UGIDAS,cocrystal,2
UGIQUY,hydrate,3
UGISEI,salt,1
UGITAG,hydrate,3
UGITEJ,salt,1
UGITIQ,salt,1
UGIVIS,cocrystal,2
UGOGIG,salt,1
UGOHOP,cocrystal,2
UGOHUV,cocrystal,2
UGONIP,cocrystal,2
UGOQAI,salt,1
UGOQUF,cocrystal,2
UGOREP,salt,1
UGOROY,cocrystal,2
UGOROZ,cocrystal,2
UGORUF,cocrystal,2
UGOSAM,cocrystal,2
UGOSEQ,cocrystal,2
UGOSIU,salt,1
UGOSUG,salt,1
UGOTAN,salt,1
UGOTER,cocrystal,2
UGOTUH,cocrystal,2
UGOVET,cocrystal,2
UGOVIX,cocrystal,2
UGOWAQ,hydrate,3
UGOWEU,cocrystal,2
UGOWIY,cocrystal,2
UGOWOE,hydrate,3
UGOXUM,solvate,4
UGUKAI,salt,1
UGUKEM,salt,1
UGUKIQ,hydrate,3
UGUKIS,salt,1
UGUKOY,cocrystal,2
UGUKUE,hydrate,3
UGULIT,hydrate,3
UGULOX,salt,1
UGULUF,hydrate,3
UGUMAM,salt,1
UGUNAN,cocrystal,2
UGUQEV,salt,1
UGUQIZ,salt,1
UGUXUS,salt,1
UHACEO,cocrystal,2
UHACIQ,cocrystal,2
UHACOW,cocrystal,2
UHACUC,cocrystal,2
UHADAJ,cocrystal,2
UHADIR,cocrystal,2
UHADOX,cocrystal,2
UHADUD,cocrystal,2
UHAFAL,cocrystal,2
UHAFEP,cocrystal,2
UHAHUG,hydrate,3
UHAJAO,hydrate,3
UHALEU,salt,1
UHAPOJ,salt,1
UHAPUO,cocrystal,2
UHAQAV,cocrystal,2
UHAQEZ,cocrystal,2
UHAQID,cocrystal,2
UHAQOJ,cocrystal,2
UHAQUP,cocrystal,2
UHAWAB,salt,1
UHAWAD,cocrystal,2
UHAWEF,salt,1
UHAWIJ,salt,1
UHAWIL,cocrystal,2
UHAWOP,salt,1
UHAWUX,cocrystal,2
UHAXEI,cocrystal,2
UHAYEH,salt,1
UHAYIL,salt,1
UHAYOS,hydrate,3
UHAZUZ,hydrate,3
UHELUO,cocrystal,2
UHEMEZ,cocrystal,2
UHEMOJ,cocrystal,2
UHEPEC,hydrate,3
UHEPIG,hydrate,3
UHEPII,cocrystal,2
UHEPOM,hydrate,3
UHEPOP,hydrate,3
UHEPUS,hydrate,3
UHEVIN,cocrystal,2
UHEXEK,cocrystal,2
UHIJUT,salt,1
UHIQOS,hydrate,3
UHISAI,hydrate,3
UHISEM,hydrate,3
UHISIQ,salt,1
UHISOW,hydrate,3
UHOBIC,salt,1
UHORUF,cocrystal,2
UHOSAM,cocrystal,2
UHOSEQ,cocrystal,2
UHOSIU,cocrystal,2
UHOSOA,cocrystal,2
UHOTIV,hydrate,3
UHOXAR,cocrystal,2
UHOXEV,cocrystal,2
UHUCEH,cocrystal,2
UHUFOU,cocrystal,2
UHUFUA,cocrystal,2
UHUGAH,cocrystal,2
UHUHOW,salt,1
UHUNAM,cocrystal,2
UHUWAX,hydrate,3
UHUZII,cocrystal,2
UJAJUM,cocrystal,2
UJASEE,hydrate,3
UJEMAA,salt,1
UJEMOL,cocrystal,2
UJERAD,salt,1
UJEVIR,solvate,4
UJEWAK,solvate,4
UJEZAL,salt,1
UJIDEY,salt,1
UJIFID,salt,1
UJIGUQ,hydrate,3
UJIJAZ,solvate,4
UJIROV,salt,1
UJIVAN,salt,1
UJIYOE,salt,1
UJIZUK,salt,1
UJOBAY,salt,1
UJOCEE,salt,1
UJOCOM,salt,1
UJOCUS,hydrate,3
UJODAZ,hydrate,3
UJOGOQ,salt,1
UJOGUW,salt,1
UJOHEH,salt,1
UJOHIL,salt,1
UJOHOR,salt,1
UJOHUX,salt,1
UJOLUB,salt,1
UJOPUH,salt,1
UJOQAO,salt,1
UJOQUF,hydrate,3
UJORAM,cocrystal,2
UJOREQ,cocrystal,2
UJOSER,salt,1
UJOSIV,hydrate,3
UJOTAR,salt,1
UJOXOI,cocrystal,2
UJOYOJ,hydrate,3
UJUCOU,cocrystal,2
UJUJAM,cocrystal,2
UJULAO,salt,1
UJUPOE,hydrate,3
UJUQAT,salt,1
UJUROG,solvate,4
UJURUM,cocrystal,2
UJUSUN,cocrystal,2
UJUTEY,solvate,4
UJUTIE,salt,1
UJUTUO,solvate,4
UJUVAW,cocrystal,2
UJUVAY,cocrystal,2
UKACAM,cocrystal,2
UKALIE,solvate,4
UKAWUY,cocrystal,2
UKAYIR,salt,1
UKEBIV,salt,1
UKEFEV,cocrystal,2
UKELUT,cocrystal,2
UKERAE,salt,1
UKEREI,salt,1
UKERIM,salt,1
UKERUY,salt,1
UKESEI,salt,1
UKESIM,salt,1
UKEVUD,salt,1
UKEWAK,salt,1
UKEWEO,salt,1
UKEWIS,salt,1
UKEWOZ,cocrystal,2
UKEWUE,salt,1
UKEWUF,cocrystal,2
UKEXAM,hydrate,3
UKEXIU,salt,1
UKEXOA,cocrystal,2
UKEXUG,cocrystal,2
UKEZER,salt,1
UKIBIC,hydrate,3
UKIFUS,cocrystal,2
UKIHON,salt,1
UKIHUS,salt,1
UKIHUT,hydrate,3
UKIJAB,salt,1
UKIJEF,salt,1
UKIJOP,salt,1
UKIJUV,salt,1
UKIKEG,salt,1
UKIKIK,salt,1
UKISOZ,salt,1
UKISUF,salt,1
UKITAM,salt,1
UKITEQ,cocrystal,2
UKITIU,salt,1
UKITOA,hydrate,3
UKITUG,cocrystal,2
UKIVAO,salt,1
UKIVES,salt,1
UKIVIW,cocrystal,2
UKIXES,salt,1
UKIXUI,salt,1
UKIYAP,salt,1
UKIZIY,salt,1
UKIZOE,salt,1
UKODUW,salt,1
UKOFEG,salt,1
UKOFIK,salt,1
UKOKOX,cocrystal,2
UKOKUA,cocrystal,2
UKOLEL,cocrystal,2
UKOLEO,cocrystal,2
UKOLUE,hydrate,3
UKOMEO,hydrate,3
UKOMIS,salt,1
UKOQIU,salt,1
UKOROC,solvate,4
UKORUH,hydrate,3
UKOSAP,cocrystal,2
UKOSET,cocrystal,2
UKOSOD,cocrystal,2
UKOZEC,salt,1
UKUFUB,salt,1
UKUGUD,solvate,4
UKULIX,salt,1
UKULOD,salt,1
UKULUJ,salt,1
UKUMUI,salt,1
UKUSOJ,cocrystal,2
UKUTOK,salt,1
UKUWAZ,cocrystal,2
UKUWOO,salt,1
UKUZUW,hydrate,3
ULABAN,cocrystal,2
ULAJAV,cocrystal,2
ULAKOK,cocrystal,2
ULANUS,salt,1
ULAPAA,hydrate,3
ULAPEE,salt,1
ULAPII,salt,1
ULAPOO,hydrate,3
ULASIM,salt,1
ULAVAG,solvate,4
ULAWAF,cocrystal,2
ULAWEJ,cocrystal,2
ULAWOT,cocrystal,2
ULAWUZ,cocrystal,2
ULAXAG,cocrystal,2
ULAXEK,cocrystal,2
ULAXIO,salt,1
ULAXOU,salt,1
ULAXUA,salt,1
ULAYAH,salt,1
ULAZEM,cocrystal,2
ULAZIQ,cocrystal,2
ULAZUD,salt,1
ULECEU,cocrystal,2
ULECEW,cocrystal,2
ULEDOF,solvate,4
ULEFEW,solvate,4
ULEFEX,hydrate,3
ULEHIC,hydrate,3
ULEHID,salt,1
ULEHOI,hydrate,3
ULEKAY,hydrate,3
ULEKIG,cocrystal,2
ULEKUS,hydrate,3
ULEMUU,salt,1
ULENUV,solvate,4
ULEREJ,salt,1
ULERUZ,salt,1
ULESAG,salt,1
ULESUB,cocrystal,2
ULETAI,cocrystal,2
ULETEL,hydrate,3
ULEWIS,cocrystal,2
ULEXAL,salt,1
ULEXOA,salt,1
ULICAV,salt,1
ULICID,salt,1
ULIHOO,salt,1
ULIJAC,salt,1
ULIJEG,salt,1
ULIJIK,salt,1
ULIJOQ,salt,1
ULIKAD,salt,1
ULIMEI,salt,1
ULIMIM,salt,1
ULINOS,salt,1
ULIPAI,salt,1
ULIPEM,hydrate,3
ULIPIQ,hydrate,3
ULIPOW,salt,1
ULIPUC,hydrate,3
ULIQAJ,hydrate,3
ULIQEM,salt,1
ULIQEN,hydrate,3
ULIQIR,hydrate,3
ULISIU,cocrystal,2
ULIYET,salt,1
ULIYIX,hydrate,3
ULIZUM,cocrystal,2
ULOCAA,salt,1
ULOCII,cocrystal,2
ULOCOP,cocrystal,2
ULOJOU,salt,1
ULOKEL,cocrystal,2
ULOKIP,cocrystal,2
ULOKOV,cocrystal,2
ULOKUB,cocrystal,2
ULONIV,salt,1
ULOXEB,hydrate,3
ULOXIC,cocrystal,2
ULOYOL,salt,1
ULUFIQ,cocrystal,2
ULUFIS,cocrystal,2
ULUFOY,hydrate,3
ULUGOX,salt,1
ULUKOC,salt,1
ULUPIA,salt,1
ULUTEA,cocrystal,2
ULUTED,salt,1
ULUXAD,cocrystal,2
ULUZIM,cocrystal,2
ULUZOS,cocrystal,2
UMABAL,cocrystal,2
UMABAN,cocrystal,2
UMAKOI,hydrate,3
UMAROQ,hydrate,3
UMAXOX,salt,1
UMAXUD,salt,1
UMAYIT,hydrate,3
UMAYOZ,salt,1
UMAYUF,hydrate,3
UMEBAS,solvate,4
UMEBIA,salt,1
UMEMEH,salt,1
UMEPEK,salt,1
UMESIR,cocrystal,2
UMESOX,cocrystal,2
UMETEL,cocrystal,2
UMEXIU,hydrate,3
UMEYES,salt,1
UMEYIW,salt,1
UMEYOC,hydrate,3
UMEYOD,salt,1
UMEYUI,salt,1
UMEZAP,salt,1
UMIBEY,cocrystal,2
UMICOK,salt,1
UMICUQ,salt,1
UMIDEB,salt,1
UMIMOS,cocrystal,2
UMIMUY,cocrystal,2
UMINAF,cocrystal,2
UMINEJ,cocrystal,2
UMININ,cocrystal,2
UMIPIR,hydrate,3
UMIPOX,salt,1
UMIQAK,hydrate,3
UMIQIR,cocrystal,2
UMISAM,salt,1
UMIWUK,salt,1
UMIXEW,salt,1
UMIXIZ,salt,1
UMIXOF,salt,1
UMIXUM,salt,1
UMIYAT,salt,1
UMIYUM,salt,1
UMOHIN,salt,1
UMONER,salt,1
UMOXOM,salt,1
UMOXUS,salt,1
UMOYAZ,salt,1
UMOYED,salt,1
UMOYIH,salt,1
UMOYON,salt,1
UMOYUT,salt,1
UMOZAA,salt,1
UMUGER,salt,1
UMUGIU,salt,1
UMUMIA,salt,1
UMUQOJ,hydrate,3
UMUXAD,salt,1
UMUXIJ,solvate,4
UMUXIK,salt,1
UMUXUY,cocrystal,2
UMUYOR,cocrystal,2
UMUYUX,cocrystal,2
UMUZAE,cocrystal,2
UMUZAG,salt,1
UMUZUA,salt,1
UNABAP,solvate,4
UNABOC,solvate,4
UNAGIA,salt,1
UNAGOG,salt,1
UNAWUD,cocrystal,2
UNAXAK,cocrystal,2
UNAXEO,salt,1
UNAXUF,cocrystal,2
UNAYAM,cocrystal,2
UNAYEQ,cocrystal,2
UNAYIS,salt,1
UNEBIY,hydrate,3
UNEBOE,cocrystal,2
UNEBUK,hydrate,3
UNECAR,hydrate,3
UNECIZ,salt,1
UNECOF,salt,1
UNEFAU,salt,1
UNEFIC,salt,1
UNEFIE,cocrystal,2
UNEFOI,salt,1
UNEFOK,cocrystal,2
UNEFUO,cocrystal,2
UNEGAV,cocrystal,2
UNEGEC,salt,1
UNEGEZ,cocrystal,2
UNEMAC,salt,1
UNEROV,salt,1
UNESAI,hydrate,3
UNEXUJ,hydrate,3
UNEYEU,salt,1
UNEYOB,cocrystal,2
UNEYUH,cocrystal,2
UNEZAO,cocrystal,2
UNEZES,cocrystal,2
UNEZUI,cocrystal,2
UNIBIC,cocrystal,2
UNICOM,solvate,4
UNICUQ,salt,1
UNIDAZ,salt,1
UNIDIH,salt,1
UNIHUU,solvate,4
UNIQIU,salt,1
UNISOA,hydrate,3
UNISOC,solvate,4
UNISUG,cocrystal,2
UNITAN,cocrystal,2
UNITAP,cocrystal,2
UNITER,hydrate,3
UNITIV,hydrate,3
UNITIX,solvate,4
UNIVIZ,cocrystal,2
UNIXEV,hydrate,3
UNIXIZ,hydrate,3
UNIYEY,salt,1
UNIYIC,hydrate,3
UNIZAV,salt,1
UNIZID,salt,1
UNIZOJ,salt,1
UNOLUE,salt,1
UNOZAZ,salt,1
UNOZIJ,cocrystal,2
UNUDIR,hydrate,3
UNUKAQ,hydrate,3
UNUMUM,salt,1
UNUNID,cocrystal,2
UNUNOJ,cocrystal,2
UNUQOK,cocrystal,2
UNUREB,salt,1
UNUROL,solvate,4
UNURUR,hydrate,3
UNURUS,salt,1
UNUSAY,solvate,4
UNUSAZ,salt,1
UNUSED,hydrate,3
UNUTIH,salt,1
UNUTUU,solvate,4
UNUWOR,salt,1
UNUYAE,solvate,4
UNUYEI,salt,1
UPALAZ,salt,1
UPALON,hydrate,3
UPANIJ,salt,1
UPASOU,hydrate,3
UPASUA,salt,1
UPATUD,cocrystal,2
UPAVUE,cocrystal,2
UPAXIT,hydrate,3
UPAYAO,salt,1
UPAYES,salt,1
UPAZER,hydrate,3
UPEDEA,salt,1
UPEDIE,salt,1
UPEDOK,cocrystal,2
UPEDUQ,solvate,4
UPEHEE,cocrystal,2
UPELUX,salt,1
UPEMAE,salt,1
UPEMEI,salt,1
UPEMIM,solvate,4
UPEREP,salt,1
UPEROY,salt,1
UPERUF,salt,1
UPETOA,hydrate,3
UPIHIM,cocrystal,2
UPIPUH,hydrate,3
UPIQIW,salt,1
UPITOF,salt,1
UPIVEW,solvate,4
UPIVIA,salt,1
UPIWAS,cocrystal,2
UPIYAW,salt,1
UPIYUP,salt,1
UPOBIL,salt,1
UPOBIM,salt,1
UPOJAN,hydrate,3
UPOKUG,salt,1
UPOLER,salt,1
UPOQEW,cocrystal,2
UPOQIA,cocrystal,2
UPOXIJ,salt,1
UPOXOP,salt,1
UPUBIT,hydrate,3
UPUGAQ,salt,1
UPUGEU,salt,1
UPUHUJ,cocrystal,2
UPUVEJ,salt,1
UPUWEI,cocrystal,2
UQACIZ,salt,1
UQADUN,salt,1
UQAMIK,cocrystal,2
UQAWUG,solvate,4
UQAXIU,salt,1
UQAXOA,hydrate,3
UQEKAF,cocrystal,2
UQEYAT,salt,1
UQIFUX,cocrystal,2
UQIPEQ,cocrystal,2
UQISIY,salt,1
UQIWAV,cocrystal,2
UQOCOT,salt,1
UQODUA,cocrystal,2
UQOSUQ,salt,1
UQUHOF,salt,1
UQUPUU,salt,1
UQUVUA,cocrystal,2
URACAU,salt,1
URAGUR,hydrate,3
URAHAY,hydrate,3
URAHEC,hydrate,3
URAHIG,hydrate,3
URAHOL,salt,1
URAJIJ,solvate,4
URAKEE,salt,1
URANAD,hydrate,3
URASAI,salt,1
URATAK,salt,1
URAWER,salt,1
URAWUH,hydrate,3
UREANT,salt,1
UREDAY,hydrate,3
URENOW,cocrystal,2
URENUC,salt,1
UREPIR,salt,1
UREQAK,hydrate,3
URERIT,salt,1
UREVIX,salt,1
UREWAQ,salt,1
UREXPO,cocrystal,2
UREZOH,solvate,4
URIBON,hydrate,3
URIDEF,solvate,4
URIHUZ,cocrystal,2
URIJAH,cocrystal,2
URIJEL,cocrystal,2
URIJIP,cocrystal,2
URIJUB,cocrystal,2
URIKAI,cocrystal,2
URIKEM,cocrystal,2
URIKOW,cocrystal,2
URIKUC,cocrystal,2
URILAJ,cocrystal,2
URILEN,cocrystal,2
URILIR,cocrystal,2
URILOX,cocrystal,2
URILUD,cocrystal,2
URIMAK,cocrystal,2
URINOZ,hydrate,3
URISAQ,cocrystal,2
URITOF,salt,1
URITUL,salt,1
URIYAW,hydrate,3
URIYIE,salt,1
URIYOK,salt,1
URMALN,cocrystal,2
URNFRO,cocrystal,2
URODEL,cocrystal,2
URODIP,cocrystal,2
UROLAQ,salt,1
UROTEC,cocrystal,2
UROTIH,cocrystal,2
UROWAB,salt,1
UROXAL,cocrystal,2
UROXAM,cocrystal,2
UROZOT,salt,1
URUBIT,salt,1
URUDER,cocrystal,2
URUGIY,hydrate,3
USADUP,solvate,4
USAFIE,cocrystal,2
USAFIG,salt,1
USANAF,salt,1
USEMIR,hydrate,3
USEQEQ,salt,1
USEVEW,hydrate,3
USEWAS,salt,1
USEZID,cocrystal,2
USIBOP,salt,1
USIJUE,salt,1
USINAM,cocrystal,2
USIPAQ,cocrystal,2
USIYED,cocrystal,2
USOBOU,cocrystal,2
USOCIP,salt,1
USODOW,hydrate,3
USOFIS,salt,1
USOMOF,solvate,4
USOVIK,cocrystal,2
USUBIW,cocrystal,2
USUBOB,cocrystal,2
USUHUN,cocrystal,2
USUKAW,solvate,4
USUQAD,cocrystal,2
USUREI,hydrate,3
USUWOW,salt,1
UTADIF,cocrystal,2
UTAQUE,cocrystal,2
UTAYUM,salt,1
UTEJAG,cocrystal,2
UTEZOJ,salt,1
UTICUY,salt,1
UTIMOC,salt,1
UTIQIA,cocrystal,2
UTOMUM,salt,1
UTUHUN,solvate,4
UTUJIE,salt,1
UTUJOK,salt,1
UTUJOL,cocrystal,2
UTUQEI,cocrystal,2
UTUQIM,cocrystal,2
UTUQOS,cocrystal,2
UTUQUY,cocrystal,2
UTURAF,cocrystal,2
UTUREJ,cocrystal,2
UTUVEN,cocrystal,2
UVAFIH,cocrystal,2
UVAQUG,hydrate,3
UVARAN,salt,1
UVARBZ,cocrystal,2
UVATIX,hydrate,3
UVATOD,cocrystal,2
UVAWAS,salt,1
UVEGIN,hydrate,3
UVEGOT,salt,1
UVEGUZ,salt,1
UVEJIQ,salt,1
UVEJUC,salt,1
UVETIA,cocrystal,2
UVEYEA,salt,1
UVIFUD,salt,1
UVIKUH,salt,1
UVIMAO,salt,1
UVIMES,cocrystal,2
UVIZIJ,salt,1
UVIZUV,hydrate,3
UVOBAJ,salt,1
UVOHOF,cocrystal,2
UVOJUL,hydrate,3
UVOKAS,salt,1
UVOKEW,salt,1
UVOKOG,salt,1
UVOKUM,salt,1
UVOLAT,salt,1
UVOLEX,hydrate,3
UVOMID,hydrate,3
UVUDOH,hydrate,3
UVUJEC,salt,1
UVUJUS,salt,1
UVUROT,cocrystal,2
UVUSEK,salt,1
UVUTIR,salt,1
UVUTOV,salt,1
UVUTUB,salt,1
UVUTUD,salt,1
UVUXER,hydrate,3
UWAJAF,cocrystal,2
UWAKUZ,cocrystal,2
UWAMEM,hydrate,3
UWAMIQ,salt,1
UWAMUC,hydrate,3
UWANOW,salt,1
UWASET,hydrate,3
UWEGEL,cocrystal,2
UWEJEO,cocrystal,2
UWEJUC,solvate,4
UWEKAJ,hydrate,3
UWEMUG,cocrystal,2
UWENES,cocrystal,2
UWEPUI,cocrystal,2
UWEWIF,cocrystal,2
UWEXUS,cocrystal,2
UWEYAZ,cocrystal,2
UWEYED,cocrystal,2
UWEYON,cocrystal,2
UWEYUT,salt,1
UWIHOZ,salt,1
UWIJUH,salt,1
UWINIY,salt,1
UWINOE,salt,1
UWIPOI,cocrystal,2
UWIPUO,cocrystal,2
UWIQAV,cocrystal,2
UWIQEZ,cocrystal,2
UWIVIH,salt,1
UWIVON,salt,1
UWOHAQ,salt,1
UWOKEY,solvate,4
UWOKIC,cocrystal,2
UWOKOI,salt,1
UWOLEZ,salt,1
UWOQOO,salt,1
UWOSOP,salt,1
UWOVOT,salt,1
UWUGAW,cocrystal,2
UWUJOM,salt,1
UWUJUS,salt,1
UWUKAZ,salt,1
UXACAZ,cocrystal,2
UXANIT,salt,1
UXANOZ,salt,1
UXAQOC,cocrystal,2
UXAQUI,cocrystal,2
UXARAP,cocrystal,2
UXARET,cocrystal,2
UXARIX,cocrystal,2
UXAROD,cocrystal,2
UXARUH,salt,1
UXARUJ,cocrystal,2
UXASAQ,cocrystal,2
UXASEU,cocrystal,2
UXASIY,cocrystal,2
UXASOE,cocrystal,2
UXATAR,cocrystal,2
UXATOE02,cocrystal,2
UXATUL,cocrystal,2
UXAWAU,cocrystal,2
UXAXEX,cocrystal,2
UXEBOQ,cocrystal,2
UXECOQ,hydrate,3
UXEDAF,solvate,4
UXEGOV,cocrystal,2
UXEJUE02,hydrate,3
UXEPUK02,cocrystal,2
UXEQAR02,cocrystal,2
UXEQEV02,cocrystal,2
UXEQIZ02,cocrystal,2
UXESOG,salt,1
UXESUM,solvate,4
UXETEX,solvate,4
UXIHIV,salt,1
UXIHOB,salt,1
UXIJAP,salt,1
UXIJIX,salt,1
UXIJOD,salt,1
UXILOE02,salt,1
UXIPOJ,salt,1
UXIQIE,salt,1
UXOBEP,cocrystal,2
UXOBIT,cocrystal,2
UXOBOZ,cocrystal,2
UXOFOD,cocrystal,2
UXOJIB,cocrystal,2
UXULUW,hydrate,3
UYABAA,cocrystal,2
UYAGEH,hydrate,3
UYAGOS,salt,1
UYALOX,salt,1
UYAVEX,salt,1
UYAXEZ,cocrystal,2
UYAZEA,cocrystal,2
UYEHOW,solvate,4
UYEKOB,cocrystal,2
UYEYEE,hydrate,3
UYEYIH,salt,1
UYEZII,salt,1
UYIBAG,salt,1
UYIJUK,salt,1
UYIKUK,salt,1
UYILAR,salt,1
UYILEV,salt,1
UYIRIF,cocrystal,2
UYIROL,cocrystal,2
UYIRUR,cocrystal,2
UYOCAN,salt,1
UYOKOJ,salt,1
UYOKUP,salt,1
UYOLAW,hydrate,3
UYOSEI,hydrate,3
UYOSUX,cocrystal,2
UYOTAE,cocrystal,2
UYOTEI,cocrystal,2
UYOTIM,cocrystal,2
UYOTOS,cocrystal,2
UYOTUY,cocrystal,2
UYOVAG,cocrystal,2
UYOYIR,hydrate,3
UYOZAM,salt,1
UYOZIS,salt,1
UYUBIB,salt,1
UYUJUV,salt,1
UZACOP,cocrystal,2
UZADEG,salt,1
UZADOQ,salt,1
UZAKAK,cocrystal,2
UZAKIS,cocrystal,2
UZAQES,salt,1
UZARIZ,cocrystal,2
UZAVEX,hydrate,3
UZAWAW,salt,1
UZAXAW,salt,1
UZAXEA,salt,1
UZECEK,salt,1
UZEGUD,cocrystal,2
UZEPIZ,salt,1
UZEPOF,salt,1
UZEQAS,salt,1
UZEVOL,solvate,4
UZIRUS,solvate,4
UZISAZ,solvate,4
UZISED,solvate,4
UZISIH,solvate,4
UZISON,solvate,4
UZISUT,solvate,4
UZITEE,salt,1
UZIWIK,salt,1
UZIZEL,salt,1
UZOCOC,salt,1
UZODUK,cocrystal,2
UZOVAH,salt,1
UZOVIP,hydrate,3
UZOXOX,cocrystal,2
UZUFON,cocrystal,2
UZUGUU,cocrystal,2
UZUMUA,cocrystal,2
UZUNEL,cocrystal,2
UZUYIZ,cocrystal,2
UZUYUL,cocrystal,2
UZUZAS,cocrystal,2
UZUZEW,cocrystal,2
UZUZIA,cocrystal,2
UZUZOG,cocrystal,2
VABGAJ,salt,1
VABGEK,hydrate,3
VABGUB,salt,1
VABHAI,salt,1
VABLOB,salt,1
VABLOZ,salt,1
VABMES,hydrate,3
VABNUJ,cocrystal,2
VABPUL,hydrate,3
VABROH,salt,1
VABSAU,salt,1
VABSOG,cocrystal,2
VABSOI,salt,1
VABTOJ,salt,1
VABTUP,salt,1
VABVOJ,solvate,4
VABVOL,cocrystal,2
VABWIG,salt,1
VABZIJ,hydrate,3
VABZUV,hydrate,3
VACBEJ,solvate,4
VACBIN,hydrate,3
VACBOT,hydrate,3
VACBUZ,salt,1
VACCEK,cocrystal,2
VACCIO,salt,1
VACCOU,salt,1
VACFIO,cocrystal,2
VACJAM,salt,1
VACKUJ,salt,1
VACLIY,hydrate,3
VACMAR,salt,1
VACMUJ,salt,1
VACPIC,hydrate,3
VACPOI,salt,1
VACTEB,salt,1
VACTEY,salt,1
VACTIF,salt,1
VACVEA,cocrystal,2
VACWEC,hydrate,3
VACYAB,cocrystal,2
VACYEE,solvate,4
VACYII,cocrystal,2
VADDIN,salt,1
VADFOV,salt,1
VADHUE,cocrystal,2
VADKAN,salt,1
VADLAP,salt,1
VADLIX,salt,1
VADTOK,salt,1
VAFBUA,salt,1
VAFLAP,hydrate,3
VAFPOL,salt,1
VAFRED,salt,1
VAFRIE,cocrystal,2
VAFRIH,salt,1
VAFSEE,hydrate,3
VAFWOP,cocrystal,2
VAFWOR,hydrate,3
VAFWUV,cocrystal,2
VAFXAE,salt,1
VAFXEG,cocrystal,2
VAFXIK,cocrystal,2
VAFYEH,cocrystal,2
VAFYOR,cocrystal,2
VAFYUX,salt,1
VAFZAE,cocrystal,2
VAFZEI,cocrystal,2
VAFZEK,cocrystal,2
VAGHIV,salt,1
VAGLOE,hydrate,3
VAGRAA,salt,1
VAGROO,salt,1
VAGSEC,salt,1
VAGSEE,cocrystal,2
VAGSII,hydrate,3
VAGSOO,cocrystal,2
VAGSUU,hydrate,3
VAGTIH,hydrate,3
VAGVAD,cocrystal,2
VAGVEF,salt,1
VAGVIJ,salt,1
VAHBOW,solvate,4
VAHHEU,salt,1
VAHHOF,cocrystal,2
VAHKOF,cocrystal,2
VAHPIF,hydrate,3
VAHROP,cocrystal,2
VAHRUV,cocrystal,2
VAHVUY,salt,1
VAHYEL,cocrystal,2
VAJFOC,cocrystal,2
VAJHEW,cocrystal,2
VAJHOG,salt,1
VAJHOH,salt,1
VAJHUM,hydrate,3
VAJKUM,salt,1
VAJNUT,salt,1
VAJPAB,salt,1
VAJPIJ,salt,1
VAJPOO,cocrystal,2
VAJPOP,salt,1
VAJPUU,hydrate,3
VAJRIH,salt,1
VAJRON,hydrate,3
VAJTUW,salt,1
VAJVEI,solvate,4
VAJWUZ,hydrate,3
VAJXUZ,salt,1
VAKCAO,salt,1
VAKCES,salt,1
VAKCIW,hydrate,3
VAKDAO,cocrystal,2
VAKJEX,cocrystal,2
VAKJIE,solvate,4
VAKJUP,salt,1
VAKJUQ,solvate,4
VAKKAW,salt,1
VAKKEA,salt,1
VAKKIE,salt,1
VAKKUO,cocrystal,2
VAKPEF,salt,1
VAKTOR,cocrystal,2
VAKTOS,cocrystal,2
VAKTOT,salt,1
VAKTUX,cocrystal,2
VAKTUZ,salt,1
VAKVEJ,hydrate,3
VAKVEK,salt,1
VAKVIN,cocrystal,2
VAKVIO,salt,1
VAKVOU,salt,1
VALPEG,salt,1
VALSEK,cocrystal,2
VALSIO,cocrystal,2
VALVOU,salt,1
VALWIQ,salt,1
VALWUA,salt,1
VAMBIX,cocrystal,2
VAMCOE,salt,1
VAMCUK,salt,1
VAMDET,salt,1
VAMFEY,hydrate,3
VAMFIC,salt,1
VAMFOI,salt,1
VAMFUO,hydrate,3
VAMGAV,solvate,4
VAMGEZ,hydrate,3
VAMGOJ,hydrate,3
VAMMUV,cocrystal,2
VAMPUV,solvate,4
VAMQAC,salt,1
VAMQUX,salt,1
VAMSOT,salt,1
VAMVEN,salt,1
VAMXOY,salt,1
VAMZAO,cocrystal,2
VANCAQ,salt,1
VANCIY,salt,1
VANCUJ,salt,1
VANDEU,hydrate,3
VANDIA,hydrate,3
VANDUJ,salt,1
VANKIH,solvate,4
VANNEH,cocrystal,2
VANNIL,cocrystal,2
VANNOR,salt,1
VANNUX,cocrystal,2
VANPAF,hydrate,3
VANSOV,cocrystal,2
VANSUB,cocrystal,2
VANVOX,cocrystal,2
VAPDIZ,hydrate,3
VAPFEX,cocrystal,2
VAPLAZ,hydrate,3
VAPLIH,salt,1
VAPLUV,salt,1
VAPMIK,hydrate,3
VAPNOT,hydrate,3
VAPNUZ,cocrystal,2
VAPPAH,hydrate,3
VAPPEL,cocrystal,2
VAPPOV,cocrystal,2
VAPPUB,hydrate,3
VAPQAI,cocrystal,2
VAPQEM,cocrystal,2
VAQDAW,cocrystal,2
VAQDEA,cocrystal,2
VAQHUS,salt,1
VAQJEF,salt,1
VAQJUV,salt,1
VAQKUV,cocrystal,2
VAQRUB,salt,1
VAQSAI,salt,1
VAQSEM,salt,1
VAQSIQ,salt,1
VAQSOW,salt,1
VAQSUC,hydrate,3
VAQTAJ,salt,1
VAQTEN,salt,1
VAQTIR,salt,1
VAQTOW,cocrystal,2
VAQTOX,salt,1
VARBEV,solvate,4
VARBIA,hydrate,3
VARBOG,solvate,4
VARCOJ,salt,1
VARFUS,salt,1
VARGII,salt,1
VARGON,solvate,4
VARHAA,salt,1
VARHIG,salt,1
VARLIN,cocrystal,2
VARLOT,cocrystal,2
VARLUZ,cocrystal,2
VARMAG,cocrystal,2
VARMEK,cocrystal,2
VARQIQ,salt,1
VARSIS,cocrystal,2
VARTUD,salt,1
VARVAL,salt,1
VARVAP,salt,1
VASMOT,solvate,4
VASYEU,cocrystal,2
VATCEY,salt,1
VATCOI,cocrystal,2
VATMAE,salt,1
VATRAJ,salt,1
VATSOA,salt,1
VATTER,salt,1
VATTIV,cocrystal,2
VATTOB,hydrate,3
VATTUH,salt,1
VATVAP,salt,1
VATVET,salt,1
VATXOF,cocrystal,2
VAVHAD,salt,1
VAVHEH,salt,1
VAVHIM,salt,1
VAVHUV,cocrystal,2
VAVHUY,salt,1
VAVJAG,salt,1
VAVJOU,hydrate,3
VAVJUA,salt,1
VAVKAH,hydrate,3
VAVKEL,salt,1
VAVKIP,salt,1
VAVKOV,salt,1
VAVKUB,salt,1
VAVLAH,salt,1
VAVLAI,salt,1
VAVLIQ,hydrate,3
VAVLUC,salt,1
VAVLUZ,cocrystal,2
VAVMAI,cocrystal,2
VAVMAJ,salt,1
VAVMEN,salt,1
VAVMIR,salt,1
VAVQES,hydrate,3
VAVSER,solvate,4
VAVTIV,cocrystal,2
VAVYOK,salt,1
VAVYUQ,salt,1
VAWDAA,cocrystal,2
VAWJUZ,salt,1
VAWKUA,cocrystal,2
VAWLAG,cocrystal,2
VAWLAH,solvate,4
VAWLEK,cocrystal,2
VAWLIP,salt,1
VAWLOV,solvate,4
VAWMEM,solvate,4
VAWMEN,solvate,4
VAWPAL,hydrate,3
VAWPEP,salt,1
VAWPIT,salt,1
VAWPOZ,hydrate,3
VAWPUG,salt,1
VAWQAM,salt,1
VAWQEQ,salt,1
VAWQOZ,salt,1
VAWRER,salt,1
VAWRIV,salt,1
VAWRIX,salt,1
VAWRUH,hydrate,3
VAWSAO,salt,1
VAWSES,salt,1
VAWSIW,salt,1
VAWSOC,solvate,4
VAWSUI,salt,1
VAWTAP,salt,1
VAWTET,salt,1
VAWXEZ,salt,1
VAXBEE,salt,1
VAXBOO,salt,1
VAXFOP,cocrystal,2
VAXFUV,cocrystal,2
VAXHEI,salt,1
VAXHEJ,cocrystal,2
VAXHIN,hydrate,3
VAXJAJ,hydrate,3
VAXJOX,solvate,4
VAXJUD,hydrate,3
VAXLIP,salt,1
VAXQUI,cocrystal,2
VAXRAP,cocrystal,2
VAXRIX,salt,1
VAXROD,salt,1
VAXRUJ,salt,1
VAXSAQ,cocrystal,2
VAXVOH,cocrystal,2
VAXVUN,cocrystal,2
VAXWEY,cocrystal,2
VAYDUY,hydrate,3
VAYFAG,salt,1
VAYFOU,salt,1
VAYFUA,salt,1
VAYGIM,salt,1
VAYGUY,cocrystal,2
VAYLAI,solvate,4
VAZBIJ,cocrystal,2
VAZCUV,salt,1
VAZDAC,salt,1
VAZGIN,salt,1
VAZJAI,salt,1
VAZJUD,hydrate,3
VAZKIQ,salt,1
VAZLOA,cocrystal,2
VAZMIV,cocrystal,2
VAZMUH,cocrystal,2
VAZNAO,cocrystal,2
VAZXUS,hydrate,3
VAZZEB,salt,1
VEBKIY,salt,1
VEBMAT,salt,1
VEBMEX,salt,1
VEBMUO,cocrystal,2
VEBPOL,salt,1
VEBZAH,cocrystal,2
VECGER,hydrate,3
VECGOB,salt,1
VECGUH,hydrate,3
VECHAO,salt,1
VECHUH,cocrystal,2
VECJAP,cocrystal,2
VECJOD,salt,1
VECKEU,salt,1
VECKIY,salt,1
VECLIY,cocrystal,2
VECLOF,salt,1
VECMEW,salt,1
VECTOP,salt,1
VECTUV,solvate,4
VECVAC,salt,1
VECVAD,salt,1
VECVEH,cocrystal,2
VECXOR,salt,1
VECXUX,salt,1
VECYAF,salt,1
VECYUB,hydrate,3
VEDBUC,hydrate,3
VEDFAM,cocrystal,2
VEDKUO,cocrystal,2
VEDLOI,cocrystal,2
VEDLUO,hydrate,3
VEDMAT,salt,1
VEDMAV,hydrate,3
VEDMID,salt,1
VEDMOJ,salt,1
VEDNEY,salt,1
VEDXOT,salt,1
VEDYEK,hydrate,3
VEDYIO,hydrate,3
VEDYOU,cocrystal,2
VEDYUA,solvate,4
VEFBEQ,hydrate,3
VEFBIU,hydrate,3
VEFBOA,hydrate,3
VEFBUG,hydrate,3
VEFCAN,hydrate,3
VEFCER,hydrate,3
VEFCOB,hydrate,3
VEFCUH,hydrate,3
VEFJAV,hydrate,3
VEFJOH,salt,1
VEFLOI,salt,1
VEFLOJ,hydrate,3
VEFMOL,salt,1
VEFNAY,hydrate,3
VEFNEC,salt,1
VEFQEE,salt,1
VEFQIJ,salt,1
VEFVIM,cocrystal,2
VEFVOS,salt,1
VEFWAF,cocrystal,2
VEFZEM,cocrystal,2
VEGFIY,cocrystal,2
VEGHOH,hydrate,3
VEGHUN,hydrate,3
VEGLEZ,salt,1
VEGQEG,cocrystal,2
VEGYAL,cocrystal,2
VEGYEP,cocrystal,2
VEGZOW,salt,1
VEHDIW,cocrystal,2
VEHGEU,salt,1
VEHNIF,cocrystal,2
VEHQOP,salt,1
VEHQUV,salt,1
VEHYEP,salt,1
VEHZEN,salt,1
VEJBES,salt,1
VEJBIW,salt,1
VEJBOC,salt,1
VEJCAP,salt,1
VEJCET,salt,1
VEJCIX,salt,1
VEJDIZ,hydrate,3
VEJHUQ,salt,1
VEJJAY,salt,1
VEJJEC,salt,1
VEJJIG,salt,1
VEJJOM,salt,1
VEJKEE,salt,1
VEJKIH,salt,1
VEJLEE,salt,1
VEJMIJ,hydrate,3
VEJNIK,hydrate,3
VEJNOQ,salt,1
VEJPIN,salt,1
VEJQAC,salt,1
VEJQAG,cocrystal,2
VEJQEG,salt,1
VEJQEK,cocrystal,2
VEJQIK,salt,1
VEJQIN,cocrystal,2
VEJQOT,hydrate,3
VEJQUZ,hydrate,3
VEJRIO,cocrystal,2
VEJTIR,cocrystal,2
VEJVUB,salt,1
VEJVUD,salt,1
VEJWAI,salt,1
VEJWIU,salt,1
VEJYUH,cocrystal,2
VEJZAO,cocrystal,2
VEJZIW,cocrystal,2
VEJZOC,cocrystal,2
VEKBAR,solvate,4
VEKBEV,cocrystal,2
VEKBOC,cocrystal,2
VEKBOF,salt,1
VEKKEB,cocrystal,2
VEKKIF,cocrystal,2
VEKKOL,solvate,4
VEKKOO,salt,1
VEKKUR,cocrystal,2
VEKKUU,hydrate,3
VEKLUV,salt,1
VEKMON,salt,1
VEKQEK,salt,1
VEKTAG,cocrystal,2
VEKVEQ,solvate,4
VEKVIU,solvate,4
VEKVOA,solvate,4
VEKXEP,salt,1
VEKZES,hydrate,3
VEKZIW,salt,1
VEKZUI,solvate,4
VELBAR,solvate,4
VELBEV,solvate,4
VELBIA,cocrystal,2
VELCAT,salt,1
VELDAR,salt,1
VELFAX,hydrate,3
VELJEE,hydrate,3
VELLUW,salt,1
VELPAE,salt,1
VELPUZ,solvate,4
VELREM,hydrate,3
VELRIQ,hydrate,3
VELROW,hydrate,3
VELRUC,hydrate,3
VELVIU,cocrystal,2
VELVOA,cocrystal,2
VELVUG,cocrystal,2
VELWAN,cocrystal,2
VELWER,cocrystal,2
VELWOB,cocrystal,2
VELWUF,hydrate,3
VELWUH,cocrystal,2
VELXAO,cocrystal,2
VELXES,cocrystal,2
VELXIW,cocrystal,2
VELZIV,cocrystal,2
VEMJII,hydrate,3
VEMKUT,cocrystal,2
VEMLAA,cocrystal,2
VEMPIQ,salt,1
VEMPOV,salt,1
VEMPUB,salt,1
VEMQAI,salt,1
VEMQEM,salt,1
VEMRIS,solvate,4
VEMRUE,solvate,4
VEMSEL,hydrate,3
VEMSEP,solvate,4
VEMSIT,salt,1
VEMSOZ,salt,1
VEMTOA,salt,1
VEMVUI,salt,1
VEMZIX,cocrystal,2
VEMZUL,cocrystal,2
VENLUV,cocrystal,2
VENPAJ,cocrystal,2
VENPEN,cocrystal,2
VENPIR,cocrystal,2
VENPOX,cocrystal,2
VENSAJ,solvate,4
VENWIU,hydrate,3
VENXUL,salt,1
VENYUJ,cocrystal,2
VENZAR,salt,1
VENZEV,salt,1
VEPGIJ,salt,1
VEPMEJ,salt,1
VEPSOA,hydrate,3
VEPSUG,hydrate,3
VEPTOA,salt,1
VEPWAP,salt,1
VEPWIX,salt,1
VEPWOF,cocrystal,2
VEPWUL,cocrystal,2
VEPXAS,cocrystal,2
VEQDOK,salt,1
VEQHAB,salt,1
VEQHEF,salt,1
VEQHIJ,salt,1
VEQHOP,salt,1
VEQHUV,salt,1
VEQJEH,cocrystal,2
VEQKIL,cocrystal,2
VEQKIN,salt,1
VEQKIO,salt,1
VEQKOU,salt,1
VEQQUE,cocrystal,2
VEQRAL,cocrystal,2
VEQTES,hydrate,3
VEQTIW,hydrate,3
VERHOT,hydrate,3
VERHUZ,salt,1
VERJUY,cocrystal,2
VERLIN,salt,1
VERPOY,salt,1
VERRUC,cocrystal,2
VERTOC,hydrate,3
VESCUS,cocrystal,2
VESDAB,cocrystal,2
VESDEF,cocrystal,2
VESDIJ,cocrystal,2
VESDUV,cocrystal,2
VESJUZ,salt,1
VESKAG,salt,1
VESRUH,salt,1
VESRUJ,cocrystal,2
VESSAO,hydrate,3
VESSAQ,hydrate,3
VESSES,hydrate,3
VESSIW,salt,1
VESSOC,salt,1
VESSUI,salt,1
VESTAP,salt,1
VESTET,salt,1
VESTIX,salt,1
VESTOD,salt,1
VESTUJ,salt,1
VESWIB,cocrystal,2
VESWUN,cocrystal,2
VESWUO,cocrystal,2
VESXAU,cocrystal,2
VESXAV,cocrystal,2
VESXEZ,cocrystal,2
VESXIC,cocrystal,2
VESXOI,cocrystal,2
VESXUO,cocrystal,2
VESYEZ,cocrystal,2
VESYID,cocrystal,2
VESYUQ,cocrystal,2
VESZAX,cocrystal,2
VESZEB,cocrystal,2
VESZIF,cocrystal,2
VESZOL,hydrate,3
VETGUY,salt,1
VETHIN,salt,1
VETHOT,salt,1
VETLAJ,solvate,4
VETLUB,salt,1
VETMAI,salt,1
VETMUF,salt,1
VETQIU,salt,1
VETVUM,solvate,4
VETWAT,hydrate,3
VETWEX,hydrate,3
VETWIB,hydrate,3
VEVBEG,salt,1
VEVFIN,cocrystal,2
VEVFUZ,cocrystal,2
VEVGAG,cocrystal,2
VEVGEK,cocrystal,2
VEVGIO,cocrystal,2
VEVGOU,cocrystal,2
VEVGUA,cocrystal,2
VEVKEP,cocrystal,2
VEVLIS,hydrate,3
VEVMAN,cocrystal,2
VEVMOY,cocrystal,2
VEVNIU,hydrate,3
VEVPOD,cocrystal,2
VEVPUJ,salt,1
VEVQAQ,salt,1
VEVSAR,hydrate,3
VEVXAV,cocrystal,2
VEVYAW,hydrate,3
VEVYIE,cocrystal,2
VEVYIG,cocrystal,2
VEVYOM,cocrystal,2
VEVZED,cocrystal,2
VEVZIH,cocrystal,2
VEVZON,cocrystal,2
VEWBOR,salt,1
VEWFEM,cocrystal,2
VEWFOW,hydrate,3
VEWJAI,salt,1
VEWJIQ,cocrystal,2
VEWLUI,hydrate,3
VEWMAP,salt,1
VEWMET,salt,1
VEWPUK,cocrystal,2
VEWRIY,hydrate,3
VEWVUR,solvate,4
VEWZOM,salt,1
VEXHIT,salt,1
VEXJOX,cocrystal,2
VEXMIU,hydrate,3
VEXMUG,salt,1
VEXQEX,hydrate,3
VEXQIB,salt,1
VEXQOE,cocrystal,2
VEXQUK,cocrystal,2
VEXQUN,hydrate,3
VEXVIE,salt,1
VEXWUQ,cocrystal,2
VEXXUS,salt,1
VEXYIK,cocrystal,2
VEXYOQ,cocrystal,2
VEXZAB,salt,1
VEXZOQ,hydrate,3
VEXZUW,hydrate,3
VEXZUX,salt,1
VEYBAF,hydrate,3
VEYBAG,hydrate,3
VEYBEJ,salt,1
VEYFOY,hydrate,3
VEYHIT,cocrystal,2
VEYJAK,hydrate,3
VEYKUI,salt,1
VEYLAP,salt,1
VEYLET,salt,1
VEYLIX,cocrystal,2
VEYLUJ,cocrystal,2
VEYMAP,salt,1
VEYMAQ,hydrate,3
VEYMEU,salt,1
VEYMIY,hydrate,3
VEYMOE,salt,1
VEYRAT,hydrate,3
VEYSEY,salt,1
VEZDOT,salt,1
VEZPAU,salt,1
VEZPEY,salt,1
VEZPIC,salt,1
VEZRAW,salt,1
VEZTEA,cocrystal,2
VEZVOO,salt,1
VEZWOM,salt,1
VEZXOQ,cocrystal,2
VIBBUG,solvate,4
VIBCAN,solvate,4
VIBLEY,cocrystal,2
VIBNOK,salt,1
VIBNUQ,salt,1
VIBPIF,cocrystal,2
VIBWAI,cocrystal,2
VIBYOX,cocrystal,2
VIBYUD,salt,1
VICFOC,cocrystal,2
VICHOF,cocrystal,2
VICKEX,salt,1
VICLEZ,cocrystal,2
VICPOM,salt,1
VICTUA,cocrystal,2
VICVAH,salt,1
VICVEL,salt,1
VICXAG,cocrystal,2
VICXAH,salt,1
VICXOV,salt,1
VICXUB,salt,1
VICYEM,salt,1
VICYUB,salt,1
VICZAI,salt,1
VIDHUO,salt,1
VIDLOM,cocrystal,2
VIDSOT,hydrate,3
VIDVOX,salt,1
VIDVUD,salt,1
VIFCUM,salt,1
VIFFEV,cocrystal,2
VIFGUO,cocrystal,2
VIFJOK,salt,1
VIFJUQ,salt,1
VIFKUR,cocrystal,2
VIFKUS,salt,1
VIFLAZ,salt,1
VIFLIG,salt,1
VIFMII,salt,1
VIFROR,salt,1
VIFSIM,cocrystal,2
VIFSIN,salt,1
VIFVIT,salt,1
VIFVOZ,hydrate,3
VIFZES,solvate,4
VIFZIW,salt,1
VIGBUI,salt,1
VIGDIZ,salt,1
VIGFAT,cocrystal,2
VIGFEX,cocrystal,2
VIGFIB,cocrystal,2
VIGFOH,cocrystal,2
VIGFUN,cocrystal,2
VIGGAU,cocrystal,2
VIGGEY,cocrystal,2
VIGGIC,hydrate,3
VIGGOI,cocrystal,2
VIGGUO,cocrystal,2
VIGHEA,salt,1
VIGJEA,salt,1
VIGKIF,cocrystal,2
VIGKUR,cocrystal,2
VIGLEC,cocrystal,2
VIGLOM,cocrystal,2
VIGLUT,salt,1
VIGMAA,salt,1
VIGNII,cocrystal,2
VIGPUX,salt,1
VIGROS,salt,1
VIGRUY,salt,1
VIGSUZ,hydrate,3
VIGTAG,cocrystal,2
VIGTOV,hydrate,3
VIGVOW,cocrystal,2
VIGWAJ,salt,1
VIGZAQ,salt,1
VIHBOH,salt,1
VIHGOI,cocrystal,2
VIHHAY,cocrystal,2
VIHJEF,salt,1
VIHJII,hydrate,3
VIHKIK,salt,1
VIHKOQ,salt,1
VIHKUU,cocrystal,2
VIHKUW,salt,1
VIHLAD,salt,1
VIHMOQ,cocrystal,2
VIHNOT,salt,1
VIHNUZ,hydrate,3
VIHRUB,salt,1
VIHTUD,hydrate,3
VIHYAO,salt,1
VIJBOF,hydrate,3
VIJGIE,salt,1
VIJLUW,solvate,4
VIJPAF,salt,1
VIJQOY,salt,1
VIJTIR,cocrystal,2
VIJVAL,cocrystal,2
VIJVEP,solvate,4
VIJYES,cocrystal,2
VIKFUU,salt,1
VIKLOR,cocrystal,2
VIKLUX,cocrystal,2
VIKSOZ,cocrystal,2
VIKSUF,salt,1
VIKTER,salt,1
VIKTIV,salt,1
VIKTUF,cocrystal,2
VIKVAN,cocrystal,2
VIKVIV,cocrystal,2
VIKVOB,cocrystal,2
VIKWET,salt,1
VIKWIX,salt,1
VILFEB,cocrystal,2
VILFIF,cocrystal,2
VILFUU,cocrystal,2
VILGAB,cocrystal,2
VILLUA,salt,1
VILRUE,cocrystal,2
VILSEP,cocrystal,2
VILSIT,cocrystal,2
VILVIV,hydrate,3
VILWOF,salt,1
VILYEU,cocrystal,2
VILZEY,cocrystal,2
VIMFUW,hydrate,3
VIMGAD,salt,1
VIMGEH,salt,1
VIMHEG,salt,1
VIMHII,salt,1
VIMHIK,salt,1
VIMJAF,cocrystal,2
VIMMEL,cocrystal,2
VIMNOL10,salt,1
VIMPEN,cocrystal,2
VIMPOW,salt,1
VIMROY,cocrystal,2
VINCAY,salt,1
VINCEC,salt,1
VINCIG,solvate,4
VINCOA,salt,1
VINCUS,salt,1
VINNIQ,salt,1
VINQIU,salt,1
VINWAR,hydrate,3
VINWAU,salt,1
VIPCUS,hydrate,3
VIPCUW,solvate,4
VIPDEH,salt,1
VIPDIL,salt,1
VIPMAK,salt,1
VIPMUE,salt,1
VIPQIV,cocrystal,2
VIPRUK,cocrystal,2
VIPSEV,solvate,4
VIPSOF,salt,1
VIPVIB,cocrystal,2
VIPVOH,hydrate,3
VIPWAV,cocrystal,2
VIPWEY,salt,1
VIPWOH,hydrate,3
VIPWUN,hydrate,3
VIPXAU,hydrate,3
VIPXIE,salt,1
VIPXOJ,cocrystal,2
VIPXOK,salt,1
VIPXUP,cocrystal,2
VIPXUQ,salt,1
VIPYAX,cocrystal,2
VIPYEA,salt,1
VIPYEB,cocrystal,2
VIPYOL,cocrystal,2
VIPYUR,cocrystal,2
VIPZAY,cocrystal,2
VIPZOM,salt,1
VIPZUS,salt,1
VIQDUW,cocrystal,2
VIQKOV,hydrate,3
VIQKUE,cocrystal,2
VIQMAM,cocrystal,2
VIQNAO,salt,1
VIQPUH,salt,1
VIQYUS,salt,1
VIQZAZ,salt,1
VIRKIU,cocrystal,2
VIRKOA,hydrate,3
VIRRIB,salt,1
VIRSUM,cocrystal,2
VIRTEX,cocrystal,2
VIRWUO,salt,1
VIRYOM,cocrystal,2
VIRZED,cocrystal,2
VISBOP,cocrystal,2
VISDUZ,salt,1
VISFAH,salt,1
VISKAJ,salt,1
VISLIW,cocrystal,2
VISMUI,salt,1
VISSUM,salt,1
VISTAT,salt,1
VISVOK,hydrate,3
VISVUQ,salt,1
VISWAX,cocrystal,2
VISWOL,hydrate,3
VITFAJ,hydrate,3
VITFEN,hydrate,3
VITFIQ,salt,1
VITFOX,salt,1
VITGAH,salt,1
VITHIS,salt,1
VITJIU,salt,1
VITKEP,cocrystal,2
VITKIT,cocrystal,2
VITKOZ,cocrystal,2
VITPIA,salt,1
VITQOG,salt,1
VITSAU,salt,1
VITTAV,salt,1
VITTUO,salt,1
VITWIE,cocrystal,2
VITXEE,cocrystal,2
VITXUR,salt,1
VIVCEL,salt,1
VIVLEU,salt,1
VIVQIB,hydrate,3
VIVQOH,hydrate,3
VIVQUN,hydrate,3
VIVTIE,salt,1
VIVTOK,salt,1
VIVTUQ,salt,1
VIVVAY,salt,1
VIVVEC,salt,1
VIVYUU,cocrystal,2
VIVZAB,cocrystal,2
VIVZEF,cocrystal,2
VIVZIJ,cocrystal,2
VIVZOP,cocrystal,2
VIVZUV,cocrystal,2
VIWBAE,cocrystal,2
VIWBEI,cocrystal,2
VIWBIM,cocrystal,2
VIWDUB,hydrate,3
VIWFEN,cocrystal,2
VIWFIR,cocrystal,2
VIWFOX,salt,1
VIWPEZ,hydrate,3
VIWRAU,hydrate,3
VIWYAD,salt,1
VIWYEH,hydrate,3
VIWYIL,hydrate,3
VIXDAK,salt,1
VIXFOZ,salt,1
VIXGOY,salt,1
VIXLAR,cocrystal,2
VIXLIZ,salt,1
VIXLUL,salt,1
VIXRIF,cocrystal,2
VIXWIL,cocrystal,2
VIXWOR,cocrystal,2
VIXWUU,salt,1
VIXWUX,cocrystal,2
VIXXAE,cocrystal,2
VIYKOG,solvate,4
VIYNUN,hydrate,3
VIYPIF,salt,1
VIYYEK,hydrate,3
VIZDOZ,cocrystal,2
VIZDUF,hydrate,3
VIZKOG,salt,1
VIZNUO,cocrystal,2
VIZPAW,cocrystal,2
VIZPEA,cocrystal,2
VIZPIE,cocrystal,2
VIZPOK,cocrystal,2
VIZPUQ,cocrystal,2
VIZQAX,cocrystal,2
VIZQEB,cocrystal,2
VIZQIF,cocrystal,2
VIZQOL,cocrystal,2
VIZQUR,cocrystal,2
VIZRAY,cocrystal,2
VIZRIG,cocrystal,2
VIZROM,cocrystal,2
VIZSED,cocrystal,2
VIZSUV,salt,1
VIZWEI,salt,1
VOBCOH,salt,1
VOBGOK,salt,1
VOBHAX,salt,1
VOBMEE,salt,1
VOBMOO,salt,1
VOBNIK,cocrystal,2
VOBPEK,solvate,4
VOBVUE,hydrate,3
VOBWAL,salt,1
VOBWEP,hydrate,3
VOBWUG,salt,1
VOBXAN,hydrate,3
VOBXEP,salt,1
VOBYET,cocrystal,2
VOBZAQ,cocrystal,2
VOBZUJ,salt,1
VOCBAS,salt,1
VOCBIA,salt,1
VOCBIB,salt,1
VOCBOG,salt,1
VOCCAT,salt,1
VOCCEX,salt,1
VOCCIB,salt,1
VOCCUN,hydrate,3
VOCHIE,cocrystal,2
VOCHOK,cocrystal,2
VOCJAY,cocrystal,2
VOCKAA,salt,1
VOCLUX,salt,1
VOCNAF,solvate,4
VOCTEN,cocrystal,2
VOCTEO,cocrystal,2
VOCTIR,cocrystal,2
VOCTOX,cocrystal,2
VOCTUD,cocrystal,2
VOCVAL,cocrystal,2
VOCVIT,cocrystal,2
VOCZAP,salt,1
VOCZET,cocrystal,2
VODCOH,cocrystal,2
VODHEC,salt,1
VODTUD,cocrystal,2
VOFRUD,salt,1
VOFTUH,salt,1
VOFVUK,cocrystal,2
VOGGUW,salt,1
VOGTET,salt,1
VOGTIX,salt,1
VOHCAY,hydrate,3
VOHCEC,salt,1
VOHCIG,salt,1
VOHCOM,salt,1
VOHCUQ,solvate,4
VOHKAG,cocrystal,2
VOHKEJ,solvate,4
VOHKEK,cocrystal,2
VOHKIO,solvate,4
VOHKOU,cocrystal,2
VOHKUA,cocrystal,2
VOHMIP,cocrystal,2
VOHMOU,salt,1
VOHVIX,cocrystal,2
VOHWUL,cocrystal,2
VOHXEW,salt,1
VOJFEI,solvate,4
VOJFUY,hydrate,3
VOJGAC,salt,1
VOJGEG,solvate,4
VOJGIN,salt,1
VOJHAE,cocrystal,2
VOJKEN,cocrystal,2
VOJKIR,cocrystal,2
VOJKOX,cocrystal,2
VOJKUD,cocrystal,2
VOJLEN,salt,1
VOJLUD,salt,1
VOJNAM,solvate,4
VOJPOC,hydrate,3
VOJREU,cocrystal,2
VOJRIY,cocrystal,2
VOJROE,solvate,4
VOJTAS,salt,1
VOJVOH,salt,1
VOJXUP,solvate,4
VOJYAW,solvate,4
VOJYUQ,solvate,4
VOJYUR,salt,1
VOJZAX,solvate,4
VOJZIG,salt,1
VOKBUV,hydrate,3
VOKDIL,salt,1
VOKFAF,hydrate,3
VOKJOX,hydrate,3
VOKNOA,hydrate,3
VOKPIX,cocrystal,2
VOKYEC,cocrystal,2
VOLFUZ,salt,1
VOLGAG,salt,1
VOLTUM,hydrate,3
VOLWEA,hydrate,3
VOLWUQ,salt,1
VOLZUU,cocrystal,2
VOMGUA,cocrystal,2
VOMHAH,cocrystal,2
VOMHIP,cocrystal,2
VOMHOV,cocrystal,2
VOMROF,salt,1
VOMRUL,salt,1
VOMRUN,salt,1
VOMSAS,salt,1
VOMTAT,solvate,4
VOMTIB,solvate,4
VOMTOI,cocrystal,2
VONFAI,salt,1
VONPET,cocrystal,2
VONTEY,cocrystal,2
VONTIC,salt,1
VONXIG,salt,1
VOPCOU,cocrystal,2
VOPCUA,cocrystal,2
VOPFAJ,solvate,4
VOPJUG,hydrate,3
VOPLAO,salt,1
VOPQAU,salt,1
VOPQEZ,cocrystal,2
VOPSEA,salt,1
VOPVED,salt,1
VOPXOO,salt,1
VOPYAB,solvate,4
VOPYEF,hydrate,3
VOPYIJ,salt,1
VOPYOP,salt,1
VOPZOQ,salt,1
VOQCEM,cocrystal,2
VOQCIQ,cocrystal,2
VOQCOW,cocrystal,2
VOQCUC,cocrystal,2
VOQDAJ,cocrystal,2
VOQHER,cocrystal,2
VOQKOB,cocrystal,2
VOQKUH,hydrate,3
VOQLAO,hydrate,3
VOQLES,hydrate,3
VOQLIW,hydrate,3
VOQWIK,salt,1
VORCIP,salt,1
VORDAI,cocrystal,2
VORDEM,hydrate,3
VORLAQ,hydrate,3
VORLOE,cocrystal,2
VORMOF,salt,1
VORNUM,salt,1
VORSUR,hydrate,3
VORTUU,salt,1
VORVOQ,salt,1
VORVUW,solvate,4
VORWIL,hydrate,3
VORXIJ,cocrystal,2
VOSHET,cocrystal,2
VOSMIC,salt,1
VOSMOI,salt,1
VOSREC,cocrystal,2
VOSSIH,salt,1
VOSWOS,salt,1
VOTBEL,hydrate,3
VOTBUB,hydrate,3
VOTMEY,salt,1
VOTMIC,salt,1
VOVRAB,cocrystal,2
VOVSIL,salt,1
VOVSUX,salt,1
VOVTAD,cocrystal,2
VOVTAE,salt,1
VOVTEI,solvate,4
VOVTIM,salt,1
VOVTOS,salt,1
VOVVUA,salt,1
VOVYEM,salt,1
VOVZEN,salt,1
VOWCIW,salt,1
VOWCOC,hydrate,3
VOWHOE,salt,1
VOWHUK,salt,1
VOWTEG,salt,1
VOXMAW,salt,1
VOXWAI,cocrystal,2
VOYMAA,cocrystal,2
VOYMEE,salt,1
VOYNEF,salt,1
VOYNUS,cocrystal,2
VOYPAA,salt,1
VOYSAD,salt,1
VOYTOV,cocrystal,2
VOYXEM,salt,1
VOYXOW,cocrystal,2
VOZGOI,salt,1
VOZHOJ,salt,1
VOZHUP,salt,1
VOZJAX,salt,1
VOZJEB,hydrate,3
VOZNIJ,cocrystal,2
VOZNOP,cocrystal,2
VOZNUV,cocrystal,2
VUCBAY,salt,1
VUCCAX,cocrystal,2
VUCCUR,salt,1
VUCDUS,salt,1
VUCHIL,salt,1
VUCHOR,salt,1
VUCWOG,cocrystal,2
VUCXEX,salt,1
VUCXIB,salt,1
VUCXOH,salt,1
VUDKOX,salt,1
VUDLIS,salt,1
VUDPAM,salt,1
VUDSIY,salt,1
VUFFUY,salt,1
VUFRAQ,hydrate,3
VUFROE,salt,1
VUFZIF,salt,1
VUGMIT,cocrystal,2
VUGMOZ,cocrystal,2
VUGNUG,salt,1
VUGPAR,salt,1
VUGPEV,hydrate,3
VUGQEV,salt,1
VUGSUL,solvate,4
VUGTUN,solvate,4
VUHFEM,hydrate,3
VUHFIO,cocrystal,2
VUHKEO,cocrystal,2
VUHSIA,salt,1
VUHTAT,salt,1
VUHTEX,salt,1
VUHVUR,cocrystal,2
VUHYUU,salt,1
VUHZIK,cocrystal,2
VUHZOO,salt,1
VUHZOQ,cocrystal,2
VUHZUU,salt,1
VUJDOT,cocrystal,2
VUJSOJ,cocrystal,2
VUJTAW,cocrystal,2
VUJXIH,salt,1
VUKDIO,cocrystal,2
VUKDOU,cocrystal,2
VUKDUB,salt,1
VUKGAL,salt,1
VUKGEP,salt,1
VUKGIT,salt,1
VUKGOZ,salt,1
VUKJAN,salt,1
VUKJIV,hydrate,3
VUKJUH,hydrate,3
VUKPEY,salt,1
VUKPIC,salt,1
VUKQAV,salt,1
VUKQEZ,hydrate,3
VUKQOJ,salt,1
VUKRID,salt,1
VUKROJ,salt,1
VUKSAW,salt,1
VUKSEA,salt,1
VUKSEC,cocrystal,2
VUKSIE,salt,1
VUKSIG,cocrystal,2
VUKSUQ,salt,1
VUKTAX,salt,1
VUKTEB,salt,1
VUKTUR,salt,1
VUKVAB,salt,1
VUKZIL,salt,1
VULCIR,salt,1
VULDUC,hydrate,3
VULLEV,cocrystal,2
VULLIZ,cocrystal,2
VULNAU,cocrystal,2
VULSUR,salt,1
VULTAY,hydrate,3
VULTEC,cocrystal,2
VULTIG,hydrate,3
VULTOM,salt,1
VULVOP,salt,1
VULVUV,salt,1
VULYOR,salt,1
VUMDAJ,salt,1
VUMFOB,salt,1
VUMFUH,salt,1
VUMGAO,salt,1
VUMTAB,salt,1
VUMTEF,salt,1
VUMTUT,salt,1
VUNNAU,hydrate,3
VUNNEY,hydrate,3
VUNRON,cocrystal,2
VUNSAZ,salt,1
VUPQUV,salt,1
VUPSIL,cocrystal,2
VUPTUW,salt,1
VUQBUG,salt,1
VUQJOH,hydrate,3
VUQMIE,solvate,4
VUQMUQ,solvate,4
VUQNAY,cocrystal,2
VUQQEF,hydrate,3
VUQQIJ,hydrate,3
VUQVUZ,cocrystal,2
VUQXEL,salt,1
VURBEP,salt,1
VURBIT,salt,1
VURBUG,salt,1
VURCER,salt,1
VURCIV,salt,1
VURCOB,salt,1
VURCUH,salt,1
VURDAO,salt,1
VURDES,salt,1
VURDIW,salt,1
VURDOC,hydrate,3
VURFAQ,salt,1
VURFEU,salt,1
VURKUP,salt,1
VURLAW,salt,1
VURMUR,hydrate,3
VURNAY,salt,1
VURNEC,salt,1
VURSOR,salt,1
VURSUX,salt,1
VURTIM,hydrate,3
VURWAH,salt,1
VURXOW,salt,1
VURYEN,salt,1
VURZIU,salt,1
VUSFOE,salt,1
VUSJOL,hydrate,3
VUSMAY,salt,1
VUSSAG,salt,1
VUSSIO,hydrate,3
VUSSOU,hydrate,3
VUSSUA,salt,1
VUSTAH,salt,1
VUSTEJ,salt,1
VUSVEK,salt,1
VUTCEV,salt,1
VUTFUO,cocrystal,2
VUTGEZ,cocrystal,2
VUTNAB,cocrystal,2
VUTQOR,salt,1
VUWKEE,hydrate,3
VUWKII,salt,1
VUWKOO,hydrate,3
VUWKUU,salt,1
VUWLEF,hydrate,3
VUWLIJ,salt,1
VUWLUV,salt,1
VUWMAC,salt,1
VUWPUA,cocrystal,2
VUWQEL,cocrystal,2
VUWQIP,cocrystal,2
VUWQOV,cocrystal,2
VUWQUB,cocrystal,2
VUWRAI,cocrystal,2
VUWREK,cocrystal,2
VUWXUG,salt,1
VUWYUH,salt,1
VUXBUN,salt,1
VUXCAU,salt,1
VUXJUT,hydrate,3
VUXKIK,salt,1
VUXMEI,cocrystal,2
VUXNAF,salt,1
VUXNEJ,salt,1
VUXNIN,salt,1
VUXNOT,salt,1
VUXRAI,cocrystal,2
VUXTUF,salt,1
VUXVES,salt,1
VUXVOB,salt,1
VUXWAN,solvate,4
VUXXAP,cocrystal,2
VUXXET,cocrystal,2
VUXXIX,cocrystal,2
VUXXUH,salt,1
VUXXUJ,salt,1
VUXYAP,salt,1
VUXYEU,salt,1
VUXYOD,salt,1
VUXZIA,salt,1
VUYHII,hydrate,3
VUYJUU,salt,1
VUYMAD,salt,1
VUYQUE,hydrate,3
VUYVIV,cocrystal,2
VUYWAQ,cocrystal,2
VUYWEU,cocrystal,2
VUYWOC,hydrate,3
VUZCIC,cocrystal,2
VUZCOI,cocrystal,2
VUZFAY,salt,1
VUZGIH,salt,1
VUZKEH,salt,1
VUZMEJ,cocrystal,2
VUZNIO,cocrystal,2
VUZRUE,salt,1
VUZSAL,salt,1
VUZSEP,salt,1
VUZWIX,salt,1
VUZYUL,hydrate,3
VUZZEW,cocrystal,2
VUZZIZ,cocrystal,2
VUZZUL,cocrystal,2
WABFAK,cocrystal,2
WABGEL,cocrystal,2
WABHIU,salt,1
WABKOC,hydrate,3
WABLIY,salt,1
WABNEV,salt,1
WABNOF,salt,1
WABSIB,salt,1
WABWEB,cocrystal,2
WABZII,salt,1
WACBEK,cocrystal,2
WACDEL,hydrate,3
WACDEN,cocrystal,2
WACFIP,solvate,4
WACLUJ,hydrate,3
WACNIA,salt,1
WACNOF,salt,1
WACPIB,salt,1
WACSAW,cocrystal,2
WACTOL,salt,1
WACVED,cocrystal,2
WADBIM,cocrystal,2
WADBOU,salt,1
WADBUA,hydrate,3
WADBUB,salt,1
WADGUG,salt,1
WADJUI,cocrystal,2
WADKOD,hydrate,3
WADLAQ,salt,1
WADMAS,salt,1
WADMEW,salt,1
WADMIA,salt,1
WADMOG,salt,1
WADMUM,salt,1
WADNAT,salt,1
WADNUN,salt,1
WADPEZ,salt,1
WADPIC,salt,1
WADQUO,salt,1
WADROK,hydrate,3
WADTOM,cocrystal,2
WADVAA,salt,1
WADWAB,hydrate,3
WADWAC,salt,1
WADXEH,salt,1
WADXUX,cocrystal,2
WADZAE,salt,1
WADZAG,salt,1
WADZEK,hydrate,3
WAFCOX,salt,1
WAFDIS,hydrate,3
WAFFUG,cocrystal,2
WAFKEV,salt,1
WAFKUL,salt,1
WAFKUN,salt,1
WAFLEW,salt,1
WAFNEY,hydrate,3
WAFNIB,cocrystal,2
WAFNOH,cocrystal,2
WAFNUN,cocrystal,2
WAFPAV,hydrate,3
WAFRIF,salt,1
WAFRIH,salt,1
WAGCUG,salt,1
WAGDER,cocrystal,2
WAGDOB,salt,1
WAGFET,hydrate,3
WAGFIX,salt,1
WAGFOD,salt,1
WAGFUJ,hydrate,3
WAGGIY,solvate,4
WAGPEA,cocrystal,2
WAGRAY,cocrystal,2
WAGZUC,salt,1
WAHDUF,hydrate,3
WAHGEV,salt,1
WAHGIZ,cocrystal,2
WAHNIG,hydrate,3
WAHQAB,hydrate,3
WAHQEF,salt,1
WAHWEL,hydrate,3
WAHWOT,cocrystal,2
WAHZIO,salt,1
WAJBOY,salt,1
WAJDOC,salt,1
WAJJUQ,salt,1
WAJKAW,salt,1
WAJNAX,salt,1
WAJPOP,salt,1
WAJPOQ,salt,1
WAJPUV,salt,1
WAJPUW,salt,1
WAJQAC,salt,1
WAJQEG,hydrate,3
WAJQIK,hydrate,3
WAJQOQ,hydrate,3
WAJRUW,salt,1
WAJSAD,salt,1
WAJSEH,salt,1
WAJSIL,salt,1
WAJSUX,salt,1
WAJTAE,salt,1
WAJTEI,salt,1
WAJVOU,cocrystal,2
WAJVUA,cocrystal,2
WAJWAH,cocrystal,2
WAJWEL,cocrystal,2
WAJWIP,hydrate,3
WAJWOU,hydrate,3
WAJWOV,hydrate,3
WAJWUB,hydrate,3
WAJXAI,cocrystal,2
WAJYAJ,salt,1
WAKDAR,salt,1
WAKFOE,salt,1
WAKHAS,salt,1
WAKJAW,salt,1
WAKJIF,hydrate,3
WAKJUR,cocrystal,2
WAKKAV,salt,1
WAKKAY,cocrystal,2
WAKKEC,cocrystal,2
WAKKIG,hydrate,3
WAKMUR,salt,1
WAKNAA,hydrate,3
WAKNEE,salt,1
WAKROS,salt,1
WAKTUY,salt,1
WAKYAJ,salt,1
WALCOB,salt,1
WALFAQ,hydrate,3
WALFIC,salt,1
WALHUM,cocrystal,2
WALKIE,salt,1
WALNED,cocrystal,2
WALNIH,cocrystal,2
WALNON,cocrystal,2
WALNUT,cocrystal,2
WALTUZ,cocrystal,2
WALXUC,solvate,4
WAMDIA,salt,1
WAMFAU,salt,1
WAMFEY,salt,1
WAMKAZ,salt,1
WAMPOQ,salt,1
WANCOE,cocrystal,2
WANCUK,cocrystal,2
WANDAR,solvate,4
WANDEV,cocrystal,2
WANDIZ,hydrate,3
WANGOJ,solvate,4
WANHUO,salt,1
WANJIG,cocrystal,2
WANJOM,cocrystal,2
WANKAZ,salt,1
WANKED,salt,1
WANKIF,salt,1
WANKUR,salt,1
WANMAC,cocrystal,2
WANMEG,cocrystal,2
WANMIK,cocrystal,2
WANMOQ,cocrystal,2
WANNOP,cocrystal,2
WANNUV,cocrystal,2
WANPAD,solvate,4
WANPEH,solvate,4
WANPIL,cocrystal,2
WANPOR,cocrystal,2
WANPUW,hydrate,3
WANTOU,hydrate,3
WANTUA,salt,1
WANZOB,salt,1
WAPCAR,cocrystal,2
WAPHED,salt,1
WAPNIK,salt,1
WAPPOT,cocrystal,2
WAPPUA,salt,1
WAPQAH,salt,1
WAPQEL,salt,1
WAPQIP,solvate,4
WAPQOV,salt,1
WAPRIS,salt,1
WAPSEL,salt,1
WAPTAI,cocrystal,2
WAPTAK,salt,1
WAPVUF,salt,1
WAPXOA,cocrystal,2
WAQKIM,hydrate,3
WAQMIN,salt,1
WAQMOU,cocrystal,2
WAQMUA,hydrate,3
WAQNIM,cocrystal,2
WAQNOS,salt,1
WAQSOY,salt,1
WAQZEV,salt,1
WAQZOG,cocrystal,2
WAQZUM,cocrystal,2
WARBAV,salt,1
WARKAF,salt,1
WARKUW,cocrystal,2
WARPIP,cocrystal,2
WARQAI,cocrystal,2
WARTOY,salt,1
WARTUF,cocrystal,2
WARVAN,cocrystal,2
WASBEZ,salt,1
WASBUO,salt,1
WASCIG,hydrate,3
WASDAZ,salt,1
WASJIL,hydrate,3
WASJOR,hydrate,3
WASKIM,salt,1
WASKOQ,salt,1
WASLAD,cocrystal,2
WASLEH,cocrystal,2
WASLUX,solvate,4
WASNIN,salt,1
WASPOV,hydrate,3
WASRER,salt,1
WASRUG,salt,1
WATDED,salt,1
WATGIK,salt,1
WATHUY,salt,1
WATJOS,salt,1
WATJUY,salt,1
WATREP,cocrystal,2
WATSOA,salt,1
WATVUM,salt,1
WAVCEB,salt,1
WAVGUX,salt,1
WAVWIA,cocrystal,2
WAVXIB,salt,1
WAWDEE,cocrystal,2
WAWGEH,salt,1
WAWLEM,hydrate,3
WAWMAL,salt,1
WAWMOX,salt,1
WAWPAM,cocrystal,2
WAWPOA,salt,1
WAWVID,salt,1
WAWVOJ,hydrate,3
WAWZIF,hydrate,3
WAXGIO,cocrystal,2
WAXKOZ,cocrystal,2
WAXKUF,cocrystal,2
WAXSOG,cocrystal,2
WAXWIE,salt,1
WAXZAY,solvate,4
WAXZEC,solvate,4
WAXZIG,hydrate,3
WAYVOL,cocrystal,2
WAYWAY,salt,1
WAYWEC,salt,1
WAYWIG,salt,1
WAYWOM,salt,1
WAYYII,salt,1
WAYYUT,salt,1
WAZNUK,salt,1
WAZQUN,cocrystal,2
WAZXIE,salt,1
WAZXOM,salt,1
WAZZII,salt,1
WEBBEO,cocrystal,2
WEBCIT,salt,1
WEBGAN,solvate,4
WEBGET,cocrystal,2
WEBGUI,salt,1
WEBSIH,salt,1
WEBSON,salt,1
WEBTEE,salt,1
WEBTII,salt,1
WEBWOR,salt,1
WEBWUX,salt,1
WEBXAE,salt,1
WEBYUA,cocrystal,2
WEBZIQ,cocrystal,2
WEBZUC,cocrystal,2
WECBEP,cocrystal,2
WECCUE,salt,1
WECDAL,salt,1
WECDEP,salt,1
WECDIT,salt,1
WECDOZ,salt,1
WECHOF,salt,1
WECROP,cocrystal,2
WECTAB,salt,1
WECVEI,salt,1
WEDFOE,salt,1
WEDGUJ,salt,1
WEDJOI,hydrate,3
WEDKEX,salt,1
WEDKUN,cocrystal,2
WEDLAU,cocrystal,2
WEDLUN,cocrystal,2
WEDLUO,cocrystal,2
WEDMAV,cocrystal,2
WEDMEZ,cocrystal,2
WEDQOO,salt,1
WEDROP,salt,1
WEDRUS,solvate,4
WEDWUA,cocrystal,2
WEDXAH,cocrystal,2
WEDXEL,cocrystal,2
WEDXIP,cocrystal,2
WEDXOV,cocrystal,2
WEDXUB,cocrystal,2
WEFGIZ,cocrystal,2
WEFJIE,cocrystal,2
WEFJOK,cocrystal,2
WEFKAV,cocrystal,2
WEFKID,cocrystal,2
WEFKOJ,cocrystal,2
WEFKUP,hydrate,3
WEFLAW,hydrate,3
WEFLEA,salt,1
WEFLIE,salt,1
WEFMUQ,salt,1
WEFNEA,salt,1
WEFNUR,hydrate,3
WEFWAI,solvate,4
WEFWEN,hydrate,3
WEGFUN,cocrystal,2
WEGGAU,hydrate,3
WEGMIG,salt,1
WEGMOM,salt,1
WEGRIN,hydrate,3
WEGSEI,salt,1
WEGSIM,salt,1
WEGTUA,cocrystal,2
WEGVAI,cocrystal,2
WEHCIW,salt,1
WEHGAR,salt,1
WEHKOJ,hydrate,3
WEHLEB,cocrystal,2
WEHYIS,salt,1
WEHZAL,salt,1
WEHZAN,hydrate,3
WEJCEU,salt,1
WEJHID,cocrystal,2
WEJKAA,hydrate,3
WEJKII,salt,1
WEJKOO,salt,1
WEJVEP,salt,1
WEJWOX,cocrystal,2
WEKDID,cocrystal,2
WEKDUP,cocrystal,2
WEKQOU,salt,1
WEKVER,salt,1
WEKWAL,salt,1
WEKWOC,cocrystal,2
WELCAV,cocrystal,2
WELCID,cocrystal,2
WELDEA,cocrystal,2
WELDOK,cocrystal,2
WELDUP,salt,1
WELLAB,salt,1
WELNAG,salt,1
WELXUG,salt,1
WELYOF,salt,1
WELYUH,salt,1
WELZUJ,cocrystal,2
WEMGEC,salt,1
WEMHEB,cocrystal,2
WEMHII,solvate,4
WEMHOL,solvate,4
WEMHOO,solvate,4
WEMKIK,salt,1
WEMKOQ,salt,1
WEMPIR,salt,1
WEMQAH,cocrystal,2
WEMQEM,salt,1
WEMQIP,hydrate,3
WEMVUJ,cocrystal,2
WEMYET,salt,1
WEMYIX,salt,1
WENDAY,salt,1
WENDEC,salt,1
WENHIG,salt,1
WENHIH,cocrystal,2
WENLOT,cocrystal,2
WEPBID,cocrystal,2
WEPDIF,cocrystal,2
WEPFIH,hydrate,3
WEPGEG,cocrystal,2
WEPHUV,hydrate,3
WEPLEJ,salt,1
WEPQIS,hydrate,3
WEPSUG,cocrystal,2
WEPTAP,cocrystal,2
WEPTIV,salt,1
WEPTOB,cocrystal,2
WEPVAP,hydrate,3
WEPVET,salt,1
WEQFEF,hydrate,3
WEQHIN,cocrystal,2
WEQHOT,cocrystal,2
WEQNEP,hydrate,3
WEQPOA,salt,1
WEQRAP,hydrate,3
WEQRIX,hydrate,3
WEQROD,hydrate,3
WEQRUJ,hydrate,3
WERBAX,solvate,4
WERBUU,salt,1
WERCEB,salt,1
WERFEI,hydrate,3
WERHAD,cocrystal,2
WERLAH,salt,1
WERLAK,cocrystal,2
WERLEL,salt,1
WERLEO,salt,1
WERQOA,hydrate,3
WERQUG,salt,1
WESBEF,solvate,4
WESGUA,salt,1
WESZON,salt,1
WETBAC,salt,1
WETBIH,hydrate,3
WETDUV,salt,1
WETHOV,cocrystal,2
WETKEP,salt,1
WETKIT,salt,1
WETKUF,salt,1
WETLAM,salt,1
WETLOY,salt,1
WETMEQ,salt,1
WETNIS,salt,1
WETNOY,salt,1
WETNUE,salt,1
WETNUI,salt,1
WETPAM,salt,1
WETPIU,salt,1
WETPIY,salt,1
WETPOA,salt,1
WETPUG,salt,1
WETQOC,hydrate,3
WETRAP,salt,1
WETZAZ,salt,1
WEVKAK,cocrystal,2
WEVLOZ,salt,1
WEVNAN,salt,1
WEVPEW,salt,1
WEVPOC,hydrate,3
WEVSOF,salt,1
WEVWAW,salt,1
WEVWOJ,salt,1
WEVWUQ,salt,1
WEVWUS,salt,1
WEVYIF,cocrystal,2
WEWCIO,cocrystal,2
WEWCOT,salt,1
WEWDUA,cocrystal,2
WEWGEK,salt,1
WEWGIO,salt,1
WEWJIR,salt,1
WEWPEX,cocrystal,2
WEXGUB,salt,1
WEXKEP,cocrystal,2
WEXNEV,cocrystal,2
WEXQIA,cocrystal,2
WEXTAX,solvate,4
WEXVAA,salt,1
WEXVUR,cocrystal,2
WEXWAY,cocrystal,2
WEXWEC,cocrystal,2
WEXXED,cocrystal,2
WEXXIH,cocrystal,2
WEXXON,cocrystal,2
WEYCEM,salt,1
WEYFEN,cocrystal,2
WEYMOC,salt,1
WEYNUJ,cocrystal,2
WEYROH,cocrystal,2
WEYRUQ,salt,1
WEYWOO,cocrystal,2
WEYYOO,salt,1
WEYYUU,salt,1
WEYYUY,cocrystal,2
WEYZAB,salt,1
WEYZEF,salt,1
WEZBAE,solvate,4
WEZBEI,solvate,4
WEZBIM,solvate,4
WEZBUY,solvate,4
WEZCIQ,salt,1
WEZCUA,salt,1
WEZDOV,salt,1
WEZJIY,cocrystal,2
WEZNUK,salt,1
WEZPUQ,salt,1
WEZTIF,salt,1
WEZVEC,salt,1
WEZVUS,salt,1
WEZWOQ,salt,1
WEZWUW,salt,1
WEZXIL,salt,1
WEZXOQ,cocrystal,2
WEZXUW,cocrystal,2
WIBKOJ,salt,1
WIBLIC,hydrate,3
WIBSEH,cocrystal,2
WIBVEM,salt,1
WIBXIS,hydrate,3
WIBXOY,hydrate,3
WIBYOZ,salt,1
WIBZUG,cocrystal,2
WICBEQ,salt,1
WICBOB,hydrate,3
WICPEF,salt,1
WICPIJ,salt,1
WICVEM,cocrystal,2
WICYEQ,cocrystal,2
WICYIU,cocrystal,2
WICZUF,cocrystal,2
WIDBIU,salt,1
WIDDES,salt,1
WIDDIW,salt,1
WIDLAA,cocrystal,2
WIDNED,cocrystal,2
WIDRUW,cocrystal,2
WIFCAP,solvate,4
WIFHEC,cocrystal,2
WIFHIG,cocrystal,2
WIFHUR,salt,1
WIFJON,salt,1
WIFKOO,salt,1
WIFMOR,cocrystal,2
WIFNAB,salt,1
WIFYES,hydrate,3
WIFZES,solvate,4
WIFZIW,salt,1
WIFZOC,cocrystal,2
WIGBIZ,cocrystal,2
WIGBOF,hydrate,3
WIGCAS,solvate,4
WIGCEW,cocrystal,2
WIGFOJ,salt,1
WIGFUP,salt,1
WIGGAW,salt,1
WIGGEA,salt,1
WIGGIE,salt,1
WIGJIH,salt,1
WIGJUU,salt,1
WIGKIH,hydrate,3
WIGLAB,salt,1
WIGLOP,hydrate,3
WIGNAD,salt,1
WIGNIL,cocrystal,2
WIGQOU,hydrate,3
WIGRAI,cocrystal,2
WIGREM,cocrystal,2
WIGRIQ,cocrystal,2
WIGROW,cocrystal,2
WIGRUC,cocrystal,2
WIGSAJ,cocrystal,2
WIGSEN,cocrystal,2
WIGSIR,cocrystal,2
WIGSOX,cocrystal,2
WIGSUD,cocrystal,2
WIGTAK,cocrystal,2
WIGTEO,cocrystal,2
WIGTIS,cocrystal,2
WIGTOY,cocrystal,2
WIGTUE,cocrystal,2
WIGVAM,cocrystal,2
WIGVEQ,cocrystal,2
WIGVIU,cocrystal,2
WIGWOA,salt,1
WIGWUG,salt,1
WIGXEQ,cocrystal,2
WIGYES,salt,1
WIGZUJ,hydrate,3
WIHCAS,salt,1
WIHDOJ,cocrystal,2
WIHFAW,cocrystal,2
WIHFID,salt,1
WIHGID,hydrate,3
WIHJAA,salt,1
WIHJEE,hydrate,3
WIHTUG,salt,1
WIHZUJ,hydrate,3
WIJCIF,cocrystal,2
WIJCOL,cocrystal,2
WIJNEJ,salt,1
WIJNIM,hydrate,3
WIJNOS,salt,1
WIJPUA,solvate,4
WIJPUD,hydrate,3
WIJQIS,hydrate,3
WIJQUE,hydrate,3
WIKCOK,salt,1
WIKDUQ,salt,1
WIKGEC,salt,1
WIKHAA,salt,1
WIKHEE,salt,1
WIKJEF,salt,1
WIKLEH,salt,1
WIKQAL,salt,1
WIKTEP,cocrystal,2
WIKWEW,cocrystal,2
WIKWOC,hydrate,3
WILJUX,salt,1
WILKOR,salt,1
WILKUY,solvate,4
WILTEQ,salt,1
WILTOB,cocrystal,2
WILWIX,hydrate,3
WILXOH,salt,1
WIMCUR,hydrate,3
WINDAB,cocrystal,2
WINFIL,salt,1
WINFOR,salt,1
WINGAF,cocrystal,2
WINGOS,salt,1
WINJEJ,salt,1
WINJUZ,salt,1
WINLEL,salt,1
WINMIQ,cocrystal,2
WINMUC,salt,1
WINPAN,salt,1
WINPUH,hydrate,3
WINQAM,solvate,4
WINRET,salt,1
WINREU,hydrate,3
WINRIX,salt,1
WINROD,salt,1
WINROE,salt,1
WINRUJ,salt,1
WINSAQ,salt,1
WINSES,salt,1
WINTIW,cocrystal,2
WINTOC,cocrystal,2
WINXAW,salt,1
WINXEA,salt,1
WINXEZ,salt,1
WIPBIH,salt,1
WIPGEL,salt,1
WIPGUB,cocrystal,2
WIPJIQ,solvate,4
WIPNES,hydrate,3
WIPPIU,salt,1
WIPQOE,salt,1
WIPRUI,cocrystal,2
WIPTAU,cocrystal,2
WIPTIC,cocrystal,2
WIPTOH,cocrystal,2
WIPXAY,cocrystal,2
WIQFEL,salt,1
WIQFIP,hydrate,3
WIQNIV,cocrystal,2
WIQNOB,salt,1
WIRNEU,salt,1
WIRPIW,salt,1
WIRREU,salt,1
WIRRIY,salt,1
WIRROE,salt,1
WIRWID,cocrystal,2
WIRXEA,cocrystal,2
WIRXIE,cocrystal,2
WISMET,salt,1
WISMOD,salt,1
WISNAN,salt,1
WISNER,salt,1
WISROH,cocrystal,2
WISSAU,cocrystal,2
WISSIC,cocrystal,2
WISWAA,cocrystal,2
WISZAD,cocrystal,2
WISZEF,hydrate,3
WISZEH,cocrystal,2
WISZIL,cocrystal,2
WITGAH,cocrystal,2
WITGAJ,cocrystal,2
WITMUH,cocrystal,2
WITRID,salt,1
WITRUP,cocrystal,2
WITTOI,salt,1
WITVEC,cocrystal,2
WITZIJ,salt,1
WITZIK,salt,1
WITZOP,hydrate,3
WITZUV,salt,1
WIVBAF,solvate,4
WIVBEJ,salt,1
WIVBOT,solvate,4
WIVDUA,cocrystal,2
WIVFAI,cocrystal,2
WIVFEM,cocrystal,2
WIVFEN,solvate,4
WIVHEP,cocrystal,2
WIVHIT,cocrystal,2
WIVHOY,salt,1
WIVJIV,solvate,4
WIVPUM,salt,1
WIVQAT,salt,1
WIVQEX,salt,1
WIVQIB,salt,1
WIVQOH,salt,1
WIVQUN,hydrate,3
WIVSEA,cocrystal,2
WIVTON,cocrystal,2
WIVZEJ,hydrate,3
WIWBEL,hydrate,3
WIWBOV,hydrate,3
WIWHUH,hydrate,3
WIWJAQ,salt,1
WIWNAU,cocrystal,2
WIXDIS,cocrystal,2
WIXDOY,cocrystal,2
WIXDUE,cocrystal,2
WIXFAM,cocrystal,2
WIXFUG,salt,1
WIXHOA,salt,1
WIXTOP,salt,1
WIXXEH,salt,1
WIXZUZ,salt,1
WIYCIR,cocrystal,2
WIYDIS,cocrystal,2
WIYLAS,cocrystal,2
WIYLAT,cocrystal,2
WIYQIG,salt,1
WIYQOM,salt,1
WIYQUS,salt,1
WIYXOS,salt,1
WIYXUY,salt,1
WIYYAF,salt,1
WIYYEJ,salt,1
WIYYIN,salt,1
WIYYOT,salt,1
WIZBEN,salt,1
WIZBIR,salt,1
WIZFUG,salt,1
WIZGAN,salt,1
WIZLEX,salt,1
WIZMUQ,solvate,4
WIZXAF,salt,1
WIZXIN,hydrate,3
WIZZAH,salt,1
WOBBEV,salt,1
WOBDEZ,salt,1
WOBDID,salt,1
WOBJOM,cocrystal,2
WOBKUT,salt,1
WOBLOO,solvate,4
WOBNEH,hydrate,3
WOBPUB,hydrate,3
WOBQAI,salt,1
WOBQEK,cocrystal,2
WOBQEM,hydrate,3
WOBQIO,cocrystal,2
WOBQIQ,salt,1
WOBQOW,salt,1
WOBQUC,hydrate,3
WOBSAH,hydrate,3
WOBSEL,salt,1
WOBTEP,hydrate,3
WOBTIT,hydrate,3
WOBXIU,hydrate,3
WOBYER,hydrate,3
WOBZES,salt,1
WOCDEY,cocrystal,2
WOCDUQ,salt,1
WOCFAX,cocrystal,2
WOCFOK,salt,1
WOCFUQ,salt,1
WOCGOM,hydrate,3
WOCGUS,hydrate,3
WOCHAZ,hydrate,3
WOCHED,hydrate,3
WOCHIH,cocrystal,2
WOCHON,cocrystal,2
WOCHUT,cocrystal,2
WOCJON,hydrate,3
WOCNUA,salt,1
WOCRIP,salt,1
WOCSAI,salt,1
WOCSEM,hydrate,3
WOCSUC,salt,1
WOCVIT,cocrystal,2
WOCWOD,salt,1
WODBEW,hydrate,3
WODBOG,salt,1
WODCUO,solvate,4
WODDAV,solvate,4
WODDEZ,solvate,4
WODDID,solvate,4
WODDOJ,solvate,4
WODFIF,salt,1
WODGIG,hydrate,3
WODLAD,salt,1
WODTUE,salt,1
WODVAM,salt,1
WODVEQ,salt,1
WODVIU,salt,1
WODVOA,salt,1
WODWUK,salt,1
WOFJAF,salt,1
WOFRIU,salt,1
WOFROA,salt,1
WOFTET,cocrystal,2
WOFTOD,cocrystal,2
WOFVES,cocrystal,2
WOFXUM,salt,1
WOGBIF,salt,1
WOGBOJ,hydrate,3
WOGDED,salt,1
WOGKEI,salt,1
WOGWOH,cocrystal,2
WOGWUL,salt,1
WOGWUN,cocrystal,2
WOGZEY,cocrystal,2
WOHBAZ,salt,1
WOHCIG,solvate,4
WOHFEE,salt,1
WOHJOS,hydrate,3
WOHSOC,salt,1
WOHSUI,cocrystal,2
WOHTIY,salt,1
WOHTOE,salt,1
WOHXAV,cocrystal,2
WOHXEZ,cocrystal,2
WOJBOO,cocrystal,2
WOJFOR,salt,1
WOJGUX,cocrystal,2
WOJHAE,cocrystal,2
WOJHEJ,cocrystal,2
WOJHIM,cocrystal,2
WOJLUF,salt,1
WOJNEO,salt,1
WOJNER,salt,1
WOJNIS,salt,1
WOJQAN,cocrystal,2
WOJQIV,cocrystal,2
WOJQOB,cocrystal,2
WOJSUL,salt,1
WOJWIB,cocrystal,2
WOJWOH,cocrystal,2
WOJWUN,cocrystal,2
WOJXEY,cocrystal,2
WOJZUR,salt,1
WOKGEI,salt,1
WOKNAM,salt,1
WOKXIF,salt,1
WOKXOL,hydrate,3
WOKYAZ,cocrystal,2
WOKYUS,salt,1
WOLCIJ,salt,1
WOLCUW,salt,1
WOLHOW,hydrate,3
WOLKEQ,hydrate,3
WOLKIS,salt,1
WOLKIU,hydrate,3
WOLKUE,salt,1
WOLLEP,salt,1
WOLLIT,salt,1
WOLLIV,salt,1
WOLLOB,hydrate,3
WOLLOZ,salt,1
WOLMAO,hydrate,3
WOLMES,hydrate,3
WOLRAT,cocrystal,2
WOLTAV,cocrystal,2
WOLTEZ,salt,1
WOLTID,hydrate,3
WOLTOJ,cocrystal,2
WOLWUP,salt,1
WOLZUS,salt,1
WOMBAB,hydrate,3
WOMFOU,solvate,4
WOMGIO,cocrystal,2
WOMGIP,solvate,4
WOMGOV,cocrystal,2
WOMGUB,cocrystal,2
WOMHAI,cocrystal,2
WOMHEM,hydrate,3
WOMQOE,salt,1
WOMWOK,salt,1
WOMXEC,salt,1
WONJAK,hydrate,3
WONROI,salt,1
WONSIE,salt,1
WONTOJ,hydrate,3
WONTUP,hydrate,3
WONVAX,hydrate,3
WONVEA,hydrate,3
WONZAC,salt,1
WONZEF,salt,1
WONZEG,cocrystal,2
WONZIK,salt,1
WOPCAG,cocrystal,2
WOPCOV,cocrystal,2
WOPCUA,cocrystal,2
WOPDAI,salt,1
WOPDEM,salt,1
WOPKOD,salt,1
WOPLIY,salt,1
WOPPOH,cocrystal,2
WOPQOJ,cocrystal,2
WOPTAY,salt,1
WOPWUT,salt,1
WOPZUW,cocrystal,2
WOQBAF,cocrystal,2
WOQBEJ,cocrystal,2
WOQBIN,cocrystal,2
WOQBUZ,cocrystal,2
WOQCOW,salt,1
WOQQUO,salt,1
WOQRAV,salt,1
WOQWAA,hydrate,3
WOQWEE,hydrate,3
WOQZOR,salt,1
WORDAK,cocrystal,2
WORNEZ,cocrystal,2
WORNID,cocrystal,2
WORPOK,salt,1
WORQAX,salt,1
WORQEB,salt,1
WORQIF,hydrate,3
WORQIG,salt,1
WORQOL,hydrate,3
WORQUR,hydrate,3
WORXIK,cocrystal,2
WORXOQ,cocrystal,2
WORXUW,cocrystal,2
WORYAD,cocrystal,2
WOSFOB,cocrystal,2
WOSHOD,solvate,4
WOSJIZ,salt,1
WOSJOG,salt,1
WOSJUM,salt,1
WOSSAB,salt,1
WOSTIH,salt,1
WOTDAN,salt,1
WOTDOB,salt,1
WOTHIY,salt,1
WOTJEW,salt,1
WOTJIA,salt,1
WOTJOG,salt,1
WOTNAW,cocrystal,2
WOTNIE,cocrystal,2
WOTNOK,cocrystal,2
WOTRIJ,cocrystal,2
WOTWEJ,cocrystal,2
WOTWIN,cocrystal,2
WOTWOT,cocrystal,2
WOTWUZ,cocrystal,2
WOTZAG,cocrystal,2
WOTZEK,cocrystal,2
WOTZIO,hydrate,3
WOTZOU,cocrystal,2
WOTZUA,cocrystal,2
WOVBEO,cocrystal,2
WOVHAS,hydrate,3
WOVJEY,salt,1
WOVJIC,cocrystal,2
WOVKAW,salt,1
WOVKEZ,cocrystal,2
WOVKUQ,cocrystal,2
WOVQIK,salt,1
WOVQUW,cocrystal,2
WOVWEJ,hydrate,3
WOVXEN,salt,1
WOVXOX,salt,1
WOVXUD,hydrate,3
WOVYOV,salt,1
WOVZOW,salt,1
WOVZOZ,salt,1
WOWCUG,hydrate,3
WOWDAN,salt,1
WOWFET,cocrystal,2
WOWGAQ,cocrystal,2
WOWNON,salt,1
WOXKEC,hydrate,3
WOXKOM,hydrate,3
WOXMOL,solvate,4
WOXYOZ,salt,1
WOYHAV,salt,1
WOYHIB,hydrate,3
WOYPEH,cocrystal,2
WOYPIJ,salt,1
WOYRAG,hydrate,3
WOYTUZ,salt,1
WOYYEQ,salt,1
WOZDIA,salt,1
WOZJOK,salt,1
WUBGEF,salt,1
WUBHAC,salt,1
WUBHIM,salt,1
WUBHOQ,salt,1
WUBXAU,salt,1
WUBYUN,cocrystal,2
WUCBAA,solvate,4
WUCBUU,hydrate,3
WUCDEG,hydrate,3
WUCGAF,hydrate,3
WUCHAD,cocrystal,2
WUDHAE,hydrate,3
WUDHUA,cocrystal,2
WUDQAN,cocrystal,2
WUFBOQ,salt,1
WUFBUW,salt,1
WUFJEP,hydrate,3
WUFMAN,salt,1
WUFRIZ,salt,1
WUFRUL,solvate,4
WUFVUP,salt,1
WUFWIG,hydrate,3
WUFXAW,cocrystal,2
WUFYUU,cocrystal,2
WUFZOM,cocrystal,2
WUFZUT,salt,1
WUGJAJ,solvate,4
WUHBOT,cocrystal,2
WUHNES,cocrystal,2
WUJFUF,salt,1
WUJLAP,salt,1
WUJLET,salt,1
WUJLIX,salt,1
WUJRIC,hydrate,3
WUJROI,hydrate,3
WUJSEA,hydrate,3
WUJSEZ,hydrate,3
WUJWAB,hydrate,3
WUJXUW,solvate,4
WUKBUB,cocrystal,2
WUKFIU,salt,1
WUKLAP,cocrystal,2
WUKLET,salt,1
WUKLUJ,salt,1
WUKRAV,cocrystal,2
WUKREZ,cocrystal,2
WUKRID,cocrystal,2
WUKROJ,cocrystal,2
WUKRUP,salt,1
WUKZEH,salt,1
WULDAJ,salt,1
WULHEQ,salt,1
WULSED,hydrate,3
WULYIN,hydrate,3
WUMNEX,salt,1
WUMRUS,hydrate,3
WUMSIH,solvate,4
WUNBIR,hydrate,3
WUNBOY,salt,1
WUNBUE,salt,1
WUNCAL,salt,1
WUNCIT,hydrate,3
WUNCOZ,salt,1
WUNCUF,hydrate,3
WUNDAM,salt,1
WUNDEQ,salt,1
WUNDUH,cocrystal,2
WUNFAO,salt,1
WUNFIX,cocrystal,2
WUNFUJ,cocrystal,2
WUNGAQ,cocrystal,2
WUNGOE,solvate,4
WUNHAR,cocrystal,2
WUNLEW,cocrystal,2
WUNLIA,cocrystal,2
WUNLUN,cocrystal,2
WUNNUP,cocrystal,2
WUNPUR,solvate,4
WUPGOE,hydrate,3
WUPGUK,hydrate,3
WUPNOL,salt,1
WUPRAC,salt,1
WUPREG,salt,1
WUPSUV,cocrystal,2
WUPTAF,salt,1
WUPTIK,cocrystal,2
WUPTOT,solvate,4
WUPTUZ,hydrate,3
WUPVAH,hydrate,3
WUPVEJ,hydrate,3
WUPVIN,hydrate,3
WUPVOT,hydrate,3
WUPVUB,salt,1
WUPYEN,hydrate,3
WUQDUJ,cocrystal,2
WUQQIL,salt,1
WUQQUW,cocrystal,2
WURGAS,cocrystal,2
WURGIA,cocrystal,2
WURGUM,salt,1
WURGUN,hydrate,3
WURHAT,hydrate,3
WURHEX,salt,1
WURHOG,salt,1
WURHUN,solvate,4
WURJIE,salt,1
WURLAX,hydrate,3
WURNON,cocrystal,2
WURNUT,cocrystal,2
WURPAB,cocrystal,2
WURSAE,salt,1
WURTUB,hydrate,3
WURVIP,cocrystal,2
WURVOV,hydrate,3
WURXEM,salt,1
WURYAK,hydrate,3
WURYIS,salt,1
WUSFIA,hydrate,3
WUSFOG,hydrate,3
WUSGUN,salt,1
WUSTAH,cocrystal,2
WUSTEL,cocrystal,2
WUTDEX,cocrystal,2
WUTDOH,cocrystal,2
WUTFAV,cocrystal,2
WUTFEZ,cocrystal,2
WUTFID,cocrystal,2
WUTHEA,cocrystal,2
WUTHOK,hydrate,3
WUTHUQ,hydrate,3
WUTJAY,cocrystal,2
WUTNOP,salt,1
WUTPOR,salt,1
WUTPUX,salt,1
WUTZAP,cocrystal,2
WUVKEE,cocrystal,2
WUVKII,hydrate,3
WUVKOO,salt,1
WUVKUU,salt,1
WUVLAB,salt,1
WUVLEF,solvate,4
WUVMEG,salt,1
WUVMIK,salt,1
WUVQEM,salt,1
WUVSEN,salt,1
WUVSIR,hydrate,3
WUVVAN,salt,1
WUVVOY,cocrystal,2
WUVVUE,cocrystal,2
WUVXUI,salt,1
WUVYIY,salt,1
WUVYUK,salt,1
WUVZAR,salt,1
WUWCUO,hydrate,3
WUWDAV,salt,1
WUWMIL,salt,1
WUWNEI,salt,1
WUWREM,hydrate,3
WUWRIQ,cocrystal,2
WUWVUI,hydrate,3
WUXDAU,hydrate,3
WUXDEY,salt,1
WUXJAA,solvate,4
WUXJEE,hydrate,3
WUXKAB,salt,1
WUXRAK,salt,1
WUXVAP,solvate,4
WUXVIW,solvate,4
WUXXUJ,hydrate,3
WUXYAQ,salt,1
WUXYIY,salt,1
WUXYOE,salt,1
WUXYUJ,salt,1
WUXZAQ,salt,1
WUXZEU,salt,1
WUXZIY,salt,1
WUYPOX,cocrystal,2
WUYRIR,salt,1
WUYROX,cocrystal,2
WUYSOZ,salt,1
WUYTAM,salt,1
WUYWOD,salt,1
WUZHOP,cocrystal,2
WUZJEH,solvate,4
WUZLAG,salt,1
WUZLEL,cocrystal,2
WUZLIP,cocrystal,2
WUZMIP,salt,1
WUZMUZ,cocrystal,2
WUZRUF,hydrate,3
WUZYAT,cocrystal,2
WUZYEX,solvate,4
XABFOY,salt,1
XABFUE,salt,1
XABLAQ,salt,1
XABLOE,salt,1
XABLUK,salt,1
XABMAR,salt,1
XABMEV,salt,1
XABMIZ,salt,1
XABMOF,salt,1
XABNAS,salt,1
XABPAU,cocrystal,2
XABXUU,salt,1
XACBOU,solvate,4
XACBUA,salt,1
XACCAH,salt,1
XACCEL,solvate,4
XACFAM,salt,1
XACLIA,cocrystal,2
XACMIB,cocrystal,2
XACMOH,cocrystal,2
XACSED,salt,1
XACWUX,cocrystal,2
XACXUX,cocrystal,2
XACYAE,cocrystal,2
XACZAG,salt,1
XACZUA,cocrystal,2
XACZUZ,salt,1
XADBAI,salt,1
XADBIQ,salt,1
XADBOW,salt,1
XADBUC,hydrate,3
XADMEV,hydrate,3
XADMIC,solvate,4
XADQEB,hydrate,3
XADTIF,salt,1
XADTII,salt,1
XADTOL,salt,1
XADTOO,salt,1
XADVAC,salt,1
XADXOR,salt,1
XADXUY,cocrystal,2
XAFDAK,salt,1
XAFDEO,salt,1
XAFDUG,salt,1
XAFQAZ,cocrystal,2
XAFRUS,salt,1
XAFSAZ,solvate,4
XAFSOP,salt,1
XAFSUT,hydrate,3
XAFSUV,salt,1
XAFTAC,salt,1
XAFTEE,salt,1
XAFTEG,salt,1
XAFYOW,salt,1
XAFZIN,salt,1
XAGDAK,hydrate,3
XAGFAM,salt,1
XAGHET,salt,1
XAGLOG,cocrystal,2
XAGMAT,cocrystal,2
XAGWOV,salt,1
XAGWUB,salt,1
XAGWUX,hydrate,3
XAGXAI,salt,1
XAGXIQ,salt,1
XAGXOW,salt,1
XAGYAJ,salt,1
XAGYEN,salt,1
XAGYIR,salt,1
XAGYOX,hydrate,3
XAGZAK,salt,1
XAGZIS,hydrate,3
XAHGAR,hydrate,3
XAHHEV,hydrate,3
XAHHIZ,hydrate,3
XAHKID,salt,1
XAHMIC,cocrystal,2
XAHNUP,salt,1
XAHPAX,salt,1
XAHVEI,salt,1
XAHXAH,hydrate,3
XAHYIQ,salt,1
XAHYOW,salt,1
XAHZAH,cocrystal,2
XAJBOD,hydrate,3
XAJFIX,salt,1
XAJHIB,salt,1
XAJHOH,hydrate,3
XAJJUQ,cocrystal,2
XAJNEB,hydrate,3
XAJRIM,salt,1
XAJROS,salt,1
XAJTUB,cocrystal,2
XAJTUY,salt,1
XAJVIQ,salt,1
XAJXAL,hydrate,3
XAKLEB,salt,1
XAKMOL,salt,1
XAKMOM,salt,1
XAKTOT,cocrystal,2
XAKVAG,salt,1
XALBOB,cocrystal,2
XALCES,cocrystal,2
XALCOC,salt,1
XALCUI,salt,1
XALNAC,salt,1
XALTAF,hydrate,3
XALWEM,salt,1
XALWIQ,salt,1
XALWOW,salt,1
XAMCEW,cocrystal,2
XAMHAX,salt,1
XAMNOS,salt,1
XAMNUY,salt,1
XAMTOV,cocrystal,2
XAMWEO,cocrystal,2
XAMWOY,salt,1
XAMWUE,salt,1
XAMXAL,salt,1
XAMXUE,salt,1
XAMYEP,salt,1
XAMYIT,salt,1
XAMYOZ,salt,1
XANDAR,salt,1
XANDEV,hydrate,3
XANDEX,salt,1
XANFAW,salt,1
XANFIE,salt,1
XANPOT,hydrate,3
XANPUZ,salt,1
XANQAG,hydrate,3
XANQEK,hydrate,3
XANQIO,solvate,4
XANSEO,salt,1
XANSIS,salt,1
XANSOW,salt,1
XANSOY,hydrate,3
XANZUK,cocrystal,2
XAPBAU,cocrystal,2
XAPBOH,salt,1
XAPCUQ,solvate,4
XAPDIF,solvate,4
XAPDOL,cocrystal,2
XAPMAC,cocrystal,2
XAPMIK,cocrystal,2
XAPMIN,salt,1
XAPPIN,salt,1
XAPRUC,salt,1
XAPTIU,salt,1
XAPVOZ,cocrystal,2
XAPVUF,cocrystal,2
XAPWIU,cocrystal,2
XAPWOA,cocrystal,2
XAPWUG,cocrystal,2
XAPXAN,salt,1
XAPXER,salt,1
XAPYUL,cocrystal,2
XAPZAS,cocrystal,2
XAPZEW,cocrystal,2
XAPZIA,cocrystal,2
XAPZOG,cocrystal,2
XAPZUM,cocrystal,2
XAQBAV,cocrystal,2
XAQCIC,salt,1
XAQCOI,salt,1
XAQCUO,salt,1
XAQFUS,cocrystal,2
XAQGED,cocrystal,2
XAQKIN,hydrate,3
XAQPAI,solvate,4
XAQPEL,cocrystal,2
XAQPEM,salt,1
XAQPIP,cocrystal,2
XAQQEM,cocrystal,2
XAQQIQ,cocrystal,2
XAQQOW,cocrystal,2
XAQQUC,cocrystal,2
XAQRAJ,cocrystal,2
XAQREN,hydrate,3
XAQRIR,cocrystal,2
XAQXAQ,salt,1
XAQYAR,salt,1
XAQYEU,salt,1
XAQYOF,salt,1
XAQZAR,cocrystal,2
XAQZIA,hydrate,3
XAQZUM,salt,1
XARBAU,solvate,4
XARQEO,salt,1
XARRIR,salt,1
XARVIX,salt,1
XARVUJ,salt,1
XARZIB,solvate,4
XARZOH,salt,1
XASCUP,cocrystal,2
XASDAW,cocrystal,2
XASDEA,cocrystal,2
XASDIE,cocrystal,2
XASYOJ,cocrystal,2
XATFOR,salt,1
XATFUX,salt,1
XATGAE,salt,1
XATGEI,salt,1
XATGIM,salt,1
XATJEL,cocrystal,2
XATJIN,salt,1
XATJOT,salt,1
XATLAH,salt,1
XATLOX,salt,1
XATMUB,hydrate,3
XATPUH,cocrystal,2
XATQES,cocrystal,2
XATRAM,cocrystal,2
XATSUK,salt,1
XATTIV,salt,1
XATTIZ,salt,1
XATTUI,salt,1
XATVUK,salt,1
XATWEY,salt,1
XATXEV,salt,1
XAVFIN,salt,1
XAVGAG,salt,1
XAVGEK,salt,1
XAVPUF,salt,1
XAVTAP,salt,1
XAVTET,hydrate,3
XAVTEW,cocrystal,2
XAVTIA,cocrystal,2
XAVTIZ,salt,1
XAVTOF,salt,1
XAWCEE,cocrystal,2
XAWNIW,hydrate,3
XAWPAQ,hydrate,3
XAXCUX,cocrystal,2
XAXGAG,salt,1
XAXGEL,cocrystal,2
XAXJOW,salt,1
XAXPIW,hydrate,3
XAXPOB,cocrystal,2
XAXPUH,cocrystal,2
XAXRIA,salt,1
XAXWOJ,salt,1
XAXWUP,salt,1
XAYBEI,hydrate,3
XAYGUA,salt,1
XAYLOB,cocrystal,2
XAYLUF,salt,1
XAYLUH,cocrystal,2
XAYMAM,salt,1
XAYQEV,salt,1
XAYXAY,salt,1
XAYXED,cocrystal,2
XAYXIH,cocrystal,2
XAYXUS,salt,1
XAYYIG,salt,1
XAYYIH,salt,1
XAZBAE,hydrate,3
XAZBEG,salt,1
XAZBIK,cocrystal,2
XAZBUX,salt,1
XAZFUD,cocrystal,2
XAZKOA,salt,1
XAZMIV,salt,1
XAZPIY,hydrate,3
XAZQEX,hydrate,3
XAZQIA,salt,1
XAZQIB,hydrate,3
XAZQOH,hydrate,3
XAZQUN,salt,1
XAZRAU,salt,1
XAZRIA,salt,1
XAZRIC,cocrystal,2
XAZROI,salt,1
XAZRUN,salt,1
XAZRUO,salt,1
XAZSAV,salt,1
XAZSIC,salt,1
XAZSID,cocrystal,2
XAZTEA,solvate,4
XAZWAX,cocrystal,2
XAZWEC,salt,1
XAZYUW,hydrate,3
XAZZAD,salt,1
XAZZEH,hydrate,3
XAZZOQ,salt,1
XAZZOR,salt,1
XAZZUX,salt,1
XEBBAL,hydrate,3
XEBBEP,hydrate,3
XEBBIT,salt,1
XEBCAL,cocrystal,2
XEBCAM,solvate,4
XEBCUF,cocrystal,2
XEBDIT,salt,1
XEBDIU,cocrystal,2
XEBDOA,cocrystal,2
XEBFAN,salt,1
XEBFES,cocrystal,2
XEBFOA,cocrystal,2
XEBGOB,salt,1
XEBGOC,salt,1
XEBGUI,salt,1
XEBHOD,hydrate,3
XEBHUH,salt,1
XEBHUJ,salt,1
XEBKIY,cocrystal,2
XEBPAY,cocrystal,2
XEBQUS,salt,1
XEBTEF,salt,1
XEBTIH,cocrystal,2
XECBEO,hydrate,3
XECCIT,hydrate,3
XECDAK,hydrate,3
XECPAZ,cocrystal,2
XECPED,cocrystal,2
XECPIH,cocrystal,2
XECPON,cocrystal,2
XECPUT,solvate,4
XECQAA,solvate,4
XECQEE,salt,1
XECQII,cocrystal,2
XECQOO,cocrystal,2
XECQUU,cocrystal,2
XECRAB,cocrystal,2
XECREF,cocrystal,2
XECROP,cocrystal,2
XECWUB,cocrystal,2
XECXOV,cocrystal,2
XECYOU,hydrate,3
XECZOX,hydrate,3
XEDFEV,cocrystal,2
XEDFIZ,cocrystal,2
XEDNAZ,hydrate,3
XEDQIK,cocrystal,2
XEDQOQ,cocrystal,2
XEDQUW,cocrystal,2
XEDRAD,cocrystal,2
XEDROR,hydrate,3
XEDSEI,cocrystal,2
XEDSIJ,cocrystal,2
XEDSOS,hydrate,3
XEDSUY,cocrystal,2
XEDTAF,cocrystal,2
XEDTEJ,cocrystal,2
XEDTIN,cocrystal,2
XEDVEK,cocrystal,2
XEDWAI,cocrystal,2
XEDWEM,cocrystal,2
XEDXAJ,cocrystal,2
XEDXEN,cocrystal,2
XEDXIR,cocrystal,2
XEDXOX,cocrystal,2
XEDXUD,cocrystal,2
XEDYAK,cocrystal,2
XEFBET,salt,1
XEFCES,salt,1
XEFCEU,salt,1
XEFCIY,salt,1
XEFCOE,salt,1
XEFDEV,salt,1
XEFDIZ,salt,1
XEFDOF,salt,1
XEFDUL,salt,1
XEFFAT,cocrystal,2
XEFNUV,cocrystal,2
XEFTIO,cocrystal,2
XEFTUA,hydrate,3
XEFZIU,solvate,4
XEFZOA,hydrate,3
XEFZUG,solvate,4
XEGBET,cocrystal,2
XEGHAU,hydrate,3
XEGHEW,cocrystal,2
XEGHEY,solvate,4
XEGHIC,salt,1
XEGHOI,salt,1
XEGHUO,solvate,4
XEGJAW,solvate,4
XEGLAW,salt,1
XEGMEB,salt,1
XEGNUS,salt,1
XEGQUX,cocrystal,2
XEGRIL,salt,1
XEGWUB,hydrate,3
XEGZER,salt,1
XEGZIV,hydrate,3
XEHHAU,salt,1
XEHJOJ,salt,1
XEHKAA,cocrystal,2
XEHKAW,hydrate,3
XEHKUR,hydrate,3
XEHMAY,cocrystal,2
XEHNAA,hydrate,3
XEHNOO,salt,1
XEHTOV,salt,1
XEHTOX,cocrystal,2
XEHVAL,cocrystal,2
XEHVIT,cocrystal,2
XEHVUF,cocrystal,2
XEHWAM,cocrystal,2
XEHWEQ,cocrystal,2
XEHWUC,salt,1
XEHWUG,cocrystal,2
XEHXAJ,salt,1
XEJKUS,salt,1
XEJLAD,salt,1
XEJLAZ,salt,1
XEJLON,hydrate,3
XEJLUT,salt,1
XEJMAA,hydrate,3
XEJQEI,cocrystal,2
XEJQIM,cocrystal,2
XEJQOS,cocrystal,2
XEJRIQ,salt,1
XEJWOZ,cocrystal,2
XEJWUF,cocrystal,2
XEJXAM,cocrystal,2
XEJXEQ,cocrystal,2
XEJXIU,cocrystal,2
XEKNIO,salt,1
XEKQUA,salt,1
XEKTAM,hydrate,3
XEKWIX,solvate,4
XEKXAQ,salt,1
XELBEZ,salt,1
XELJED,hydrate,3
XELJEE,salt,1
XELJON,hydrate,3
XELJUT,hydrate,3
XELKEE,salt,1
XELKII,cocrystal,2
XELKOO,cocrystal,2
XELKUU,cocrystal,2
XEMBOI,cocrystal,2
XEMBUO,cocrystal,2
XEMCAV,cocrystal,2
XEMCEZ,cocrystal,2
XEMCIB,hydrate,3
XEMCID,cocrystal,2
XEMCIF,hydrate,3
XEMCOL,salt,1
XEMCUP,cocrystal,2
XEMLOT,salt,1
XEMMAG,hydrate,3
XEMMEI,hydrate,3
XEMMEK,salt,1
XEMMIO,salt,1
XEMMOU,salt,1
XEMMUA,salt,1
XEMPEM,salt,1
XEMRUG,cocrystal,2
XEMSOB,salt,1
XEMWAR,cocrystal,2
XEMXEU,salt,1
XEMYIB,salt,1
XENDON,salt,1
XENFAY,salt,1
XENGAB,cocrystal,2
XENGII,salt,1
XENJAF,cocrystal,2
XENMUA,cocrystal,2
XENQEM,cocrystal,2
XENROY,salt,1
XENTES,hydrate,3
XENXOF,salt,1
XENXUL,hydrate,3
XENYUM,hydrate,3
XEPBIF,cocrystal,2
XEPBOL,cocrystal,2
XEPBUR,cocrystal,2
XEPCAY,cocrystal,2
XEPDAA,salt,1
XEPMAJ,salt,1
XEPMEN,salt,1
XEPMIR,salt,1
XEPMOX,salt,1
XEPMUD,salt,1
XEPNIR,salt,1
XEPNIS,solvate,4
XEPNUD,hydrate,3
XEPRAM,salt,1
XEPREQ,hydrate,3
XEPWOI,solvate,4
XEPWUK,salt,1
XEPZAU,solvate,4
XEQCIH,cocrystal,2
XEQCON,cocrystal,2
XEQCUT,cocrystal,2
XEQDAA,cocrystal,2
XEQDII,cocrystal,2
XEQXEX,solvate,4
XEQXIB,salt,1
XERBUU,cocrystal,2
XERCAB,cocrystal,2
XERCEF,cocrystal,2
XERCIH,salt,1
XERCIJ,cocrystal,2
XERHEH,salt,1
XERMEQ,hydrate,3
XERPET,cocrystal,2
XERPIU,salt,1
XERPIX,cocrystal,2
XERSES,salt,1
XERWEA,salt,1
XERXEB,salt,1
XESPEQ,salt,1
XESPOD,cocrystal,2
XESPUJ,cocrystal,2
XESQIW,salt,1
XESSAQ,cocrystal,2
XESSEU,solvate,4
XESTAQ,salt,1
XESVEW,salt,1
XESXOJ,cocrystal,2
XESZON,hydrate,3
XETHEN,salt,1
XETJUC,cocrystal,2
XETLAK,hydrate,3
XETLEO,cocrystal,2
XETLIS,cocrystal,2
XETSEU,hydrate,3
XETSOF,cocrystal,2
XETSUK,cocrystal,2
XETSUL,cocrystal,2
XETTEW,cocrystal,2
XETWEY,salt,1
XETWIC,salt,1
XETWOI,salt,1
XETYUR,cocrystal,2
XETZAA,salt,1
XETZAY,hydrate,3
XETZIG,cocrystal,2
XETZOM,hydrate,3
XETZON,salt,1
XEVCEG,cocrystal,2
XEVJIS,salt,1
XEVJUE,salt,1
XEWFIP,salt,1
XEWNAP,salt,1
XEWNET,salt,1
XEWSOI,hydrate,3
XEWTEZ,hydrate,3
XEWTIC,cocrystal,2
XEWTOJ,cocrystal,2
XEWTUO,cocrystal,2
XEWVAW,cocrystal,2
XEWWIG,hydrate,3
XEWWOM,solvate,4
XEXCAE,cocrystal,2
XEXCEI,cocrystal,2
XEXFAK,salt,1
XEXFIP,hydrate,3
XEXFOV,hydrate,3
XEXGIQ,salt,1
XEXQUP,solvate,4
XEXRAW,solvate,4
XEXRIE,solvate,4
XEXROK,solvate,4
XEXWAZ,salt,1
XEXWED,salt,1
XEXWIH,salt,1
XEXYEI,hydrate,3
XEXYOS,salt,1
XEXZEF,salt,1
XEYGIS,salt,1
XEYJUJ,salt,1
XEYLEW,salt,1
XEYLUI,cocrystal,2
XEYMAP,cocrystal,2
XEYQIC,cocrystal,2
XEYRUS,salt,1
XEYSAW,salt,1
XEYSEB,salt,1
XEYXOO,salt,1
XEYYIN,salt,1
XEYZUX,hydrate,3
XEZDIQ,cocrystal,2
XEZFUE,salt,1
XEZGEP,salt,1
XEZGOZ,salt,1
XEZHOD,cocrystal,2
XEZHUJ,cocrystal,2
XEZJAR,cocrystal,2
XEZJIZ,cocrystal,2
XEZKUI,cocrystal,2
XEZMEY,salt,1
XEZTUS,salt,1
XIBCAP,salt,1
XIBDIX,salt,1
XIBDOD,hydrate,3
XIBDUJ,salt,1
XIBFAS,salt,1
XIBFIA,salt,1
XIBFUJ,cocrystal,2
XIBGAQ,cocrystal,2
XIBGIB,salt,1
XIBGUL,cocrystal,2
XIBLED,salt,1
XIBNII,cocrystal,2
XIBNOO,cocrystal,2
XIBNUU,cocrystal,2
XIBPAC,cocrystal,2
XIBQUU,cocrystal,2
XIBVEK,salt,1
XIBXEL,salt,1
XIBZOX,salt,1
XIBZUD,salt,1
XIBZUE,salt,1
XIBZUH,salt,1
XICBAQ,salt,1
XICCAR,salt,1
XICDAO,salt,1
XICDES,hydrate,3
XICGUO,cocrystal,2
XICKEA,hydrate,3
XICLEE,salt,1
XICLII,salt,1
XICMUS,salt,1
XICPAE,cocrystal,2
XICPIK,hydrate,3
XICPOQ,salt,1
XICPUW,salt,1
XICQAD,hydrate,3
XICQOR,salt,1
XICRAE,hydrate,3
XICREI,salt,1
XICROS,salt,1
XICSAF,cocrystal,2
XICZAN,solvate,4
XIDDAS,cocrystal,2
XIDGAU,cocrystal,2
XIDJUQ,salt,1
XIDLII,salt,1
XIDLOO,salt,1
XIDLUS,salt,1
XIDQEH,salt,1
XIDQIL,salt,1
XIDTIQ,salt,1
XIDTUD,cocrystal,2
XIDVAL,cocrystal,2
XIDVEL,salt,1
XIDVEP,cocrystal,2
XIDVIT,cocrystal,2
XIDVOZ,cocrystal,2
XIDVUF,cocrystal,2
XIFKIK,salt,1
XIFKUT01,cocrystal,2
XIFNAC01,cocrystal,2
XIFPEI01,salt,1
XIFPIM,salt,1
XIFQEJ,cocrystal,2
XIFRAH,solvate,4
XIFSUB,cocrystal,2
XIGJUW,cocrystal,2
XIGPEL,cocrystal,2
XIGPIP,cocrystal,2
XIGPOV,cocrystal,2
XIGROY,salt,1
XIGSIR,salt,1
XIHNOS,cocrystal,2
XIHPOT,salt,1
XIHREN,salt,1
XIHRIR,salt,1
XIHROX,hydrate,3
XIHRUD,hydrate,3
XIHTAM,salt,1
XIHVAO,salt,1
XIJBIE,salt,1
XIJBOK,salt,1
XIJBUQ,salt,1
XIJHUX,cocrystal,2
XIJJEJ,cocrystal,2
XIJJIN,cocrystal,2
XIJJOT,cocrystal,2
XIJPEO,salt,1
XIJPUB,hydrate,3
XIJXEX,hydrate,3
XIJXIB,hydrate,3
XIJXUN,solvate,4
XIJYEX,cocrystal,2
XIJZAV,salt,1
XIJZID,solvate,4
XIKPIT,cocrystal,2
XIKPOY,cocrystal,2
XIKSAO,salt,1
XIKSOC,salt,1
XIKVUI,salt,1
XILCEC,salt,1
XILSUH,salt,1
XILTAO,hydrate,3
XILVAQ,salt,1
XIMBZA,salt,1
XIMBZB,salt,1
XIMGOT,salt,1
XIMHAG,salt,1
XIMHOT,solvate,4
XIMJIN,salt,1
XIMKIR,salt,1
XIMKUA,salt,1
XIMLAH,salt,1
XIMNOW,cocrystal,2
XINDOQ,hydrate,3
XINFAF,hydrate,3
XINFUZ,cocrystal,2
XINNEN,cocrystal,2
XINREU,salt,1
XINSAO,salt,1
XINSES,salt,1
XINSIW,salt,1
XINWAW,salt,1
XINWIE,salt,1
XIPCIJ,salt,1
XIPCOP,salt,1
XIPCUU,hydrate,3
XIPDIK,solvate,4
XIPNOC,hydrate,3
XIPNUI,cocrystal,2
XIPPAQ,cocrystal,2
XIPRAR,solvate,4
XIPRIZ,salt,1
XIPSEW,cocrystal,2
XIPTOG,cocrystal,2
XIPVAU,cocrystal,2
XIPXEZ,cocrystal,2
XIPZOM,hydrate,3
XIPZUR,cocrystal,2
XIQBAB,hydrate,3
XIQBEF,hydrate,3
XIQFAH,salt,1
XIQFEI,salt,1
XIQFIM,solvate,4
XIQFOS,hydrate,3
XIQHEO,salt,1
XIQJAJ,salt,1
XIQJIR,salt,1
XIQKUG,cocrystal,2
XIQMUG,cocrystal,2
XIQPAS,hydrate,3
XIQTIB,salt,1
XIRCUY,salt,1
XIRKUG,hydrate,3
XIRTIF,hydrate,3
XIRVAZ,cocrystal,2
XIRYEE,salt,1
XIRZAZ,cocrystal,2
XISCOT,salt,1
XISCUZ,cocrystal,2
XISDAG,cocrystal,2
XISDEK,cocrystal,2
XISDUB,cocrystal,2
XISFAJ,cocrystal,2
XISFEN,cocrystal,2
XISLIV,salt,1
XISLOB,salt,1
XISNOF,hydrate,3
XISPAT,salt,1
XISPEX,cocrystal,2
XISPIB,cocrystal,2
XISPOH,cocrystal,2
XISQAV,hydrate,3
XISREX,salt,1
XISRIA,hydrate,3
XISVAX,solvate,4
XISVIF,salt,1
XISVUT,salt,1
XISVUU,salt,1
XISWAA,salt,1
XISWEE,salt,1
XISYOQ,cocrystal,2
XISYUW,cocrystal,2
XISZAD,cocrystal,2
XITBUB,solvate,4
XITCEM,salt,1
XITGIT,salt,1
XITGOZ,salt,1
XITHAN,cocrystal,2
XITKAP,salt,1
XITKET,hydrate,3
XITMEW,cocrystal,2
XITMIA,cocrystal,2
XITMOG,cocrystal,2
XITMUM,cocrystal,2
XITNAT,salt,1
XITPEY,salt,1
XITPUM,salt,1
XITPUN,cocrystal,2
XITREZ,salt,1
XITRID,salt,1
XITROJ,salt,1
XITRUP,salt,1
XITSAW,salt,1
XITSEA,salt,1
XITYEE,cocrystal,2
XITYOO,cocrystal,2
XIVBOV,solvate,4
XIVDAJ,salt,1
XIVFAK,salt,1
XIVFOB,hydrate,3
XIVGUF,solvate,4
XIVHOA,hydrate,3
XIVJET,salt,1
XIVJOD,salt,1
XIVLOD,hydrate,3
XIVMAQ,hydrate,3
XIVRED,cocrystal,2
XIVSIE,cocrystal,2
XIVSIF,solvate,4
XIVTAX,cocrystal,2
XIVZEJ,salt,1
XIWBAI,salt,1
XIWBEM,salt,1
XIWBIQ,salt,1
XIWBOW,salt,1
XIWDAI,cocrystal,2
XIWDEM,solvate,4
XIWDIQ,cocrystal,2
XIWHES,cocrystal,2
XIWJIZ,salt,1
XIWLEU,cocrystal,2
XIWRAZ,salt,1
XIWRUQ,hydrate,3
XIXGEU,cocrystal,2
XIXQUR,salt,1
XIXROM,salt,1
XIXRUS,hydrate,3
XIXSAZ,salt,1
XIXTOQ,cocrystal,2
XIXWIN,salt,1
XIYCIS,solvate,4
XIYCUH,hydrate,3
XIYGUK,cocrystal,2
XIYHIZ,salt,1
XIYJIB,cocrystal,2
XIYJOH,salt,1
XIYNAX,cocrystal,2
XIYSAC,cocrystal,2
XIYSEG,cocrystal,2
XIYSII,salt,1
XIYSIK,hydrate,3
XIYSOQ,cocrystal,2
XIYTEF,salt,1
XIYVOS,cocrystal,2
XIYWEH,salt,1
XIYWIM,cocrystal,2
XIYZEN,hydrate,3
XIZBER,salt,1
XIZBIV,salt,1
XIZCER,cocrystal,2
XIZNOJ,salt,1
XIZPEB,hydrate,3
XIZPEE,salt,1
XIZRUU,salt,1
XIZSOS,cocrystal,2
XIZSUY,solvate,4
XIZZEP,salt,1
XIZZUF,salt,1
XOBCAT,cocrystal,2
XOBCEX,cocrystal,2
XOBCOH,salt,1
XOBCUN,cocrystal,2
XOBFEA,hydrate,3
XOBFIE,hydrate,3
XOBGED,salt,1
XOBGIF,cocrystal,2
XOBGIH,salt,1
XOBGUR,cocrystal,2
XOBHAY,cocrystal,2
XOBHEC,cocrystal,2
XOBHIF,cocrystal,2
XOBMIK,salt,1
XOBMOQ,hydrate,3
XOBROW,cocrystal,2
XOBRUC,cocrystal,2
XOBSOA,cocrystal,2
XOBTAJ,salt,1
XOBVOC,salt,1
XOBWER,salt,1
XOBYAR,hydrate,3
XOCDAY,salt,1
XOCMEK,salt,1
XOCVUK,salt,1
XODCEZ,cocrystal,2
XODCOJ,cocrystal,2
XODDUQ,salt,1
XODFED,salt,1
XODPEN,hydrate,3
XODPIR,cocrystal,2
XODPOX,cocrystal,2
XODRAL,salt,1
XODWAR,cocrystal,2
XODZIC,salt,1
XOFDOO,salt,1
XOFGOR,hydrate,3
XOFHEI,salt,1
XOFYAS,solvate,4
XOGCON,salt,1
XOGDAA,salt,1
XOGDEE,salt,1
XOGDII,cocrystal,2
XOGDOO,cocrystal,2
XOGDUU,hydrate,3
XOGFAC,cocrystal,2
XOGFEG,hydrate,3
XOGFIK,cocrystal,2
XOGFOQ,cocrystal,2
XOGMIR,cocrystal,2
XOGMOX,cocrystal,2
XOGMUD,cocrystal,2
XOGNEN,salt,1
XOGNEO,cocrystal,2
XOGNIS,cocrystal,2
XOGNOY,cocrystal,2
XOGNUE,cocrystal,2
XOGPAM,cocrystal,2
XOGPEQ,cocrystal,2
XOGYEY,cocrystal,2
XOHFIL,salt,1
XOHFOP,salt,1
XOHFOR,salt,1
XOHFUX,salt,1
XOHGAE,salt,1
XOHGEI,salt,1
XOHGIK,salt,1
XOHGIM,salt,1
XOHGOQ,salt,1
XOHGOS,salt,1
XOHGUW,salt,1
XOHGUY,salt,1
XOHHAF,salt,1
XOHHEJ,salt,1
XOHHIL,hydrate,3
XOHHOT,salt,1
XOHHUZ,salt,1
XOHJEL,salt,1
XOHJIP,salt,1
XOHKUC,hydrate,3
XOHLAJ,hydrate,3
XOHLEN,salt,1
XOHLIR,hydrate,3
XOHLOV,cocrystal,2
XOHQAP,salt,1
XOHQOC,salt,1
XOHQUI,salt,1
XOHRAP,salt,1
XOHRET,salt,1
XOHRIX,salt,1
XOHROD,salt,1
XOHRUJ,salt,1
XOHSAQ,salt,1
XOHSEU,salt,1
XOHSIY,salt,1
XOHSOE,salt,1
XOHSUK,salt,1
XOHTAR,salt,1
XOHWAT,salt,1
XOHWAU,cocrystal,2
XOHWEX,cocrystal,2
XOHWIB,cocrystal,2
XOHWOH,cocrystal,2
XOHWUN,cocrystal,2
XOHXAU,cocrystal,2
XOJBIJ,hydrate,3
XOJBUU,salt,1
XOJBUV,salt,1
XOJCAC,salt,1
XOJCEG,salt,1
XOJCIK,salt,1
XOJCOQ,salt,1
XOJCUW,salt,1
XOJDEH,hydrate,3
XOJDIL,hydrate,3
XOJFEJ,salt,1
XOJFUZ,solvate,4
XOJHUB,salt,1
XOJJAJ,hydrate,3
XOJJEN,salt,1
XOJJIR,hydrate,3
XOJJOX,hydrate,3
XOJJUD,salt,1
XOJKAK,hydrate,3
XOJKEO,salt,1
XOJMEQ,salt,1
XOJMIU,salt,1
XOJMOA,hydrate,3
XOJMOZ,cocrystal,2
XOJMUF,cocrystal,2
XOJMUG,hydrate,3
XOJNAM,cocrystal,2
XOJNER,salt,1
XOJNIU,cocrystal,2
XOJNOA,cocrystal,2
XOJNOB,salt,1
XOJNUG,cocrystal,2
XOJPAO,cocrystal,2
XOJPAP,cocrystal,2
XOJPIX,salt,1
XOJPOD,solvate,4
XOJPUJ,hydrate,3
XOJQOE,salt,1
XOJQUK,hydrate,3
XOJRAS,cocrystal,2
XOJRIZ,hydrate,3
XOJSAS,salt,1
XOJSOE,cocrystal,2
XOJSUM,salt,1
XOJTEX,salt,1
XOJTIB,salt,1
XOJTUN,hydrate,3
XOJVEZ,hydrate,3
XOJVUN,hydrate,3
XOJWIE,salt,1
XOJYEC,cocrystal,2
XOJYUS,salt,1
XOJZED,salt,1
XOJZIH,salt,1
XOJZON,salt,1
XOJZUT,hydrate,3
XOKBAC,salt,1
XOKBOO,cocrystal,2
XOKKAK,salt,1
XOKKAL,cocrystal,2
XOKLOB,cocrystal,2
XOKRIA,hydrate,3
XOKROG,hydrate,3
XOKRUM,salt,1
XOKSAR,salt,1
XOKSAT,salt,1
XOKSEV,salt,1
XOKSOH,hydrate,3
XOKSUN,cocrystal,2
XOKTIC,cocrystal,2
XOKTOI,cocrystal,2
XOKTUO,cocrystal,2
XOKVAW,salt,1
XOKVEA,cocrystal,2
XOKVIE,hydrate,3
XOKVOI,cocrystal,2
XOKXEC,hydrate,3
XOLCEG,salt,1
XOLDIO,salt,1
XOLDOU,salt,1
XOLFEL,cocrystal,2
XOLFIP,cocrystal,2
XOLHAJ,hydrate,3
XOLHEN,solvate,4
XOLHIR,hydrate,3
XOLHOW,cocrystal,2
XOLHOX,hydrate,3
XOLHUC,cocrystal,2
XOLHUD,hydrate,3
XOLJAL,solvate,4
XOLJIT,salt,1
XOLJOZ,salt,1
XOLKOA,solvate,4
XOLKUE,salt,1
XOLKUG,solvate,4
XOLLAL,salt,1
XOLLAN,solvate,4
XOLLIT,salt,1
XOLLOZ,salt,1
XOLLUH,solvate,4
XOLRAS,salt,1
XOLYOO,salt,1
XOLYUU,salt,1
XOLZAB,salt,1
XOMCEI,salt,1
XOMDAE,salt,1
XOMDIM,salt,1
XOMHOY,salt,1
XOMLOA,cocrystal,2
XOMPAQ,salt,1
XOMPEU,salt,1
XOMPEW,salt,1
XOMPIA,hydrate,3
XOMPIY,salt,1
XOMPOE,salt,1
XOMPUK,salt,1
XOMQAR,salt,1
XOMQAT,salt,1
XOMZEG,cocrystal,2
XOMZIK,salt,1
XOMZOQ,cocrystal,2
XONBAF,cocrystal,2
XONBEJ,cocrystal,2
XONBIN,cocrystal,2
XONBOT,cocrystal,2
XONBUZ,cocrystal,2
XONCAG,salt,1
XONCIO,cocrystal,2
XONCOU,salt,1
XONCUA,cocrystal,2
XONMAQ,salt,1
XONPOF,cocrystal,2
XONPUN,cocrystal,2
XONQEY,cocrystal,2
XONQIC,cocrystal,2
XONQOI,cocrystal,2
XONSUQ,salt,1
XONZOR,salt,1
XONZUX,salt,1
XOPCUC,salt,1
XOPMIB,hydrate,3
XOPREZ,salt,1
XOPVED,salt,1
XOPVEG,hydrate,3
XOPYEJ,cocrystal,2
XOPYUY,salt,1
XOPYUZ,cocrystal,2
XOPZOU,cocrystal,2
XOQCAJ,salt,1
XOQGOB,solvate,4
XOQRAZ,hydrate,3
XOQYAG,salt,1
XOQYEK,salt,1
XOQYIO,salt,1
XOQZAH,salt,1
XORMUM,cocrystal,2
XORXIM,cocrystal,2
XORZAF,hydrate,3
XOSGET,cocrystal,2
XOSMEY,salt,1
XOSMIC,salt,1
XOSWIN,cocrystal,2
XOTBEP,hydrate,3
XOTBIT,salt,1
XOTGIX,cocrystal,2
XOTPUT,solvate,4
XOTPUU,salt,1
XOTYOV,cocrystal,2
XOTYUB,cocrystal,2
XOVHOH,salt,1
XOVJAT,hydrate,3
XOVLAY,salt,1
XOVLID,solvate,4
XOVLOM,hydrate,3
XOVQEH,salt,1
XOVREH,cocrystal,2
XOVROP,cocrystal,2
XOVSIM,salt,1
XOVSOS,hydrate,3
XOVTIL,salt,1
XOVTUX,salt,1
XOVVAF,salt,1
XOVVEJ,salt,1
XOVVIN,salt,1
XOVVOT,salt,1
XOVWEK,salt,1
XOVWIO,salt,1
XOVWUA,salt,1
XOVXAH,salt,1
XOVXEL,solvate,4
XOVXIP,solvate,4
XOWBUJ,salt,1
XOWKAX,cocrystal,2
XOWKEB,cocrystal,2
XOWKIF,cocrystal,2
XOWKOK,salt,1
XOWNED,salt,1
XOWNIH,salt,1
XOWNON,salt,1
XOWSUZ,salt,1
XOWVEK,hydrate,3
XOWVUD,cocrystal,2
XOWWAK,cocrystal,2
XOWWEO,salt,1
XOXGUM,hydrate,3
XOXHAU,hydrate,3
XOXHEY,cocrystal,2
XOXNUU,hydrate,3
XOXPAC,hydrate,3
XOXPEG,hydrate,3
XOXPIK,salt,1
XOXPOQ,salt,1
XOXQAD,salt,1
XOXQEH,salt,1
XOXQIL,salt,1
XOXQOR,salt,1
XOXQUX,salt,1
XOXRAE,hydrate,3
XOXREI,solvate,4
XOXYEP,salt,1
XOYHEB,cocrystal,2
XOYKEB,cocrystal,2
XOYNAC,salt,1
XOYWAM,cocrystal,2
XOYXEP,salt,1
XOYXOZ,salt,1
XOYXUF,hydrate,3
XOZBAQ,salt,1
XOZGUQ,hydrate,3
XOZJAY,cocrystal,2
XOZJOM,hydrate,3
XOZLEE,salt,1
XOZRIQ,salt,1
XOZRUZ,salt,1
XOZSOV,cocrystal,2
XOZSOX,salt,1
XOZSUB,hydrate,3
XOZSUD,hydrate,3
XOZTAI,hydrate,3
XOZTEM,salt,1
XOZTIQ,salt,1
XOZTOW,salt,1
XOZTUC,salt,1
XOZWAL,salt,1
XPTHYC,cocrystal,2
XUBJIQ,cocrystal,2
XUBJOW,cocrystal,2
XUBKEN,salt,1
XUBKUD,cocrystal,2
XUBSUJ,cocrystal,2
XUBVIA,salt,1
XUBXIC,cocrystal,2
XUCGUA,salt,1
XUCGUX,salt,1
XUCHOU,salt,1
XUDCII,cocrystal,2
XUDCUX,cocrystal,2
XUDDAE,cocrystal,2
XUDFUX,salt,1
XUDGEI,hydrate,3
XUDGOV,hydrate,3
XUDMOZ,salt,1
XUDPAN,cocrystal,2
XUDRIZ,hydrate,3
XUDSEW,hydrate,3
XUDSOG,salt,1
XUDTIB,salt,1
XUDYED,cocrystal,2
XUFJUG,hydrate,3
XUFMAN,cocrystal,2
XUFMUH,hydrate,3
XUFNUK,salt,1
XUGBEJ,salt,1
XUGBIN,hydrate,3
XUGBOT,salt,1
XUGCAG,salt,1
XUGCEK,salt,1
XUGDEL,salt,1
XUGGEN,salt,1
XUGGIR,salt,1
XUGGOX,salt,1
XUGLIU,salt,1
XUGMER,hydrate,3
XUGPAQ,cocrystal,2
XUGPEU,cocrystal,2
XUGPUK,cocrystal,2
XUGROJ,salt,1
XUGWUU,cocrystal,2
XUGXEF,cocrystal,2
XUHBUA,salt,1
XUHCAH,cocrystal,2
XUHCEL,salt,1
XUHDAG,salt,1
XUHDEK,hydrate,3
XUHFAI,cocrystal,2
XUHFIQ,salt,1
XUHFOW,salt,1
XUHGAJ,hydrate,3
XUHGEN,hydrate,3
XUHNUJ,cocrystal,2
XUHYOQ,salt,1
XUHYUW,solvate,4
XUJNAS,salt,1
XUJNOH,salt,1
XUJXAE,hydrate,3
XUJYEH,salt,1
XUKDEM,salt,1
XUKGER,salt,1
XUKGOB,salt,1
XUKGUH,salt,1
XUKJOD,salt,1
XUKNEY,cocrystal,2
XUKSUR,cocrystal,2
XUKZEI,cocrystal,2
XUKZIM,solvate,4
XULCAL,salt,1
XULCEP,salt,1
XULCIT,salt,1
XULCUE,cocrystal,2
XULKOG,cocrystal,2
XULXIN,salt,1
XULYUY,salt,1
XULZUB,salt,1
XUMHEV,salt,1
XUMHIZ,salt,1
XUMHOF,salt,1
XUMHUL,hydrate,3
XUMJUN,cocrystal,2
XUMKAU,salt,1
XUMLUP,salt,1
XUMMAW,salt,1
XUMMEA,salt,1
XUMTAC,hydrate,3
XUNCAL,salt,1
XUNCIV,cocrystal,2
XUNCUE,salt,1
XUNGIW,cocrystal,2
XUNGUI,cocrystal,2
XUNHAP,cocrystal,2
XUNHIX,cocrystal,2
XUNHOD,cocrystal,2
XUNHUJ,cocrystal,2
XUNJAR,cocrystal,2
XUNROQ,cocrystal,2
XUNWOS,salt,1
XUNZEM,salt,1
XUPKUO,salt,1
XUPLAV,salt,1
XUPQAD,salt,1
XUPVIN,salt,1
XUPXOV,cocrystal,2
XUQVIO,salt,1
XUQWOY,salt,1
XUQYEN,salt,1
XURFEW,salt,1
XURJIG,hydrate,3
XURJUR,salt,1
XURNED,cocrystal,2
XURROT,salt,1
XURSUA,cocrystal,2
XURTOT,salt,1
XURTUZ,salt,1
XUSVOZ,cocrystal,2
XUSZER,salt,1
XUTCAQ,hydrate,3
XUTCEU,hydrate,3
XUTPOR,salt,1
XUTWUG,cocrystal,2
XUVBEX,salt,1
XUVFEA,salt,1
XUVGOM,salt,1
XUVLUV,hydrate,3
XUVPIO,cocrystal,2
XUVPOU,salt,1
XUVPUA,cocrystal,2
XUVQIP,cocrystal,2
XUVQOV,cocrystal,2
XUVQUB,cocrystal,2
XUVREM,salt,1
XUVROW,hydrate,3
XUVRUB,salt,1
XUVSAJ,cocrystal,2
XUVSIR,cocrystal,2
XUVSUD,cocrystal,2
XUVTEO,cocrystal,2
XUVTIS,cocrystal,2
XUVTIT,solvate,4
XUVTOY,cocrystal,2
XUVTUE,cocrystal,2
XUVVAM,cocrystal,2
XUVXAN,salt,1
XUVXER,salt,1
XUWFIG,cocrystal,2
XUWFOM,cocrystal,2
XUWGED,salt,1
XUWGON,cocrystal,2
XUWPIO,salt,1
XUWPOU,salt,1
XUWPUA,salt,1
XUWZAT,cocrystal,2
XUXBIE01,salt,1
XUXLAG,cocrystal,2
XUXLUA,cocrystal,2
XUXMEL,cocrystal,2
XUXMIP,cocrystal,2
XUXMUB,cocrystal,2
XUXNUA,solvate,4
XUXXAS,salt,1
XUXXEW,solvate,4
XUXXIA,hydrate,3
XUYBEB,salt,1
XUYBIE,cocrystal,2
XUYBIF,salt,1
XUYBOK,hydrate,3
XUYBOL,salt,1
XUYBUQ,cocrystal,2
XUYBUR,salt,1
XUYCAY,salt,1
XUYCEC,salt,1
XUYDON,hydrate,3
XUYGEF,hydrate,3
XUYJUX,solvate,4
XUYKEI,solvate,4
XUYKIM,cocrystal,2
XUYKIN,salt,1
XUYLUA,salt,1
XUYPEM,salt,1
XUYTIU,salt,1
XUYVAO,salt,1
XUYZAT,hydrate,3
XUYZID,cocrystal,2
XUYZOH,solvate,4
XUYZUN,solvate,4
XUZBOJ,cocrystal,2
XUZBUQ,solvate,4
XUZFUV,salt,1
XUZHIM,cocrystal,2
XUZTES,salt,1
XUZWIY,salt,1
YABDUA,salt,1
YABFEO,salt,1
YABFIS,salt,1
YABFOY,salt,1
YABFUE,salt,1
YABGEP,salt,1
YABGIT,salt,1
YABGOZ,hydrate,3
YABHAM,cocrystal,2
YABHES,cocrystal,2
YABHIU,cocrystal,2
YABHUG,salt,1
YABJIU,salt,1
YABLAP,salt,1
YABLIZ,salt,1
YABLUL,salt,1
YABNEY,cocrystal,2
YABNIC,cocrystal,2
YABTAW,salt,1
YABVAY,salt,1
YABVEC,salt,1
YABVIG,salt,1
YACDOZ,cocrystal,2
YACDUE,cocrystal,2
YACFAM,cocrystal,2
YACFEQ,solvate,4
YACFIU,cocrystal,2
YACJUL,hydrate,3
YACMUK,cocrystal,2
YACNOF,cocrystal,2
YACNUL,cocrystal,2
YACQOL,cocrystal,2
YACQUR,cocrystal,2
YACRAY,cocrystal,2
YACXUZ,cocrystal,2
YACYAG,cocrystal,2
YACYEK,cocrystal,2
YACYIO,cocrystal,2
YADBOU,salt,1
YADBUA,salt,1
YADCAH,hydrate,3
YADHIW,salt,1
YADHOC,hydrate,3
YADJAQ,hydrate,3
YADJEU,hydrate,3
YADNAT,salt,1
YADRAW,salt,1
YADSAA,cocrystal,2
YADSEE,cocrystal,2
YADTIH,salt,1
YAFFUJ,cocrystal,2
YAFGEU,cocrystal,2
YAFGOC,cocrystal,2
YAFHUL,hydrate,3
YAFJAT,salt,1
YAFJUK,cocrystal,2
YAFKOI,cocrystal,2
YAFSUV,salt,1
YAFVOS,cocrystal,2
YAFYUD,cocrystal,2
YAFZAG,cocrystal,2
YAFZAK,cocrystal,2
YAFZIS,cocrystal,2
YAFZOY,cocrystal,2
YAFZUE,cocrystal,2
YAGFAP,cocrystal,2
YAGHIB,salt,1
YAGJIB,salt,1
YAGKAT,salt,1
YAGKEY,salt,1
YAGNEB,salt,1
YAGNIF,salt,1
YAGVIN,salt,1
YAGVOT,hydrate,3
YAGZUC,salt,1
YAHCIV,salt,1
YAHCOB,salt,1
YAHFOC,cocrystal,2
YAHJIC,cocrystal,2
YAHLAW,salt,1
YAHNOM,cocrystal,2
YAHQEF,cocrystal,2
YAHQII,salt,1
YAHRIK,cocrystal,2
YAHTOR,salt,1
YAHTUX,salt,1
YAHTUY,cocrystal,2
YAHYEP,cocrystal,2
YAHYIT,cocrystal,2
YAHYOZ,cocrystal,2
YAHYUF,cocrystal,2
YAHZAK,salt,1
YAHZEO,hydrate,3
YAHZIS,salt,1
YAJDUK,hydrate,3
YAJFEX,salt,1
YAJFIB,cocrystal,2
YAJGAU,salt,1
YAJGEY,cocrystal,2
YAJGIC,cocrystal,2
YAJGOI,cocrystal,2
YAJGUO,salt,1
YAJHAV,salt,1
YAJHEW,salt,1
YAJHEZ,salt,1
YAJHIE,salt,1
YAJHUO,salt,1
YAJKUT,salt,1
YAJLAA,salt,1
YAJLII,salt,1
YAJTOV,salt,1
YAJVAJ,cocrystal,2
YAJVEN,cocrystal,2
YAJXIR,salt,1
YAKRIO,cocrystal,2
YAKVAI,cocrystal,2
YAKVEM,cocrystal,2
YAKVIQ,cocrystal,2
YAKVOW,salt,1
YAKVUC,solvate,4
YAKZIX,salt,1
YALDIZ,salt,1
YALDUN,cocrystal,2
YALFOG,solvate,4
YALFUM,salt,1
YALHOL,solvate,4
YALJUT,cocrystal,2
YALKEB,cocrystal,2
YALKIF,cocrystal,2
YALLOO,salt,1
YALLUU,salt,1
YALMEH,salt,1
YALMIL,salt,1
YALMOR,salt,1
YALPIO,salt,1
YALQOU,cocrystal,2
YALRAH,cocrystal,2
YALREL,cocrystal,2
YALRIP,cocrystal,2
YALROU,salt,1
YALTUC,salt,1
YALVEO,solvate,4
YALWAK,hydrate,3
YALWEO,salt,1
YALWUE,salt,1
YALWUF,salt,1
YALXAN,hydrate,3
YAMJIJ,salt,1
YAMJOP,salt,1
YAMJUV,salt,1
YAMMAB,cocrystal,2
YAMMUV,cocrystal,2
YAMPIM,cocrystal,2
YAMQAH,cocrystal,2
YAMVIT,salt,1
YAMVUF,salt,1
YAMZAN,salt,1
YAMZOC,cocrystal,2
YANBEX,cocrystal,2
YANBEY,salt,1
YANBIB,hydrate,3
YANCAU,cocrystal,2
YANCUM,hydrate,3
YANGAX,solvate,4
YANHIH,hydrate,3
YANJOQ,cocrystal,2
YANMUW,salt,1
YANNAD,hydrate,3
YANNEH,cocrystal,2
YANNIL,salt,1
YANNIN,cocrystal,2
YANNOT,cocrystal,2
YANNUZ,cocrystal,2
YANPAH,cocrystal,2
YANPEL,cocrystal,2
YANQAG,salt,1
YANQEK,salt,1
YANQIO,salt,1
YANRIQ,salt,1
YANROW,salt,1
YANRUC,salt,1
YANSAJ,salt,1
YANSEN,salt,1
YANTOY,salt,1
YAPCIB,solvate,4
YAPGIF,hydrate,3
YAPWIW,salt,1
YAQHIL,cocrystal,2
YAQJOT,cocrystal,2
YARBIF,hydrate,3
YARPAL,salt,1
YARPEP,salt,1
YARPIR,hydrate,3
YARQAJ,salt,1
YARRER,salt,1
YARXAS,cocrystal,2
YARXEW,hydrate,3
YARZOG,hydrate,3
YASGAC,cocrystal,2
YASGAD,salt,1
YASGEG,cocrystal,2
YASGIK,cocrystal,2
YASGOQ,cocrystal,2
YASKIP,salt,1
YASROA,salt,1
YASSOB,hydrate,3
YASTES,hydrate,3
YASXOH,cocrystal,2
YASXUN,cocrystal,2
YASZEZ,cocrystal,2
YASZID,cocrystal,2
YATGEJ,hydrate,3
YATJUA,cocrystal,2
YATLIR,salt,1
YATLOX,salt,1
YATZAU,salt,1
YAVJAK,cocrystal,2
YAVJEK,cocrystal,2
YAVPOA,salt,1
YAVPUG,salt,1
YAVQET,cocrystal,2
YAVRAO,salt,1
YAVRIW,salt,1
YAVSET,salt,1
YAVSIX,salt,1
YAVSOF,salt,1
YAVTEU,salt,1
YAVXEA,cocrystal,2
YAWCOQ,salt,1
YAWHIP,salt,1
YAWJIP,solvate,4
YAWKEQ,cocrystal,2
YAWLEO,salt,1
YAWLEQ,salt,1
YAWLIR,cocrystal,2
YAWLIS,salt,1
YAWLOA,salt,1
YAWLOY,salt,1
YAWLUG,hydrate,3
YAWMUE,cocrystal,2
YAWQIY,cocrystal,2
YAWQOD,cocrystal,2
YAWVOJ,salt,1
YAWYED,cocrystal,2
YAXCIJ,salt,1
YAXDIL,cocrystal,2
YAXDOR,solvate,4
YAXFEK,hydrate,3
YAXGIR,salt,1
YAXGOT,salt,1
YAXGOX,salt,1
YAXLOZ,salt,1
YAXNER,hydrate,3
YAXNOB,cocrystal,2
YAXNOC,salt,1
YAXPEW,salt,1
YAXPIA,salt,1
YAXPOE,salt,1
YAXRAS,cocrystal,2
YAXSUN,cocrystal,2
YAXWOL,cocrystal,2
YAXXOL,salt,1
YAYCOS,salt,1
YAYFIR,cocrystal,2
YAYFUD,cocrystal,2
YAYGAG,salt,1
YAYGAK,cocrystal,2
YAYQEX,hydrate,3
YAYQEY,salt,1
YAYQIC,salt,1
YAYYEG,solvate,4
YAZGUD,solvate,4
YAZLOA,salt,1
YAZNAS,cocrystal,2
YAZNEW,cocrystal,2
YAZQAV,salt,1
YAZQID,salt,1
YAZTIC,cocrystal,2
YAZZOO,salt,1
YEBGEU,cocrystal,2
YEBHEU,salt,1
YEBLOI,solvate,4
YEBMAV,hydrate,3
YEBMOK,salt,1
YEBPUT,salt,1
YEBWEL,hydrate,3
YEBWOV,salt,1
YEBWUB,salt,1
YEBZAK,salt,1
YEBZEN,cocrystal,2
YEBZIS,salt,1
YECDIW,salt,1
YECGAR,hydrate,3
YECGIZ,salt,1
YECGUL,hydrate,3
YECHAQ,cocrystal,2
YECHEU,cocrystal,2
YECHIY,cocrystal,2
YECHOE,cocrystal,2
YECHUK,cocrystal,2
YECJAS,cocrystal,2
YECNEA,salt,1
YECQUU,salt,1
YECRAB,hydrate,3
YECWUC,cocrystal,2
YECXAJ,hydrate,3
YECXEN,salt,1
YECXIR,solvate,4
YECXOX,cocrystal,2
YECXUD,cocrystal,2
YECYAK,cocrystal,2
YECYIS,cocrystal,2
YEDCIT,solvate,4
YEDCUI,salt,1
YEDDAP,salt,1
YEDNEB,cocrystal,2
YEDNIH,salt,1
YEDNON,salt,1
YEDNUT,salt,1
YEDRIM,salt,1
YEDRIN,salt,1
YEDRIO,salt,1
YEDROS,salt,1
YEDSEJ,salt,1
YEDVAH,cocrystal,2
YEDZAM,hydrate,3
YEDZEQ,hydrate,3
YEDZIU,hydrate,3
YEFDOE,salt,1
YEFSUA,hydrate,3
YEFTIN,hydrate,3
YEFXEN,salt,1
YEFXIR,salt,1
YEFXOX,salt,1
YEFZAL,cocrystal,2
YEGFAR,cocrystal,2
YEGGID,salt,1
YEGHOK,salt,1
YEGHUQ,hydrate,3
YEGPUY,salt,1
YEHJEA,cocrystal,2
YEHTAI,salt,1
YEHTAK,salt,1
YEHWIT,solvate,4
YEHXAM,salt,1
YEHYUH,hydrate,3
YEHZAO,hydrate,3
YEHZES,solvate,4
YEJGEB,salt,1
YEJGIF,salt,1
YEJJOO,hydrate,3
YEJKON,cocrystal,2
YEJMAB,salt,1
YEJRIO,salt,1
YEJSAH,hydrate,3
YEJTEM,salt,1
YEJTIQ,hydrate,3
YEJVOC,salt,1
YEJYAN,salt,1
YEJYER,salt,1
YEJYIV,salt,1
YEJZAO,salt,1
YEKGAA,cocrystal,2
YEKGEC,salt,1
YEKGUS,salt,1
YEKHAZ,salt,1
YEKHED,salt,1
YEKHIH,hydrate,3
YEKHON,salt,1
YEKHUT,salt,1
YEKJAB,salt,1
YEKLIJ,hydrate,3
YELGUR,salt,1
YELKOP,salt,1
YELPAG,salt,1
YELQAH,salt,1
YELQEL,salt,1
YEMJAB,salt,1
YEMKIN,salt,1
YEMPUB,cocrystal,2
YEMREQ,salt,1
YEMSEQ,salt,1
YEMSOA,salt,1
YEMSUG,salt,1
YEMVIX,salt,1
YEMVUJ,salt,1
YEMZID,solvate,4
YEMZOJ,solvate,4
YENGOP,salt,1
YENHEE,salt,1
YENLIP,salt,1
YENMAF,salt,1
YENMEJ,hydrate,3
YENREO,salt,1
YENSES,salt,1
YENVIA,salt,1
YENVOG,salt,1
YENWAT,salt,1
YENXIY,salt,1
YEPBEB,solvate,4
YEPBIF,salt,1
YEPCAY,salt,1
YEPCIG,hydrate,3
YEPCOM,cocrystal,2
YEPGUZ,salt,1
YEPHOT,cocrystal,2
YEPJEJ,solvate,4
YEPJEL,cocrystal,2
YEPJIN,hydrate,3
YEPJOT,cocrystal,2
YEPJUB,cocrystal,2
YEPKAI,cocrystal,2
YEPMUF,cocrystal,2
YEPNAM,cocrystal,2
YEPNEQ,salt,1
YEPPIW,salt,1
YEPPUI,salt,1
YEPQAP,salt,1
YEPRIV,cocrystal,2
YEPSAO,cocrystal,2
YEPVIY,salt,1
YEQCED,salt,1
YEQGOU,cocrystal,2
YEQGUA,cocrystal,2
YEQJAJ,salt,1
YEQJOT,salt,1
YEQJOW,salt,1
YEQJUZ,salt,1
YEQKAG,salt,1
YEQKEK,salt,1
YEQKIO,salt,1
YEQKOU,salt,1
YEQKUA,salt,1
YEQLAH,salt,1
YEQLEL,salt,1
YEQWOJ,salt,1
YEQZAW,salt,1
YERBOM,cocrystal,2
YERKOY,salt,1
YERKUE,salt,1
YERQEV,salt,1
YERQIZ,hydrate,3
YERQOF,hydrate,3
YERQUL,hydrate,3
YERXIG,salt,1
YERXUP,hydrate,3
YERYEA,salt,1
YERYUS,cocrystal,2
YERZAZ,cocrystal,2
YESCEI,salt,1
YESGAE,salt,1
YESGOV,cocrystal,2
YESGUY,salt,1
YESHAF,salt,1
YESHEJ,solvate,4
YESSUL,salt,1
YESXOJ,salt,1
YESXUP,salt,1
YESZAB,solvate,4
YESZAX,cocrystal,2
YESZEB,cocrystal,2
YETFOV,salt,1
YETGEM,salt,1
YETKAM,hydrate,3
YETKEQ,cocrystal,2
YETKOA,cocrystal,2
YETKUG,salt,1
YETLAN,hydrate,3
YETLER,hydrate,3
YETLIS,salt,1
YETLOY,salt,1
YETLUE,salt,1
YETMAL,salt,1
YETZOP,salt,1
YEVHOZ,salt,1
YEVJAN,solvate,4
YEVJER,salt,1
YEVJIV,salt,1
YEVJUH,solvate,4
YEVMIY,cocrystal,2
YEVMUK,cocrystal,2
YEVNAR,cocrystal,2
YEVNEV,cocrystal,2
YEVNIZ,cocrystal,2
YEVTEB,salt,1
YEVVOK,salt,1
YEVXIG,salt,1
YEVXIH,salt,1
YEWFIT,salt,1
YEWJOA,salt,1
YEWKAQ,salt,1
YEWLES,salt,1
YEWLIW,salt,1
YEWNIB,salt,1
YEWNOH,salt,1
YEWNUN,salt,1
YEWPAR,cocrystal,2
YEWPEW,salt,1
YEWQOK,salt,1
YEWRIB,salt,1
YEWZAF,hydrate,3
YEXFUD,solvate,4
YEXHOZ,salt,1
YEXPOK,salt,1
YEXQAT,cocrystal,2
YEXRIG,salt,1
YEXRUS,salt,1
YEXSEA,cocrystal,2
YEXSON,salt,1
YEXZAF,hydrate,3
YEYDEM,salt,1
YEYDEP,cocrystal,2
YEYMEV,salt,1
YEYNAR,cocrystal,2
YEYSOL,cocrystal,2
YEYTUU,hydrate,3
YEYWIJ,salt,1
YEZBEO,cocrystal,2
YEZHIY,cocrystal,2
YEZTIK,salt,1
YEZTOQ,salt,1
YIBFOI,cocrystal,2
YIBRAG,salt,1
YIBVUE,salt,1
YIBYAJ,salt,1
YIBYEN,salt,1
YICBOE,salt,1
YICBUK,hydrate,3
YICKON,cocrystal,2
YICKUT,cocrystal,2
YICLAA,cocrystal,2
YICLEE,cocrystal,2
YICMAY,salt,1
YICNAZ,hydrate,3
YICNEH,salt,1
YICRUB,salt,1
YICTEJ,salt,1
YICTIN,salt,1
YICTOT,salt,1
YIDCEV01,salt,1
YIDCIZ01,salt,1
YIDGOH,hydrate,3
YIDJON,salt,1
YIDJOO,salt,1
YIDKEB,salt,1
YIDKIF,salt,1
YIDLIK,hydrate,3
YIDLUW,hydrate,3
YIDMAD,hydrate,3
YIDNAE,salt,1
YIDNEI,cocrystal,2
YIDTIR,salt,1
YIDTOX,hydrate,3
YIFLAB,cocrystal,2
YIFLOP,salt,1
YIFMUW,hydrate,3
YIFPOT,salt,1
YIFTIS,cocrystal,2
YIFXIV,salt,1
YIFXOB,hydrate,3
YIFXUH,hydrate,3
YIGTAK,solvate,4
YIGVAM,salt,1
YIHCAX,cocrystal,2
YIHCOI,salt,1
YIHFEB,salt,1
YIHFIF,salt,1
YIHGAB,cocrystal,2
YIHHAZ,hydrate,3
YIHHUV,solvate,4
YIHJUU,cocrystal,2
YIHPUD,salt,1
YIHQAK,salt,1
YIHRUD,salt,1
YIHSIV,hydrate,3
YIJGAD,salt,1
YIJHEE,salt,1
YIJJUY,salt,1
YIJKAF,salt,1
YIJMUC,hydrate,3
YIJMUZ,salt,1
YIJPAI,salt,1
YIJPEM,salt,1
YIJQIR,solvate,4
YIJQUH,hydrate,3
YIJROY,salt,1
YIJVOC,salt,1
YIJVUI,hydrate,3
YIJZUM,salt,1
YIKBAV,salt,1
YIKCOK,hydrate,3
YIKCOM,salt,1
YIKLUB,solvate,4
YIKMAI,salt,1
YIKMEM,salt,1
YIKNUD,salt,1
YIKPEP,salt,1
YIKPIT,salt,1
YIKPOZ,salt,1
YIKPUF,salt,1
YIKQAM,salt,1
YIKQEQ,salt,1
YIKQIU,salt,1
YIKQOA,salt,1
YIKQUG,cocrystal,2
YIKRAN,cocrystal,2
YIKVUN,salt,1
YILDEF,salt,1
YILGOP,cocrystal,2
YILJOU,hydrate,3
YILKOU,salt,1
YILMIP,salt,1
YILNEM,hydrate,3
YILTAR,salt,1
YILTOC,salt,1
YIMJIO,salt,1
YIMNIT,cocrystal,2
YIMRIW,salt,1
YIMSEW,salt,1
YIMXOK,salt,1
YIMYAU,cocrystal,2
YIMZAY,cocrystal,2
YIMZEC,solvate,4
YIMZIG,cocrystal,2
YIMZOM,cocrystal,2
YINFEG,solvate,4
YINFIK,solvate,4
YINFUW,solvate,4
YINLIS,salt,1
YINLOY,salt,1
YINRIY,cocrystal,2
YINVEW,cocrystal,2
YINVOK,salt,1
YINVUO,salt,1
YINWAV,cocrystal,2
YINWID,cocrystal,2
YINWOK,salt,1
YINZOM,cocrystal,2
YIPCEG,cocrystal,2
YIPCIK,cocrystal,2
YIPDAE,salt,1
YIPDEI,salt,1
YIPFAF,cocrystal,2
YIPGEL,salt,1
YIPGOV,hydrate,3
YIPKEQ,salt,1
YIPKIU,salt,1
YIPKOA,hydrate,3
YIPKUG,salt,1
YIPLAN,salt,1
YIPMOA,salt,1
YIPPOE,salt,1
YIPQIA,cocrystal,2
YIPSEV,salt,1
YIPTIA,salt,1
YIPWUR,salt,1
YIPXEC,solvate,4
YIPXIG,salt,1
YIPYUR,salt,1
YIQBOR,cocrystal,2
YIQBUX,cocrystal,2
YIQWUU,salt,1
YIQXAY,salt,1
YIRBUY,cocrystal,2
YIRCAF,cocrystal,2
YIRCEJ,cocrystal,2
YIRCUB,hydrate,3
YIRDAG,salt,1
YIRDIP,cocrystal,2
YIRFAJ,cocrystal,2
YIRGUE,hydrate,3
YIRHAL,salt,1
YIRLOB,cocrystal,2
YIRLOE,salt,1
YIRLUK,salt,1
YIRREX,salt,1
YIRREZ,cocrystal,2
YIRSUO,salt,1
YIRXON,salt,1
YIRYEH,salt,1
YIRYII,salt,1
YIRYIL,hydrate,3
YIRZII,salt,1
YIRZUV,salt,1
YISDIN,cocrystal,2
YISDOT,salt,1
YISFAI,salt,1
YISHAK,salt,1
YISKAO,cocrystal,2
YISMUL,salt,1
YISNIA,solvate,4
YISNOG,hydrate,3
YISNUM,solvate,4
YISPAU,solvate,4
YISPEY,cocrystal,2
YISTAV,salt,1
YISTEZ,cocrystal,2
YISXOQ,salt,1
YISXUW,hydrate,3
YISYAA,cocrystal,2
YISZUV,cocrystal,2
YITJAQ,salt,1
YITKAN,cocrystal,2
YITKAR,hydrate,3
YITKET,salt,1
YITKIX,hydrate,3
YITKOD,hydrate,3
YITKUJ,hydrate,3
YITLOF,cocrystal,2
YITPAS,salt,1
YITWIL,salt,1
YITZUW,salt,1
YIVCEM,solvate,4
YIVCIQ,salt,1
YIVHAO,salt,1
YIVHIW,salt,1
YIVHUI,salt,1
YIVNID,cocrystal,2
YIVQIG,hydrate,3
YIVSIG,salt,1
YIVVAD,hydrate,3
YIWCOW,salt,1
YIWLAT,salt,1
YIWLUO,salt,1
YIWMAV,hydrate,3
YIWPUS,hydrate,3
YIWSOM,salt,1
YIWTED,salt,1
YIWWIM,salt,1
YIWWOS,hydrate,3
YIWXEJ,cocrystal,2
YIWXOR,salt,1
YIWXOT,cocrystal,2
YIWXUZ,cocrystal,2
YIWYAG,cocrystal,2
YIXBUD,salt,1
YIXGOD,solvate,4
YIXKAU,salt,1
YIXKIC,salt,1
YIXMAU,salt,1
YIXMEA,salt,1
YIXPAX,hydrate,3
YIXVEH,salt,1
YIXVEI,salt,1
YIYCEQ,salt,1
YIYKIB,salt,1
YIYTAD,salt,1
YIZCEP,hydrate,3
YIZCIT,hydrate,3
YIZCIU,hydrate,3
YIZCOA,hydrate,3
YIZFUI,hydrate,3
YIZGAP,salt,1
YIZGEW,hydrate,3
YIZGIA,cocrystal,2
YIZQAA,cocrystal,2
YIZREF,cocrystal,2
YIZSAB,salt,1
YIZWUA,solvate,4
YIZXAH,hydrate,3
YIZXEL,cocrystal,2
YIZXEN,salt,1
YIZXIP,cocrystal,2
YIZXIR,salt,1
YIZXOV,cocrystal,2
YIZZAL,cocrystal,2
YOCBAW,salt,1
YOCGAY,salt,1
YOCHOQ,salt,1
YOCQUE,salt,1
YOCRIS,salt,1
YOCRUE,salt,1
YOCSAL,cocrystal,2
YOCSIT,hydrate,3
YOCXEV,hydrate,3
YOCXIZ,hydrate,3
YOCYEW,cocrystal,2
YOCYIB,cocrystal,2
YOCZIB,cocrystal,2
YOCZUL,cocrystal,2
YOCZUN,hydrate,3
YODBAW,hydrate,3
YODBEA,cocrystal,2
YODBIE,salt,1
YODBOK,salt,1
YODBUQ,salt,1
YODCAX,salt,1
YODGON,salt,1
YODMAF,salt,1
YODMAG,salt,1
YODNAH,salt,1
YODQAK,salt,1
YODTIX,cocrystal,2
YODVES,salt,1
YODYAR,cocrystal,2
YODZEW,salt,1
YOFDIJ,cocrystal,2
YOFKOW,salt,1
YOFLUD,salt,1
YOFMEO,salt,1
YOFQAM,solvate,4
YOFSES,hydrate,3
YOFWEW,cocrystal,2
YOFWIA,cocrystal,2
YOGCOO,cocrystal,2
YOGCUU,solvate,4
YOGGAF,solvate,4
YOGGEJ,solvate,4
YOGGUW,salt,1
YOGKOX,cocrystal,2
YOGKUC,salt,1
YOGMAI,salt,1
YOGMEM,salt,1
YOGMOW,salt,1
YOGROE,cocrystal,2
YOHHIO,hydrate,3
YOHKUB,salt,1
YOHZEC,salt,1
YOJDAD,salt,1
YOJDEH,salt,1
YOJDOR,salt,1
YOJFEK,salt,1
YOJHIR,salt,1
YOJPOE,cocrystal,2
YOJPUJ,salt,1
YOJQAQ,salt,1
YOJQIX,cocrystal,2
YOJQOD,solvate,4
YOJQOG,cocrystal,2
YOJQUJ,hydrate,3
YOJWEB,hydrate,3
YOJXIH,cocrystal,2
YOJXON,cocrystal,2
YOKBOP,salt,1
YOKHIQ,salt,1
YOKHOW,salt,1
YOKPEW,salt,1
YOKPOG,cocrystal,2
YOKQIA,salt,1
YOKQIZ,salt,1
YOKQUL,salt,1
YOKREW,solvate,4
YOKROG,solvate,4
YOKSAU,salt,1
YOKSEY,salt,1
YOKSUO,salt,1
YOKSUP,salt,1
YOKVIE,salt,1
YOKYUS,salt,1
YOKZAZ,salt,1
YOLBIN,salt,1
YOLHAJ,salt,1
YOLJIS,cocrystal,2
YOLKIT,salt,1
YOLKIV,salt,1
YOLNES,solvate,4
YOLQIZ,salt,1
YOLQOF,cocrystal,2
YOLXUV,cocrystal,2
YOMCAG,salt,1
YOMFIQ,salt,1
YOMKAN,cocrystal,2
YOMKIV,salt,1
YOMQAT,cocrystal,2
YOMRUO,salt,1
YOMSAV,salt,1
YOMSEZ,salt,1
YONCAI,cocrystal,2
YONCIN,solvate,4
YONDAH,cocrystal,2
YONGUG,cocrystal,2
YONHUF,salt,1
YONKET,salt,1
YONKOD,salt,1
YONKUJ,salt,1
YONLAO,cocrystal,2
YONLAQ,hydrate,3
YONREY,salt,1
YONVAY,cocrystal,2
YOPDAJ,hydrate,3
YOPDEN,salt,1
YOPDOX,salt,1
YOPLUK,solvate,4
YOPRUT,salt,1
YOPVEG,hydrate,3
YOPXAC,salt,1
YOQKAT,salt,1
YOQSIH,salt,1
YORFIV,salt,1
YORGET,cocrystal,2
YORHIZ,salt,1
YORJOF,cocrystal,2
YORKOI,salt,1
YORKUO,hydrate,3
YORLAV,salt,1
YORLEZ,salt,1
YORNAV,salt,1
YORNEZ,salt,1
YORREC,cocrystal,2
YORVEJ,cocrystal,2
YORZUD,salt,1
YOSBEQ,salt,1
YOSFEU,cocrystal,2
YOSMOI,cocrystal,2
YOSNOJ,salt,1
YOSZEN,cocrystal,2
YOTMUQ,salt,1
YOTNEB,salt,1
YOTNOL,salt,1
YOTNUR,salt,1
YOTPUT,salt,1
YOTRUV,hydrate,3
YOTSIJ,cocrystal,2
YOTSOR,cocrystal,2
YOTSUX,cocrystal,2
YOTTAE,cocrystal,2
YOTTEI,cocrystal,2
YOTVEJ,salt,1
YOTXAH,salt,1
YOTXEL,salt,1
YOVBOB,salt,1
YOVDIX,salt,1
YOVDOE,cocrystal,2
YOVDUJ,salt,1
YOVGAU,cocrystal,2
YOVLOM,salt,1
YOVMAA,cocrystal,2
YOVMEE,cocrystal,2
YOVMUS,salt,1
YOVMUU,cocrystal,2
YOVNAB,salt,1
YOVTOT,salt,1
YOVTUY,cocrystal,2
YOVTUZ,salt,1
YOVVAH,salt,1
YOVVEL,salt,1
YOVVIP,salt,1
YOVWOY,hydrate,3
YOWDIX,hydrate,3
YOWFIZ,salt,1
YOWKAZ,salt,1
YOWTOU,hydrate,3
YOWVAH,salt,1
YOWVEL,salt,1
YOWWEM,salt,1
YOWWOW,salt,1
YOWZEP,solvate,4
YOWZUF,hydrate,3
YOXDOE,hydrate,3
YOXMEG,salt,1
YOXNIJ,cocrystal,2
YOYCIY,salt,1
YOYDIC,salt,1
YOYFIB,cocrystal,2
YOYLEG,salt,1
YOYWUE,salt,1
YOYXUI,cocrystal,2
YOYYAP,salt,1
YOZBAT,cocrystal,2
YOZFEY,cocrystal,2
YOZHON,cocrystal,2
YOZKUW,hydrate,3
YOZVEQ,solvate,4
YOZWER,solvate,4
YOZWIV,solvate,4
YOZZIY,hydrate,3
YUBGEI,salt,1
YUBMOX,hydrate,3
YUBPOB,cocrystal,2
YUCBIK,cocrystal,2
YUCBOQ,cocrystal,2
YUCBUW,cocrystal,2
YUCCAD,cocrystal,2
YUCHUA,salt,1
YUCJAI,salt,1
YUCPIW,cocrystal,2
YUCQIX,salt,1
YUCQOD,salt,1
YUCQUJ,cocrystal,2
YUCREU,salt,1
YUCVAU,cocrystal,2
YUCWIC,salt,1
YUCWIF,salt,1
YUDDIM,salt,1
YUDHAJ,salt,1
YUDHEN,salt,1
YUDHIR,salt,1
YUDHOX,salt,1
YUDHUD,salt,1
YUDLOZ,salt,1
YUDPUL,cocrystal,2
YUDRUN,cocrystal,2
YUFCAD,salt,1
YUFCOT,solvate,4
YUFCUZ,solvate,4
YUFDAG,solvate,4
YUFDIO,cocrystal,2
YUFDOU,solvate,4
YUFDUA,cocrystal,2
YUFFAI,cocrystal,2
YUFFEM,solvate,4
YUFFIQ,cocrystal,2
YUFFOW,solvate,4
YUFFOX,cocrystal,2
YUFFUD,salt,1
YUFGAJ,cocrystal,2
YUFGEN,solvate,4
YUFGIR,hydrate,3
YUFKUF,hydrate,3
YUFMAN,salt,1
YUFPIA,cocrystal,2
YUFPOG,cocrystal,2
YUFPUM,solvate,4
YUFQAT,solvate,4
YUFQEX,solvate,4
YUFQIB,solvate,4
YUFQOH,cocrystal,2
YUFQUM,cocrystal,2
YUFQUN,hydrate,3
YUFREX,salt,1
YUGKAN,salt,1
YUGQEZ,cocrystal,2
YUGRAW,hydrate,3
YUGVOL,salt,1
YUGZEI,hydrate,3
YUHGAJ,salt,1
YUHGEN,salt,1
YUHGEQ,salt,1
YUHGIU,salt,1
YUHGOA,salt,1
YUHHAN,salt,1
YUHLAP,cocrystal,2
YUHLET,cocrystal,2
YUHLIX,cocrystal,2
YUHLOD,cocrystal,2
YUHMIA,salt,1
YUHQEZ,salt,1
YUHTAY,cocrystal,2
YUHVUS,salt,1
YUHZEJ,hydrate,3
YUHZIN,hydrate,3
YUJBAJ,hydrate,3
YUJBIO,salt,1
YUJBIR,hydrate,3
YUJBOX,hydrate,3
YUJDAI,cocrystal,2
YUJFIS,hydrate,3
YUJFUE,hydrate,3
YUJGOA,salt,1
YUJGUG,salt,1
YUJHAN,salt,1
YUJHIX,salt,1
YUJHOD,hydrate,3
YUJHUH,salt,1
YUJJAO,hydrate,3
YUJJAP,hydrate,3
YUJJEU,salt,1
YUJJOE,cocrystal,2
YUJKAR,cocrystal,2
YUJKEV,cocrystal,2
YUJLOG,cocrystal,2
YUJNAU,cocrystal,2
YUJNEY,cocrystal,2
YUJQUR,cocrystal,2
YUJRAY,cocrystal,2
YUJRUT,salt,1
YUJSEE,hydrate,3
YUJSUT,salt,1
YUJTII,salt,1
YUJTOP,cocrystal,2
YUJXEJ,cocrystal,2
YUKFUG,salt,1
YUKHAN,salt,1
YUKMAS,hydrate,3
YUKNUO,salt,1
YUKPAW,salt,1
YUKPUS,cocrystal,2
YUKQAZ,cocrystal,2
YUKVAE,salt,1
YUKVEI,cocrystal,2
YUKVIM,cocrystal,2
YULBIR,salt,1
YULHET,cocrystal,2
YULLEY,salt,1
YULNEZ,hydrate,3
YULREF,hydrate,3
YULWAG,salt,1
YULYOW,cocrystal,2
YUMQIJ,salt,1
YUMQOO,cocrystal,2
YUMRAB,hydrate,3
YUMROP,salt,1
YUMSAC,salt,1
YUMSOQ,hydrate,3
YUMSUW,salt,1
YUMTAD,salt,1
YUNBAL,hydrate,3
YUNCIV,salt,1
YUNNOL,cocrystal,2
YUNPEF,salt,1
YUNPIJ,hydrate,3
YUNPUV,hydrate,3
YUNQEG,salt,1
YUNYOV,cocrystal,2
YUNZAI,cocrystal,2
YUPHUO,salt,1
YUPNOP,hydrate,3
YUPPEH,cocrystal,2
YUPPIL,solvate,4
YUPPUX,cocrystal,2
YUPSEJ,cocrystal,2
YUPSOR,salt,1
YUPSUX,salt,1
YUPWOW,cocrystal,2
YUPXUE,salt,1
YUPXUF,salt,1
YUPYAL,salt,1
YUPYAM,salt,1
YUPYEN,salt,1
YUPYEQ,salt,1
YUPYIR,salt,1
YUPYIU,salt,1
YUPYOA,salt,1
YUQCEU,salt,1
YUQCIX,salt,1
YUQHEY,cocrystal,2
YUQHIC,salt,1
YUQKOL,salt,1
YUQKUR,salt,1
YUQLAY,salt,1
YUQLOM,cocrystal,2
YUQQEH,salt,1
YUQQOS,cocrystal,2
YUQSIN,salt,1
YUQVOW,salt,1
YUQVUC,salt,1
YUQYAN,solvate,4
YUQYOB,solvate,4
YUQYOZ,cocrystal,2
YUQYUF,cocrystal,2
YURMON,cocrystal,2
YURPAD,cocrystal,2
YURROS,cocrystal,2
YURYES,hydrate,3
YURYUI,salt,1
YURZOD,salt,1
YURZUJ,salt,1
YUSBAS,salt,1
YUSBEW,salt,1
YUSBIA,salt,1
YUSBOG,salt,1
YUSCAT,salt,1
YUSRAH,cocrystal,2
YUSREL,cocrystal,2
YUSYAO,salt,1
YUTCIZ,solvate,4
YUTKOP,salt,1
YUTSIR,salt,1
YUTTIS,salt,1
YUVMUY,salt,1
YUVPIO,hydrate,3
YUVZAS,salt,1
YUWNEJ,cocrystal,2
YUWYEW,salt,1
YUWZEW,salt,1
YUXDOM,salt,1
YUXDUR,solvate,4
YUXHAC,hydrate,3
YUYDAA,hydrate,3
YUYDEE,cocrystal,2
YUYFAB,salt,1
YUYFON,cocrystal,2
YUYFUT,cocrystal,2
YUYFUU,cocrystal,2
YUYKIM,salt,1
YUYKUY,salt,1
YUYNEO,cocrystal,2
YUYNUB,cocrystal,2
YUYQAM,cocrystal,2
YUYQEQ,solvate,4
YUYRIT,salt,1
YUYROZ,hydrate,3
YUYTAN,cocrystal,2
YUYWUK,cocrystal,2
YUYYAS,salt,1
YUZCUT,hydrate,3
YUZDII,hydrate,3
YUZGUY,hydrate,3
YUZNUC,salt,1
YUZTAQ,salt,1
YUZTAR,solvate,4
YUZVEV,cocrystal,2
YUZVIY,salt,1
YUZWUM,salt,1
ZABKOF,solvate,4
ZABLIA,cocrystal,2
ZABLOG,cocrystal,2
ZABLUM,cocrystal,2
ZABMAT,cocrystal,2
ZABRAV,cocrystal,2
ZABREZ,cocrystal,2
ZABVAD,hydrate,3
ZABVUX,cocrystal,2
ZABWEI,cocrystal,2
ZABWIM,cocrystal,2
ZABWOS,cocrystal,2
ZACCEL,salt,1
ZACDIT,hydrate,3
ZACSOO,hydrate,3
ZACSUU,hydrate,3
ZADHAR,salt,1
ZADHEV,salt,1
ZADJOH,salt,1
ZADKAT,salt,1
ZADKAU,hydrate,3
ZADMAS,cocrystal,2
ZADSAB,salt,1
ZADVOS,cocrystal,2
ZAFDAP,salt,1
ZAGCUI,salt,1
ZAGKOH,cocrystal,2
ZAGKUN,cocrystal,2
ZAGRAA,cocrystal,2
ZAGROO,cocrystal,2
ZAHBOC,salt,1
ZAHFET,salt,1
ZAHMEE,hydrate,3
ZAHROS,salt,1
ZAHRUY,hydrate,3
ZAHYEQ,salt,1
ZAHYIU,salt,1
ZAHZIV,cocrystal,2
ZAJCOC,cocrystal,2
ZAJDAP,cocrystal,2
ZAJDAT,solvate,4
ZAJFIC,salt,1
ZAJHAT,salt,1
ZAJHEX,salt,1
ZAJHOH,cocrystal,2
ZAJJAV,cocrystal,2
ZAJJEZ,cocrystal,2
ZAJKOK,cocrystal,2
ZAJKUQ,solvate,4
ZAJNIH,cocrystal,2
ZAJZUJ,salt,1
ZAKBAR,salt,1
ZAKNIL,salt,1
ZAKPOU,hydrate,3
ZAKSAI,cocrystal,2
ZAKSIQ,cocrystal,2
ZAKTAJ,solvate,4
ZAKTIO,cocrystal,2
ZAKYES,salt,1
ZALMIM,salt,1
ZALMOS,salt,1
ZALTAK,solvate,4
ZALTEL,solvate,4
ZALTEP,salt,1
ZALTIT,salt,1
ZALVOB,salt,1
ZALVUH,salt,1
ZALWAO,salt,1
ZALWES,salt,1
ZALWIV,salt,1
ZALWIW,salt,1
ZALWOC,salt,1
ZAMFIG,cocrystal,2
ZAMFOM,cocrystal,2
ZAMMUV,cocrystal,2
ZAMNAG,salt,1
ZAMXIU,salt,1
ZAMYIV,salt,1
ZAMZIA,hydrate,3
ZANNIP,solvate,4
ZANPOW,salt,1
ZANQIR,cocrystal,2
ZANQOX,cocrystal,2
ZANQUD,cocrystal,2
ZANXOD,salt,1
ZANYOE,salt,1
ZAPCOK,salt,1
ZAPDAY,cocrystal,2
ZAPFAX,cocrystal,2
ZAPFAZ,salt,1
ZAPFEB,cocrystal,2
ZAPFEE,salt,1
ZAPNAF,cocrystal,2
ZAPPUD,salt,1
ZAPSUI,cocrystal,2
ZAPTET,cocrystal,2
ZAPTOD,cocrystal,2
ZAPYOG,salt,1
ZAPYOI,cocrystal,2
ZAQBIC,salt,1
ZAQCIF,salt,1
ZAQCOL,salt,1
ZAQJEI,salt,1
ZAQKOT,salt,1
ZAQLEK,salt,1
ZAQLUA,hydrate,3
ZAQMIP,hydrate,3
ZAQQEN,cocrystal,2
ZAQQUF,hydrate,3
ZAQRAK,salt,1
ZAQREO,salt,1
ZAQRES,cocrystal,2
ZAQROC,cocrystal,2
ZAQSOB,cocrystal,2
ZAQSUH,salt,1
ZAQTUG,cocrystal,2
ZAQWET,salt,1
ZAQYEV,salt,1
ZAQYUO,cocrystal,2
ZAQZEA,cocrystal,2
ZAQZIE,cocrystal,2
ZAQZOK,cocrystal,2
ZAQZUQ,cocrystal,2
ZARBAX,hydrate,3
ZARBAZ,cocrystal,2
ZARBED,cocrystal,2
ZARBOM,salt,1
ZARFED,hydrate,3
ZARFIH,hydrate,3
ZARFON,hydrate,3
ZARFUV,cocrystal,2
ZARGOQ,salt,1
ZARGUU,hydrate,3
ZARHEH,cocrystal,2
ZARHOR,salt,1
ZARHUX,salt,1
ZARJEH,salt,1
ZARJUB,cocrystal,2
ZARLEM,hydrate,3
ZARNOZ,solvate,4
ZARQEO,cocrystal,2
ZARXUO,cocrystal,2
ZARYOJ,cocrystal,2
ZASDIJ,salt,1
ZASDOP,solvate,4
ZASDUV,hydrate,3
ZASFAE,salt,1
ZASKIQ,hydrate,3
ZASLUE,salt,1
ZASMIP,salt,1
ZASQAN,salt,1
ZASSEV,salt,1
ZASSIZ,salt,1
ZASTOE,salt,1
ZASWIB,cocrystal,2
ZASYUR,salt,1
ZASZAY,salt,1
ZATBAA,salt,1
ZATBEE,hydrate,3
ZATFOT,cocrystal,2
ZATGAG,cocrystal,2
ZATGIO,cocrystal,2
ZATGOU,cocrystal,2
ZATGUA,cocrystal,2
ZATHAH,cocrystal,2
ZATHEL,hydrate,3
ZATHIP,cocrystal,2
ZATJUD,salt,1
ZATLOZ,salt,1
ZATMAK,salt,1
ZATMEO,salt,1
ZATMIU,salt,1
ZATMOA,cocrystal,2
ZATNEP,salt,1
ZATPIX,cocrystal,2
ZATPOD,cocrystal,2
ZATQOD,salt,1
ZATSOC,solvate,4
ZATTEX,cocrystal,2
ZATYEY,salt,1
ZAVDIJ,salt,1
ZAVMER,hydrate,3
ZAVXAV,cocrystal,2
ZAVXEZ,cocrystal,2
ZAVXID,cocrystal,2
ZAVXIF,salt,1
ZAVXUP,salt,1
ZAVYAW,hydrate,3
ZAWDIM,salt,1
ZAWDUY,salt,1
ZAWFIM,salt,1
ZAWJEQ,hydrate,3
ZAWJIU,hydrate,3
ZAWJOA,hydrate,3
ZAWLUI,salt,1
ZAWPOE,salt,1
ZAWSIC,cocrystal,2
ZAXNUK,salt,1
ZAXPUM,salt,1
ZAXTEB,salt,1
ZAYFOY,hydrate,3
ZAYHAK,cocrystal,2
ZAYHEO,salt,1
ZAYLEQ,hydrate,3
ZAYLOA,hydrate,3
ZAYNUM,cocrystal,2
ZAYPAQ,salt,1
ZAYQEV,cocrystal,2
ZAYVAZ,cocrystal,2
ZAZFUF,cocrystal,2
ZAZLER,cocrystal,2
ZAZQOJ,salt,1
ZAZTEC,salt,1
ZAZXAB,salt,1
ZAZXEF,salt,1
ZEBCIV,salt,1
ZEBCOB,salt,1
ZEBCUH,salt,1
ZEBDAO,cocrystal,2
ZEBDIW,salt,1
ZEBDOC,salt,1
ZEBDOD,cocrystal,2
ZEBJUP,salt,1
ZEBKIE,cocrystal,2
ZEBKOK,cocrystal,2
ZEBKUQ,cocrystal,2
ZEBLAV,cocrystal,2
ZEBLAX,cocrystal,2
ZEBLEB,cocrystal,2
ZEBLIF,cocrystal,2
ZEBLOL,cocrystal,2
ZEBLUR,cocrystal,2
ZEBMAY,cocrystal,2
ZEBMIG,cocrystal,2
ZEBMOM,cocrystal,2
ZEBMUS,cocrystal,2
ZEBNAZ,cocrystal,2
ZEBNED,cocrystal,2
ZEBPAB,cocrystal,2
ZEBPEF,cocrystal,2
ZEBQOM,cocrystal,2
ZEBSUX,salt,1
ZEBTAE,salt,1
ZEBTIM,salt,1
ZEBWOU,cocrystal,2
ZEBWUA,hydrate,3
ZEBXEL,cocrystal,2
ZEBXOV,cocrystal,2
ZEBXUB,cocrystal,2
ZEBYAG,salt,1
ZECBOY,salt,1
ZECBUE,salt,1
ZECCAL,salt,1
ZECFOG,salt,1
ZECQOQ,salt,1
ZECQUW,salt,1
ZECQUX,cocrystal,2
ZECROO,salt,1
ZECRUU,salt,1
ZECSEF,hydrate,3
ZECSIJ,salt,1
ZECSOP,salt,1
ZECWUB,salt,1
ZECXEN,cocrystal,2
ZEDDEU,cocrystal,2
ZEDDUK,salt,1
ZEDGEU,salt,1
ZEDJOH,cocrystal,2
ZEDJUN,cocrystal,2
ZEDPON,salt,1
ZEDTIO,salt,1
ZEDYOZ,cocrystal,2
ZEDYUG,salt,1
ZEFCEU,cocrystal,2
ZEFDEX,hydrate,3
ZEFKIG,cocrystal,2
ZEFKOM,cocrystal,2
ZEFMOP,salt,1
ZEFPUY,hydrate,3
ZEFSOV,salt,1
ZEFSUB,hydrate,3
ZEFTAI,salt,1
ZEFTEM,hydrate,3
ZEFTIQ,hydrate,3
ZEFTOV,cocrystal,2
ZEFTOW,hydrate,3
ZEFTUB,hydrate,3
ZEFTUD,salt,1
ZEFVAJ,cocrystal,2
ZEFVAL,salt,1
ZEFVEP,salt,1
ZEFVIT,salt,1
ZEFWAK,cocrystal,2
ZEGBEU,salt,1
ZEGBIY,hydrate,3
ZEGBOE,salt,1
ZEGBUK,hydrate,3
ZEGCAR,salt,1
ZEGCEV,salt,1
ZEGDOG,salt,1
ZEGDUM,hydrate,3
ZEGHOL,cocrystal,2
ZEGQOV,cocrystal,2
ZEGQUB,cocrystal,2
ZEGWAN,salt,1
ZEGXUI,cocrystal,2
ZEGZET,solvate,4
ZEGZIX,salt,1
ZEGZOD,hydrate,3
ZEHDUL,cocrystal,2
ZEHFAT,cocrystal,2
ZEHGOI,cocrystal,2
ZEHGUO,cocrystal,2
ZEHRUC,cocrystal,2
ZEHSEN,cocrystal,2
ZEHSIO,cocrystal,2
ZEHSIR,cocrystal,2
ZEHSOX,cocrystal,2
ZEHSUD,cocrystal,2
ZEHTAK,cocrystal,2
ZEHTIP,salt,1
ZEJFUR,salt,1
ZEJLEI,salt,1
ZEJLIM,cocrystal,2
ZEJLOP,salt,1
ZEJMOQ,salt,1
ZEJNAD,solvate,4
ZEJROZ,cocrystal,2
ZEJSIT,salt,1
ZEJSOZ,salt,1
ZEJTUG,salt,1
ZEJVAO,solvate,4
ZEJZUJ,hydrate,3
ZEKDEC,salt,1
ZEKDIG,salt,1
ZEKFUU,cocrystal,2
ZEKKAE,salt,1
ZEKPIR,cocrystal,2
ZEKQAJ,cocrystal,2
ZEKQEN,cocrystal,2
ZEKYEW,cocrystal,2
ZEKYIA,cocrystal,2
ZEKYOD,salt,1
ZELBIE,hydrate,3
ZELDAY,cocrystal,2
ZELDOM,salt,1
ZELDUS,salt,1
ZELFAA,hydrate,3
ZELFEE,salt,1
ZELFOO,salt,1
ZELGIJ,hydrate,3
ZELGOP,salt,1
ZELKEG,salt,1
ZELNIR,cocrystal,2
ZELQUC,salt,1
ZELRAJ,salt,1
ZELRIR,salt,1
ZELROX,salt,1
ZELRUD,salt,1
ZELSAK,hydrate,3
ZEMBOI,salt,1
ZEMBUO,salt,1
ZEMCUS,salt,1
ZEMFAY,salt,1
ZEMHUY,cocrystal,2
ZEMJEK,cocrystal,2
ZEMJIO,cocrystal,2
ZEMJUA,salt,1
ZEMNIS,cocrystal,2
ZEMQUD,cocrystal,2
ZENKOW,cocrystal,2
ZENSOD,salt,1
ZENVIB,cocrystal,2
ZENXAV,cocrystal,2
ZEPDIH,salt,1
ZEPGAC,cocrystal,2
ZEPGEG,cocrystal,2
ZEPPET,solvate,4
ZEQBUV,hydrate,3
ZEQCEG,cocrystal,2
ZEQDAE,salt,1
ZEQYEZ,salt,1
ZERJEP,salt,1
ZERJUB,cocrystal,2
ZERKAM,hydrate,3
ZERPOE,salt,1
ZERQIW,salt,1
ZERWUS,hydrate,3
ZERXAZ,hydrate,3
ZERXUR,salt,1
ZERYAY,salt,1
ZERYOM,salt,1
ZERYUS,salt,1
ZERZAZ,salt,1
ZERZED,salt,1
ZERZIH,hydrate,3
ZESBAE,salt,1
ZESBEI,salt,1
ZESBOS,salt,1
ZESCAF,salt,1
ZESCEJ,salt,1
ZESFAE,cocrystal,2
ZESFEI,solvate,4
ZESLUH,cocrystal,2
ZESMAO,cocrystal,2
ZESMES,cocrystal,2
ZESMIW,cocrystal,2
ZESPAQ,salt,1
ZESPEU,salt,1
ZESPIY,salt,1
ZESPOE,salt,1
ZESPUK,salt,1
ZESQAR,hydrate,3
ZESQOF,hydrate,3
ZESQUL,hydrate,3
ZESRAS,salt,1
ZESSEV,salt,1
ZETHIP,salt,1
ZETYUU,cocrystal,2
ZETZAB,cocrystal,2
ZEVCOV,salt,1
ZEVSIC,cocrystal,2
ZEVWEE,cocrystal,2
ZEVXEG,cocrystal,2
ZEWGOA,hydrate,3
ZEWRUR,salt,1
ZEWXII,hydrate,3
ZEWYOT,solvate,4
ZEXGUH,cocrystal,2
ZEXHAO,cocrystal,2
ZEXHES,cocrystal,2
ZEXHIV,salt,1
ZEXHIW,cocrystal,2
ZEXHOC,cocrystal,2
ZEXHUH,salt,1
ZEXHUI,cocrystal,2
ZEXJAP,salt,1
ZEXJAQ,cocrystal,2
ZEXJEU,cocrystal,2
ZEXJIX,salt,1
ZEXJIY,cocrystal,2
ZEXJOE,cocrystal,2
ZEXKAQ,salt,1
ZEXLIA,salt,1
ZEXMOH,cocrystal,2
ZEXMUN,salt,1
ZEXNAU,hydrate,3
ZEXPIB,salt,1
ZEXPOJ,salt,1
ZEXQIF,salt,1
ZEXREC,hydrate,3
ZEXTIF,cocrystal,2
ZEXVUV,cocrystal,2
ZEXWAC,hydrate,3
ZEXWEG,cocrystal,2
ZEXWIK,cocrystal,2
ZEXZEK,salt,1
ZEYDAK,salt,1
ZEYDEO,salt,1
ZEYDIS,salt,1
ZEYDOY,salt,1
ZEYJAQ,hydrate,3
ZEYKAR,salt,1
ZEYKEV,salt,1
ZEYLAS,salt,1
ZEYLEW,hydrate,3
ZEYLEX,salt,1
ZEYLUN,salt,1
ZEYNAV,cocrystal,2
ZEYNEZ,cocrystal,2
ZEYNID,cocrystal,2
ZEYNOI,cocrystal,2
ZEYNUP,cocrystal,2
ZEYPAX,hydrate,3
ZEYQAX,salt,1
ZEYRII,salt,1
ZEZGIW,cocrystal,2
ZEZGOC,cocrystal,2
ZEZGUG,cocrystal,2
ZEZHAP,cocrystal,2
ZEZHET,cocrystal,2
ZEZHIV,cocrystal,2
ZIBBAP,hydrate,3
ZIBBET,salt,1
ZIBBIX,hydrate,3
ZIBBOD,salt,1
ZIBBUJ,salt,1
ZIBCEU,cocrystal,2
ZIBCIY,hydrate,3
ZIBCOE,hydrate,3
ZIBCOG,salt,1
ZIBCUK,salt,1
ZIBDAR,salt,1
ZIBDEX,salt,1
ZIBDOF,hydrate,3
ZIBDUL,salt,1
ZIBGIE,cocrystal,2
ZIBSUB,cocrystal,2
ZIBWAM,cocrystal,2
ZIBZUH,cocrystal,2
ZICBAS,salt,1
ZICCIX,cocrystal,2
ZICGIE,hydrate,3
ZICLEG,hydrate,3
ZICLIK,hydrate,3
ZICQEL,hydrate,3
ZIDPAF,salt,1
ZIDXES,hydrate,3
ZIFGAW,salt,1
ZIFNIR,salt,1
ZIFWOA,cocrystal,2
ZIGFON,cocrystal,2
ZIGGAA,cocrystal,2
ZIGGAX,salt,1
ZIGGEE,cocrystal,2
ZIGGII,cocrystal,2
ZIGJII,salt,1
ZIGJOO,salt,1
ZIGNOU,cocrystal,2
ZIGPAI,salt,1
ZIHFAX,solvate,4
ZIHHAZ,cocrystal,2
ZIHQUG,salt,1
ZIHYEX,hydrate,3
ZIHZOJ,salt,1
ZIHZUP,salt,1
ZIJCUT,cocrystal,2
ZIJDAZ,salt,1
ZIJHAD,cocrystal,2
ZIJHEH,cocrystal,2
ZIJQOY,cocrystal,2
ZIJREP,salt,1
ZIJVIB,salt,1
ZIJVOH,salt,1
ZIJVUN,salt,1
ZIJWAU,solvate,4
ZIJWEY,salt,1
ZIJWIC,salt,1
ZIJXAT,salt,1
ZIJXID,salt,1
ZIJXOJ,salt,1
ZIJYAW,salt,1
ZIJZEB,salt,1
ZIJZIF,salt,1
ZIJZOL,salt,1
ZIJZUR,hydrate,3
ZIKBAA,hydrate,3
ZIKDUV,hydrate,3
ZIKFAD,hydrate,3
ZIKNOY,cocrystal,2
ZIKPIU,hydrate,3
ZIKPOY,salt,1
ZIKPUG,cocrystal,2
ZIKQOB,salt,1
ZIKRAM,salt,1
ZIKREQ,hydrate,3
ZIKSIV,salt,1
ZILCOO,cocrystal,2
ZILDIL,cocrystal,2
ZILJOX,hydrate,3
ZILLUB,cocrystal,2
ZILMAI,cocrystal,2
ZILMIQ,salt,1
ZILMUF,cocrystal,2
ZILNAN,cocrystal,2
ZILNER,salt,1
ZILPAN,hydrate,3
ZILPER,salt,1
ZILPET,hydrate,3
ZIMCAB,salt,1
ZIMCEF,salt,1
ZIMCIJ,salt,1
ZIMCUT,salt,1
ZINDEI,salt,1
ZINLIR,salt,1
ZINPEU,cocrystal,2
ZINPIY,cocrystal,2
ZINPUK,cocrystal,2
ZINYAA,salt,1
ZINZIH,salt,1
ZINZUR,cocrystal,2
ZIPBAB,cocrystal,2
ZIPBEF,cocrystal,2
ZIPBIJ,cocrystal,2
ZIPBIL,salt,1
ZIPBOR,salt,1
ZIPCOS,salt,1
ZIPCOT,hydrate,3
ZIPGIR,cocrystal,2
ZIPGOX,salt,1
ZIPGUD,cocrystal,2
ZIPHEO,cocrystal,2
ZIPHOY,cocrystal,2
ZIPJAM,cocrystal,2
ZIPJEQ,cocrystal,2
ZIPLUH,salt,1
ZIPMES,salt,1
ZIPMIW,salt,1
ZIPYEG,hydrate,3
ZIPYIG,cocrystal,2
ZIPYIK,cocrystal,2
ZIPYOQ,cocrystal,2
ZIPZAD,cocrystal,2
ZIPZEH,cocrystal,2
ZIPZIH,cocrystal,2
ZIQCEL,salt,1
ZIQDUA,cocrystal,2
ZIQFAI,cocrystal,2
ZIQFEM,cocrystal,2
ZIQLIY,salt,1
ZIQWEF,cocrystal,2
ZIQXEE,salt,1
ZIRBIN,cocrystal,2
ZIRPIC,cocrystal,2
ZIRPOI,cocrystal,2
ZIRWEG,salt,1
ZIRWIK,salt,1
ZIRWOQ,salt,1
ZIRYAE,cocrystal,2
ZISPOK,salt,1
ZISPUP,salt,1
ZISTUU,cocrystal,2
ZISVAA,salt,1
ZISZEJ,cocrystal,2
ZISZIN,cocrystal,2
ZITBAI,cocrystal,2
ZITBUC,cocrystal,2
ZITCAJ,cocrystal,2
ZITCEN,cocrystal,2
ZITCIR,cocrystal,2
ZITCOX,cocrystal,2
ZITCUD,cocrystal,2
ZITMUO,hydrate,3
ZITNEZ,salt,1
ZITYIO,salt,1
ZITZAD,salt,1
ZIVBOV,salt,1
ZIVGAM,hydrate,3
ZIVKAQ,salt,1
ZIVLUL,salt,1
ZIVROL,salt,1
ZIVRUR,salt,1
ZIVXEH,salt,1
ZIVXOV,salt,1
ZIVZIP,hydrate,3
ZIWFEU,cocrystal,2
ZIWFIY,cocrystal,2
ZIXBOZ,salt,1
ZIXCAM,salt,1
ZIXKEZ,salt,1
ZIXKID,solvate,4
ZIXMEC,hydrate,3
ZIXNIG,salt,1
ZIXNOM,salt,1
ZIXNUS,salt,1
ZIXYAK,cocrystal,2
ZIXZAK,salt,1
ZIYDAP,salt,1
ZIYDES,hydrate,3
ZIYDOD,salt,1
ZIYDUJ,salt,1
ZIYFAR,salt,1
ZIYFEV,salt,1
ZIYFOF,cocrystal,2
ZIYJOJ,solvate,4
ZIYLIC,cocrystal,2
ZIYQIH,cocrystal,2
ZIYRUY,cocrystal,2
ZIYTOU,cocrystal,2
ZIYTUA,cocrystal,2
ZIYVAH,salt,1
ZIYVAI,hydrate,3
ZIYVEM,cocrystal,2
ZIYVIQ,cocrystal,2
ZIYVOW,cocrystal,2
ZIYVUC,cocrystal,2
ZIYWAJ,hydrate,3
ZIYWEN,cocrystal,2
ZIYXAG,solvate,4
ZIYYOX,cocrystal,2
ZIYYUD,cocrystal,2
ZIYZAK,cocrystal,2
ZIZBIX,cocrystal,2
ZIZBOD,solvate,4
ZIZHOJ,hydrate,3
ZIZJAT,salt,1
ZIZJIF,cocrystal,2
ZIZJOL,cocrystal,2
ZIZJUR,cocrystal,2
ZIZKAY,cocrystal,2
ZIZKEC,cocrystal,2
ZIZKIG,cocrystal,2
ZIZKOK,salt,1
ZIZQIM,salt,1
ZIZQUW,salt,1
ZIZREJ,cocrystal,2
ZIZROT,cocrystal,2
ZIZRUX,cocrystal,2
ZIZRUZ,cocrystal,2
ZIZXOZ,solvate,4
ZIZYUE,cocrystal,2
ZIZZAL,cocrystal,2
ZOBBEX,hydrate,3
ZOBBEZ,cocrystal,2
ZOBCOK,cocrystal,2
ZOBHUW,cocrystal,2
ZOBJEI,cocrystal,2
ZOBZIB,salt,1
ZOCBOL,salt,1
ZOCHIK,solvate,4
ZOCHOQ,hydrate,3
ZOCRAM,solvate,4
ZOCRIU,cocrystal,2
ZOCVES,salt,1
ZOCZOG,salt,1
ZODJEK,salt,1
ZODJIO,hydrate,3
ZODWEU,cocrystal,2
ZODWIY,cocrystal,2
ZOFBEE,salt,1
ZOFBII,salt,1
ZOFBOO,salt,1
ZOFWOI,salt,1
ZOGCOP,cocrystal,2
ZOGFUY,salt,1
ZOGRUI,salt,1
ZOGSOF,cocrystal,2
ZOGSUL,cocrystal,2
ZOGTAS,cocrystal,2
ZOGTEW,cocrystal,2
ZOGTUM,cocrystal,2
ZOGVAU,cocrystal,2
ZOGVIC,cocrystal,2
ZOGVUO,cocrystal,2
ZOHHAH,salt,1
ZOHLIT,salt,1
ZOHLUG,cocrystal,2
ZOHMIV,cocrystal,2
ZOHNAO,salt,1
ZOHPER,salt,1
ZOHPOB,salt,1
ZOHPUH,salt,1
ZOHQAO,salt,1
ZOHQES,salt,1
ZOHQIW,salt,1
ZOHQOC,salt,1
ZOHQUI,salt,1
ZOHRAP,salt,1
ZOHRET,salt,1
ZOHRIX,salt,1
ZOHROD,salt,1
ZOHTEX,cocrystal,2
ZOHTIB,cocrystal,2
ZOHTOH,cocrystal,2
ZOHTUN,cocrystal,2
ZOHVEZ,cocrystal,2
ZOHVID,cocrystal,2
ZOHVUP,cocrystal,2
ZOHWAW,cocrystal,2
ZOHWEA,cocrystal,2
ZOHWIE,cocrystal,2
ZOHWOK,cocrystal,2
ZOHWUQ,cocrystal,2
ZOHXAX,cocrystal,2
ZOJCUZ,cocrystal,2
ZOJLOB,salt,1
ZOJPEV,salt,1
ZOKQIZ,salt,1
ZOKQUL,salt,1
ZOKREW,salt,1
ZOKSUN,salt,1
ZOKYON,cocrystal,2
ZOKYUV,cocrystal,2
ZOKZAA,salt,1
ZOKZII,salt,1
ZOLKAP,hydrate,3
ZOLVAZ,salt,1
ZOLXAC,salt,1
ZOMDAJ,cocrystal,2
ZOMGAM,cocrystal,2
ZOMQAV,hydrate,3
ZONBEL,salt,1
ZONBIP,hydrate,3
ZONBUB,cocrystal,2
ZONQIC,cocrystal,2
ZONRUR,salt,1
ZONYOQ,cocrystal,2
ZOPDEN,solvate,4
ZOPGES,salt,1
ZOPGOC,cocrystal,2
ZOPHOB,salt,1
ZOQPIE,salt,1
ZORNOM,solvate,4
ZORVIL,cocrystal,2
ZOTBEP,cocrystal,2
ZOTGUN,cocrystal,2
ZOTHOI,cocrystal,2
ZOTJIE,cocrystal,2
ZOTKAX,salt,1
ZOTKEB,cocrystal,2
ZOTKOL,cocrystal,2
ZOTKUR,cocrystal,2
ZOTLAY,cocrystal,2
ZOTLEC,hydrate,3
ZOTLIG,cocrystal,2
ZOTLOM,cocrystal,2
ZOTLUS,hydrate,3
ZOTMAZ,hydrate,3
ZOTMED,solvate,4
ZOTMIG,salt,1
ZOTMOM,salt,1
ZOWGEX,salt,1
ZOWWEP,salt,1
ZOWWIT,salt,1
ZOWWOZ,hydrate,3
ZOWYOZ,salt,1
ZOWZIX,salt,1
ZOXCIA,salt,1
ZOXSEK,cocrystal,2
ZOXVEN,salt,1
ZOXVUF,cocrystal,2
ZOXYAM,salt,1
ZOYBEU,salt,1
ZOYBEW,cocrystal,2
ZOYBIY,salt,1
ZOYBOE,salt,1
ZOYBOG,hydrate,3
ZOYCAT,cocrystal,2
ZOYCEX,cocrystal,2
ZOYCIB,hydrate,3
ZOYCOH,cocrystal,2
ZOYGAV,salt,1
ZOYGEZ,salt,1
ZOYGID,salt,1
ZOYGOJ,salt,1
ZOYGUP,salt,1
ZOYPUB,hydrate,3
ZOYRUA,salt,1
ZOYXAP,cocrystal,2
ZOYXET,salt,1
ZOYXIX,solvate,4
ZOYXOD,solvate,4
ZOYYAQ,cocrystal,2
ZOYYOE,hydrate,3
ZOYZAR,hydrate,3
ZOZMOT,salt,1
ZOZZET,hydrate,3
ZPHCYQ,cocrystal,2
ZUBCOR,salt,1
ZUBNOB,cocrystal,2
ZUBNUH,cocrystal,2
ZUBQEU,solvate,4
ZUBTIC,salt,1
ZUCHEM,salt,1
ZUCHIQ,salt,1
ZUCLER,salt,1
ZUCQAP,hydrate,3
ZUCQIX,hydrate,3
ZUCQOD,hydrate,3
ZUCQUJ,hydrate,3
ZUCRAQ,salt,1
ZUCTOI,solvate,4
ZUDBIJ,cocrystal,2
ZUDBOP,hydrate,3
ZUDHUE,cocrystal,2
ZUDKIU,hydrate,3
ZUDSOI,solvate,4
ZUDTAV,solvate,4
ZUDTIE,salt,1
ZUDTOK,hydrate,3
ZUDTUQ,salt,1
ZUFDEJ,cocrystal,2
ZUFFUD,salt,1
ZUFGAK,salt,1
ZUFPEX,cocrystal,2
ZUFQAU,cocrystal,2
ZUFWUU,cocrystal,2
ZUFXAB,cocrystal,2
ZUFXEF,cocrystal,2
ZUFXIJ,cocrystal,2
ZUGTEC,salt,1
ZUGWUW,hydrate,3
ZUGXEH,solvate,4
ZUGZIM,hydrate,3
ZUHBIP,salt,1
ZUHBUB,hydrate,3
ZUHCAI,salt,1
ZUHCEM,salt,1
ZUHCIQ,salt,1
ZUHCUC,salt,1
ZUHDAJ,hydrate,3
ZUHFIR,salt,1
ZUHMEU,salt,1
ZUHNAR,salt,1
ZUHNEV,salt,1
ZUHVAB,cocrystal,2
ZUHZEK,cocrystal,2
ZUJRON,solvate,4
ZUKQIH,hydrate,3
ZUKXAE,cocrystal,2
ZUKXEI,cocrystal,2
ZUKXOS,cocrystal,2
ZUKXUY,cocrystal,2
ZUKYUC,hydrate,3
ZULMAU,salt,1
ZULNOJ,cocrystal,2
ZUMHIB,cocrystal,2
ZUMTEJ,salt,1
ZUMTIN,salt,1
ZUNCIX,salt,1
ZUNKOI,salt,1
ZUNNIF,salt,1
ZUNREF,salt,1
ZUPHEA,cocrystal,2
ZUPJEZ,cocrystal,2
ZUPJID,cocrystal,2
ZUPKUQ,cocrystal,2
ZUPLAX,cocrystal,2
ZUPLEB,cocrystal,2
ZUPMOP,hydrate,3
ZUPMUV,hydrate,3
ZUPNAC,salt,1
ZUPYUH,salt,1
ZUPZAO,salt,1
ZUPZES,salt,1
ZUPZIW,hydrate,3
ZUPZOC,salt,1
ZUPZUI,salt,1
ZUQJON,cocrystal,2
ZUQKAA,hydrate,3
ZUQKII,hydrate,3
ZURFOJ,salt,1
ZURHAY,hydrate,3
ZUSBEX,cocrystal,2
ZUSCEV,hydrate,3
ZUSGEC,salt,1
ZUSGUS,salt,1
ZUSHAZ,salt,1
ZUSHED,salt,1
ZUSHIH,salt,1
ZUSHON,salt,1
ZUSLEE,salt,1
ZUSLII,salt,1
ZUSLOO,salt,1
ZUSLUU,salt,1
ZUSMEF,salt,1
ZUSMIJ,salt,1
ZUSMOP,salt,1
ZUSMUV,salt,1
ZUSNAC,salt,1
ZUSNEG,salt,1
ZUSNIK,salt,1
ZUSNOQ,salt,1
ZUSNUW,salt,1
ZUSPAE,salt,1
ZUSPEI,salt,1
ZUSPIM,salt,1
ZUSPIP,hydrate,3
ZUTDIE,cocrystal,2
ZUTFIF,salt,1
ZUTKIL,cocrystal,2
ZUTKOR,cocrystal,2
ZUTKUX,cocrystal,2
ZUTLAE,cocrystal,2
ZUTLUV,cocrystal,2
ZUVCUR,cocrystal,2
ZUVKUW,salt,1
ZUVVEU,salt,1
ZUVWUK,salt,1
ZUVXAR,salt,1
ZUVXUJ,solvate,4
ZUVYAQ,cocrystal,2
ZUWCAV,salt,1
ZUWCEZ,solvate,4
ZUWFEC,salt,1
ZUWKUX,cocrystal,2
ZUWMAF,salt,1
ZUWZOJ,salt,1
ZUXBEC,salt,1
ZUXBIG,salt,1
ZUXJEK,salt,1
ZUXNOX,salt,1
ZUYDOP,cocrystal,2
ZUYFIL,salt,1
ZUYJEK,salt,1
ZUYJIO,salt,1
ZUYJOU,salt,1
ZUYLAI,cocrystal,2
ZUYMIS,salt,1
ZUYZEA,cocrystal,2
ZUYZIE,hydrate,3
ZUYZOK,cocrystal,2
ZUYZUQ,cocrystal,2
ZUZBAZ,cocrystal,2
ZUZBED,cocrystal,2
ZUZBIH,cocrystal,2
ZUZBON,cocrystal,2
ZUZDIH,cocrystal,2
ZUZDIJ,cocrystal,2
ZUZDON,cocrystal,2
ZUZDOQ,salt,1
ZUZDUT,cocrystal,2
ZUZFAB,cocrystal,2
ZUZGIM,solvate,4
ZUZJOW,hydrate,3
ZZZAXS10,cocrystal,2
ZZZBWA10,salt,1
AQEJEO01,cocrystal,2
BEMCON01,hydrate,3
BOJBOV,salt,1
CEKKIO02,hydrate,3
CEXJOI01,cocrystal,2
CIXZUI,solvate,4
CIZYAP,salt,1
COBZUS,hydrate,3
COCBEF,solvate,4
DOCHEM,salt,1
DOFRAV,salt,1
EGENOX,salt,1
EGIKIS,hydrate,3
EGIKOY,hydrate,3
ELIMIV01,salt,1
EXUQEV01,salt,1
FOJHEV,solvate,4
FOJHIZ,hydrate,3
FOJHOF,salt,1
FOJHUL,hydrate,3
FOJJAT,hydrate,3
FOJJEX,salt,1
FOLQUW,salt,1
FOMREI,salt,1
FOMRIM,salt,1
FOMROS,salt,1
FOMRUY,salt,1
FOMSAF,salt,1
FONPUX,salt,1
FONQAE,salt,1
FONTOV,cocrystal,2
FONTUB,cocrystal,2
FONVAJ,cocrystal,2
FONVEN,cocrystal,2
FOQCAT,cocrystal,2
FOQCIB,cocrystal,2
FOQCOH,cocrystal,2
FOQMEH,salt,1
GIQHOH,solvate,4
GOFDUE,cocrystal,2
GOFFOA,cocrystal,2
GOFHUI,salt,1
GOFROM,cocrystal,2
GOGLAT,salt,1
GOGQIG,cocrystal,2
GOGRAZ,salt,1
GOGRED,hydrate,3
GOGVAD,salt,1
GOHTUW,cocrystal,2
GOHVAE,cocrystal,2
GOHVIM,cocrystal,2
GOHVOS,cocrystal,2
GOHVUY,cocrystal,2
GOHWAF,cocrystal,2
GOHWEJ,cocrystal,2
GOHWIN,cocrystal,2
GOHWUZ,cocrystal,2
GOHXAG,cocrystal,2
GOJQIJ,cocrystal,2
GOKCIW,hydrate,3
GOKCOC,salt,1
GOKDAP,hydrate,3
GOLKAX,hydrate,3
GONKON,hydrate,3
GONKUT,salt,1
GONLUU,cocrystal,2
GONTOW,cocrystal,2
GONTUC,cocrystal,2
GONVAK,cocrystal,2
GONYAN,cocrystal,2
GOPGAX,salt,1
GUPIOD01,salt,1
HESSAD01,cocrystal,2
HIXGOO,salt,1
HOGZAI,salt,1
HOGZEM,salt,1
HOHKAU,salt,1
HOHKEY,hydrate,3
HOHTIL,cocrystal,2
HOMGEZ,salt,1
HOMGID,salt,1
HOMGOJ,salt,1
HOMVAK,hydrate,3
HOMVEO,salt,1
HOPJAB,cocrystal,2
HOPJEF,cocrystal,2
HOPQIQ,cocrystal,2
HOQQUD,salt,1
HOQZOG,solvate,4
HORNOV,cocrystal,2
HOSGEF,salt,1
HOSHIK,hydrate,3
ISEQUT01,salt,1
IVENUV01,cocrystal,2
JIKXOU,salt,1
JOCNUO,cocrystal,2
KACPAJ01,salt,1
KIGKER02,cocrystal,2
KODPUS,salt,1
KODQAZ,salt,1
KOFROQ,salt,1
KOFSIL,salt,1
KOFWIO,salt,1
KOFXUC,cocrystal,2
KOGDIX,cocrystal,2
KOGNIH,salt,1
KOHGEX,hydrate,3
KOHGIB,cocrystal,2
KOHLEC,salt,1
KOHLIG,salt,1
KOHLOM,salt,1
KOHLUS,salt,1
KOHMUT,salt,1
KOHNEE,salt,1
KOHPUW,cocrystal,2
KOHZUG,cocrystal,2
KOJBAQ,cocrystal,2
KOJBEU,cocrystal,2
KOJBIY,cocrystal,2
KOJBOE,cocrystal,2
KOJPOS,salt,1
KOJPUY,salt,1
KOJREK,cocrystal,2
KOJRIO,cocrystal,2
KOKCUM,salt,1
KOKDAT,hydrate,3
KOKDEX,hydrate,3
KOKDIB,hydrate,3
KOKDOH,salt,1
KOKZAP,cocrystal,2
KOLCOH,cocrystal,2
KOLCUN,cocrystal,2
KOLDAU,cocrystal,2
KOLDUO,cocrystal,2
KOLFOK,cocrystal,2
KOLFUQ,cocrystal,2
KOMVUH,cocrystal,2
KONCUP,cocrystal,2
KONNUA,cocrystal,2
KONPIQ,cocrystal,2
KOPQEP,cocrystal,2
KOQNAI,salt,1
LAHFEJ01,cocrystal,2
LOGJOK,salt,1
LOGJUQ,hydrate,3
LOHFUN,solvate,4
LOHROT,salt,1
LOHSEK,cocrystal,2
LOHSIO,cocrystal,2
LOHSOU,cocrystal,2
LOHSUA,cocrystal,2
LOHTAH,cocrystal,2
LOHTEL,cocrystal,2
LOLDEZ,solvate,4
LOLDID,solvate,4
LOLDOJ,salt,1
LOLGAY,salt,1
LOLHED,salt,1
LOLHIH,salt,1
LOLRIR,salt,1
LOLRUD,hydrate,3
LOLSAK,salt,1
LOMPEM,cocrystal,2
LOQKOV,cocrystal,2
LOQMOX,salt,1
MESGAW01,salt,1
MIVZIE,cocrystal,2
MOBZEM,salt,1
MOFWAJ,salt,1
MOFWEN,hydrate,3
MOFWIR,hydrate,3
MOGREJ,cocrystal,2
MOHWIT,salt,1
MOLROY,hydrate,3
MOLSEP,salt,1
MOLSIT,salt,1
MOMGUU,salt,1
MOMHUV,salt,1
MOMYAS,hydrate,3
MOMYIA,salt,1
MOMYOG,salt,1
MONFII,salt,1
MONQIT,cocrystal,2
MOPFEG,hydrate,3
MOPRUI,cocrystal,2
MOQZOL,hydrate,3
MORFAE,salt,1
NILQAC02,salt,1
NODYOY,salt,1
NODZOZ,salt,1
NODZUF,hydrate,3
NOFBIX,hydrate,3
NOFBOD,hydrate,3
NOFBUJ,hydrate,3
NOFCAQ,hydrate,3
NOFCEU,salt,1
NOFDAR,salt,1
NOFFEX,salt,1
NOFMII,salt,1
NOFMOO,salt,1
NOHBUL,salt,1
NOHCAS,salt,1
NOHCEW,salt,1
NOLQOY,hydrate,3
NOLRUF,salt,1
NOLSAM,hydrate,3
NOLSUG,hydrate,3
NOLTER,salt,1
NOMFUU,salt,1
NONNOX,hydrate,3
NOPNOY,salt,1
NOPPOB,salt,1
NOPQAO,salt,1
NOPQES,salt,1
NOPTOF,salt,1
NOPZEB,salt,1
NOQMAL,cocrystal,2
NOQMEP,cocrystal,2
NOQMIT,cocrystal,2
PAWKOP01,salt,1
POCTIO,salt,1
POCTOU,hydrate,3
PODKEC,cocrystal,2
POGGAX,hydrate,3
POHCIC,hydrate,3
POHCOI,salt,1
POLQUG,salt,1
QIVRIA,salt,1
QOBFEW,cocrystal,2
QOFYOD,salt,1
QOGPEL,salt,1
QOHLUY,cocrystal,2
QOHMAF,cocrystal,2
QOLGUX,cocrystal,2
QOLHAE,cocrystal,2
QOLJAG,cocrystal,2
QOLJEK,cocrystal,2
QOLJIO,cocrystal,2
QOLJOU,cocrystal,2
QOLKOV,cocrystal,2
QOLNIS,cocrystal,2
QOMJUB,salt,1
QOPBOQ,hydrate,3
QOPCIL,salt,1
QOQKIU,salt,1
QOQNIX,cocrystal,2
QOQNUJ,cocrystal,2
QOQPAR,cocrystal,2
QOQPEV,cocrystal,2
QORMOD,salt,1
QOZXAG02,salt,1
RICJUM,salt,1
RICKAT,salt,1
RICKEX,salt,1
RIXVAZ,salt,1
SERASC11,cocrystal,2
SIXVII01,salt,1
SOFPAI,cocrystal,2
SOGTUH,hydrate,3
SOHHEG,solvate,4
SOHHIK,salt,1
SOHJEI,salt,1
SOKCUU,cocrystal,2
SOKGEI,cocrystal,2
SOKVIB,hydrate,3
SONLUG,cocrystal,2
SOTGUG,hydrate,3
TEKWIT01,salt,1
TOFDIF,cocrystal,2
TOFDOL,cocrystal,2
TOFDUR,hydrate,3
TOFFAZ,cocrystal,2
TOFFED,cocrystal,2
TOFFIH,hydrate,3
TOFNUB,cocrystal,2
TOFPAJ,cocrystal,2
TOFPEN,solvate,4
TOFPIR,cocrystal,2
TOFPOX,cocrystal,2
TOFPUD,solvate,4
TOHVAR,hydrate,3
TOHYUO,cocrystal,2
TOKFAE,cocrystal,2
TOKKAJ,cocrystal,2
TOKVAU,cocrystal,2
TOKVIC,cocrystal,2
TOKVOI,cocrystal,2
TOKWID,cocrystal,2
TOKWOJ,cocrystal,2
TOKWUP,cocrystal,2
TOKXAW,cocrystal,2
TOKXEA,cocrystal,2
TOKXIE,cocrystal,2
TONLAM,salt,1
TONREX,salt,1
TOPMIY,salt,1
TOPMOE,salt,1
TOPRID,salt,1
TOPSAW,hydrate,3
TOPWEE,cocrystal,2
UHOMEM,cocrystal,2
VIWQEB,hydrate,3
VOFNOX,salt,1
VOHSAQ,solvate,4
VOJBUV,salt,1
VOJCIK,salt,1
VOKLEQ,cocrystal,2
VOLFOV,cocrystal,2
VOLGAI,solvate,4
VOLREX,salt,1
VOLRIB,salt,1
VOLTID,salt,1
VOLVOL,cocrystal,2
VOMFEM,cocrystal,2
VOPSUS,salt,1
WETLOY02,salt,1
WOCTIV,salt,1
WOFZEA,salt,1
WOFZIE,hydrate,3
WOFZOK,hydrate,3
WOGBAZ,hydrate,3
WOGBED,salt,1
WOGBON,salt,1
WOGBUT,hydrate,3
WOGCAA,salt,1
WOGMAK,hydrate,3
WOLQEX,salt,1
WOLWON,salt,1
WOMCUA,salt,1
WOMDAH,salt,1
WOMDEL,hydrate,3
WOMDUB,hydrate,3
WOMFAJ,salt,1
WOMFUD,hydrate,3
WOMSEA,salt,1
WOMWII,cocrystal,2
WOPJOE,solvate,4
WOPLUM,salt,1
WOQWIM,salt,1
WOQWOS,salt,1
WUPREG01,salt,1
XAMRUB,salt,1
XEJXAM03,cocrystal,2
XEZGOZ01,salt,1
XODFIJ,hydrate,3
XOFBAZ,cocrystal,2
XOFMEN,salt,1
XOFMUE,cocrystal,2
XOGBUU,cocrystal,2
XOGFOR,salt,1
XOGHIO,cocrystal,2
XOGLAK,cocrystal,2
XOGVAU,solvate,4
XOGXID,salt,1
XOGXOJ,salt,1
XOHBIJ,hydrate,3
XOHPOD,cocrystal,2
XOHQEU,solvate,4
XOHQIY,cocrystal,2
XOHZIH,hydrate,3
XOHZON,hydrate,3
XOJBEH,salt,1
XOKJIU,hydrate,3
XOKJOA,hydrate,3
XOKJUG,salt,1
XOLBAF,cocrystal,2
XOLGOY,hydrate,3
XOLJOB,salt,1
XOMQID,salt,1
XOMQUP,salt,1
XONJUJ,cocrystal,2
YAMQAH01,cocrystal,2
YIVGUJ,hydrate,3
YIWTEH,salt,1
YOBLEK,salt,1
YOCZOJ,salt,1
YOCZUP,hydrate,3
YOGNER,salt,1
YOGNOB,salt,1
YOGWIE,solvate,4
YOJHAK,cocrystal,2
YOKTIF,salt,1
YOLGAL,cocrystal,2
YOMWEG,salt,1
ZONQEB,salt,1
ZONQOL,salt,1
ZONQUR,salt,1
ZORRUW,cocrystal,2
ZOTDAQ,salt,1
ZOTDIY,cocrystal,2
ZOTFIA,cocrystal,2
ZOTSOT,salt,1
ZOTSUZ,salt,1
ZOTTEK,salt,1
ZOTYEP,hydrate,3
ZOTYIT,salt,1
ZOTYOZ,salt,1
ZOYKEG,salt,1
ACETAF01,cocrystal,2
AFIJAC01,salt,1
AWIDER01,hydrate,3
BIRBUD,hydrate,3
BIRFAN,salt,1
BITNEB,salt,1
BIYYER,salt,1
BIYYIV,salt,1
BIYYOB,salt,1
BIYYUH,solvate,4
BIZLAB,salt,1
BIZPAF,solvate,4
BIZPEJ,cocrystal,2
BIZPUZ,cocrystal,2
BIZTOX,salt,1
BIZWAM,salt,1
BIZXAN,salt,1
BOBBAZ,cocrystal,2
BOCTAS,salt,1
BOCTIA,solvate,4
BODDEH,hydrate,3
BOFQIA,salt,1
BOFQOG,hydrate,3
BOFQUM,hydrate,3
BOFWAY,salt,1
BOFWEC,cocrystal,2
BOFWIG,hydrate,3
BOFXAZ,hydrate,3
BOHYOQ,cocrystal,2
BOJCIQ,cocrystal,2
BOJNUN,solvate,4
BOJPEZ,salt,1
BOJZAF,salt,1
BOKBUC,hydrate,3
BOLDAL,salt,1
BOLDEP,salt,1
CAZCOX01,hydrate,3
CIZSAJ,salt,1
COBKAJ,cocrystal,2
COCRUL,salt,1
COFFEM,salt,1
COFGUD,salt,1
COFSID,hydrate,3
COGMUK,salt,1
COJCIR,salt,1
COJFIU,salt,1
COJHOC,salt,1
COKCEO,salt,1
COKGIW,salt,1
CYTIDN01,salt,1
DACBIW01,cocrystal,2
DELKAK01,salt,1
DINSIG,salt,1
DIPVUX,cocrystal,2
DIPWAE,cocrystal,2
DIPWEI,cocrystal,2
DIPWUY,cocrystal,2
DIZCIC,salt,1
DOCCEH,salt,1
DOCSAT,cocrystal,2
DOFBEJ,salt,1
DOFNOF,cocrystal,2
DOFNUL,cocrystal,2
DOGBAG,cocrystal,2
DOGKIX,salt,1
DOGKUJ,salt,1
DOGLAQ,salt,1
DOHHUH,hydrate,3
DOHJIX,hydrate,3
DOHLAR,cocrystal,2
EFEMOV,cocrystal,2
EFENEM,cocrystal,2
EFENIQ,cocrystal,2
EFENOW,cocrystal,2
EFINUG,salt,1
EFIQET,salt,1
EFIQIX,salt,1
EFIQUJ,salt,1
EFIZEC,salt,1
EFIZIG,salt,1
EFOBEK,salt,1
EFOBIO,salt,1
EFOBUA,salt,1
EFOCIP,salt,1
EFOCOV,salt,1
EGAZOF,cocrystal,2
EGEJAF,cocrystal,2
EGODAJ,salt,1
EGODEN,hydrate,3
EGODIR,salt,1
EGODUD,salt,1
EGOFAL,hydrate,3
EGOFEP,salt,1
EGOHER,hydrate,3
EGOPUN02,salt,1
EGOSOM,cocrystal,2
EGUGEW,cocrystal,2
EGUGIA,cocrystal,2
EGUGOG,salt,1
EGUHIB,salt,1
EGUMUS,salt,1
EHAGAZ,salt,1
EHAGED,salt,1
EHAGIH,hydrate,3
EQOBIY02,cocrystal,2
EYURIC01,cocrystal,2
FARNOD01,cocrystal,2
FIWBOG,solvate,4
FIWHEC,cocrystal,2
FIWHIG,cocrystal,2
FIXZIZ,salt,1
FIXZUL,salt,1
FIYNOU,cocrystal,2
FIZLAF,salt,1
FOBDUZ,cocrystal,2
FOBFAH,cocrystal,2
FOBFEL,cocrystal,2
FOCMET,cocrystal,2
FODKES,cocrystal,2
FODKIW,cocrystal,2
FODKOC,hydrate,3
FODKUI,cocrystal,2
FODPIB,salt,1
FURTOE01,salt,1
FUSVEU01,hydrate,3
GITMIJ,salt,1
GIVDEY,cocrystal,2
GIVDIC,cocrystal,2
GIVSOX,salt,1
GIYDAX,cocrystal,2
GIYDUR,cocrystal,2
GIYLUZ,cocrystal,2
GIYMEK,cocrystal,2
GIYRIT,cocrystal,2
GIYSIU,cocrystal,2
GIYSUG,cocrystal,2
GIYWUK,cocrystal,2
GIYXAR,cocrystal,2
GIYXEV,cocrystal,2
GIYXIZ,cocrystal,2
GIYXOF,cocrystal,2
GIYXUL,cocrystal,2
GIYYAS,cocrystal,2
GIYYEW,cocrystal,2
GIYYIA,cocrystal,2
GIYYOG,cocrystal,2
GIYYUM,cocrystal,2
GIYZAT,cocrystal,2
GIYZEX,cocrystal,2
GOCCUA,cocrystal,2
GOCWUU,salt,1
GODDEM,cocrystal,2
GODDIQ,cocrystal,2
GUDSUV01,cocrystal,2
GUDTAC01,cocrystal,2
GUDTEG01,cocrystal,2
GUDTOQ01,cocrystal,2
GUDVAE01,cocrystal,2
HACWAM01,salt,1
HACWEQ01,hydrate,3
HEPXUW04,salt,1
HEYDIC,salt,1
HIVRIR,salt,1
HIVXIX,cocrystal,2
HIVXOD,solvate,4
HIVXUJ,solvate,4
HIWSIT,salt,1
HIYKIN,hydrate,3
HIZCEC,salt,1
HIZCIG,salt,1
HIZCUS,salt,1
HIZSOC,hydrate,3
HIZWIA,hydrate,3
HOBZUX,salt,1
HODZOT,salt,1
IGIXAA01,hydrate,3
IMIHIY01,salt,1
JEDGIM01,salt,1
JEJXOP02,cocrystal,2
JIRHUR,hydrate,3
JIRJAZ,cocrystal,2
JIRJED,hydrate,3
JIRJON,hydrate,3
JOBVEF,solvate,4
JOCDIS,salt,1
JOCQEB,salt,1
JOCSIH,salt,1
JODSII,hydrate,3
JOFPIH,cocrystal,2
JOHNON,hydrate,3
JOJTAH,salt,1
JOKCOF,hydrate,3
JOKDAS,salt,1
JOKDEW,solvate,4
JOKDIA,hydrate,3
JOKDOG,hydrate,3
JOKFAU,hydrate,3
JOLJON,salt,1
JUXROL01,hydrate,3
KEWZAN01,salt,1
KIZZUS,salt,1
KOBBAI,salt,1
KOBBEM,salt,1
KOBBIQ,salt,1
KOBMEX,solvate,4
KOBNOI,hydrate,3
KOCHIX,hydrate,3
KOCHOD,hydrate,3
KOCHUJ,hydrate,3
KOCJAR,hydrate,3
LAZGUO04,salt,1
LAZHID03,salt,1
LIFHER,salt,1
LILGEV02,hydrate,3
LIQRUC01,cocrystal,2
LIVGUW,salt,1
LIVJEJ,salt,1
LIVXIB,salt,1
LIWFIK,salt,1
LIWPIU,cocrystal,2
LIWPUG,hydrate,3
LIWQAN,cocrystal,2
LIWVAS,salt,1
LIXJOV,salt,1
LIXMIS,salt,1
LIXPER,salt,1
LIXSEU,cocrystal,2
LIYQET,cocrystal,2
LOBJUL,salt,1
LOBZEL,cocrystal,2
LOCDUG,cocrystal,2
LOCYOV,salt,1
LODSUW,salt,1
LODWAG,cocrystal,2
LODXOV,cocrystal,2
LOFKEA,salt,1
MAMPUM08,cocrystal,2
MEKWOO02,cocrystal,2
MEQPAZ03,salt,1
MIDLOE,cocrystal,2
MIFVEC01,hydrate,3
MIQHIH,salt,1
MIQJAB,salt,1
MISNOR01,cocrystal,2
MISNUX01,cocrystal,2
MITTOC,hydrate,3
MITTUI,hydrate,3
MIVJOU,salt,1
MIVSAP,cocrystal,2
MIVSET,cocrystal,2
MIVVEW,cocrystal,2
MIVVIA,salt,1
MIXGUZ,solvate,4
MIYBUV,cocrystal,2
MIYCEG,cocrystal,2
MIYCIK,cocrystal,2
MIYCUW,cocrystal,2
MIYDAD,cocrystal,2
MOBTIK,salt,1
MOCTOR,cocrystal,2
MODPAA,hydrate,3
MODQAB,salt,1
MOSMIR01,solvate,4
NAXSOW01,cocrystal,2
NIKFEW01,hydrate,3
NIVHIN,cocrystal,2
NIXBUV,salt,1
NIXCOQ,salt,1
NIYQUL,salt,1
NIYROG,cocrystal,2
NIYSAT,cocrystal,2
NOCXAI,salt,1
NOWWED01,salt,1
OJOSUC03,salt,1
PIRVEV,salt,1
PIVCOQ,salt,1
POCWUD,cocrystal,2
POCXEO,cocrystal,2
PODFEX,salt,1
POFQEK,cocrystal,2
POFQOU,solvate,4
POGNAE,cocrystal,2
POJHIJ,hydrate,3
POJHOP,hydrate,3
POJQIS,cocrystal,2
POJQOY,hydrate,3
POJQUE,cocrystal,2
POJRAL,hydrate,3
POLRIV,cocrystal,2
POLROB,cocrystal,2
PONMUE,hydrate,3
PYRBZQ02,cocrystal,2
QEJFUG02,salt,1
QIVMUH,salt,1
QIVNAO,salt,1
QIVPEU,salt,1
QIVPIY,salt,1
QIVPOE,salt,1
QIWHOX,cocrystal,2
QIWQAS,cocrystal,2
QIWQEW,cocrystal,2
QIWSOI,salt,1
QIWSUO,salt,1
QIXMET,cocrystal,2
QIXVOM,salt,1
QIXVUS,salt,1
QIXWAZ,salt,1
QIXWED,hydrate,3
QIXWIH,salt,1
QIXWON,salt,1
QIYPUN,cocrystal,2
QIZCIP,cocrystal,2
QIZDIQ,cocrystal,2
QIZNIA,hydrate,3
QIZNUM,hydrate,3
QIZQAV,hydrate,3
QIZWIJ,salt,1
QOBYOZ,salt,1
QOBZAM,salt,1
QOCGOI,solvate,4
QOCHEZ,cocrystal,2
QOCQUY,hydrate,3
QOCREJ,hydrate,3
QODPUY,hydrate,3
QODQEJ,salt,1
QODQOT,salt,1
QOFVUG,salt,1
RIPYAT01,cocrystal,2
RIWHAK,salt,1
RIWQUN,salt,1
RIXVED,cocrystal,2
RIYTOM,cocrystal,2
RIZXUX,solvate,4
ROBQAE,salt,1
ROBXAL,salt,1
ROCDEW,cocrystal,2
ROCDIA,cocrystal,2
ROCDOG,cocrystal,2
ROCDUM,cocrystal,2
ROFCAU,salt,1
ROFFOL,cocrystal,2
ROFFUR,cocrystal,2
ROFGAY,cocrystal,2
ROFJUV,cocrystal,2
ROFKAC,cocrystal,2
ROGZAS,cocrystal,2
ROHCEA,cocrystal,2
ROHFED,hydrate,3
ROHTAN,salt,1
SEWMOA,salt,1
SEZQOH01,cocrystal,2
SITREW,salt,1
SITVEA,salt,1
SIWGEO,hydrate,3
SIWKAO,salt,1
SIXVII,salt,1
SIYNOH,cocrystal,2
SOBGEZ,hydrate,3
SOBGID,salt,1
SOCFOJ,hydrate,3
SODNOS,cocrystal,2
SOVBOU01,cocrystal,2
TEHDUJ,hydrate,3
TICROQ,salt,1
TIHHAU01,salt,1
TISRAS,salt,1
TITWEC,cocrystal,2
TITWIG,salt,1
TITWOM,salt,1
TITWUS,salt,1
TITXAZ,cocrystal,2
TIXFOZ,cocrystal,2
TIXFUF,cocrystal,2
TIXGEQ,cocrystal,2
TIYHUI,cocrystal,2
TIZNEZ,salt,1
TOBJUT,salt,1
TOCQIP,hydrate,3
TODLUX,cocrystal,2
TODMUY,cocrystal,2
UBUPEP01,cocrystal,2
UBUQIU01,cocrystal,2
VIVTAZ,salt,1
VIVTED,salt,1
VIVTIH,salt,1
VIVTON,salt,1
VIVVAB,salt,1
VIVVEF,salt,1
VIVVIJ,salt,1
VIVVOP,salt,1
VIVVUV,salt,1
VIVZUZ,hydrate,3
VIWDIS,hydrate,3
VIWDOY,salt,1
VIWDUE,hydrate,3
VIWFAM,hydrate,3
VIWFEQ,salt,1
VIWFIU,solvate,4
VIWFOA,salt,1
VIWFUG,salt,1
VIWGAN,hydrate,3
VIWGER,salt,1
VIWGIV,salt,1
VIWGOB,salt,1
VIWGUH,salt,1
VIWHES,salt,1
VIWHIW,salt,1
VIWHOC,salt,1
VIWQIF,salt,1
VIWSON,cocrystal,2
VIZXEL,cocrystal,2
VOCPAI,cocrystal,2
VOCRIS,cocrystal,2
VOCXIY,cocrystal,2
VOGFUW,salt,1
VOGGAD,salt,1
VOGGEH,salt,1
VOGJEK,cocrystal,2
VOGSIX,salt,1
VOGSOD,salt,1
VOHBUT,salt,1
VOHCAA,salt,1
VOHFIL,cocrystal,2
VOJHAE02,cocrystal,2
WIRNOE,cocrystal,2
WITBUA,cocrystal,2
WIVGOB,salt,1
WIVGUH,salt,1
WIVHIW,salt,1
WIVPOK,salt,1
WIVPUQ,salt,1
WIVQAX,salt,1
WIVQEB,salt,1
WIVQIF,salt,1
WIVQOL,solvate,4
WIVZEK,salt,1
WIYCOA,salt,1
WIYWAG,hydrate,3
WIYWOU,hydrate,3
WIYWUA,hydrate,3
WIYXAH,hydrate,3
WIYXEL,cocrystal,2
WOBMAF,salt,1
WOBNUA,cocrystal,2
WOBPAI,cocrystal,2
WOBPEM,cocrystal,2
WOBPIQ,cocrystal,2
WOBPOW,cocrystal,2
WOBQAJ,cocrystal,2
WOBQIR,cocrystal,2
WOCGOO,cocrystal,2
WOCHEF,cocrystal,2
WOFSUJ,salt,1
WOFTAQ,salt,1
XAXQAS01,cocrystal,2
XIRROJ,cocrystal,2
XOBKAE,salt,1
XOLVON,cocrystal,2
XOLVUT,cocrystal,2
XOLWAA,cocrystal,2
YEWFEP,salt,1
YIPTUQ,solvate,4
YISNOH,cocrystal,2
YIWHAR,cocrystal,2
YIWHIZ,cocrystal,2
YIWHOF,cocrystal,2
YIZDAQ,salt,1
YIZKIF,salt,1
YOBQEP,salt,1
YOBSUH,hydrate,3
YOBTES,cocrystal,2
YOBTUI,salt,1
YOBWAR,hydrate,3
YODLUC,cocrystal,2
YOFJUC,salt,1
YOFKAJ,salt,1
YOFKEN,salt,1
YOFKIR,salt,1
ZAJHOH01,cocrystal,2
ZICGEB,salt,1
ZOCKAH,cocrystal,2
ZOCMOX,salt,1
ZOCNIS,salt,1
ZOCNOY,salt,1
ZOCNUE,salt,1
ZOCPIU,cocrystal,2
ZODJIP,salt,1
ZODMIS,salt,1
ZODPUH,salt,1
ZODWOI,salt,1
ZOFQIY,salt,1
ZOFQOE,salt,1
ZOFQUK,salt,1
ZOFRAR,salt,1
ZOGTEY,salt,1
ZOGTIC,salt,1
ZOHHOX,salt,1
ZOHQEW,cocrystal,2
ZOHQIA,cocrystal,2
ZOHQOG,cocrystal,2
ZOHQUM,cocrystal,2
ZOHRAT,cocrystal,2
ZOHZEF,cocrystal,2
ZOJCEK,salt,1
ZOJZAD,cocrystal,2
ZOLDEN,hydrate,3
ZOLDUD,hydrate,3
ZOLFAL,salt,1
ZOLFEP,salt,1
ZOMGER,cocrystal,2
AMACET01,salt,1
BIDRUB12,salt,1
BOHCEJ01,salt,1
BOKXIM,cocrystal,2
BOKXOS,salt,1
BOLYAG,cocrystal,2
BOLYIO,cocrystal,2
BOLYOU,cocrystal,2
BOLYUA,cocrystal,2
BOLZAH,cocrystal,2
BOLZEL,cocrystal,2
BOLZIP,cocrystal,2
BOMLOI,cocrystal,2
BOMLUO,cocrystal,2
BOMMAV,cocrystal,2
BONKOE55,hydrate,3
BONXEL,hydrate,3
BOPBER,cocrystal,2
BOPHIB,cocrystal,2
BOPZOZ,cocrystal,2
BOPZUF,cocrystal,2
BOQCAP,cocrystal,2
BOQCET,cocrystal,2
BOQCIX,cocrystal,2
BOQGAT,cocrystal,2
BOQGEX,cocrystal,2
BOQGIB,cocrystal,2
BOQGUN,cocrystal,2
BOQHAU,cocrystal,2
BOQHIC,cocrystal,2
BOQHOI,cocrystal,2
BOQTIO,hydrate,3
BORQAE,salt,1
BORQIM,salt,1
BORTUB,hydrate,3
BORWAK,salt,1
BORXAL,salt,1
BOSFEY,cocrystal,2
BOSPIM,hydrate,3
BOSPUY,hydrate,3
BOSQEJ,salt,1
BOSQIN,hydrate,3
BOSQUZ,salt,1
BOSROU,salt,1
BOSRUA,salt,1
BOSSAH,salt,1
BOSSEL,salt,1
BOSSOV,cocrystal,2
CEXJOI04,cocrystal,2
CIZSAJ01,salt,1
COLYAH,salt,1
COLZIQ,salt,1
COLZOW,salt,1
CONMEB,salt,1
CONMIF,salt,1
CONMOL,salt,1
CORMEF,hydrate,3
CORTEM,salt,1
COTVOA,salt,1
COVRAK,solvate,4
COVXAQ,cocrystal,2
CUKCUH01,salt,1
DAXSUU01,hydrate,3
DOLJUN,cocrystal,2
DOLQII,hydrate,3
DONHAT,salt,1
DOQCIZ,salt,1
DOQDIA,cocrystal,2
DOQNAC,cocrystal,2
DOQQEJ,salt,1
DOSDAU,cocrystal,2
DOSDEY,cocrystal,2
DOSDUO,cocrystal,2
DOVHUV,hydrate,3
DOVJAD,hydrate,3
DOVTUH,salt,1
DOWBUQ,cocrystal,2
DOWCEB,cocrystal,2
DOWCIF,cocrystal,2
DOWDIG,cocrystal,2
DOWDOM,cocrystal,2
EJUQIK02,salt,1
ELIQIZ02,cocrystal,2
FORTIT,salt,1
FORTOZ,salt,1
FOSQIR,salt,1
FOSQOX,salt,1
FOSQUD,salt,1
FOSREO,solvate,4
FOSSOZ,salt,1
FOSZEW,hydrate,3
FOTKIM,salt,1
FOVDUT,cocrystal,2
FOVKOU,salt,1
FOYKAJ,salt,1
FOYKEN,salt,1
FOYKIR,salt,1
FOYKUD,salt,1
FOYLAK,salt,1
FOYLEO,salt,1
FUBBIR,salt,1
FUBBOX,salt,1
FUBDIT,salt,1
GIYREP01,hydrate,3
GOHQON,salt,1
GOLVAI,salt,1
GOLVEM,salt,1
GOLVIQ,salt,1
GOQCOI,cocrystal,2
GOQYIY,salt,1
GOQYOE,hydrate,3
GORJEG,hydrate,3
GOSTIV,cocrystal,2
GOSWOE,cocrystal,2
GOTQOZ,cocrystal,2
GOTSIV,cocrystal,2
GOWRET,solvate,4
GOWZIF,salt,1
GOXBOO,salt,1
GOXSEV,salt,1
GOXSIZ,salt,1
GOXSOF,solvate,4
GOXSUL,solvate,4
GOXZAY,hydrate,3
GOYGOU,salt,1
GOYGUA,salt,1
GOYPIX,salt,1
GOYVUP,cocrystal,2
GOZVAW,cocrystal,2
HAYZEN01,solvate,4
HEDYAU01,cocrystal,2
HELJUF01,hydrate,3
HIVXIX01,cocrystal,2
HOKPUW,cocrystal,2
HOLFEX,salt,1
HOLPAD,solvate,4
IKOLEC01,salt,1
JACFOM02,salt,1
JANCAG01,salt,1
JOMPIO,salt,1
JONDUP,cocrystal,2
JONGIG,cocrystal,2
JONHON,cocrystal,2
JOPJOR,salt,1
JOQLEK,cocrystal,2
JOQLIO,cocrystal,2
JORJOT,solvate,4
JORKAG,hydrate,3
JORKIO,cocrystal,2
JORKOU,cocrystal,2
JORLAH,cocrystal,2
JORMAI,cocrystal,2
JORMIQ,cocrystal,2
JORMUC,cocrystal,2
JOSFIK,cocrystal,2
JOTFIL,salt,1
JOTFUX,salt,1
JOTLUD,salt,1
JOTNAL,salt,1
KASXAE01,hydrate,3
KOHRUY,hydrate,3
KOHSAF,solvate,4
KOHSEJ,hydrate,3
KOHSIN,solvate,4
KOQROB,cocrystal,2
KOQYOI,cocrystal,2
KOSJOV,cocrystal,2
KOSJUB,cocrystal,2
KOSKAI,cocrystal,2
KOTLAK,salt,1
KOTXIE,solvate,4
KOVCUX,cocrystal,2
KOVDAE,cocrystal,2
KOVFEK,cocrystal,2
KOWNUJ,cocrystal,2
KOWTOJ,solvate,4
KOXBAE,cocrystal,2
KOXFIQ,cocrystal,2
KOXFOW,cocrystal,2
KOXGAJ,cocrystal,2
KOXGEN,solvate,4
KOYLET,salt,1
KOYLIX,salt,1
KOYLUJ,salt,1
KOYTEB,salt,1
KOZJES,salt,1
KOZJIW,salt,1
LACTEO01,salt,1
LOKROW,cocrystal,2
LOMXUK,salt,1
LONYIA,salt,1
LORJAH,salt,1
LORJEL,salt,1
LOSKUD,salt,1
LOSMUF,cocrystal,2
LOSNOA,salt,1
LOSNUG,salt,1
LOSPAO,salt,1
LOSQET,salt,1
LOTTAT,hydrate,3
LOTTEX,cocrystal,2
LOTXAX,hydrate,3
LOVGAI,hydrate,3
LOVGOW,hydrate,3
LOVHAJ,salt,1
LOVLER,solvate,4
LOVLIV,cocrystal,2
LOVQAS,hydrate,3
LOWLES,cocrystal,2
LOWLIW,cocrystal,2
LOWLOC,cocrystal,2
LOWLUI,cocrystal,2
LOWMAP,cocrystal,2
LOWMET,cocrystal,2
LOWMIX,cocrystal,2
LOWMOD,cocrystal,2
LOWMUJ,cocrystal,2
LOWNAQ,cocrystal,2
LOWNEU,cocrystal,2
LOWNIY,cocrystal,2
LOWNOE,cocrystal,2
LOWNUK,cocrystal,2
LOWPEW,cocrystal,2
LOWPOG,cocrystal,2
LOWPUM,cocrystal,2
LOWQAT,cocrystal,2
LOWQOH,cocrystal,2
LOZZUZ,salt,1
MOMFUT,cocrystal,2
NIFHEQ01,salt,1
NODYUE,hydrate,3
NOFKEY06,salt,1
NOQPIW,hydrate,3
NOQPOC,salt,1
NOQPUI,salt,1
NOQQET,hydrate,3
NOQQOD,salt,1
NOQQUJ,hydrate,3
NOQSUL,hydrate,3
NOQTAS,salt,1
NOQTEW,hydrate,3
NOQVUO,cocrystal,2
NORXUR,salt,1
NOSYON,salt,1
NOTROH,salt,1
NOTSIC,salt,1
NOTSOI,cocrystal,2
NOWDAI,cocrystal,2
NOWDIQ,cocrystal,2
NOWHUG,cocrystal,2
NUBBAR,cocrystal,2
NUBTUD,cocrystal,2
NUBXOB,salt,1
NUBXUH,salt,1
NUBYAO,salt,1
NUBYES,salt,1
NUBYIW,salt,1
NUBYOC,salt,1
OZECUU01,cocrystal,2
PINJII01,cocrystal,2
PONTOF,salt,1
POPCEG,cocrystal,2
POPMUG,salt,1
POPNER,salt,1
POQYED,salt,1
PORCOS,salt,1
PORKEQ,salt,1
PORKIU,hydrate,3
PORKOA,salt,1
PORVAU03,salt,1
PORWAY,salt,1
POTBEJ,salt,1
POWLIA,cocrystal,2
POYGAP,solvate,4
QISFOR02,salt,1
QORLAO,hydrate,3
QORLES,salt,1
ROKVEW,cocrystal,2
ROKYID,salt,1
ROKZOK,solvate,4
ROLFAD,salt,1
ROLKUC,cocrystal,2
ROLMEO,cocrystal,2
ROMMEP,salt,1
ROMNIU,cocrystal,2
ROMNOA,hydrate,3
RONLAL,salt,1
RONPOD,hydrate,3
RONQIY,cocrystal,2
ROPJAL,salt,1
ROQHIS,salt,1
RORFUD,salt,1
ROTBEL,salt,1
ROVGUI,salt,1
SATMAC01,salt,1
SETFOP01,cocrystal,2
SETGUX01,hydrate,3
SOGMOU,hydrate,3
SONGIP,salt,1
SORQAV,salt,1
SOSBAH,salt,1
SOTZIO,cocrystal,2
SOWPED,salt,1
SOXCUH,salt,1
SOXROQ,cocrystal,2
SOXSAD,salt,1
SOXXOW,cocrystal,2
SOXYAJ,cocrystal,2
SOYFOF,solvate,4
SOZWIR,hydrate,3
TOHWEW,salt,1
TOLSAM14,salt,1
TOQWOP,salt,1
TOQWUV,salt,1
TOQXIK,salt,1
TOSYUZ,cocrystal,2
TOTLUN,cocrystal,2
TOTTAB,hydrate,3
TOVTEH,cocrystal,2
TOVWAG,solvate,4
TOWCIV,cocrystal,2
TOWCOB,cocrystal,2
TOWCUH,cocrystal,2
TOWDAO,cocrystal,2
TOWDES,cocrystal,2
TOWDIW,cocrystal,2
TOWDOC,cocrystal,2
TOWFAQ,cocrystal,2
TOWFEU,cocrystal,2
TOWFIY,cocrystal,2
TOWFOE,cocrystal,2
TOWGAR,cocrystal,2
TOWGEV,cocrystal,2
TOWGIZ,cocrystal,2
TOWGOF,cocrystal,2
TOWGUL,cocrystal,2
TOWHAS,cocrystal,2
TOWHEW,cocrystal,2
TOWMAX,cocrystal,2
TOWQOP,cocrystal,2
TOWSUX,hydrate,3
TOWTAE,solvate,4
TOWTOS,solvate,4
TOWXEM,salt,1
TOWXIQ,solvate,4
TOWYEN,cocrystal,2
TOWYIR,cocrystal,2
TOWYUD,salt,1
TOYYEP,cocrystal,2
TOZXIT,hydrate,3
TOZXOZ,hydrate,3
TOZZUH,cocrystal,2
TUBBUR,hydrate,3
TUBCAY,salt,1
TUBQOA,salt,1
UFUDIL01,salt,1
UMAXUD01,salt,1
UMIMUY01,cocrystal,2
VEQHIJ01,salt,1
VOFNOX01,salt,1
VOJCUW,salt,1
VOMVIG,salt,1
VOMVOM,salt,1
VORPEB,hydrate,3
VORWUY,cocrystal,2
VOTFOD,hydrate,3
VOTGAQ,salt,1
VOTHUL,cocrystal,2
WORNAW,salt,1
WUNBUE01,salt,1
XILVEU01,cocrystal,2
XONGEQ,salt,1
XONJET,hydrate,3
XONJIX,hydrate,3
XONJOD,solvate,4
XOPLUN,hydrate,3
XORQEE,salt,1
XORZIR,solvate,4
XORZOX,solvate,4
XOSYIR,cocrystal,2
XOXJUT,cocrystal,2
XOXRAH,cocrystal,2
XOYFAW,salt,1
XOYSUD,cocrystal,2
XOZTOZ,cocrystal,2
YIZDAQ01,salt,1
YOHCUX,cocrystal,2
ZOMZIO,hydrate,3
ZONDEP,salt,1
ZONHOD,salt,1
ZONJAR,salt,1
ZONJEV,salt,1
ZONVEH,salt,1
ZOPKAU,hydrate,3
ZOPMOK,cocrystal,2
ZOSMED,hydrate,3
ZOTBAP,cocrystal,2
ZOTBOD,cocrystal,2
ZOTFIB,solvate,4
ZOTHOJ,hydrate,3
ZOTJEB,hydrate,3
ZOTNEF,cocrystal,2
ZOVQUA,salt,1
ZOWFOK,salt,1
ZOWFUQ,salt,1
ZOWGAX,salt,1
ZOWXAO,hydrate,3
ZOWXES,hydrate,3
ZOWXOC,hydrate,3
ZOWXUI,hydrate,3
ZOWYAP,salt,1
ZOWYIX,hydrate,3
ZOWYOD,hydrate,3
ZOWZEU,salt,1
ZOWZIY,salt,1
ZOXSIS,hydrate,3
ZOXSOY,salt,1
ZOXSUE,salt,1
ZOXVER,salt,1
ZOXXAP,salt,1
ZOXYAQ,salt,1
ZOYBEY,hydrate,3
