CC1=C([N+](=O)[O-])C(=C(C=C1[N+](=O)[O-])[N+](=O)[O-])C,CC1=C(C=C(C=C1)[N+](=O)[O-])[N+](=O)[O-],failed,0,
OC1=CC=C(C=C1)C1=CC=CC=C1,NC1=CC(=CC=C1)[N+](=O)[O-],failed,0,
O=C1CCCCCN1,NS(=O)(=O)c1ccccc1,cocrystal,2,NUMJEM
c1cncc(c1)C1C(C(C1c1cccnc1)c1cccnc1)c1cccnc1,Oc1ccccc1O,cocrystal,2,XEDXOX
[NH3]C(C)C,O=S(=O)([O])c1cccc2cc3c(cccc3S(=O)(=O)[O])cc12,salt,1,SATPIO
COP([O])(=S)c1ccccc1,[NH3]C(C)c1ccccc1,salt,1,MBAMPH
CC(=O)C1=CC=C(N)C=C1,OC(C1=CC=CC=C1)C(=O)C1=CC=CC=C1,failed,0,
Cc1ccn([I]n2ccc(C)cc2)cc1,F[P](F)(F)(F)(F)F,salt,1,EROFUP
NC1=CC=CC=C1N,NC1=CC(=CC=C1)N,failed,0,
FC(F)(F)C(F)(F)C(F)(F)C(F)(F)C(F)(F)C(F)(F)C(F)(F)C(F)(F)C(F)(F)C(=O)[O],[nH]1ccccc1,salt,1,GUSTIZ
[S]C#N,CCCC1=Nc2c(C)cc(cc2N1Cc1ccc(cc1)c1ccccc1C(O)=O)C1=[NH]c2ccccc2N1C,salt,1,SONKEM
CC(=O)[O],N1C(=[NH]c2c1c1ccccc1c1ccccc21)c1ccc(cc1)N(c1ccccc1)c1ccccc1,salt,1,TUFTIY
NC1=[NH]C(=CS1)c1ccccc1,O=C([O])c1ccc(cc1)N(=O)=O,salt,1,AFUJIW
[H](Cl)[Cl],CCCC[N](C)(CCCC)CCCC,salt,1,GOLVIQ
CC1(C)CC(=O)C2=CNN=C2C1,CC1(C)CC(=O)C2=C(C1)NN=C2,cocrystal,2,PESLEF
O1N=C(OC2=NON=C2C2=NN=N[N]2)C(=N1)C1=NN=N[N]1,NC(N)=[NH2],salt,1,CEKBOL
NC(=O)N1c2ccccc2C=Cc2ccccc12,O=N(=O)c1cc[n]([O])cc1,cocrystal,2,JIQKUS
Cc1cccc2SC(=[NH2])Nc12,CC(C)(Oc1ccc(Cl)cc1)C(=O)[O],salt,1,ITAQUS
NC(=O)C1=CC=CC=C1,COC1=CC=CC=C1C(O)=O,failed,0,
NN1C(=NN=C1c1ccncc1)c1ccncc1,OC(=O)c1cc(cc(c1)C(O)=O)C(O)=O,hydrate,3,NUHBAU
CC1=CC=C(C=C1)C(O)=O,CC1=NC=C(CO)C(=C1O)CO,failed,0,
CC(C)c1cccc(C(C)C)c1N1C=C[N](=C1Br)c1c(cccc1C(C)C)C(C)C,FC(F)(F)S(=O)(=O)[O],solvate,3,AKOJEQ
OC(=O)c1cccc(c1C(O)=O)N(=O)=O,c1cc(ccn1)c1ccncc1,cocrystal,2,GAXKUO
COc1cc(ccc1O)C(O)=O,NC(N)=O,cocrystal,2,ZOYCOH
[NH2](C1CCCCC1)C1CCCCC1,CCCC1C(OC(=O)c2ccccc2C(=O)[O])C(OC)N1S(=O)(=O)c1ccc(C)cc1,salt,1,EMAKEJ
C(C1=CC=CC=C1)C1=CC=CC=C1,O1C2=CC=CC=C2C2=CC=CC=C12,failed,0,
c1cc(ccn1)c1ccncc1,Oc1ccc(cc1)C1=C(O)C(=O)c2c(O)cc(O)cc2O1,hydrate,3,UBOSEM
ClC(Cl)(Cl)C(=O)[O],CC(C)[NH2]Cc1ccccc1,salt,1,GEPNAT
CSC1=C(SC)SC([S]1)=C1[S]C(=C(SC)S1)SC,Br[Br]Br,salt,1,DUXKUC
c1ccc(cc1)c1ccc(cc1)[N](c1ccc(cc1)c1ccccc1)c1ccc(cc1)c1ccccc1,F[P](F)(F)(F)(F)F,salt,1,UMUZUA
C1=CC=C2C=CC=CC2=C1,OC(=O)CCCCC(O)=O,failed,0,
COC(=O)C1C2CCC(CC31CS(=O)(=O)c1ccccc31)[NH]2C,O=N(=O)c1cc(c(c(c1)N(=O)=O)S(=O)(=O)[O])N(=O)=O,hydrate,3,WILWIX
CS(=O)(=O)[N]S(C)(=O)=O,c1ccc(cc1)P(=[N]=P(c1ccccc1)(c1ccccc1)c1ccccc1)(c1ccccc1)c1ccccc1,salt,1,WIKDUQ
C[N](C)(CC(O)COc1ccccc1)Cc1ccccc1,[O]c1ccccc1,hydrate,3,YIJVUI
OC(=O)CCCCCCC(O)=O,CC(CCCC(O)=O)CC(O)=O,failed,0,
OC1(CC[NH](CCCC(=O)c2ccc(F)cc2)CC1)c1ccc(Cl)cc1,Oc1ccc(cc1O)C(=O)[O],salt,1,HOYYAX
N(C(=[NH]c1ccccc1)c1ccccc1)c1ccccc1,O=N(=O)[O],salt,1,BESLOA
c1ccc(cc1)C(c1cc2ccccc2c2ccccc12)=C(c1ccccc1)c1cc2ccccc2c2ccccc12,CCCC,cocrystal,2,XOJRAS
O=S(=O)([O])c1cccc2c1cccc2S(=O)(=O)[O],[NH3]C(CC(C)C)C(O)=O,hydrate,3,GUQKEK
ClC1=C(C2=C(N3C=CC=CC3=N2)C(=O)C1=O)C1=C([O])NC(=O)NC1=O,CC[NH](CC)CC,hydrate,3,HARBIP
C1[N]2=CN(C=C2)c2cccc(n2)N2C=C[N](=C2)Cc2ccccc2C[N]2=CN(C=C2)c2cccc(n2)N2C=C[N](=C2)Cc2ccccc12,O=C([O])c1ccc2cc(ccc2c1)C(=O)[O],hydrate,3,IFEMEN
NC(=O)C1=CC=CC=C1,NC1=CC=C(N)C=C1,failed,0,
C(c1ccccc1)C1(Oc2ccc3ccccc3c2c2c(O1)ccc1ccccc21)c1ccc2Nc3c(cccc3c2c1)C1=Nc2ccccc2O1,Clc1ccccc1,cocrystal,2,UGOQUF
[nH]1ccccc1,OP(O)([O])=S,salt,1,COPDEQ
O=C1CCCC1,Oc1cc2c(cc1O)c1cc(O)c(O)cc1c1cc(O)c(O)cc21,cocrystal,2,QODQEF
OC(=O)C=CC(O)=O,OC(=O)C1=CC=CC=C1O,failed,0,
NC(=O)C1=CC=C(N)C=C1,OC(=O)C1=CC=CC=C1O,failed,0,
CC1=CC2=C(C=C1C)N(CC(O)C(O)C(O)CO)C1=NC(=O)NC(=O)C1=N2,OC(=O)C1=CC=C(C=C1)[N+](=O)[O-],failed,0,
OC(=O)C1=CC(=CC=C1)[N+](=O)[O-],OC(=O)CCSCCC(O)=O,failed,0,
CN(C)C(=[NH2])N(C)C,N1=N[N]C(=N1)N=NC1=NN=N[N]1,hydrate,3,OJADEK
O=C([O])c1[nH]cccc1,OC(=O)c1cc(O)ccc1O,hydrate,3,PEKSAB
CN(c1ccccc1C(=O)[O])c1nccc2c1Nc1ccccc21,CC[NH2]CC,salt,1,COYWAQ
Oc1cc(O)cc(O)c1,c1ccc2nc3ccccc3nc2c1,hydrate,3,MORVIZ
OC(C(=O)[O])P(=S)(c1ccccc1)c1ccccc1,CC[NH2]CC,salt,1,FATQUO
CC1CCC2C(C)C(=O)OC3OC4(C)CCC1C23OO4,Cc1cc(O)cc(O)c1,cocrystal,2,TALCUG
C[NH](C)CC[NH](C)C,OC(=O)C=CC(=O)[O],salt,1,XOMPEW
FC(F)(F)S(=O)(=O)C(=C[C](S(=O)(=O)C(F)(F)F)S(=O)(=O)C(F)(F)F)S(=O)(=O)C(F)(F)F,CC1(C)[NH2]C(C)(C)CCC1,salt,1,BAYKUK
OC(=O)C1=CC=C(C=C1)[N+](=O)[O-],OCC(O)C1OC(=O)C(=C1O)O,failed,0,
CCCCCCCC(O)=O,CC1=CC(=CC=C1)C(O)=O,failed,0,
Oc1ccc(cc1)C(=O)[O],C[NH]1CCCCC1CO,hydrate,3,RERPAI
CCCC[N](CCCC)(CCCC)CCCC,CCCCNC(=O)Nc1ccc(cc1)C(=O)[O],salt,1,SEPTIQ
NC(=O)C1=CC=CC=C1,CC1=CC(=CC=C1)C(N)=O,failed,0,
NC(=O)C1=CC=CC=C1O,NC(CCC(O)=O)C(O)=O,failed,0,
[NH3]C(C)C,COc1ccc(cc1)C(=O)[O],salt,1,KUJNOU
OC(=O)C1=CC=C(F)C=C1,OC(=O)C1=CN=CC=C1,failed,0,
Cc1cccc(Nc2ccccc2C(=O)[O])c1C,CN1CC[NH2]CC1,salt,1,BINYAB
OC(=O)CC(=CC(O)=O)C(O)=O,OC(=O)C1=CC=C(C=C1)[N+](=O)[O-],failed,0,
CC1=[NH]c2ccccc2N1Cc1ccc(CN2C(=[NH]c3ccccc23)C)cc1,OC(=O)c1ccc(C(O)=O)c(c1)C(=O)[O],salt,1,ROKVUK
Oc1cccc(O)c1,C(Cc1ccncc1)c1ccncc1,cocrystal,2,ACOYOG
Oc1ccccc1C(=O)[O],NC1=[NH]C(=O)NC=C1,salt,1,UWAMIQ
C1=CC=C2C(=C1)C1=CC=CC3=C1C2=CC=C3,C1=CC=C2C=CC=CC2=C1,failed,0,
CC1=CC2=[N](N1)I(O)c1ccccc21,Cc1ccc(cc1)S(=O)(=O)[O],salt,1,KIVTER
COc1ccc([NH]=Cc2cc(OC)cc(C=Nc3ccc(OC)cc3)c2O)cc1,O=N(=O)c1cc(c([O])c(c1)N(=O)=O)N(=O)=O,salt,1,RINXIZ
Cc1c(cc(cc1N(=O)=O)N(=O)=O)N(=O)=O,Nc1ccc(cc1)C(O)=O,cocrystal,2,URILOX
NC(N)=O,N#CCCC#N,failed,0,
CN1N(C(=O)C=C1C)C1=CC=CC=C1,CN(C)C1=C(C)N(C)N(C2=CC=CC=C2)C1=O,failed,0,
NC(=O)C1=CC=C(F)C=C1,NC(CCC(O)=O)C(O)=O,failed,0,
NC1=CC=CC(=C1)C(O)=O,CCCCCCCC(O)=O,failed,0,
Brc1cc(Br)c2nc3C4Cc5cc6cc(Br)cc(Br)c6nc5C(Cc3cc2c1)S4,Cc1cc(C)cc(C)c1,cocrystal,2,QUXNUU
O=[Cl](=O)(=O)[O],N1C(=[NH]c2ccccc12)c1cnccn1,salt,1,MORQIW
O=C1N2C=CNC=C2N=C1c1ccccc1,N#CC(C#N)=C1C=CC(C=C1)=C(C#N)C#N,cocrystal,2,UCOTIQ
OC(=O)c1c(F)c(F)c(F)c(F)c1F,Nc1ncc(Br)nc1Br,cocrystal,2,WEDLUO
C[N](C)(C)CC(O)CC(=O)[O],CCC1c2cc(C(CC)c3cc(C(CC)c4cc(C(CC)c5cc1c(O)c(O)c5O)c(O)c(O)c4O)c(O)c(O)c3O)c(O)c(O)c2O,solvate,3,AXORAI
Oc1cc(O)c(Br)cc1Br,c1ccc(cc1)C1C(C(C1c1ccncc1)c1ccncc1)c1ccccc1,cocrystal,2,YICKUT
N#Cc1ccc(cc1)c1ccc(cc1)C#N,NC(N)=O,cocrystal,2,BAFSOQ
NC(CCC(O)=O)C(O)=O,NC1=CC=CC(=C1)C(O)=O,failed,0,
[S]C(N1C=CC=N1)(N1C=CC=N1)N1C=CC=N1,CN(C)[S](N(C)C)C(F)(F)F,salt,1,QOGCEU
CC12CCC3C(CCC4=C3C=CC(=C4)O)C1CCC2O,OC1=CC(=CC(=C1)O)O,failed,0,
O=C1N2C3CCCCC3N3C(=O)c4cc5C(=O)N(C6CCCCC6N6C(=O)c7cc1c(cc7C6=O)C2=O)C(=O)c5cc4C3=O,c1ccccc1,cocrystal,2,MOLMUV
CC(C)N1C=C2Sc3ccc(Cl)cc3C2=C1,O=N(=O)c1cc(cc(c1)N(=O)=O)N(=O)=O,cocrystal,2,KIXHEE
Oc1ccc(O)c(c1)C(=O)[O],[nH]1c2ccccc2cc2ccccc12,salt,1,CENROF
COc1cccc(c1)C12CCCCC1C[NH](C)CC2,OC(C(=O)[O])c1ccccc1,hydrate,3,FUPBUN
c1cnc2ccc3ncccc3c2c1,OC(=O)c1ccc(cc1)C(O)=O,cocrystal,2,WUKREZ
NC(=O)C1=NN(C=N1)C1OC(CO)C(O)C1O,OC(=O)c1cc(O)c(O)c(O)c1,hydrate,3,FOQREK
Cc1[nH]c2ccccc2cc1,Oc1cc2ccccc2cc1C(=O)[O],salt,1,BATFAF
NC(=O)C1=CC=C(N)C=C1,CN1C=NC2=C1C(=O)N(C)C(=O)N2C,failed,0,
OC(=O)CCCCCCC(O)=O,NC1=NC2=C(S1)C=C(OC(F)(F)F)C=C2,failed,0,
CC1=CC2=C(C=C1C)N(CC(O)C(O)C(O)CO)C1=NC(=O)NC(=O)C1=N2,NC(=O)C1=CC=C(N)C=C1,failed,0,
OC(=O)C1=CC(=CC=C1)O,CCCCCCCC(O)=O,failed,0,
CNCC(O)C(O)C(O)C(O)CO,NC(=O)N1C2=CC=CC=C2C=CC2=CC=CC=C12,failed,0,
O=[Cl](=O)(=O)[O],CN(C)C=C(C=[N](C)C)c1ccccc1,salt,1,HIHJOY
C1CCC2OCCOCCOC3CCCCC3OCCOCCOC2C1,CC(O)=S,cocrystal,2,ZUVYAQ
OP(=O)([O])[O],[NH2]1CC[NH2]CCNCC[NH2]CC[NH2]CCNCC1,hydrate,3,HAKFAB
OC(=O)CC(=O)[O],Cc1ccc(Sc2ccccc2N2CC[NH2]CC2)c(C)c1,hydrate,3,FOSJUV
NC1=CC(=CC=C1)N,NC1=CC=CC=C1N,failed,0,
Cc1cc(C)nc(N)n1,COc1ccc(cc1)C(O)=O,cocrystal,2,XOJMUF
OC1=CC=C(C=C1)[N+](=O)[O-],C1=CC2=CC3=CC=CC=C3C=C2C=C1,failed,0,
NC(=O)C1=CC=C(F)C=C1,CC1=CC2=C(C=C1C)N(CC(O)C(O)C(O)CO)C1=NC(=O)NC(=O)C1=N2,failed,0,
C[NH](C)CCOC(c1ccccc1)c1ccccc1,CC1=CC(=O)[N]S(=O)(=O)O1,salt,1,ADENIJ
O=C([O])c1cccc(c1)N(=O)=O,CC(C)=NNC(N)=[NH2],hydrate,3,DUJKOJ
Nc1ccc(cc1)C(=O)[O],Nc1cc[nH]cc1,hydrate,3,FOVFAY
OP(=O)([O])OP(=O)([O])OP(O)(=O)[O],Cc1cccc(N2CC[NH2]CC2)c1C,hydrate,3,GIXDUN
Oc1ccc(O)cc1,O=C=O,cocrystal,2,QOLYIC
Cc1ccc(Cl)c(Nc2ccccc2C(=O)[O])c1Cl,[NH2]1CCNCC1,salt,1,SAXPOY
O=N(=O)C1=NN=NC1=C1N[N]N=N1,NNC(N)=[NH2],salt,1,UMEZAP
CCCCc1ccc2c(SC3=C2Sc2cc(CCCC)ccc32)c1,FC1=CC(C(=CC1=C(C#N)C#N)F)=C(C#N)C#N,cocrystal,2,WOTWEJ
Oc1ccccc1,CCC1c2cc(C(CC)c3cc(C(CC)c4cc(C(CC)c5cc1c(O)c(O)c5O)c(O)c(O)c4O)c(O)c(O)c3O)c(O)c(O)c2O,hydrate,3,AXOQUB
OC1=CC2=C(C=C1)C=CC(=C2)O,CC12CCC3C(CCC4=C3C=CC(=C4)O)C1CCC2O,failed,0,
NC(=O)C1=CN=CC=C1,COC1=C(OC)C=C2CC(=O)N(CCCN(C)CC3CC4=CC(=C(OC)C=C34)OC)CCC2=C1,failed,0,
[S]C#N,[NH2](Cc1ccccc1)Cc1ccccc1,salt,1,JIQPUX
CC(C)(C)C1=C=C(C#Cc2[nH]c(ccc2)C#CC(=C=C(C#Cc2[nH]c(ccc2)C#C1)C(C)(C)C)C(C)(C)C)C(C)(C)C,FC(F)(F)S(=O)(=O)[O],hydrate,3,XISQAV
BrC1=CC=CC=C1,CC12CCC3C(CCC4=C3C=CC(=C4)O)C1CCC2O,failed,0,
N#CCCC#N,C1CC2=CC=CC3=C2C1=CC=C3,failed,0,
N1C=Cc2ccccc12,CCCCN1C(=O)c2c(C#Cc3ccccc3)c3C(=O)N(CCCC)C(=O)c3c(C#Cc3ccccc3)c2C1=O,cocrystal,2,NOCTUV
Clc1cccc2cc3c(Cl)cccc3cc12,c1ccc2cc(ccc2c1)c1ccc2C#Cc3cc(ccc3C#Cc3cc(ccc3C#Cc2c1)c1ccc2ccccc2c1)c1ccc2ccccc2c1,cocrystal,2,NAPDEP
CC1=CC(=C(C=C1)[N+](=O)[O-])[N+](=O)[O-],C1=CC=C2C(=C1)C=CC1=CC=CC=C21,failed,0,
COC(=O)c1ccc(N)c(c1)C(=O)OC,N#Cc1cc(C#N)c(cc1C#N)C#N,cocrystal,2,JOQLEK
COc1cc2C(=O)c3cc(cnc3C(=O)c2cc1OC)C(=O)c1ccccc1O,OC(=O)C(F)(F)F,hydrate,3,BOQVUB
CC(C)(C)c1cc(COC(=O)CCCCCCCCCCCOc2cc(cc(c2)C(C)(C)C)C(C)(C)C)cc(c1)C(C)(C)C,O=C1NCc2ccc(CNC(=O)c3cccc(c3)C(=O)NCc3ccc(CNC(=O)c4cccc1c4)cc3)cc2,solvate,3,UJUTEY
C[NH]1CC(CC2C1CC1=CNc3cccc2c13)C(=O)NC1(C)OC2(O)C3CCCN3C(=O)C(Cc3ccccc3)N2C1=O,CS(=O)(=O)[O],hydrate,3,HERGOM
FC(F)(F)C(=O)[O],[NH3]CC1OC(C1F)C1=NC(=NO1)c1ccc(Cl)cc1,salt,1,CADFOF
OC(=O)C1=CC=CC=C1O,NC(=O)C1=CC(=CC=C1)F,failed,0,
CCOC1=CC=C(NC(C)=O)C=C1,CN(C)C1=C(C)N(C)N(C2=CC=CC=C2)C1=O,failed,0,
CC1(C)OCC2OC3(OC(C)(C)OC3C2O1)C(=O)[O],[NH3]C(C)c1cccc2ccccc12,salt,1,COVLEG
S1C=Cc2c1c1c3SC=Cc3c3C=CSc3c1c1SC=Cc21,N#CC(C#N)=C1C=CC(C=C1)=C(C#N)C#N,cocrystal,2,REYPIU
[NH4],O=C([O])C1=NNC=C1N(=O)=O,salt,1,TIXQEZ
CC12CCC3C(CCC4=C3C=CC(=C4)O)C1CCC2O,BrC1=CC=CC=C1,failed,0,
NN1C(=NN2C(=[NH]N=C12)N)N,CN1N=N[N]C1=NN(=O)=O,salt,1,WUNDAM
FC1=CNC(=O)NC1=O,NC1=NC(=O)NC=C1F,cocrystal,2,HOZPIX
CN1c2ccccc2Sc2ccccc12,O=N(=O)c1ccc2c3ccc(cc3C(=C(C#N)C#N)c2c1)N(=O)=O,cocrystal,2,LEHWUU
[CH]1N2Cc3cccc(CN4[CH]N(Cc5ccc6ccc7ccc(CN1C=C2)nc7c6n5)C=C4)n3,F[P](F)(F)(F)(F)F,hydrate,3,FAZSOP
OC(=O)c1cc(cc(c1)P(O)(=O)[O])P(O)(=O)[O],NC(=[NH2])c1ccc(cc1)C(N)=[NH2],hydrate,3,JEFGIO
c1ccncc1,CC([NH2]c1ccc(cc1N(=O)=O)N(=O)=O)C(=O)[O],cocrystal,2,VOYXOW
CC1c2cc(C(C)c3cc(C(C)c4cc(C(C)c5cc1c(O)c(O)c5O)c(O)c(O)c4O)c(O)c(O)c3O)c(O)c(O)c2O,O=C1c2ccccc2Oc2ccccc12,solvate,3,RORBIL
O=N(=O)N=C1[N]N=N[N]1,NNC(N)=[NH2],salt,1,ROCLAX
COC(=S)Nc1ccccc1,c1cc(ccn1)c1ccncc1,cocrystal,2,MEWJEG
OC(C1CC2CC[NH]1CC2C=C)c1ccnc2ccccc12,Cc1cccc(NC(=O)C23Oc4c(cc(Br)cc4S(=O)(=O)NC(C)(C)CC(C)(C)C)C2CC(=O)C=C3[O])n1,hydrate,3,UXEJUE02
F[P](F)(F)(F)(F)F,[CH]1N2Cc3cccc(CN4[CH]N(Cc5ccc6ccc7ccc(CN1C=C2)nc7c6n5)C=C4)n3,hydrate,3,FAZSOP
COc1cc(cc(OC)c1OC)C(O)=O,Cc1cccc2SC(=Nc12)N,cocrystal,2,ITAQEC
Cc1ccc(cc1)C#CC#CC1(C)CC2(C)CC(C)(C1)C(=O)NC2=O,CC(C)C(=O)Nc1cccc(NC(=O)C(C)C)n1,cocrystal,2,TEHROQ
[S]SSSS[S],CCCC[N](CCCC)(CCCC)CCCC,salt,1,CAHKAX
[nH]1ccc(cc1)c1cc[nH]cc1,OP(O)(=O)CCCCCCCCCCCP(O)(=O)[O],salt,1,ULIHOO
CC[NH](CC)CC,CC1(C)OC(=O)C(=C([O])O1)C(C(C(=S)Nc1ccccc1)C(=S)Nc1ccccc1)c1ccc(cc1)N(=O)=O,salt,1,DIHSEW
Nc1ccc(c(O)c1)C(=O)[O],NC1=[NH]C(=O)NC=C1,salt,1,XICROS
[NH3]c1ccc(cc1C)c1ccc([NH3])c(C)c1,O=N(=O)c1ccc(cc1)S(=O)(=O)[O],solvate,3,TEZLUI
CC(C)P(=S)(CCP(=S)(C(C)C)C(C)C)C(C)C,II,cocrystal,2,CIXROT
CN(C)c1cc[nH]cc1,O=C([O])c1ccc(cc1)C(=O)[O],salt,1,GUKWAL
C1=CC=C2C=CC=CC2=C1,COC1=C(O)C=CC(=C1)C=O,failed,0,
OC(=O)C1=CC=CC=C1,CC(N)=O,failed,0,
[NH2]=C1NC(=O)NC=C1,OC(=O)CC(=O)[O],salt,1,ZEYLAS
COC1=CC=CC=C1C(O)=O,OC(=O)C1=CC=CC=C1O,failed,0,
O=[N+]([O-])C1=CC(=CC=C1)[N+](=O)[O-],OC1=CC=CC(=C1)C=O,failed,0,
CC(C)(CC(O)=O)C(O)=O,OC(=O)CCCCCCC(O)=O,failed,0,
Cc1ccccc1,CC(C)(C)C1=CC(C=C(O1)C(C)(C)C)=CC1=C(C(=CC2=CC(=[O]C(=C2)C(C)(C)C)C(C)(C)C)C1=C(C#N)C#N)[C](C#N)C#N,cocrystal,2,XOKLOB
COc1cc(O)c(cc1S(=O)(=O)[O])C(=O)c1ccccc1,NC(N)=[NH2],solvate,3,HIFFAD
NC1=NC2=C(N=NN2N=C1C1=NN=N[N]1)C1=NN=N[N]1,CC(C)=N[NH]=C(N)N,hydrate,3,YIJQUH
S=P(c1ccccc1)(c1ccccc1)c1ccccc1,Fc1c(F)c(I)c(F)c(I)c1F,cocrystal,2,ITEYIS
CC(C)NC(=[NH]C(C)C)c1ccc(cc1)C(NC(C)C)=[NH]C(C)C,O=C([O])c1cccc(c1)C(=O)[O],hydrate,3,ULIPEM
N1C=NC=N1,N1C=CC=N1,failed,0,
FC(F)(F)S(=O)(=O)[O],C[N]1=C2N(C=C1)c1ccccc1N1C=C[N](=C1P2(=O)C(C)(C)C)C,solvate,3,XIPRAR
OC(C(O)C(O)=O)C(O)=O,[NH3]C(CC(N)=O)C(=O)[O],cocrystal,2,SUYWEP
NC(=O)C1=CC(=CC=C1)N,OC(=O)C1=CN=CC=C1,failed,0,
Nc1[nH]cccc1,ClC(Cl)(Cl)C(=O)[O],salt,1,UYEYIH
Cc1cnc(C)cn1,NC(N)=S,cocrystal,2,WUZYAT
CC1(C)C(=O)NC(=O)NC1=O,Nc1nc(Nc2ccccc2)nc(Nc2ccccc2)n1,cocrystal,2,HIBKAE
COc1cc(C#Cc2ccccn2)c(cc1OC)C#Cc1cc(OC)c(OC)cc1C#Cc1ccccn1,c1ccncc1,cocrystal,2,JAMBAB
CCOP(=O)(CC1CCNC(C1)C(N)=O)OCC,Cc1ccc(cc1)C(=O)OC(C(OC(=O)c1ccc(C)cc1)C(O)=O)C(O)=O,cocrystal,2,QASTUZ
COc1ccc(cc1)C(=O)[O],C[NH](C)CCCC1(O)c2ccccc2CCc2ccccc12,hydrate,3,BIHFIL
O=S(=O)([O])c1ccc2cc3cc(ccc3cc2c1)S(=O)(=O)[O],c1ccc(cc1)[P](c1ccccc1)(c1ccccc1)c1ccccc1,solvate,3,TISPOC
O=N(=O)C1=NN(C=N1)[C](N(=O)=O)N(=O)=O,[NH4],hydrate,3,UKIHUT
F[P](F)(F)(F)(F)F,COC[N](C)(C)C,salt,1,LECCOP
N1C=[NH]N=C1,[NH3]C(C)(P(O)(=O)[O])P(O)(=O)[O],hydrate,3,XOXHAU
CC1COP([O])(=S)O1,N1C=[NH]C=C1,salt,1,IMZOPT
CC12CCC3C(CCC4=C3C=CC(=C4)O)C1CCC2O,C1=CC2=C3C4=C1C=CC1=C4C4=C(C=C1)C=CC1=C4C3=C(C=C2)C=C1,failed,0,
Oc1ccccc1C(=O)[O],CCOC(=O)C1=C(CSc2ccccc2)N(C)c2cc(Br)c(O)c(C[NH](C)C)c12,solvate,3,SIYSIE
CC(C(C)C(O)=O)C(O)=O,OC(=O)C1=CC=CC=C1,failed,0,
Oc1ccc(cc1)C1(CCCCC1)c1ccc(O)cc1,Oc1ccccc1,cocrystal,2,GEFSAL
NC1=CC=CC(=C1)C(O)=O,OCC(O)C1OC(=O)C(=C1O)O,failed,0,
OC(=O)C=Cc1ccc(O)c(O)c1,FC1=CNC(=O)NC1=O,hydrate,3,KAGZOL
O=N(=O)[C](N(=O)=O)N(=O)=O,N[NH]=C(N)N,salt,1,SIGGOF
NC1=CC(=O)C(=CC1=O)[O],CC(C)[NH2]C(C)C,salt,1,XUHFOW
CC1=NC=C(CO)C(=C1O)CO,CC1=CC(=CC=C1)C(O)=O,failed,0,
NC1=NC=NC2=C1N=CN2C1OC(COP(=O)([O])OC2C(O)C(CO)OC2N2C=NC3=C2N=CN=C3N)C(O)C1O,[NH4],hydrate,3,PEDDOR
CCCCCCCCCCOc1ccc(cc1)C1=[N](C)C(=NN1C)C(F)(F)C(F)(F)C(F)(F)C(F)(F)C(F)(F)C(F)(F)C(F)(F)F,FC(F)(F)S(=O)(=O)[N]S(=O)(=O)C(F)(F)F,salt,1,HEWXUG
OC(=O)COCC(=O)[O],[NH3]CCCCC[NH3],salt,1,XELKEE
O=[Cl](=O)(=O)[O],Cc1c(C)c(C[n]2ccc(cc2)C(=O)[O])c(C)c(C)c1C[n]1ccc(cc1)C(O)=O,hydrate,3,NONNOX
O=N(=O)[N]C1=NON=C1C1=NOC(=NO1)C1=NON=C1[N]N(=O)=O,[NH3]O,salt,1,UVEGOT
Fc1cc(F)c(F)c(C(=O)[O])c1F,C1CCN(C1)c1cc[nH]cc1,hydrate,3,KUDZUH
C[NH2]C,OC(=O)c1cc(cc(c1)C(=O)[O])C(O)=O,salt,1,XAVPUF
OC(=O)Cc1ccc(cc1)N(=O)=O,c1ccc(C=NN=Cc2ccccn2)nc1,cocrystal,2,CIYDIZ
COC1=CC=CC=C1C(O)=O,OC(=O)C1=CN=CC=C1,failed,0,
CC[N](CC)(CC)CC#CC#CC[N](CC)(CC)CC,FC(F)(F)S(=O)(=O)[N]S(=O)(=O)C(F)(F)F,salt,1,GIRFUM
FC(F)(F)C1=NN=C2N=NC(=NN12)[N]N(=O)=O,[NH4],hydrate,3,QOPBOQ
C[NH]1CCN(CC1)C1=Nc2ccccc2NC2=C1C=C(C)S2,OC(=O)CC(=O)[O],salt,1,HIRYUE
O=N(=O)[O],[NH2]=C1NC=NN1C(=O)NCCCCCCNC(=O)N1N=CNC1=[NH2],salt,1,TOMDIL
II,CC1(C)NC(=S)NC1=S,cocrystal,2,KUWDIP
F[P](F)(F)(F)(F)F,C1C[n]2cccc3c4nc5ccccc5nc4c4ccc[n](C1)c4c23,salt,1,SAZHAF
CC(C)(C)C(=O)OCOP(=O)(COCCN1C=Nc2c(N)ncnc12)OCOC(=O)C(C)(C)C,OC(=O)c1cc(O)c(O)c(O)c1,hydrate,3,WUWCUO
NC1=CN=C(Br)C=N1,OC(=O)CCC(O)=O,failed,0,
CC1=CC=C(C[N](C)(C)CC#C)O1,F[P](F)(F)(F)(F)F,salt,1,DERSEZ
[NH3]O,O=N(=O)C1=NC(=N[N]1)N=NC1=N[N]C(=N1)N(=O)=O,hydrate,3,FAMFUY
Oc1cccc(O)c1,O=C1C(CCCC1=Cc1ccncc1)=Cc1ccncc1,cocrystal,2,POLLUZ
FC(F)(F)C(=O)[O],OC1=[NH]C=CN1,salt,1,HIPVAH
CN1C=[NH]C=C1,CC(C)c1cc(C(c2ccccc2)c2ccccc2)c(OP(O)(=O)[O])c(c1)C(c1ccccc1)c1ccccc1,solvate,3,HOTHAC
O=C([O])c1ccccc1,NC1=N[N]2(CCOCC2)CC1,hydrate,3,BALDOL
O=[Cl](=O)(=O)[O],CC1=NC2=NN3C(=CC(=NC3=[N]2C(=C1)C)c1ccccc1)c1ccccc1,salt,1,HUSCAB
O=C([O])c1ccc(cc1)C(=O)[O],[NH3]C(C)(C)CC,salt,1,QEJWEI
c1cc(ccn1)C=NN=Cc1ccncc1,CC1(C)C(CCC1(C)C(O)=O)C(O)=O,cocrystal,2,ZIZZAL
C1=CC=C2C=CC=CC2=C1,OC1=CC=CC=C1O,failed,0,
[NH3]CC[NH3],O=C([O])COCC(=O)[O],hydrate,3,FOHSUT
[NH3]N,[O]N1=NC2=NON=C2[N]1,salt,1,ENAJOV
C1CC2=CC=CC3=C2C1=CC=C3,CC1=CC=CC=C1C,failed,0,
[NH3]C(CC(C)C)C(N)=O,OC1=C([O])C(=O)C1=O,salt,1,YUKFUG
C1=CC=C2C=CC=CC2=C1,OC(=O)CC1=CC=CC=C1,failed,0,
Cc1cc(C)c(O)c(c1)C(C1=C[NH]=CN1)c1cc(C)cc(C)c1O,O=C([O])C=CC(=O)[O],salt,1,DAXVOP
Cc1cc[nH]c(N)c1,Oc1cccc(c1)C(=O)[O],salt,1,AGAQIK
Cc1ccncc1,Cc1cccc(Nc2ccccc2C(O)=O)c1C,cocrystal,2,UZUZEW
O=C([O])C1[NH2]CCC1,CC(C(O)=O)c1ccc(c(F)c1)c1ccccc1,cocrystal,2,VEVMAN
OC(=O)c1cc(cc(c1[O])N(=O)=O)N(=O)=O,Fc1ccc(cc1)N1CC[NH2]CC1,salt,1,RELPOR
BrC1=CC=C(Br)C=C1,ClC1=CC=CC=C1Cl,failed,0,
Cc1ccc(cc1)c1nc(N)nc(N)n1,OC(=O)CCCCC(O)=O,cocrystal,2,SABBAB
OC(=O)c1ccc(cc1)N(=O)=O,Cc1cc(nc(N)n1)c1cccnc1,cocrystal,2,PEQPAD
O=N(=O)[N]C1=NON=C1C1=NOC(=NO1)C1=NON=C1[N]N(=O)=O,NN1N=NNC1=[NH2],salt,1,REJSIL
[nH]1ccc(cc1)c1ccncc1,O=[Cl](=O)(=O)[O],hydrate,3,QOBJOH
CCNC(=S)NN=C(c1[nH]cccc1)c1ccccn1,O=[Cl](=O)(=O)[O],salt,1,MIDKUG
C[NH](C)C(C)C(c1ccccc1)P(=O)(c1ccccc1)c1ccccc1,F[P](F)(F)(F)(F)F,solvate,3,DERLUH
O=N(=O)c1cc(cc(c1)N(=O)=O)N(=O)=O,O=C(C=Cc1ccccc1)C=Cc1ccccc1,cocrystal,2,PEVKIK
N#Cc1ccc(C[n]2ccc(cc2)c2cc[n](Cc3ccc(cc3)C#N)cc2)cc1,OC(=O)c1cccc(c1)C(=O)[O],hydrate,3,SOKVIB
CN(C)C(=O)C(=O)c1ccccc1,OC(C#CC#CC(O)(c1ccccc1)c1ccccc1Cl)(c1ccccc1)c1ccccc1Cl,cocrystal,2,GIMKIW
NC(=O)C1=CN=CC=C1,CN(C)C1=CC=C(C=O)C=C1,failed,0,
Nc1ccc2cc3ccc(N)cc3[nH]c2c1,O=S(=O)([O])[O],hydrate,3,PROFLS
OC(=O)c1ccc2ccccc2c1O,CN1C(=O)N(C)C2=C(NC=N2)C1=O,cocrystal,2,KIGLIW
[NH3]C(C)c1ccccc1,O=C([O])c1ccc(cc1)C1CC(OC(=C1)c1ccccn1)C1=CNc2ccccc12,salt,1,IMOJUS
CC(CCCC(O)=O)CC(O)=O,OC(=O)CCCCCC(O)=O,failed,0,
OC(=O)C1=CC(=CC=C1)F,OCC(O)C1OC(=O)C(=C1O)O,failed,0,
CN1N=[N](Cc2ccccc2)C=C1c1ccccc1,F[P](F)(F)(F)(F)F,salt,1,EHICUU
C1=CC=C2C=CC=CC2=C1,C1=CC2=C3C(=C1)C=CC1=CC=CC(=C31)C=C2,failed,0,
CC(=O)[O],[nH]1ccc(cc1)c1cc[nH]cc1N=Nc1c[nH]ccc1c1cc[nH]cc1,salt,1,IXEBIY
OC1=CC=C(Br)C=C1,CC12CCC3C(CCC4=C3C=CC(=C4)O)C1CCC2O,failed,0,
FC(F)(F)S(=O)(=O)[O],NC(=[NH2])Sc1ccc2cc(Br)ccc2n1,salt,1,CEQKOC
COc1ccc([I]c2ccccc2)c(C)c1,Cc1ccc(cc1)S(=O)(=O)[O],hydrate,3,KEPHEW
c1cc2cncc3ccc4cncc1c4c23,S=C1NC(=S)NC(=S)N1,solvate,3,FOSFIF
FC1=CNC(=O)NC1=O,NC(=O)c1cccnc1,hydrate,3,KUTGIS
O=C([O])c1ccc(cc1)C(=O)[O],NC(=[NH2])NC(N)=S,salt,1,OWIQIX
C(Cc1ccncc1)c1ccncc1,Fc1c(F)c(I)c(F)c(F)c1I,cocrystal,2,MEKWOO
[NH3]C1CCCCC1[NH3],O=S(=O)([O])C1CCCCC1S(=O)(=O)[O],salt,1,KOTXUO
COC1=CC=CC=C1C(O)=O,CC1=CC2=C(C=C1C)N(CC(O)C(O)C(O)CO)C1=NC(=O)NC(=O)C1=N2,failed,0,
CN1C=NC2=C1C(=O)N(C)C(=O)N2C,ON=Cc1c(O)ccc2ccccc12,cocrystal,2,RUYYIV
OC(CCc1ccccc1)C(=O)[O],[NH3]C(C(O)c1ccccc1)c1ccccc1,hydrate,3,GAGPUD
COC1=CC=CC(=C1)C(N)=O,CN1C=NC2=C1C(=O)N(C)C(=O)N2C,failed,0,
Cc1cc(O)cc(O)c1,NC(=O)c1ccncc1,cocrystal,2,EWAQID
NC(=[NH2])NC(N)=[NH2],O=N(=O)[N]c1nc(N=[N]=[N])nc(N=[N]=[N])n1,hydrate,3,IPIBAL
CC1=[NH]C=CN1Cc1ccc(CN2C=C[NH]=C2C)cc1,OC(=O)c1cc(C(O)=O)c(cc1C(=O)[O])C(=O)[O],hydrate,3,EVEBUD
CC(=O)NC1=CC=CC=C1,CC(=O)C1=CC=C(O)C=C1,failed,0,
COc1ccc2C3[NH2]N(C)C(=O)C43CCCC4c2c1,FC(F)(F)S(=O)(=O)[O],salt,1,BOTQAF
Cc1c(C)c(C)c(C)c(C)c1C,c1cc2ccc1C#Cc1ccc(cc1)C#Cc1ccc(cc1)C#Cc1ccc(cc1)C#Cc1ccc(cc1)C#Cc1ccc(cc1)C#C2,cocrystal,2,VAKJEX
N1C=CC2=CC=CC=C12,C1=CC=C2C=CC=CC2=C1,failed,0,
II,[O][n]1ccncc1,cocrystal,2,KORTUJ
CCCCNC(=O)Nc1cc(C)ccn1,Cc1cccc(C)c1N1C(=O)Nc2nc3ncccc3cc2C1=O,cocrystal,2,IXUDIO
Cc1cc(C)cc(NC(=O)C(=O)Nc2cc(C)cc(C)c2)c1,Oc1c(F)c(F)c(F)c(F)c1F,cocrystal,2,NIPVIS
I[I]I,CCCCC[P](c1ccccc1)(c1ccccc1)c1ccccc1,salt,1,SALKEY
CC1=C(C=C(C=C1)[N+](=O)[O-])[N+](=O)[O-],C1=CC2=CC3=CC=CC=C3C=C2C=C1,failed,0,
C[NH]1CC[NH2]CC1,OC(=O)CCC(=O)[O],hydrate,3,PIJCIY
CN(C)c1ccn(cc1)[P](=O)(=O)n1ccc(cc1)N(C)C,BrBr[Br],salt,1,IXUMUJ
O=C([O])c1ccccc1,C[N](C)(C)C,hydrate,3,ISIHIB
OC(=O)C1=CC=CC=C1,OC(=O)C=CC1=CC=CC=C1,failed,0,
O=C(C1=N[N]N=N1)C1=N[N]N=N1,NC(N)=[NH2],hydrate,3,OYIGEK02
FC(F)(F)C(=O)C=C([O])c1ccccc1,CCCC[NH]1CCCC1,salt,1,WODLAD
c1ccccc1,c1ccc(cc1)N=C1c2ccccc2c2ccccc12,cocrystal,2,POTKIS
NC1=CC(=CC=C1)[N+](=O)[O-],O=C(C1=CC=CC=C1)C(=O)C1=CC=CC=C1,failed,0,
CC(=O)OC1=CC=CC=C1C(=O)NC1=NC=C(S1)[N+](=O)[O-],NC(=O)C1=CN=CC=C1,failed,0,
OCC(NC(=O)c1cc(cc(c1)N(=O)=O)N(=O)=O)C(=O)[O],COc1cc2N3C4C5C(CC3=O)OCC=C3C[NH]6CCC4(C6CC53)c2cc1OC,hydrate,3,CENKUD
OC(=O)c1ccccc1Nc1ccccc1,c1cc(ccn1)c1ccncc1,cocrystal,2,PEFCAG
O=P1(=O)[O]P(=O)(=O)[O]P(=O)(=O)[O]P(=O)(=O)[O]P(=O)(=O)[O]P(=O)(=O)[O]1,[NH3]Cc1ccc(Cl)c(Cl)c1,hydrate,3,PIDHUG
O=[Cl](=O)(=O)[O],O1C(=CC(C=C1c1ccccc1)[P](c1ccccc1)(c1ccccc1)c1ccccc1)c1ccccc1,salt,1,VEZDOT
CCCC(=O)[O],[NH2](C1CCCCC1)C1CCCCC1,salt,1,JEFYAV
C1=CC=C(C=C1)C1=CC=CC=C1,C1=CC=C2C=CC=CC2=C1,failed,0,
CCCCCCCCCCCCCCCCCC(O)=O,OC(=O)CCCCCCC(O)=O,failed,0,
CCC1([NH2]CCC1)C1(CC1)c1cccc(c1)N(=O)=O,O=C([O])Cc1ccc(cc1)N(=O)=O,salt,1,ZANPOW
BrBr[Br],C1CC2CC[NH]1CC2,salt,1,REKBIS
NNC(=O)c1ccncc1,OC(=O)c1ccc(O)cc1,cocrystal,2,FADHEZ
c1cnccn1,IC(I)=C(I)I,cocrystal,2,IETPYA10
OC(C(O)C(=O)[O])C(O)=O,[NH2]1CC2CC(C1)c1cc3nccnc3cc21,salt,1,WADZAG
[NH3]C(C)c1ccc(C)cc1,CCC1(CC)CCc2cc(ccc2C1=O)C(=O)[O],salt,1,WIFNAB
O=N(=O)[O],CNC(O)=[NH]C,salt,1,VAFPOL
CCN1C2=C(Sc3ccccc23)C2=C1C1=C(C3=C(N1CC)c1ccccc1S3)C1=NSN=C21,Cc1ccccc1,cocrystal,2,PUGVIY
NC(N)=O,NC1=NC2=CC=CC=C2S1,failed,0,
Oc1ccc(O)c(c1)C(=O)[O],[NH3]C12CC3CC(CC(C3)C1)C2,salt,1,KASWUY
COc1cc(C=Cc2ccncc2)c(OC)cc1C=Cc1ccncc1,OC(=O)c1c(F)c(F)c(Br)c(F)c1F,cocrystal,2,NUNMAN
CC(=O)NC1=CC=C(O)C=C1,NC1=CC=C(O)C=C1,failed,0,
O=N(=O)[O],Cc1[nH]c(N)nc(N)n1,salt,1,SOLTIX
C1=CC=C2C=CC=CC2=C1,C1=CC=C2C(=C1)C1=CC=CC3=C1C2=CC=C3,failed,0,
CCc1[nH]c(N)nc(N)c1c1ccc(Cl)cc1,OC(=O)CCCCCC(=O)[O],salt,1,XEGHOI
CCCCN(CC1=CC=CO1)C(=O)CCC(=O)N(CCCC)CC1=CC=CO1,Clc1cc2cc(c1)C(=O)NCc1ccc(CNC(=O)c3cc(Cl)cc(c3)C(=O)NCc3ccc(CNC2=O)cc3)cc1,cocrystal,2,UFUJOY
OC(=O)C1=CN=CC=C1,COC1=CC=CC=C1C(O)=O,failed,0,
ON1C=CC=C(C(=O)NCC[NH](CCNC(=O)C2=CC=CN(O)C2=O)CCNC(=O)C2=CC=CN(O)C2=O)C1=O,FC(F)(F)C(=O)[O],salt,1,YICRUB
NC1=NC2=C(S1)C=C(OC(F)(F)F)C=C2,OC(=O)CCCCCCC(O)=O,failed,0,
CN(C)C(=PC(N(C)C)=[N](C)C)N(C)C,O=[Cl](=O)(=O)[O],salt,1,DIBVOZ
FC(F)(F)S(=O)(=O)[O],COc1cc(OC)c2c3cccc4c5cccc6c7c(OC)cc(OC)cc7c7c(c56)c(c34)c(c2c1)[P]7(SC)c1ccccc1,solvate,3,FAVPOJ
NC(N)=[NH]C(N)=S,O=C([O])c1c(C(=O)[O])c(C(=O)[O])c(C(=O)[O])c(C(=O)[O])c1C(=O)[O],hydrate,3,ZEWGOA
Nc1[nH]c(N)nc(N)n1,OC(C(O)C(=O)[O])C(=O)[O],hydrate,3,VORSUR
OC(=O)C1=CC(=CC=C1)[N+](=O)[O-],OC(=O)C1=CC=C(C=C1)[N+](=O)[O-],failed,0,
FC(F)(F)S(=O)(=O)[O],Cc1cc(C)[n](F)c(C)c1,salt,1,VABHAI
OC(=O)CCSCCC(O)=O,COC1=CC=CC=C1C(O)=O,failed,0,
ClC1=NC(=CC=C1)Cl,BrC1=CC=C(Br)C=C1,failed,0,
Clc1ccc(C(CN2C=[NH]C=C2)OCC2=C(Cl)SC=C2)c(Cl)c1,OC(=O)C=CC(=O)[O],salt,1,SAPBEU
c1ccccc1,Cc1cc(C)c(P(CNc2ccccc2C#N)CNc2ccccc2C#N)c(C)c1,cocrystal,2,NODFIX
FC1=C(F)C2=C(C(=C1F)F)C(=C(F)C(=C2F)F)F,CC(=O)C1CCC2C3CCC4=CC(=O)CCC4(C)C3CCC12C,failed,0,
COC1=C(O)C=CC(=C1)C=CC(=O)CC(=O)C=CC1=CC(=C(O)C=C1)OC,COC1=C(O)C=CC(=C1)C=CC(O)=O,failed,0,
COC1=CC2=C(C=C1)N(C(=C2CC(O)=O)C)C(=O)C1=CC=C(Cl)C=C1,NC1=CC=C(C=C1)C(O)=O,failed,0,
O=C1CCCC(=O)N1,OC(=O)C1=CC=CC=C1,failed,0,
CC1=CC=C(C=C1)C(O)=O,OCC(O)C1OC(=O)C(=C1O)O,failed,0,
CC1(C)N([O])C(=N([O])C1(C)C)c1cc(CN2C=CC(=NC2=O)N)cc(c1)C1=N([O])C(C)(C)C(C)(C)N1[O],CCCCN1C=NC2=C1N=C(N)NC2=O,solvate,3,MILFAP
Oc1cccc(O)c1C(=O)[O],CC[NH]1CCN(CC1)c1cc2N(C=C(C(O)=O)C(=O)c2cc1F)C1CC1,hydrate,3,LOGJUQ
OC(=O)C=CC(O)=O,CN1C(=C(O)c2ccccc2S1(=O)=O)C(=O)NC1=NC=C(C)S1,cocrystal,2,ENICIO
Brc1ccccc1C(=O)[O],O=N(=O)c1ccc(cc1)N1CC[NH2]CC1,hydrate,3,JICSIB
OC(=O)C1=CC=CC=C1O,O=C1CCCC(=O)N1,failed,0,
O=P([O])Oc1ccccc1,[NH3]c1ccccc1,salt,1,LAJJIT
Cc1ccc(cc1)S(=O)(=O)[O],Cc1[nH]ncc(N=[NH]c2cn[nH]c(C)n2)n1,hydrate,3,RAZTER
OC(=O)Cc1cccc(Cl)c1,Nc1nc(N)nc(N)n1,cocrystal,2,OQIFAX
O=C([O])C1(CC=CC1)c1ccccc1,C1CCN(C1)c1cc(NC(C(Nc2cc(N3CCCC3)c3ccccc3n2)c2ccccc2)c2ccccc2)[nH]c2ccccc12,solvate,3,JEYBUN
CC(C(C)C(O)=O)C(O)=O,OC(=O)CCCC(O)=O,failed,0,
COC1=CC=C(C=C1)C(O)=O,CCCCCCCC(O)=O,failed,0,
NC(=O)C1=CC=CC=C1,CC1=CC=CC=C1C(O)=O,failed,0,
C1=CC=C(C=C1)C1=CC=NC=C1,BrC1=CC=C(Br)C=C1,failed,0,
CCCCCCCCCCCCOc1ccc(cc1)C=Cc1ccncc1,Oc1c(F)c(F)c(F)c(F)c1F,cocrystal,2,TONMEP
COC(=O)C1C(c2ccccc2)C2(Oc3ccccc3C1(O)C2OC(=O)c1ccc(Br)cc1)c1ccccc1,c1ccccc1,cocrystal,2,RAHSID
[NH3]C(C)c1cccc2ccccc12,O=P([O])(Oc1ccccc1)c1ccccc1,salt,1,MAMQUN
OC(=O)c1cc(Cl)ccc1N(=O)=O,O=C(c1ccccc1)c1ccncc1,cocrystal,2,UHAQID
Nc1ccc(cc1)C(=O)[O],C[NH]1CCN(CC1)C1=Nc2ccccc2NC2=C1C=C(C)S2,hydrate,3,HIRZEP
Cc1ccc(cc1)S(=O)(=O)[O],CCC[NH]1CCC2(CCN(c3ccc(C)cc3)C2=O)C1,salt,1,BINDOV
CCN1c2ccccc2c2ccccc12,O=N(=O)c1cc(cc(c1)N(=O)=O)C#N,cocrystal,2,KOBFIQ
c1cc(ccn1)C=Cc1ccncc1,COc1ccc(cc1)C1=COc2cc(O)cc(O)c2C1=O,cocrystal,2,OQIWUJ
OC(=O)c1cc(ccc1O)S(=O)(=O)[O],C1CNc2c(C1)ccc1ccc[nH]c21,hydrate,3,GALMOY
O=N(=O)[N]N1[N]N(C=C1)[N]N(=O)=O,[NH3]O,salt,1,GEJBUU
N1C=CC2=CC=CC=C12,NC(=O)C1=CN=CC=C1,failed,0,
N1C=CC2=CC=CC=C12,CC1=CC2=CC=CC=C2C=C1,failed,0,
N1C=CC=N1,N1N=CN=N1,failed,0,
COC(=O)C1=NOC(=O)C(=C1c1ccc(OC)cc1)[O],CC[NH2]CC,solvate,3,PEXKEK
CC1=CC(=CC=C1)C(O)=O,OC(CC(O)=O)C(O)=O,failed,0,
Cc1ccccc1,OCC1COC2(OC(=O)C3CCC1C23)c1cc(OCc2ccccc2)ccc1OCc1ccccc1,cocrystal,2,VEDKUO
OC(=O)CCCC(=O)[O],Nc1[nH]c(N)nc(Cl)c1,salt,1,GOLDIW
CC1=C(C)C(=O)N=C(N)N1,CC1=C(C)C(=O)NC(=N1)N,cocrystal,2,ILIVEG
Cc1c[nH]c(N)cc1,O=C([O])c1ccc(cc1)N(=O)=O,salt,1,PUJWEX
O=[Cl](=O)(=O)[O],OC(C[NH](Cc1cccc2cccnc12)Cc1cccc2cccnc12)C[NH](Cc1cccc2cccnc12)Cc1cccc2cccnc12,solvate,3,YIHHUV
OC(=O)CCCCCCCCC(O)=O,OC(=O)CCCCCCC(O)=O,failed,0,
COc1cc2N3C4C5C(CC3=O)OCC=C3C[NH]6CCC4(C6CC53)c2cc1OC,O=C([O])c1ccccc1,hydrate,3,XEWWIG
Oc1ccc(cc1S(=O)(=O)[O])c1ccc(O)c(c1)S(=O)(=O)[O],[NH3]C(c1ccccc1)(c1ccccc1)c1ccccc1,solvate,3,KOVLIS
O=[N+]1C=CN([O-])C=C1,BrC1=CC=C(Br)C=C1,failed,0,
Cc1nc(C)c(C)nc1C,Fc1c(F)c(I)c(F)c(F)c1I,cocrystal,2,KIHRAX
c1ccncc1,COC(=O)c1ccc2c(NC(=C(O)C2=O)c2cc(Cl)c(N)c(Cl)c2)c1,cocrystal,2,JEQPAX
[NH3]Cc1ccccc1,OC(=O)C=CC(=O)[O],salt,1,XINSAO
O=C[O],N1C(=[NH]c2ccccc12)C1=CSC=N1,solvate,3,JUZCEP
c1cc(ccn1)C=Cc1ccncc1,FC(F)(I)C(F)(F)C(F)(F)C(F)(F)C(F)(F)C(F)(F)I,cocrystal,2,BULKUQ
Oc1ccc(Cl)cc1,O=C1C=CC(=O)C=C1,cocrystal,2,BNQDCP
OP(O)(=O)[O],[NH3]c1ccc(OCC[NH](CCOc2ccc([NH3])cc2)CCOc2ccc([NH3])cc2)cc1,hydrate,3,XOHLAJ
Cc1ccccn1,Cc1c(Cl)cccc1Nc1ccccc1C(O)=O,cocrystal,2,UZUZIA
C1=CC=C2C(=C1)C=CC1=CC=CC=C21,OC1=C(C=C(C=C1)[N+](=O)[O-])[N+](=O)[O-],failed,0,
c1ccc2nc3ccccc3nc2c1,IC#CC(=O)Oc1ccc(cc1)N(=O)=O,cocrystal,2,BOQHOI
NC(=O)C1=CC(=CC=C1)F,CC1=CC2=C(C=C1C)N(CC(O)C(O)C(O)CO)C1=NC(=O)NC(=O)C1=N2,failed,0,
OC(=O)Cc1cccc(CC(O)=O)c1,O1C(=NN=C1c1ccncc1)c1ccncc1,cocrystal,2,MUSBIN
OC(=O)C1=CN(C2CC2)c2cc(N3CC[NH2]CC3)c(F)cc2C1=O,OC(=O)C=CC(=O)[O],hydrate,3,OXAYUJ
CC(=O)OCC[N](C)(C)C,O=N(=O)c1cc(c([O])c(c1)N(=O)=O)N(=O)=O,salt,1,GEBMEF
OC(=O)C1=CC(=CC=C1)O,OC(=O)C1=CC(=CC=C1)[N+](=O)[O-],failed,0,
NN,Oc1ccc(O)cc1,cocrystal,2,ZAPFAX
NC(=O)C1=CC(=CC=C1)[N+](=O)[O-],CC1=CC2=C(C=C1C)N(CC(O)C(O)C(O)CO)C1=NC(=O)NC(=O)C1=N2,failed,0,
O=N(=O)c1cc(c([O])c(c1)N(=O)=O)N(=O)=O,C[N](C)(C)CC(O)=O,salt,1,ZEJLEI
Br[Br]Br,COc1cc2[S]c3cc(OC)c(OC)cc3Sc2cc1OC,salt,1,RIKZEQ
Nc1nnc(c(N)n1)c1cccc(Cl)c1Cl,Cc1ccc(cc1)C(O)=O,solvate,3,QIQHOP
S=C([S])N(c1ccccn1)c1ccccn1,c1ccc(cc1)P(=[N]=P(c1ccccc1)(c1ccccc1)c1ccccc1)(c1ccccc1)c1ccccc1,salt,1,XIRYEE
OC(CN1C=[NH]C=C1)(P(O)(=O)[O])P(=O)([O])[O],[NH4],hydrate,3,JAPJOC
CC1=C2C=CC=CN2C(=C1c1ccccc1)C=C1[n]2ccccc2C(=C1c1ccccc1)C,O=[Cl](=O)(=O)[O],solvate,3,KIVLIN
O=C([O])[O],NC(N)=NC(N)=[NH2],salt,1,BGUDCB10
OC(=O)C1=CC=CC=C1[N+](=O)[O-],OCC(O)C1OC(=O)C(=C1O)O,failed,0,
OC(=O)C1=CN=CC=C1,OC(=O)C1=CC(=CC=C1)[N+](=O)[O-],failed,0,
c1cc(ccn1)c1ccncc1,CC(=O)Nc1ccc(O)cc1,cocrystal,2,MUPQAP
Ic1cc(C#N)c(cc1N(=O)=O)C#N,c1ccc2ncccc2c1,cocrystal,2,UCEHAP
C1=CC=C2C(=C1)C1=CC=CC3=C1C2=CC=C3,C1=CC2=C3C(=C1)C=CC1=CC=CC(=C31)C=C2,failed,0,
O=C([O])CCCCC(=O)[O],CCN1C=C(C(O)=O)C(=O)c2cc(F)c(cc12)N1CC[NH2]CC1,hydrate,3,KEBHAE
CC(C)(c1ccc(O)cc1)c1ccc(O)cc1,C1CN2CCN1CC2,cocrystal,2,RAWBOG
CN(C)c1ccc(Cl)nn1,OC(=O)C(F)(F)F,cocrystal,2,JOCNUO
NC1=CN=C(Br)C=N1,OC(=O)CCCCCCC(O)=O,failed,0,
COc1ccc(cc1)N1C=NN=N1,Oc1c(cc(cc1N(=O)=O)N(=O)=O)N(=O)=O,cocrystal,2,IQOZEW
Fc1ccccc1C(=O)[O],NC1=[NH]C=NC2=C1N=CN2,hydrate,3,TUDLOT
OC(=O)c1cc(cc(c1)C(O)=O)C(O)=O,Cc1cc(Cc2cc(C)c(N)c(C)c2)cc(C)c1N,solvate,3,AWAXIG
FC1=C(F)C(C(=C(F)C1=C(C#N)C#N)F)=C(C#N)C#N,CCCCCCCCOc1ccc2c(SC3=C2Sc2cc(OCCCCCCCC)ccc32)c1,cocrystal,2,GAYNUT
Cc1cccc[n]1[O],O=C1NS(=O)(=O)c2ccccc12,cocrystal,2,ZUZBON
NC(=O)C1=CC=CC=C1O,NC(N)=O,failed,0,
[NH3]C(C)c1ccccc1,Clc1ccc(CC(=O)[O])cc1,salt,1,XOHSUK
OC(=O)C1=CC=CC=C1O,COC1=CC=CC=C1C(O)=O,failed,0,
COc1ccc2c(c1)C(=O)c1c(C)[n](C)c(cc21)c1ccccc1,FC(F)(F)S(=O)(=O)[O],salt,1,GIHVOM
COc1cccc(C=NNC(=O)c2cc[nH]cc2)c1O,O=C1[N]S(=O)(=O)c2ccccc12,salt,1,ZUVXAR
C[P](C)(C)[NH]=P(C)(C)C,ClI[Cl],salt,1,ZAVDIJ
c1cc(ccn1)c1ccncc1,Nc1c(F)c(F)c(I)c(F)c1F,cocrystal,2,BOLYIO
[Br]1c2ccccc2c2ccccc12,OS(=O)(=O)[O],hydrate,3,EGODEN
CCCCCCCCCCCCCCO,ClC1=CC=C(Br)C=C1,failed,0,
O=[Cl](=O)(=O)[O],C[n]1ccc(cc1)c1ccc(cc1)N1c2ccccc2c2ccccc12,solvate,3,KOSRES
NC(=O)C1=CN=CC=C1,OC(=O)C1=CC(=CC=C1)F,failed,0,
O=N(=O)c1ccc(cc1)N1CC[NH2]CC1,Brc1ccccc1C(=O)[O],hydrate,3,JICSIB
OC(=O)C1=CC=C(F)C=C1,CCCCCCCC(O)=O,failed,0,
OC(=O)CCC(O)=O,NC1=NC=C(Br)N=C1Br,failed,0,
CC(O)C(O)=O,CN1C=NC2=C1C(=O)N(C)C(=O)N2C,failed,0,
c1cc(ccn1)C=Cc1ccncc1,Cc1ccc(cc1)C1=CC(=NN1c1ccc(cc1)S(N)(=O)=O)C(F)(F)F,solvate,3,POVHIT
CN(C)c1ccc(cc1)C#Cc1ccc2c[n](C)ccc2c1,FC(F)(F)c1cccc(c1)S(=O)(=O)[O],solvate,3,FODGAJ
CN(C)C1=C(C)N(C)N(C2=CC=CC=C2)C1=O,CN1N(C(=O)C=C1C)C1=CC=CC=C1,failed,0,
C1C2=CC=CC=C2C2=CC=CC=C12,CC1=C(C=C(C=C1)[N+](=O)[O-])[N+](=O)[O-],failed,0,
Fc1c(F)c(I)c(F)c(F)c1I,O=CC=Cc1ccc(cc1)N(=O)=O,cocrystal,2,AXOKAC
Oc1ccc(cc1)C#N,c1cc(ccn1)c1ccncc1,cocrystal,2,KIHYAC
O=N(=O)c1ccc(cc1)N(=O)=O,CCOP(=O)(OCC)C(C)=C(C=Cc1ccc(cc1)N(=O)=O)C(F)(F)F,cocrystal,2,BAJFEX
[NH3]Cc1ccc(OC)cc1,O=C([O])c1ccc2cc(ccc2c1)C(=O)[O],salt,1,SOVXUX
COc1ccc2cc(ccc2c1)C(C)C(=O)[O],[NH3]C(C(N)=O)c1ccccc1,hydrate,3,TOJPAM
[NH3]CC,O=C1N(C(=O)c2ccc3C(=O)N(C(=O)c4ccc1c2c34)c1ccc(cc1)S(=O)(=O)[O])c1ccc(cc1)S(=O)(=O)[O],salt,1,FUBBUC
OC(=O)c1ccc(C(=O)[O])c(c1)C(O)=O,Nc1[nH]c(N)nc(N)n1,hydrate,3,ZUSPIP
COC1=CC=CC=C1C(O)=O,OC(CC(O)=O)C(O)=O,failed,0,
NC(=O)C1=CC=CC=C1,COC1=CC=CC(=C1)C(O)=O,failed,0,
O=N(=O)c1cc(C[n]2ccccc2)cc(c1)N(=O)=O,FC1=C(F)C(C(=C(F)C1=[C](C#N)C#N)F)=[C](C#N)C#N,salt,1,BODMEO
OC(=O)C1=CC=C(O)C=C1,OC(CC(O)=O)C(O)=O,failed,0,
OC(=O)C(O)=O,OC(=O)C1=CC=CC=C1,failed,0,
[NH2]1CC[NH2]CC1,O=S([O])[O],hydrate,3,NEDHOW
COC1=C(O)C=CC(=C1)C=O,C1CC2=CC=CC3=C2C1=CC=C3,failed,0,
Cc1ccc(cc1)S(O)(=O)=O,CNC(=O)c1cc(Oc2ccc(NC(=O)Nc3ccc(Cl)c(c3)C(F)(F)F)cc2)ccn1,solvate,3,HOLKEB
O=C(C1=CC=CC=C1)C1=CC=NC=C1,BrC1=CC=C(Br)C=C1,failed,0,
CCCC[N](CCCC)(CCCC)CCCC,F[C](S(=O)(=O)c1ccccc1)S(=O)(=O)c1ccccc1,salt,1,KUJPEL
CC1=CC2=C(C=C1)C=C(C)C=C2,CC1=C2C=CC=C(C)C2=CC=C1,failed,0,
CC(C)C(C)C=CC(C)C1CCC2C3=CC=C4CC(O)CCC4(C)C3CCC12C,CC(C)C(C)C=CC(C)C1CCC2C3=CCC4CC(O)CCC4(C)C3CCC12C,hydrate,3,SUBQIS
S(c1ccncc1)c1ccncc1,CC(C)(C)c1cc(cc(c1)C(O)=O)C(O)=O,cocrystal,2,SOMJEK
Cc1cc[nH]c(N)c1,Cc1ccc(cc1)C(=O)[O],hydrate,3,COZVIY
C[P](C)(C)C1C(=CC(=C1c1ccccc1)c1ccccc1)c1ccccc1,O=[Cl](=O)(=O)[O],salt,1,UPOLER
Oc1cccc(c1)C(=O)[O],CC1[NH2]CCNC(C)(C)CC(C)[NH2]CCNC(C)(C)C1,solvate,3,CUTVOC
C1=CC=C2C(=C1)C=CC1=CC=CC=C21,C1=CC=C(C=C1)C1=CC=CC=C1,failed,0,
c1cnccn1,OC1=C(Cl)C(=O)C(=C(Cl)C1=O)O,cocrystal,2,BOQHOE
c1ccccc1,BrC1CCC(Br)C(Br)CCC(Br)C(Br)CCC1Br,cocrystal,2,LISCEZ
Nc1ncccn1,CN(c1ccc(cc1)C(O)=O)C(=O)N(C)c1ccc(cc1)C(O)=O,cocrystal,2,VAXHEJ
[NH3]C(CCl)c1c(C)cc(C)cc1C,O=N(=O)c1cc(c([O])c(c1)N(=O)=O)N(=O)=O,salt,1,XUKJOD
OC(=O)C1=CC=CC=C1O,OC1=CC=C(C=C1)[N+](=O)[O-],failed,0,
OP(O)(=O)[O],NN1C(=NN=C1c1ccncc1)c1cc[nH]cc1,salt,1,FIKYOR
Nc1ccccc1,CC12CCC3C4(C)CCCC(C)(C4CCC3(CC1=O)C2)C(O)=O,cocrystal,2,MECPIT
C[NH2]CC(O)=O,O=[Cl](=O)(=O)[O],salt,1,GECDEZ
O=C1[N]S(=O)(=O)c2ccccc12,C[NH](C)c1cccc2cccc(N(C)C)c12,hydrate,3,AJOHUC
OC1=CC=CC(=C1)C=O,CC1=C(C=C(C=C1[N+](=O)[O-])[N+](=O)[O-])[N+](=O)[O-],failed,0,
CC1=NNC(=O)N(C1)N=Cc1cccnc1,OC(=O)c1ccc(O)cc1,cocrystal,2,APUWOA
[NH2]=C1NC(=O)N(C=C1)C1CSC(CO)O1,OC(=O)C(=O)[O],hydrate,3,ROQPEU
NC(=O)C1=CC=C(C=C1)[N+](=O)[O-],OCC(O)C1OC(=O)C(=C1O)O,failed,0,
O=S(=O)([O])[O],CC(C)(C)[NH2]CC(O)c1cc(O)cc(O)c1,solvate,3,ZIYXAG
O=C(Oc1ccccc1)C(C12CC3CC(CC(C3)C1)C2)S(=O)(=O)[O],[nH]1ccccc1,salt,1,GAZDIW
OC(CC(O)=O)C(O)=O,OC(=O)C1=CC(=CC=C1)F,failed,0,
CC1(C)C2CCC1(CS(=O)(=O)[O])C(=O)C2,[NH2]1OCC2COc3ccccc3C12,salt,1,ZAQYEV
COc1ccc(cc1)C(N)=O,OC(=O)c1cccc(c1)N(=O)=O,cocrystal,2,LIDNAQ
[nH]1ccc(cc1)c1cc[nH]cc1,CS(=O)(=O)[N]S(C)(=O)=O,salt,1,QUSLIZ
NC(CCC(O)=O)C(O)=O,CC1=CC(=CC=C1)C(N)=O,failed,0,
OC(=O)c1ccc(cc1)C(O)=O,c1cnccn1,cocrystal,2,VAXWEY
NC(CCC(O)=O)C(O)=O,OC(=O)C1=CC=C(O)C=C1,failed,0,
FC(F)C(=O)[O],NC(=O)c1c[nH]ccc1,salt,1,PUHBUQ
OC(C(=O)[O])c1ccccc1,[NH3]C(C(O)c1ccccc1)c1ccccc1,solvate,3,LIQGEZ
FC(F)(F)S(=O)(=O)[O],CCCCN1C(=O)[NH]=C(O)C2=C1OC(c1ccc(C)cc1)(c1ccc(C)cc1)c1ccccc21,solvate,3,XESSEU
[NH3]C1CCCCNC1=O,Cc1ccc(cc1)S(=O)(=O)NC(Cc1ccccc1)C(=O)[O],salt,1,FEXQOP
OC(=O)c1ccccc1SSc1ccccc1C(=O)[O],C1[NH]2CN3CN1CN(C2)C3,hydrate,3,MIPVAI
O=C([O])C=Cc1ccccc1,[NH3]C(C)c1ccccc1C,salt,1,ZUSNOQ
[NH3]N,OC(=O)C1=NNC(=C1)C(=O)[O],hydrate,3,ODELUH
CC(C)Cc1ccc(cc1)C(C)C(O)=O,NC(=O)c1cccnc1,cocrystal,2,SOGLAC
CC(CCC(=O)[O])C1CCC2C3CCC4CC(O)CCC4(C)C3CC(O)C12C,[NH3]CCCCC,salt,1,JAQZOQ
CC1(O)CCC2C3CCC4CC5=NNC=C5CC4(C)C3CCC12C,CC(CC(O)=O)C(O)=O,cocrystal,2,ROQLUG
Cc1ccccc1,CC(C)(C)c1cc(Sc2cc(cc(C(O)=O)c2O)C(C)(C)C)c(O)c(c1)C(O)=O,cocrystal,2,JEZSOA
[NH3]C(C)c1ccccc1,CCC(=CC(=O)[O])c1ccccc1,salt,1,ZOHPER
c1ccc2cc(ccc2c1)c1ccc2C#Cc3cc(ccc3C#Cc3cc(ccc3C#Cc2c1)c1ccc2ccccc2c1)c1ccc2ccccc2c1,Clc1ccccc1,cocrystal,2,NAPCUE
CC(C)c1cccc(C(C)C)c1N1C(=C(Cl)[N](=C1I)c1c(cccc1C(C)C)C(C)C)Cl,FC(F)(F)S(=O)(=O)[O],solvate,3,GEPFUF
IC#CC#CI,O=C(NCc1ccncc1)C(=O)NCc1ccncc1,cocrystal,2,WANNUV
O=[Cl](=O)(=O)[O],C[NH]1CCN(CCNC2=NC(=C(N=O)C(=O)N2C)N)CC[NH](C)CCN(CCNC2=NC(=C(N=O)C(=O)N2C)N)CC1,hydrate,3,JODSII
CCOC1=CC=C(NC(C)=O)C=C1,CN1N(C(=O)C=C1C)C1=CC=CC=C1,failed,0,
Cc1ccc(cc1)C1=CC(=NN1c1ccc(cc1)S(N)(=O)=O)C(F)(F)F,c1cc(ccn1)C=Cc1ccncc1,cocrystal,2,POVGEO
COC1=C(Cl)C2=C(C(=O)C3(O2)C(C)CC(=O)C=C3OC)C(=C1)OC,OC(=O)CCC(O)=O,failed,0,
CCCCCCCC(O)=O,OC(=O)C1=CC=C(F)C=C1,failed,0,
[NH3]CCCC[NH3],O=P1([O])OP(=O)([O])OP(=O)([O])O1,hydrate,3,TEJDER
OC(=O)C1=CC=C(O)C=C1,OC(=O)C1=CC(=CC=C1)O,failed,0,
COC(=O)C(CC1=CC=CC=C1)NC(=O)C(CC(O)=O)NCCC(C)(C)C,COC1=CC2=C(C=C1)N(C(=C2CC(O)=O)C)C(=O)C1=CC=C(Cl)C=C1,failed,0,
[S]1C(SC=C1C1=[NH]C=CN1)=C1SC=CS1,O=C1C(=C(C(=O)C(=C1N(=O)=O)[O])N(=O)=O)[O],solvate,3,JIQHEX
OC(=O)CCCC(=O)[O],[NH4],salt,1,AHGLUT
O=C([O])c1ccc(cc1)C(=O)[O],[NH3]CCCCCCCCCC[NH3],hydrate,3,LOYDEL
O=P1(c2ccccc2)c2ccccc2c2c(c3ccccc3)c(c3ccccc3)c(c3ccccc3)c(c3ccccc3)c2c2ccccc12,c1ccccc1,cocrystal,2,PTBPOS
CN1C=NC2=C1C(=O)N(C)C(=O)N2C,COC1=CC=CC=C1C(N)=O,failed,0,
[NH3]C1CCCCC1[NH3],O=C([O])c1ccccn1,salt,1,BUFDAI
Cc1ccc(Cl)c(Nc2ccccc2C(=O)[O])c1Cl,C[N](C)(C)CCO,hydrate,3,FOPMOM
c1cnccn1,OC(=O)c1cc(O)c(O)c(O)c1,hydrate,3,SAVZUO
O=N(=O)c1ccccc1S(=O)(=O)Nc1cc[nH]cc1,O=N(=O)[O],salt,1,VOHXEW
ClC1=CC=C(Br)C=C1,N#CCCC#N,failed,0,
[NH3]CCCCCCCCCCCCCCC,OC(=O)C1(CCC1)C(=O)[O],salt,1,TOKVEV
CN(C)c1ccc(cc1)N=Cc1cc[n](C)cc1,Cc1ccc(cc1)S(=O)(=O)[O],salt,1,OCAXAR
OP(=O)[O],C[N](C)(C)C,hydrate,3,ETUPIV
c1cc(ccn1)N=Nc1ccncc1,ON=Cc1c(F)c(F)c(Br)c(F)c1F,cocrystal,2,PETNEJ
NC1=[NH]N=C(N)N1,O=[Cl](=O)(=O)[O],salt,1,ELENUF
[NH3]c1ccccc1N,OC(=O)c1cc(C(=O)[O])c(cc1C(=O)[O])C(O)=O,salt,1,QIRHEI
OC(=O)C[n]1ccc(cc1)c1cc[n](CC(O)=O)cc1,OS(=O)(=O)[O],hydrate,3,LAFCUS
Oc1cc2ccccc2cc1C(=O)[O],[NH2]1CCCCC1,salt,1,HOFJIW
OC(=O)C(=O)[O],CC1=CC(=O)NC(=[NH]1)N,hydrate,3,LILDOC
O=[Cl](=O)(=O)[O],Cc1ccc2[n]3C(C(c4ccccc4)C4=CC=C(C)C5=[NH]C(=C2N45)O)C(=O)Nc13,hydrate,3,BEHZIA
[NH4],O=C([O])CC(C(CC(=O)[O])C(=O)[O])C(=O)[O],hydrate,3,ZOZZET
OC(=O)CCCCCCCC(O)=O,C(N1C=CN=C1C1=NC=CN1CC1=CC=CC=N1)C1=CC=CC=N1,failed,0,
O=C([O])C1[NH2]CCC1,COc1ccc2cc(ccc2c1)C(C)C(O)=O,cocrystal,2,QILZOD
OC(=O)CCCCCNc1[nH]cccn1,O=N(=O)[O],hydrate,3,BEXFET
Oc1c(Cl)c(Cl)c(Cl)c(Cl)c1Cl,Cc1cccnc1C,cocrystal,2,DITJAS
N#CC(C#N)=C1C=CC(C=C1)=C(C#N)C#N,CSc1cc(SC)c(SC)cc1SC,cocrystal,2,DIVNII
CC[n]1ccc(cc1)c1cc[n](CC)cc1,II[I],salt,1,DOVJUU
OC1=CC2=CC=CC=C2C=C1,COC1=C(O)C=CC(=C1)C=O,failed,0,
Cl[I](Cl)(Cl)Cl,C[n]1cc(C)cc(C)c1,salt,1,PITROD
N#CN1CCCC1,Fc1c(I)c(F)c(I)c(F)c1I,cocrystal,2,TIXFOZ
O=N(=O)[O],CN(C)c1nc[nH]c2N=CNc12,salt,1,VAZZEB
NNC(NN)=[NH]N,CN1N=N[N]C1=NN(=O)=O,salt,1,JOHVOS
CC1=NC=C(CO)C(=C1O)CO,NC1=CC=CC(=C1)C(O)=O,failed,0,
[NH3]C,OC(C(O)C(=O)[O])C(O)=O,hydrate,3,XOJMOA
FC1(F)C(F)(F)S(=O)(=O)[N]S1(=O)=O,CCCCN1C=C[N](=C1)C,salt,1,FEYJAY
CC1(C)OC(C(O1)C(O)(c1ccc(F)cc1)c1ccc(F)cc1)C(O)(c1ccc(F)cc1)c1ccc(F)cc1,Cc1ccncc1,cocrystal,2,NODDAO
C[N]1(C)c2cccc3cccc(c23)C1(O)C(F)(F)F,FC(F)(F)S(=O)(=O)[O],hydrate,3,LOFQOO
OC(=O)C1=CN=CC=C1,COC1=CC=CC(=C1)C(N)=O,failed,0,
Fc1c(F)c(I)c(F)c(F)c1I,S=C1Nc2ccccc2O1,cocrystal,2,DEYTEK
CNC(=S)[S],CCCC[N](C)(CCCC)CCCC,salt,1,EHIQEU
O=N(=O)c1ccc([O])cc1,[NH3]C(CCCNC(N)=[NH2])C(=O)[O],hydrate,3,OFIWUW
CC(=O)C1CCC2C3CCC4=CC(=O)CCC4(C)C3CCC12C,OC(=O)c1ccccc1N(=O)=O,cocrystal,2,ZIZJUR
Cc1cc(C)c(c(C)c1)N1=C(C)c2cccc3[n]2[P]1(c1ccccc1)N(=C3C)c1c(C)cc(C)cc1C,FC(F)(F)S(=O)(=O)[O],salt,1,WILXOH
Cc1ccccc1,CC(CCC(O)=O)C1CCC2C3C(O)CC4CC(O)CCC4(C)C3CC(O)C12C,cocrystal,2,GUNKOP
Oc1ccccc1C(=O)[O],Clc1ccc2c(c1)nccc2N1C=C(C[NH]2CCCC2)N=N1,salt,1,NITWUL
OC(=O)C1=CC(=CC=C1)O,OC(=O)C1=CC=CC=C1O,failed,0,
Oc1ccc(cc1C(=O)[O])c1ccc(F)cc1F,[nH]1ccc(cc1)C=Cc1cc[nH]cc1,solvate,3,UWOKEY
CC1(C)C2CCC1(CS(=O)(=O)[O])C(=O)C2,C[n]1ccc(cc1)C=Cc1ccc(O)cc1,salt,1,BOJWAY
Cc1ccc(OCc2cccc(COc3ccc(C)cc3)c2[C](c2ccc(F)cc2)c2ccc(F)cc2)cc1,O=[Cl](=O)(=O)[O],salt,1,RANWAF
CCCC1=NN(C)C2=C1N=C(NC2=O)c1cc(ccc1OCC)S(=O)(=O)N1CC[NH](C)CC1,O=C1[N]S(=O)(=O)c2ccccc12,solvate,3,QEKVIM
I[I]I,CN(C)c1cc[nH]cc1,hydrate,3,VORPEB
O=C1NCc2ccc(CNC(=O)c3cccc(c3)C(=O)NCc3ccc(CNC(=O)c4cccc1c4)cc3)cc2,CC1=CC(=NO1)N(CC1=CC=CO1)C(=O)CCC(=O)N(CC1=CC=CO1)C1=NOC(=C1)C,hydrate,3,CIDRIT
[N]=[N]=[N],CN1N=N[N](=C1N)C,salt,1,WIYYIN
CC1[NH2]C(CN(C1)Cc1ccccc1)c1ccccc1,FC(F)(F)C(=O)[O],salt,1,IROVUI
OC(=O)C1=CC=CC=C1[N+](=O)[O-],OC(=O)C1=CC=C(C=C1)[N+](=O)[O-],failed,0,
c1ccncc1,CCC1c2cc(C(CC)c3cc(C(CC)c4cc(C(CC)c5cc1c(O)c(C)c5O)c(O)c(C)c4O)c(O)c(C)c3O)c(O)c(C)c2O,cocrystal,2,AJOMOE
OC(=O)C(=O)[O],C[NH](C)C(C)CN1c2ccccc2Sc2ccccc12,salt,1,XIZPEE
Nc1[nH]cccc1C(O)=O,OC(=O)C=CC(=O)[O],hydrate,3,OPUVED
CN(C)C=CC=C(I)C=CC=[N](C)C,I[I]I,salt,1,HELDOR
CCCCCO,OC(=O)c1cc(cc(c1)C(O)=O)C(O)=O,cocrystal,2,GIRDAN
O=N(=O)[O],CCCCN1C=C[N](=C1)C,salt,1,AZISAG
C[NH](C)C(C)C(O)c1ccccc1,OC(=O)CC(=O)[O],salt,1,IVUPIZ
NC(=O)C1=CC=C(F)C=C1,OC(=O)C1=CN=CC=C1,failed,0,
CC1=C[NH]=C(NC(=S)Nc2ccccc2)S1,O=[Cl](=O)(=O)[O],hydrate,3,VOJPOC
CC(Oc1ccccc1C)C(O)=O,CC(Oc1ccccc1Br)C(O)=O,cocrystal,2,RIWWEA
O=C([O])C(=O)[O],CCC1=N[NH]=C(N)S1,salt,1,KIBQEV
[NH3]c1cccc(C)c1,O=P1([O])OP(=O)([O])OP(=O)([O])OP(=O)([O])O1,salt,1,TAYWAS
COc1ccc2cc3[n](CCc4cc(OC)c(OC)cc34)cc2c1OC,Cc1ccc(cc1)S(=O)(=O)[O],hydrate,3,JAXYOA
CC1=CC2=C(C=C1C)N(CC(O)C(O)C(O)CO)C1=NC(=O)NC(=O)C1=N2,OC(=O)C1=CC(=CC=C1)F,failed,0,
C1=CC=C2C=CC=CC2=C1,C1=CC=C(C=C1)C1=CC=CC=C1,failed,0,
O=C([O])c1ccc2cc(ccc2c1)C(=O)[O],Cc1c[nH]c(N)cc1,salt,1,LAPNOG
NC(=O)C1=NC=CN=C1,[O]C(=O)[C][C]C(=O)C([O])=O,failed,0,
CCN1C=[N](C)C(=C1Br)Br,FC(F)(F)S(=O)(=O)[N]S(=O)(=O)C(F)(F)F,salt,1,AGOCOQ
Nc1[nH]c(c2ccccc2)c2c(Nc3ccccc23)n1,O=N(=O)[O],salt,1,EVITIM
O=N(=O)c1cc(c([O])c(c1)N(=O)=O)N(=O)=O,C(CCC1=[NH]c2ccccc2N1)CC1=[NH]c2ccccc2N1,hydrate,3,HOMNOO
Cc1ccc2N=NNc2c1,Cc1ccc2NN=Nc2c1,cocrystal,2,DUGCUG
O=C([O])c1ccccc1,Cc1cc(C)c([n]2ccn(n2)c2ccccc2)c(C)c1,solvate,3,DAGCOH
O=N(=O)c1ccc(cc1)N1CC[NH2]CC1,O=C([O])c1ccccc1,hydrate,3,BEFGIG
CC1=C(C(=O)N([N]1)c1ccc(cc1)N(=O)=O)N(=O)=O,Cc1ncc(C[N]2=CSC(=C2C)CCO)c(N)n1,hydrate,3,THPROL
[NH3]C1=C(C)NN=C1C,Fc1c(F)c(c(F)c(F)c1C(=O)[O])C(=O)[O],salt,1,NIYQUL
O=[Cl](=O)(=O)[O],CC1(C)c2cc(cc[n]2c2ccccc12)C=CC1=CC=CS1,salt,1,FIZMAE
OC(=O)c1cc(Cl)cc(Cl)c1,Oc1ccc(Br)cc1C=Nc1cccnc1,cocrystal,2,ZEXMOH
COc1nc2ccc(Br)cc2cc1C(c1ccccc1)C(O)(CC[NH](C)C)c1cccc2ccccc12,OC(=O)C=CC(=O)[O],hydrate,3,EPIHOD
OC(=O)C(=O)[O],CC1=NNC(=O)N(C1)N=Cc1c[nH]ccc1,salt,1,APUWAM
N1N=NN=C1C1=NON=C1OC1=NON=C1C1=NN=N[N]1,[NH3]NC(=O)N[NH3],hydrate,3,CEKBEB
FC(F)(F)S(=O)(=O)[O],[I](c1ccccc1)c1ccc(Cc2ccc([I]c3ccccc3)cc2)cc1,salt,1,ROLLIN
OC(=O)CCSCCC(O)=O,OC(=O)C1=CC=CC=C1O,failed,0,
CN(C)c1cc[nH]cc1,Oc1ccccc1C(=O)[O],hydrate,3,LOPTOB
O=N(=O)c1ccc2[N]N=C(c2c1)N(=O)=O,[NH2]1CC[NH2]CC1,hydrate,3,VIGSUZ
NC1=CC=C(C=C1)C(O)=O,OC(=O)C1=CC=C(O)C=C1,failed,0,
Fc1c(F)c(I)c(F)c(F)c1I,c1ccc2c(c1)cnc1ccccc21,cocrystal,2,TOKFEG
OC(=O)C(=O)[O],[NH3]c1ccccc1,hydrate,3,WOCSEM
OC(=O)CCCCCCCCC(O)=O,CC(C(C)C(O)=O)C(O)=O,failed,0,
OC(=O)c1ccccc1C(O)=O,CC1(O)CCC2C3CCC4CC5=C(CC4(C)C3CCC12C)C=NN5,cocrystal,2,JIWJIL
Fc1c(F)c(I)c(F)c(I)c1F,c1ccc2ncccc2c1,cocrystal,2,WIGTEO
Oc1ccc(O)cc1,CCCOc1ccc(cc1)N=Nc1ccncc1,cocrystal,2,EDAYEQ
O=C1NC(=O)C(=C([O])N1)N(=O)=O,[NH2]=C1NN=NN1,hydrate,3,YIDMAD
NC(=[NH2])NNCNNC(N)=[NH2],O=N(=O)[O],salt,1,QEMWUD
CCC1=CC(=O)[NH]=C(N)N1,OC(=O)CCCCC(O)=O,cocrystal,2,ZUKXOS
OC(=O)c1cc(cc(c1)N(=O)=O)N(=O)=O,NC(=O)c1ccccc1,cocrystal,2,OVIBEB
Cl,CC(C)C1NC(=NC(C)(C)C)N(C)C1=O,cocrystal,2,NOLJUT
NC1=CC=C(C=C1)[N+](=O)[O-],OC1=CC=C(C=C1)C1=CC=CC=C1,failed,0,
O=N(=O)C1=CNN=C1,CC1=NNC(=N1)N,cocrystal,2,HECREM
N#Cc1cc(C#N)c(cc1C#N)C#N,O=C(N1c2ccccc2c2ccccc12)c1ccccc1,cocrystal,2,ROJRAM
[NH3]C(CO)C(=O)[O],OCC(O)C1OC(=O)C(=C1O)O,cocrystal,2,SERASC10
CC1=CC(=CC=C1)C,CC1=C(C=C(C=C1[N+](=O)[O-])[N+](=O)[O-])[N+](=O)[O-],failed,0,
CC(=O)C1CCC2C3CCC4=CC(=O)CCC4(C)C3CCC12C,CN1C(=O)N(C)C2=C(NC=N2)C1=O,failed,0,
O=S(=O)([O])c1ccc2c(SC3=C2Sc2cc(ccc32)S(=O)(=O)[O])c1,[NH3]CCCC,salt,1,GAWYIQ
CN1C(=O)NC(=O)C=C1CO,Nc1nc(N)nc(CO)n1,hydrate,3,REVTUI
OC(=O)c1cc(ccc1O)S(=O)(=O)[O],OC(=O)C1=CSC(=N1)c1cc[nH]cc1,hydrate,3,ROGLIJ
COC(=O)C(NC(=O)C1CCCN1C(=O)OC(C)(C)C)C(C)(C)C,COC(=O)C(NC(=O)C1CCCN1C(=O)OC(C)(C)C)C(C)C,cocrystal,2,KAYNED
Nc1[nH]cccn1,OC1=C(Cl)C(=O)C(=C(Cl)C1=O)[O],hydrate,3,IGAKUX
NCC(O)=O,COC1=CC2=C(C=C1)N(C(=C2CC(O)=O)C)C(=O)C1=CC=C(Cl)C=C1,failed,0,
OC(=O)CCC[P](c1ccccc1)(c1ccccc1)c1ccccc1,Br[I]I,salt,1,EYOVAP
C1=CC=C(C=C1)C1=CC=CC=C1,O1C2=CC=CC=C2C2=CC=CC=C12,failed,0,
OC(=O)CCCCC(O)=O,NC(=O)C1=CC=C(N)C=C1,failed,0,
C1CC2=CC=CC3=C2C1=CC=C3,C1=CC=C2C(=C1)C=CC1=CC=CC=C21,failed,0,
N1P=[NH]c2ccccc12,FC(F)(F)S(=O)(=O)[O],salt,1,COQYOX
FC1=CNC(=O)NC1=O,Fc1c(F)c(I)c(F)c(F)c1I,cocrystal,2,CAGXER
CN1C(=O)N(C)C2=C(NC=N2)C1=O,CC(O)C(O)=O,failed,0,
OC(=O)c1cccc(C[n]2ccc(cc2)c2cc[n](Cc3cccc(c3)C(O)=O)cc2)c1,O=S(=O)([O])c1ccc2ccc(cc2c1)S(=O)(=O)[O],hydrate,3,QINRIS
CCCC1=NN(C)C2=C1N=C(NC2=O)c1cc(ccc1OCC)S(=O)(=O)N1CC[NH](C)CC1,O=C1[N]S(=O)(=O)c2ccccc12,solvate,3,QEKWOT
BrC(Br)=C=C=C(Br)Br,c1ccc2nc3ccccc3nc2c1,cocrystal,2,FIHSOF
OCc1ccc2c3ccccc3C3(c4ccccc4c4ccc(CO)cc34)c2c1,c1ccccc1,cocrystal,2,BAGBAM
OC1=C(C=C(C=C1)[N+](=O)[O-])[N+](=O)[O-],O=[N+]([O-])C1=CC(=CC=C1)[N+](=O)[O-],failed,0,
Nc1ncccn1,CN1C=CC=C1C(O)=O,cocrystal,2,JIQCER
NC1=CC2=CC=CC=C2C=C1,OC1=CC=CC=C1[N+](=O)[O-],failed,0,
C1=CC=C(C=C1)C1=CC=CC=C1,C1=CC=C2C(=C1)C=CC1=CC=CC=C21,failed,0,
CCc1cc(ccn1)C(N)=S,OC(=O)CCCCCCC(O)=O,cocrystal,2,NAKBIN
NC(=O)C1=CC=C(O)C=C1,OC(=O)CCSCCC(O)=O,failed,0,
O=P1([O])OP(=O)([O])OP(=O)([O])O1,[NH3]CC[NH3],salt,1,SAXDEA
FC(F)(F)S(=O)(=O)[O],C[N](C)(C)C1COC2C(COC12)[N](C)(C)C,hydrate,3,PUKPOC
OC(=O)c1ccccc1C(=O)[O],[NH3]c1ccccc1N,salt,1,MESYUH
CC(=O)NC1=CC=C(O)C=C1,OC(=O)C1=C(O)C=CC(=C1)O,failed,0,
N1C=[NH]N=C1,O=N(=O)[N]C1=NC(=NN1)C1=NON=C1N(=O)=O,hydrate,3,OREBIY
CCCP(O)(=O)[O],[NH3]C(c1ccccc1)(c1ccccc1)c1ccccc1,salt,1,CIWHEW
ClC1=C(Cl)C(=O)NC1=O,Nc1nc(N)c(Cl)cc1Cl,cocrystal,2,IRUFIL
CC1=CC=C(C=C1)C(N)=O,OCC(O)C1OC(=O)C(=C1O)O,failed,0,
C1CN2CCC1CC2,Fc1c(F)c(F)c(I)c(F)c1F,cocrystal,2,GIYLUZ
OCC[NH]1CCCCC1,Clc1cccc(Cl)c1Nc1ccccc1CC(=O)[O],salt,1,WIRREU
[NH3]C(C)c1ccccc1,CC1(C)OCC(COC(=O)c2ccccc2C(=O)[O])O1,salt,1,XAHNUP
OC(=O)c1ccccc1C(=O)[O],C(CCN1C=CN=C1)CN1C=[NH]C=C1,salt,1,HAMWEZ
C1=CC=C2C=CC=CC2=C1,OC(=O)C1=CC=CC=C1,failed,0,
CC(=O)NC1=NN=C(S1)S(N)(=O)=O,NC(=O)c1ccccn1,cocrystal,2,DATFIP
NC(=O)C1=CC=CC=C1O,NC(=O)C1=CC=CC=C1,failed,0,
C(Cc1ccncc1)c1ccncc1,OC(=O)c1cccc(O)c1,cocrystal,2,HONTUA
NC(=O)N1C2=CC=CC=C2C=CC2=CC=CC=C12,CC(C)CC1=CC=C(C=C1)C(C)C(O)=O,failed,0,
COc1cc(C)[nH]c(N)n1,Nc1ccc(c(O)c1)C(=O)[O],salt,1,VAVYOK
CCN(CC)CC(=O)NC1=C(C)C=CC=C1C,CC(C)C1=C(O)C=C(C)C=C1,failed,0,
Cl[I]Cl,CN1[C](Cl)Sc2ccccc12,salt,1,WIPPIU
O=C(C=Cc1ccc2ccc3cccc4ccc1c2c34)c1ccccc1,N#CC(C#N)=C1C=CC(C=C1)=C(C#N)C#N,cocrystal,2,GUNCOJ
[NH3]CCc1ccccc1,OC(=O)CCC(=O)[O],salt,1,COCPIU
O=[N+]([O-])C1=CC=C(C=C1)[N+](=O)[O-],N1C2=CC=CC=C2C2=CC=CC=C12,failed,0,
Cc1ccc(cc1)S(=O)(=O)[O],C1C2CC3CC1CC(C2)[N]3N1C2CC3CC(C2)CC1C3,salt,1,SOFQUZ
CCCCCCCC(O)=O,NC(=O)C1=CC=C(C=C1)[N+](=O)[O-],failed,0,
Nc1ccc(cc1)C(O)=O,c1ccc2ncccc2c1,cocrystal,2,AKOCIO
[NH3]Cc1ccccc1,O=S(=O)([O])[O],salt,1,REZHEK
O=N(=O)C1=N[N]C(=C1N(=O)=O)N(=O)=O,NC1=NN2C(=[NH]N=C2N1)N,hydrate,3,MAHGUB
OC1=CC(=CC=C1)O,ClC1=CC=C(Br)C=C1,failed,0,
CC(=O)C=C(C)Nc1ccc(cc1)C#N,Nc1ccc(cc1)C#N,cocrystal,2,VOCTEO
[NH3]CCO,Nc1ccc(cc1)S(=O)(=O)[N]c1ncccn1,hydrate,3,SETYEY
FC(F)(F)C(=O)[O],COc1cc(C)[nH]c(N)n1,salt,1,EQAVOJ
Oc1ccc2cc(ccc2c1)C(=O)[O],C(N1C=[NH]C=C1)c1ccc(CN2C=[NH]C=C2)cc1,salt,1,VAKCES
OP(=O)[O],NC1=NC2=C([NH]=CN2)C(=O)N1,hydrate,3,ELEYID
CCN1C=Nc2cnc(N)nc12,CN1C=C(F)C(=O)NC1=O,cocrystal,2,FUREAP
OC(=O)CCCCCCC(O)=O,COc1cc2ncnc(Nc3cccc(c3)C#C)c2cc1OC,cocrystal,2,HELXII
CC1=NC=C(CO)C(=C1O)CO,CC1=CC=C(C=C1)C(N)=O,failed,0,
OC(CC(O)=O)C(O)=O,COC1=CC=CC=C1C(O)=O,failed,0,
OP(=O)([O])[O],O=N(=O)c1ccc(NC(=S)NCC[NH](CCNC(=S)Nc2ccc(cc2)N(=O)=O)CCNC(=S)Nc2ccc(cc2)N(=O)=O)cc1,hydrate,3,LIBYEC
COC(=O)C(NC(=O)C1CCCN1C(=O)OC(C)(C)C)C(C)C,COC(=O)C(NC(=O)C1CCCN1C(=O)OC(C)(C)C)C(C)(C)C,cocrystal,2,KAYNED
OC1=CC=C(O)C=C1,COC1=CC=CC(=C1)C(O)=O,failed,0,
CC1=CC=C(C=C1)C(N)=O,NC(CCC(O)=O)C(O)=O,failed,0,
N#Cc1nc(C#N)c(nc1C#N)C#N,S1C=CSC1=C1SC=CS1,cocrystal,2,BORNUS
NC1=[NH]c2ccccc2N1,O=S(=O)([O])[O],hydrate,3,DEBHOL
OC(=O)c1ccccc1O,NC(=O)c1cccc(c1)N(=O)=O,cocrystal,2,WOGWOH
[NH3]CC1(CCCCC1)CC(=O)[O],OC(=O)c1cccc(O)c1,cocrystal,2,FOXNOW
O=I(=O)[O],[NH3]CCCC[NH3],hydrate,3,VITFEN
[NH3]N,Nc1c(Cl)nnc2N=NN([O])c12,hydrate,3,GUBPUR
OC(=O)C(OC(=O)c1ccccc1)C(OC(=O)c1ccccc1)C(O)=O,Cc1ccc2N3CN(Cc2c1)c1ccc(C)cc1C3,cocrystal,2,RELCUH
O=N(=O)c1cc(c([O])c(c1)N(=O)=O)N(=O)=O,C(N(CC1=[NH]c2ccccc2N1)CC1=[NH]c2ccccc2N1)C1=[NH]c2ccccc2N1,solvate,3,PAXZOF
Ic1ccc(I)cc1,OC(=O)c1cc(cc(c1)N(=O)=O)N(=O)=O,cocrystal,2,PUQQIB
OC(=O)c1ccccc1,NNC(=O)c1ccncc1,cocrystal,2,SETRIU
C[N]1(C)CCCC(C1)OC(=O)C(O)(c1ccccc1)c1ccccc1,O=C1[N]S(=O)(=O)c2ccccc12,salt,1,COXYIY
CC1=CC=CC=C1C(O)=O,NC(=O)C1=CC=CC=C1,failed,0,
O=C1NC=NC=C1,OC(=O)C1CC(CC(C1)C(O)=O)C(O)=O,cocrystal,2,XOLHOW
N#CC(C#N)=C1C=CC(C=C1)=C(C#N)C#N,c1ccc2cc3ccccc3cc2c1,cocrystal,2,TCQANT
O=S(=O)([O])[O],NC1=NC2=NC(=[NH]C3=NC(=NC(=[NH]1)N23)N)N,hydrate,3,MAYGEZ
OC(=O)C1=CC=CC=C1O,CC(=O)NC1=NN=C(S1)S(N)(=O)=O,failed,0,
NC(CCC(O)=O)C(O)=O,COC1=CC=CC=C1C(N)=O,failed,0,
[NH3]c1cc(C)c2N=C(C)Nc2c1Cl,O=S(=O)([O])[O],hydrate,3,YOWTOU
CC(C(O)=O)c1ccccc1,C(Cc1ccncc1)c1ccncc1,cocrystal,2,FOBDUZ
CCOc1ccccc1C(N)=O,CCC(C(O)=O)C(O)=O,cocrystal,2,VAKTOS
OC(=O)C=CC(O)=O,Fc1ccc([NH]=Cc2c([O])ccc3ccccc23)cc1,cocrystal,2,ZOTLOM
ClC1=C([O])C(=O)C(=C([O])C1=O)Cl,Nc1[nH]cnc2NC=Nc12,hydrate,3,TINYIZ
OC(=O)C=CC(O)=O,Cc1cccnc1C,cocrystal,2,RESFOL
O=[Cl](=O)(=O)[O],Cc1ccc(cc1)C1=C[n]2c(C)cc(C)c(C(=O)c3ccccc3)c2O1,salt,1,TEVMAL
[NH3]C(C)C,CC(C)NC(=O)c1cc(C(=O)[O])c(cc1C(=O)[O])C(=O)NC(C)C,hydrate,3,KUJQEN
O=S(=O)([O])[O],[NH3]C1=C(N)NC(=[NH2])NC1=O,hydrate,3,EHAPOV
CCN(CC)C(=[NH]CCN=C(N(CC)CC)c1ccccc1O)c1ccccc1[O],CCN(CC)C(=[NH]CCN=C(N(CC)CC)c1ccccc1[O])c1ccccc1O,hydrate,3,ZILJOX
NC(=O)C1=CC=CC=C1[N+](=O)[O-],OC(=O)C1=CC=CC=C1O,failed,0,
NC(=O)[C](C#N)C#N,[NH3]C,salt,1,HORFOK
II,c1cnccn1,cocrystal,2,VUKDIO
COc1ccc(cc1)C=Cc1ccncc1,CN(C)c1ccc(cc1)N=Nc1c(F)c(F)c(I)c(F)c1F,cocrystal,2,PERXES
OC(=O)C1CC(CC(C1)C(=O)[O])C(O)=O,C1[NH]2CN3CN1CN(C2)C3,salt,1,GUTSIX
Cc1ccc(cc1)S(=O)(=O)[O],COc1ccc([I]c2ccccc2)c(C)c1,solvate,3,TUKSOK
OC1C(O)C(=O)OC1C(O)C(=O)[O],C1CN2CC[NH]1CC2,salt,1,ZUBTIC
Nc1ccc(cc1)S(=O)(=O)[N]c1ncccn1,[NH2]1CCNCC1,salt,1,TINLAH
[NH3]N1C(=NN=C1CN1N=N[NH]=C1N)N,O=N(=O)c1cc(c([O])c(c1)N(=O)=O)N(=O)=O,hydrate,3,CIGZIF
O=S(=O)([O])c1ccc(cc1)C(c1ccc(cc1)S(=O)(=O)[O])(c1ccc(cc1)S(=O)(=O)[O])c1ccc(cc1)S(=O)(=O)[O],NC(=[NH2])c1ccc(cc1)C(N)=[NH2],hydrate,3,MIPQAG
OC1=CC=C(O)C=C1,NC1=CC=CC=C1C(O)=O,failed,0,
NC(=O)C1=CC(=CC=C1)[N+](=O)[O-],NC(=O)C1=CC=CC=C1,failed,0,
O=[Cl](=O)(=O)[O],O=C1NC=NC2=C1[NH]=CN2,hydrate,3,LEHBOT
OC1=CC2=CC=CC=C2C=C1,NC1=CC=CC=C1[N+](=O)[O-],failed,0,
FC1=CC(C(=CC1=C(C#N)C#N)F)=C(C#N)C#N,c1ccc2cc3ccccc3cc2c1,cocrystal,2,TANNOP
I[I]I,COC(=O)C(I)C[n]1ccc(cc1)C#N,salt,1,BAVNOF
CC(CC(=O)[O])c1ccccc1,[NH3]C1C(O)Cc2ccccc12,salt,1,QAHYOO
NC(=O)C1=CC=C(N)C=C1,NC(=O)C1=CC=CC=C1,failed,0,
CC[NH](C)C,Cc1ccc(NC(C(=O)[O])c2ccccc2Br)c(Cl)c1,salt,1,FEGLUZ
O=[Cl](=O)(=O)[O],Cc1cccnc1[NH]=P(c1ccccc1)(c1ccccc1)c1ccccc1,salt,1,LELWUU
O=[Cl](=O)(=O)[O],[NH3]CCNC(=O)C(=O)NCC[NH3],salt,1,HIQROO
COc1ccccc1N1CC[NH](CCOC(c2ccccc2)c2ccccc2)CC1,OC(=O)C=CC(=O)[O],salt,1,AKETOZ
C1=NC=CC(=C1)C1=CC=NC=C1,OC(=O)C1=CC(=CC=C1)F,failed,0,
O=C([O])c1ccccc1C(=O)[O],NC(=[NH2])NC(N)=S,hydrate,3,QUYQEI
[NH3]C(CCCNC(N)=[NH2])C(=O)[O],CCOS(=O)(=O)[O],salt,1,ROFVEO
O=N(=O)C(=C1ON=C([N]1)C1=NOC([N]1)=C(N(=O)=O)N(=O)=O)N(=O)=O,[NH3]N,hydrate,3,VOCCUN
CSc1ccc(cc1)C(O)C(CO)[NH](C)C,CC(C)=CC1C(C(=O)[O])C1(C)C,solvate,3,MICLAM
Cc1cccc[n]1c1ccccc1O,F[P](F)(F)(F)(F)F,salt,1,DIHNAL
CCC1(C(=O)NC(=O)NC1=O)C1=CC=CC=C1,CC(=O)NC1=CC=C(O)C=C1,failed,0,
c1ccc2nccnc2c1,OC(=O)C=CC(O)=O,cocrystal,2,RUXQEG
NC1=CC=C(C=C1)C(O)=O,OC1=CC=C(O)C=C1,failed,0,
OC(=O)C=CC(O)=O,COc1cc(OC)nc(N)n1,cocrystal,2,EZAQII
CC(C)N1C=[N](C(C)C)C(=C1C)C,OC(=O)[O],salt,1,DIZVIS
[nH]1ccc(cc1)c1ccccc1,OC(=O)c1cc(C(O)=O)c(cc1C(O)=O)C(=O)[O],salt,1,TOHLOU
CCCC[N](CCCC)(CCCC)CCCC,Sc1c(S)c2SSc3c(S)c([S])c(S)c(S)c3SSc2c(S)c1[S],salt,1,MIQMIM
NC(CCC(O)=O)C(O)=O,CC1=CC=CC=C1C(N)=O,failed,0,
CC1=NC(=NC(=C1)C)NS(=O)(=O)C1=CC=C(N)C=C1,OC(CC(O)=O)C(O)=O,failed,0,
CS(N)(=O)=O,C1COCCOCCOCCOCCOCCO1,cocrystal,2,YUSRAH
O=C([O])c1ccc(cc1)C(=O)[O],CC1=CNC(=[NH2])S1,salt,1,KOJDUL
O=N(=O)[O],Cc1cc[nH]c(NC2CC2)c1Nc1[nH]cccc1C(O)=O,hydrate,3,YAJDUK
Cc1ccnc(C)c1,OC1(c2ccccc2Oc2ccccc12)c1ccccc1c1ccccc1C1(O)c2ccccc2Oc2ccccc12,cocrystal,2,ZITCEN
[NH3]CC(=O)NC(C)(Cc1ccccc1)c1ccccc1,CC(=O)[O],salt,1,MAPYEI
CN1c2ccccc2S(=O)(=O)c2cc(C)ccc12,CCN1c2ccccc2S(=O)(=O)c2cc(C)ccc12,cocrystal,2,EPAJUD
NC(=O)C1=CC=C(N)C=C1,OC(=O)CCSCCC(O)=O,failed,0,
NC(=O)C1=CC=CC=C1[N+](=O)[O-],OCC(O)C1OC(=O)C(=C1O)O,failed,0,
O=C([O])c1ccccc1,[NH2]1CCOCCOCC[NH2]CCOCCOCC1,hydrate,3,NIYDEE
CC(C)[NH2]C(C)C,ClC(Cl)(Cl)C(=O)[O],salt,1,KOZRUP
NC(=O)C1=NC=CN=C1,OC(=O)CCCCCCC(O)=O,failed,0,
CC(C)C1CCC(C)CC1O,CC(C)CCCC(C)C1CCC2C(CCCC12C)=CC=C1CC(O)CCC1=C,cocrystal,2,CEXVUA
C1CCN(C1)C1=[NH]CCc2ccccc2C1c1ccccc1,FC(F)(F)S(=O)(=O)[O],salt,1,TUGVEZ
CC1=CC=C(C=C1)C(O)=O,CN1C=NC2=C1C(=O)N(C)C(=O)N2C,failed,0,
O=C1NC(=O)[N]C(=O)N1,NC(N)=[NH2],hydrate,3,MOHCUI
C[P](CC[P](C)(c1ccccc1)c1ccccc1)(CC[P](C)(c1ccccc1)c1ccccc1)c1ccccc1,FC(F)(F)S(=O)(=O)[O],hydrate,3,LIQGOK
OC1=C(C=C(C=C1[N+](=O)[O-])[N+](=O)[O-])[N+](=O)[O-],O=[N+]([O-])C1=CC(=CC=C1)[N+](=O)[O-],failed,0,
N1C=C[NH]=C1C1=[NH]C=CN1,Oc1cc(cc(O)c1O)C(=O)[O],hydrate,3,KOLVAJ
OC(=O)CCCCCCCCC(O)=O,CC(C)(CC(O)=O)C(O)=O,failed,0,
c1cc(ccn1)c1ccncc1,OC(=O)c1cc(O)c(Br)c(O)c1,hydrate,3,CEXNEC
OC1=C(C=C(C=C1)[N+](=O)[O-])[N+](=O)[O-],CC1=C(C=C(C=C1)[N+](=O)[O-])[N+](=O)[O-],failed,0,
[NH3]O,O=N(=O)[N]C1=NN=C(O1)C1=NN=C(O1)[N]N(=O)=O,hydrate,3,FELWUR
NC(=O)C1=CC(=CC=C1)[N+](=O)[O-],OC(=O)C(O)=O,failed,0,
FC(F)(F)S(=O)(=O)[O],CN1c2ccccc2N(C)C1=[P]=C1N(C)c2ccccc2N1C,salt,1,OTONAO
OC(=O)C1=CC=C(O)C=C1,NC(=O)C1=CC=CC=C1,failed,0,
Fc1c(F)c(I)c(F)c(F)c1I,O1c2ccnc3ccc4Oc5ccnc6ccc1c(c56)c4c23,cocrystal,2,LEFTAV
C1=CC2=C3C(=C1)C=CC1=CC=CC(=C31)C=C2,C1=CC2=CC3=CC=CC=C3C=C2C=C1,failed,0,
O=S(=O)([O])c1ccc(cc1)S(=O)(=O)[O],[nH]1ccccc1,salt,1,GEQKOE
C(N1C=CN=C1C1=NC=CN1CC1=CC=CC=C1)C1=CC=CC=C1,OC(=O)CCCCCCCCCCC(O)=O,failed,0,
CC12CCC3C(CCC4=C3C=CC(=C4)O)C1CCC2O,OC1=CC2=C(C=C1)C=CC(=C2)O,failed,0,
[NH3]CCCCCCCC,O=C([O])c1ccc(cc1)C(=O)[O],salt,1,OWUDUI
CCC(c1ccc2OCOc2c1)C12CCC[N]1(Cc1cccc(C)c1C)C2,FC(F)(F)S(=O)(=O)[O],salt,1,GOCQIB
CN(C)CCC1=CNc2ccc(CC3COC(=O)N3)cc12,c1ccncc1,cocrystal,2,TUXCAR
O=[N+]([O-])C1=CC(=CC=C1)[N+](=O)[O-],C1=CC=C2C(=C1)C=CC1=CC=CC=C21,failed,0,
OC(=O)CCC(O)=O,C(N1C=CN=C1C1=NC=CN1CC1=CC=CC=C1)C1=CC=CC=C1,failed,0,
CC1=CC(=CC=C1)C(O)=O,OC(=O)C1=CC=CC=C1O,failed,0,
[NH3]CCC,O=C([O])C(=Cc1ccc(cc1)N(c1ccccc1)c1ccccc1)C#N,solvate,3,EBUJIW
[nH]1ccccc1,Oc1cccc(O)c1C(=O)[O],salt,1,LEZJIH
OC(=O)CCCCCC(O)=O,OC(=O)CCCCCCCC(O)=O,failed,0,
COC1=CC=CC(=C1)C(O)=O,CC1=NC=C(CO)C(=C1O)CO,failed,0,
O=N(=O)[O],CC(N1C=[NH]C=N1)=C(OCCCCCCOc1ccc(Cl)cc1)c1ccc(F)cc1F,salt,1,AZOZIZ
CC1=NC=C(CO)C(=C1O)CO,NC1=CC=CC=C1C(O)=O,failed,0,
c1cc(ccn1)c1ccncc1,Cc1ccc(cc1)C1=CC(=NN1c1ccc(cc1)S(N)(=O)=O)C(F)(F)F,solvate,3,POVHAL
Fc1cc(I)c(F)c(F)c1F,CCCCCCOc1ccc(cc1)C=Cc1ccncc1,cocrystal,2,VIRYOM
NC(=S)c1cc[nH]cc1,O=N(=O)[O],salt,1,GOPGAX
CN1CC[N](=C1N=C1C=CC(C=C1)=NC1=[N](C)CCN1C)C,F[P](F)(F)(F)(F)F,salt,1,KACNUB
OC(=O)c1cc(ccc1Cl)N(=O)=O,C(Cc1ccncc1)c1ccncc1,cocrystal,2,HIHPEU
FC1=C(F)C(=O)C(=C(F)C1=O)F,c1cc2cccc3c4cccc5cccc(c(c1)c23)c45,cocrystal,2,PERFAN
F[P](F)(F)(F)(F)F,C[N]1=C(C)N(CCOCCN2N=C(C)C=C2C)C=C1,salt,1,DUNVUF
Fc1c(F)c(Br)c(F)c(F)c1Br,C1Cc2cccc3cccc1c23,cocrystal,2,YIRDIP
COC1=C(C=C(C=C1[N+](=O)[O-])[N+](=O)[O-])[N+](=O)[O-],O=[N+]([O-])C1=CC(=CC(=C1)[N+](=O)[O-])[N+](=O)[O-],failed,0,
OC(C1OC2(CCCCC2)OC1C(O)(c1ccccc1)c1ccccc1)(c1ccccc1)c1ccccc1,CNC(C)=O,cocrystal,2,ANOPUP
c1cc(ccn1)c1ccncc1,S=C1NC(=S)NC(=S)N1,cocrystal,2,YOTSOR
CC(CCC(N)=O)C1CCC2C3C(O)CC4CC(O)CCC4(C)C3CC(O)C12C,CCCCC(O)CC,cocrystal,2,QAYXEU
OC1=CC=CC2=CC=CC=C12,CC(=O)NC1=CC=C(O)C=C1,failed,0,
Fc1c(F)c(I)c(F)c(F)c1I,c1ccc(C=NN=Cc2ccccn2)nc1,cocrystal,2,MELYOV
OC(=O)C=CC(O)=O,CC(C)C1=C(C)N(C)N(C2=CC=CC=C2)C1=O,failed,0,
CN1c2ccccc2[N](=C1C#Cc1ccccc1)C,FC(F)(F)S(=O)(=O)[O],salt,1,XACSED
CC[n]1ccc2cc(ccc2c1)C#Cc1ccc(cc1)N(C)C,O=N(=O)c1ccc(cc1)S(=O)(=O)[O],salt,1,XOGXID
OC(=O)c1ccccc1c1ccccc1C(=O)[O],CN1CC(=O)NC1=[NH2],hydrate,3,PASXIT
C[NH2]C,CN(C)C(=S)[S],salt,1,MAMDTC
COC1=CC=CC=C1C(N)=O,OCC(O)C1OC(=O)C(=C1O)O,failed,0,
NC(N)=[NH2],O=N(=O)c1cc(c(c(c1)N(=O)=O)S(=O)(=O)[O])N(=O)=O,salt,1,NOGKOJ
O=C([O])C1[NH2]CCC1,Oc1ccc(cc1)C=Cc1cc(O)cc(O)c1,cocrystal,2,PEBZUU
Cc1ccncc1,Oc1c(Cl)c(Cl)c(Cl)c(Cl)c1Cl,cocrystal,2,GADGUN
OC(=O)CCSc1ccccc1,Nc1nc(N)nc(n1)c1ccccc1,cocrystal,2,UHUFOU
Fc1c(F)c(F)c(F)c(F)c1F,c1ccc2c(c1)ccc1ccc3ccc4ccc5ccccc5c4c3c21,cocrystal,2,ODAGOS
O=[Cl](=O)(=O)[O],CC(C)(C)c1ccc(cc1)C(F)(C1CCC[N]1=CC=Cc1ccccc1)c1ccc(cc1)C(C)(C)C,solvate,3,MEJKAP
IC1=CC=C(I)C=C1,OC1=CC(=CC=C1)O,failed,0,
OC(=O)c1cc(ccc1O)S(=O)(=O)[O],[NH3]c1ccc(cc1)C(N)=[NH2],hydrate,3,CACNUR
CC(NC(=O)c1ccccc1)C(=O)[O],COc1cc2N3C4C5C(CC3=O)OCC=C3C[NH]6CCC4(C6CC53)c2cc1OC,hydrate,3,CUXKOV
NC(=O)CC(NC(=O)c1cc(cc(c1)N(=O)=O)N(=O)=O)C(=O)[O],O=C1CC2OCC=C3C[NH]4CCC56C4CC3C2C5N1c1ccccc61,hydrate,3,RICYEJ
OC1=C(C=C(C=C1)[N+](=O)[O-])[N+](=O)[O-],CC1=C(C=C(C=C1[N+](=O)[O-])[N+](=O)[O-])[N+](=O)[O-],failed,0,
O=C1C(=O)[C](C(=O)[C]1N(=O)=O)N(=O)=O,[NH4],salt,1,LEPFES
Cc1ccc(cc1)S(=O)(=O)[O],Nc1c(Br)cc(Br)cc1C[NH2]C1CCC(O)CC1,hydrate,3,ECUSUU
OC(=O)CC(O)=O,CC(=O)NC1=CC=C(O)C=C1,failed,0,
[NH4],O=N(=O)[N]C1=C(N=NN1)C1=NN=N[N]1,hydrate,3,HOFVEG
C[n]1ccc(cc1)C#N,F[P](F)(F)(F)(F)F,salt,1,ODORIL
CS(=O)(=O)[O],CC[NH]1CCN(CC1)c1cc(c2ccc(F)cc2)c2CCCCCCc2n1,hydrate,3,XOJPUJ
O=C([O])C[NH2]CC(=O)[O],[NH4],salt,1,FUQDEA
[NH3]C(C)c1ccccc1,COc1ccc2cc(ccc2c1)C(O)C(=O)[O],salt,1,DAZSON
C1C[NH]2CC[NH]1CC2,CC(=O)C(=O)[O],salt,1,FIYVUH
OC(=O)C(O)=O,COC1=CC2=C(C=C1)N(C(=C2CC(O)=O)C)C(=O)C1=CC=C(Cl)C=C1,failed,0,
NN1C(=NN2C(=[NH]N=C12)N)N,[O]N1N=NN=C1C1=NN=NN1[O],hydrate,3,WUNCUF
OC(=O)c1ccccc1C(=O)[O],C1CCC(CC1)NC(NC1CCCCC1)=[NH]C1CCCCC1,salt,1,COHGAJ
CCCC[N](CCCC)(CCCC)CCCC,OP(O)(=O)[O],solvate,3,NELVUV
CC1=CC=CC=C1C(N)=O,CC1=NC=C(CO)C(=C1O)CO,failed,0,
COc1cncc(c1)C#Cc1ccc(F)nc1,OC(=O)c1ccc(cc1)N(=O)=O,cocrystal,2,WURNON
[NH3]C(C(O)c1ccccc1)c1ccccc1,O=P1([O])Oc2ccc3ccccc3c2c2c(O1)ccc1ccccc21,solvate,3,WODDAV
O=C([O])c1ccccc1,Nc1[nH]cccc1N,salt,1,BOVTEM
CCN1C(=S)SC(C1=S)=C1SC(=S)N(CC)C1=S,c1cc2cccc3c4cccc5cccc(c(c1)c23)c45,cocrystal,2,QOLRUH
CCCC(C(=O)[O])c1ccccc1,[NH3]C(C(O)c1ccccc1)c1ccccc1,hydrate,3,BALYUI
CC1=CC=C(C=C1)[N+](=O)[O-],C1=CC=C2C=CC=CC2=C1,failed,0,
Fc1c(F)c(F)c(I)c(F)c1F,C1CN2CCC1CC2,cocrystal,2,GIYLUZ
[NH3]N,O=N(=O)[N]C1=NN=N[N]1,hydrate,3,EYAXEI
OCC(O)C1OC(=O)C(=C1O)O,COC1=CC=CC(=C1)C(O)=O,failed,0,
CC1Cc2cc(cc(C(=O)[O])c2O1)S(N)(=O)=O,CC(C)C1C[NH]2CCC1CC2C(O)c1ccnc2ccccc12,salt,1,JIHCIM
C[n]1ccc(cc1)C1=CN(Cc2ccc(Cl)cc2)N=N1,FC(F)(F)S(=O)(=O)[O],solvate,3,GIQHOH
Cc1ccc(cc1)S(=O)(=O)[O],COc1cc(ccc1O)C=Cc1ccc2cc(F)ccc2[n]1C,salt,1,IBUCAN
NC(=O)C1=CC=CC=C1[N+](=O)[O-],OC(CC(O)=O)C(O)=O,failed,0,
CC1=CC2=C(C=C1C)N(CC(O)C(O)C(O)CO)C1=NC(=O)NC(=O)C1=N2,CC1=CC(=CC=C1)C(O)=O,failed,0,
[NH2]1CCN(CC1)c1ccccc1,O=C([O])c1ccccc1,hydrate,3,TEKVUE
ClP1(=NP(=NP2(=N1)Nc1ccccc1CO2)(Cl)Cl)Cl,ClP1(=NP2(=NP(=N1)(Cl)Cl)Nc1ccccc1CO2)Cl,cocrystal,2,XAXGEL
OC(=O)c1cc(cc(c1)C(O)=O)C(O)=O,CN1C=NC2=C1C(=O)N(C)C(=O)N2C,cocrystal,2,HUHQUZ
CC(C)(OO)OO,O=P(CCP(=O)(c1ccccc1)c1ccccc1)(c1ccccc1)c1ccccc1,cocrystal,2,XAHMIC
NC(N)=O,OC(=O)C1=CC=CC=C1,failed,0,
NC(=O)C1=CC=CC=C1N,NC(CCC(O)=O)C(O)=O,failed,0,
CCCCCCCCCCCCCCCCCC(O)=O,OC(=O)CCCCCCCCC(O)=O,failed,0,
OC(=O)C1=CC(=CC=C1)F,CC1=CC2=C(C=C1C)N(CC(O)C(O)C(O)CO)C1=NC(=O)NC(=O)C1=N2,failed,0,
O=[Cl](=O)(=O)[O],[NH2]1CC[NH2]CC1,hydrate,3,SUYQUZ
Oc1cc(c2ccccc2)c(cc1C(=O)Nc1ccccc1)N=Nc1ccc(Br)cc1,C1CCN2CCCN=C2CC1,cocrystal,2,CIQGOC
O=C([O])C1=CC(=NN1)C(=O)[O],NNC(N)=[NH2],hydrate,3,EWADOX
O=N(=O)[C](N1N=NC(=N1)C(N(=O)=O)(N(=O)=O)N(=O)=O)N(=O)=O,[NH4],solvate,3,GOGFAM
[NH3]C(C(O)=O)c1ccccc1,O=N(=O)[O],salt,1,IROVEQ
N1C=NC=N1,C1COCCOCCOCCOCCOCCO1,cocrystal,2,ZIJQOY
Nc1ncccn1,CC1(C)C(CCC1(C)C(O)=O)C(O)=O,cocrystal,2,KIXVES
N1N=CC=N1,N1N=CN=N1,failed,0,
ClC1=CNC(=O)C=C1,OC(C#CC#CC(O)(c1ccccc1)c1ccccc1)(c1ccccc1)c1ccccc1,cocrystal,2,NAPSUU
OC(=O)c1cc(O)c(O)c(O)c1,CC1=C(C=C(C#N)C(=O)N1)c1ccncc1,hydrate,3,HARJIX
OC(=O)CCCCC(O)=O,OC(=O)CCCCCCCCC(O)=O,failed,0,
CC1=CC=C(C=C1)C(N)=O,NC(N)=O,failed,0,
[NH2]1CC[NH]2CC[NH2]Cc3ccccc3OCC[NH](CCOc3ccccc3C1)CCOc1ccccc1C[NH2]CC2,O=[Cl](=O)(=O)[O],hydrate,3,WOHJOS
NC1=NC(=O)NC=C1,c1cnc2c(c1)ccc1cccnc21,cocrystal,2,PUJWUO
O=[N+]([O-])C1=CC(=CC=C1)[N+](=O)[O-],O=[N+]([O-])C1=CC=C(C=C1)[N+](=O)[O-],failed,0,
NC(N)=[NH2],O=N(=O)[C](C[C](N(=O)=O)N(=O)=O)N(=O)=O,salt,1,QEPJUT
NCCCCC(N)C(O)=O,NC(=O)N1C2=CC=CC=C2C=CC2=CC=CC=C12,failed,0,
Oc1ccc(Br)cc1,CC(=O)OC1CC2(C)C3CCC4(C)C(CCC4C3CCC2=CC1=O)OC(C)=O,cocrystal,2,HOTEST10
Fc1c(F)c(I)c(F)c(I)c1F,c1ncc(cn1)c1cncnc1,cocrystal,2,PUZHAW
CC1=NC(=NC(=C1)C)NS(=O)(=O)C1=CC=C(N)C=C1,OC(=O)CCCCC(O)=O,failed,0,
OC(=O)C(O)=O,COc1c2OC=Cc2cc2C=CC(=O)Oc12,cocrystal,2,WORNEZ
O=C([O])CC1CC(=NO1)c1ccc(cc1)C#N,OC(C1CC2CC[NH]1CC2C=C)c1ccnc2ccccc12,solvate,3,RIGSIJ
OC1=CC=CC=C1,C1=CC=C2C=CC=CC2=C1,failed,0,
Nc1[nH]c(ccc1)C(O)=O,II[I]II,hydrate,3,CAZNEA
NC1=CC=CC=C1[N+](=O)[O-],O=C(C1=CC=CC=C1)C(=O)C1=CC=CC=C1,failed,0,
O=C1N(CCc2ccncc2)C(=O)c2ccc3c4ccc5C(=O)N(CCc6ccncc6)C(=O)c6ccc(c7ccc1c2c37)c4c56,Oc1ccccc1,cocrystal,2,YAMMUV
c1ccccc1,COc1ccccc1c1cccc2c3c(OC)cccc3P(O)(=O)c12,cocrystal,2,BESSOI
FC(F)(F)S(=O)(=O)[O],CC(C)c1cccc(C(C)C)c1[N]1=CC2(CCCCC2)CC1(C)C,salt,1,RIWWIF
OC(=O)C1=CC(=CC=C1)F,NC(=O)C1=CN=CC=C1,failed,0,
OC(=O)CCCCCCCC(O)=O,NC1=NC=C(Br)N=C1Br,failed,0,
[NH3]c1ccc(cc1)S(=O)(=O)N=C1NC=CS1,Cc1ccc(cc1)S(=O)(=O)[O],salt,1,FIFWOJ
Clc1ccc(C(CN2C=[NH]C=C2)OCC2=C(Cl)SC=C2)c(Cl)c1,OC(C(O)C(=O)[O])C(O)=O,hydrate,3,SAPBIY
OC(=O)CCCCC(O)=O,CC1=CC=C(C=C1)C1=CC(=NN1C1=CC=C(C=C1)S(N)(=O)=O)C(F)(F)F,failed,0,
CN1CC[NH2]CC1,Nc1ccc(I)cc1C(=O)[O],salt,1,MAVMEC
OC(=O)C=Cc1ccc(C=CC(O)=O)cc1,c1cc(ccn1)C=Cc1ccncc1,cocrystal,2,KAXRUY
[NH2]1CC[NH2]CC1,O=C([O])CCCC(=O)[O],salt,1,BOCLIO
O=N(=O)[N]N(=O)=O,C1[NH]2CN3CN1CN(C2)C3,salt,1,DEKDAY
c1cnccn1,Oc1cc2Cc3cc(O)c(O)cc3Cc3cc(O)c(O)cc3Cc2cc1O,cocrystal,2,GIJHIS
CC(C)=CCCC1(C)Oc2c(CC=C(C)C)c3OC45C6CC(C=C4C(=O)c3c(O)c2C=C1)C(=O)C5(CC=C(C)C(=O)[O])OC6(C)C,[nH]1ccccc1,salt,1,MUVCIP
O=[Cl](=O)(=O)[O],BrCC1COc2cccc[n]12,salt,1,BULXIS
C[NH]1CC[NH2]CC1,OC(=O)C=CC(O)=O,salt,1,XOJWIE
Oc1ccc(Br)cc1C=Nc1cccnc1,OC(=O)c1cc(O)cc(O)c1,cocrystal,2,ZEXHIW
O=N(=O)c1cc(c([O])c(c1)N(=O)=O)N(=O)=O,N#CC(C#N)=C1C=CC(C=C1)=C(N1CC[NH2]CC1)N1CC[NH2]CC1,solvate,3,WOXMOL
[NH2]1CC[NH2]CC1,O=C([O])N1CCN(CC1)C(=O)[O],salt,1,OREJON
OC(=O)CC(C(CC(O)=O)C(O)=O)C(O)=O,c1cnc2c(c1)ccc1cccnc21,hydrate,3,EVIJOJ
O=[Cl](=O)(=O)[O],Clc1ccc(OCC(=O)N2CCCC2)c2[nH]cccc12,hydrate,3,SIBBUD
COc1cc2CC[NH]3CCCC3c2cc1OC,OC(=O)C(OC(=O)c1ccccc1)C(OC(=O)c1ccccc1)C(=O)[O],solvate,3,TAWCIF
Fc1c(F)c(I)c(F)c(F)c1I,COC(=O)c1cc(NCCCCl)c(cc1NCCCCl)C(=O)OC,cocrystal,2,NEBVAV
ClC1=C(Cl)C(=O)C(=C(Cl)C1=O)NCS(=O)(=O)[O],c1ccc(cc1)[P](c1ccccc1)(c1ccccc1)c1ccccc1,salt,1,QISTOC
CCOP([O])(=S)c1ccc(Cl)cc1,[NH3]C(C)c1ccc(Br)cc1,salt,1,PUNWUR
II[I]II,CC1(C)C(I)CSc2nc(cn[n]12)c1ccccc1,salt,1,VIDVOX
O=N(=O)[C](N(=O)=O)N(=O)=O,NN1C=NNC1=[NH2],salt,1,IHINEU
NN[C](N)N,OCCN1N=N[N]C1=NN(=O)=O,salt,1,HAJYAU
[NH3]O,CCOC(=O)C1=C[N]OC1=O,salt,1,ELEYOJ
NC(=O)C1=CC=CC=C1,COC1=CC=C(C=C1)C(O)=O,failed,0,
NC1=NC=C(Br)N=C1Br,OC(=O)CCCCCCCCC(O)=O,failed,0,
[NH3]C(C)(P(O)(=O)[O])P(=O)([O])[O],[NH3]CC([NH3])C,hydrate,3,FAHBIB
OC(=O)C(O)=O,OC(=O)C1=CC=C(F)C=C1,failed,0,
O=[Cl](=O)(=O)[O],Cc1[n]c2C(=N([O])On2c(C)c1)c1ccccc1,salt,1,PORWEY
CC(NC(=O)CCCc1ccc2ccc3cccc4ccc1c2c34)C(=O)NCCCNc1c(F)c(F)c2c(F)c(F)c(F)c(F)c2c1F,Cc1ccccc1,cocrystal,2,RIYTOM
S1C2=CC=CC=C2C2=CC=CC=C12,C1C2=CC=CC=C2C2=CC=CC=C12,failed,0,
CC1=CC2=C(C=C1)C=C(C)C=C2,CC1=C2C(=CC=CC2=CC=C1)C,failed,0,
N[N]C(N)=C(N(=O)=O)N(=O)=O,NC(N)=[NH2],hydrate,3,UVIZUV
NC(=O)CN1CCCN2CC[NH2]CCCN(CC2)CC1,F[P](F)(F)(F)(F)F,salt,1,VOYNEF
COC1=CC=C(C=C1)C(O)=O,OC(=O)C(O)=O,failed,0,
N1C2=CC=CC=C2C2=CC=CC=C12,O=[N+]([O-])C1=CC(=CC=C1)[N+](=O)[O-],failed,0,
F[P](F)(F)(F)(F)F,CN(C)c1ccc(C=CC=Cc2cc[n](cc2)c2ccccc2)cc1,salt,1,XAFTEE
COC1=CC2=C(C=C1)N(C(=C2CC(O)=O)C)C(=O)C1=CC=C(Cl)C=C1,COC1=C(O)C=CC(=C1)C(O)=O,failed,0,
CC(C)(C)c1ccc(cc1)C1=C2C(=O)NC(=C2C(=O)N1)c1ccc(cc1)C(C)(C)C,O=C1NC(=C2C(=O)NC(=C12)c1ccccc1)c1ccccc1,cocrystal,2,OHIXAE
O=C(Nc1ccc(cc1)C1(CCCC1)C#N)c1cccnc1NCc1ccncc1,OC(C(O)=O)c1ccccc1,cocrystal,2,JIFCEJ
OCC(O)C1OC(=O)C(=C1O)O,COC1=CC=CC=C1C(O)=O,failed,0,
Fc1c(F)c(I)c(F)c(F)c1I,COc1ccc2cc(C=O)ccc2c1,cocrystal,2,QODMUU
CC1(C)[NH2]C(C)(C)CC(=O)C1,Fc1c(F)c(F)c(c(F)c1F)P(=O)([O])c1c(F)c(F)c(F)c(F)c1F,salt,1,NAQXAE
[NH3]O,O=N(=O)[N]N1C2=NON=C2N([N]N(=O)=O)C2=NON=C12,hydrate,3,QERZEV
O=[N+]([O-])C1=CC=C(C=C1)[N+](=O)[O-],CC1=CC=C(N)C=C1,failed,0,
O=C([O])CCC(=O)[O],C1[N]2=CN(C=C2)c2cccc(n2)N2C=C[N](=C2)Cc2ccc(C[N]3=CN(C=C3)c3cccc(n3)N3C=C[N](=C3)Cc3ccc1cc3)cc2,hydrate,3,WABKOC
[S]Sc1ccccc1,c1ccc(cc1)[P](c1ccccc1)(c1ccccc1)c1ccccc1,salt,1,MUWMUP
Cc1cc2C(C=CC(=C(C#N)C#N)c2cc1C)=C(C#N)C#N,S1C=CSC1=C1SC=CS1,cocrystal,2,FOKHUI
CC(=O)NC1=CC=C(C)C=C1,CC(=O)NC1=CC=CC=C1C,failed,0,
Oc1ccccc1C(=O)[O],Clc1ccc2N(C3CC[NH](CCCN4C(=O)Nc5ccccc45)CC3)C(=O)Nc2c1,hydrate,3,ZOLDUD
CN1C=NC2=C1C(=O)N(C)C(=O)N2C,NC1=CC=CC(=C1)C(O)=O,failed,0,
CC(C)Cc1ccc(cc1)C(C)C(=O)[O],[NH2]1CC[NH2]CC1,salt,1,LEJGAM
O=P1([O])OP(=O)([O])OP(=O)([O])OP(=O)([O])OP(=O)([O])OP(=O)([O])O1,[NH3]c1ccc(OCC)cc1,hydrate,3,OMUSUL
CN1C(=O)c2cc3C(=O)N(C)C(=O)c3cc2C1=O,c1cc2ccc3cccc4ccc(c1)c2c34,cocrystal,2,PAYYOG
CC1=CC(=O)NC(=[NH]1)N,O=C1[N]S(=O)(=O)c2ccccc12,hydrate,3,LILGEV02
O=C1C=CC(=O)C=C1,Oc1ccc(I)cc1,cocrystal,2,PUHYID
O=N(=O)C1=N[N]C(=C1N(=O)=O)N(=O)=O,NC1=NNC2=NC(=[NH2])N=C(N)N12,hydrate,3,IFALOU
C(Cc1cc[nH]cc1)c1cc[nH]cc1,FC(F)(C(=O)[O])C(F)(F)C(F)(F)C(F)(F)C(F)(F)C(F)(F)C(=O)[O],salt,1,ZERJEP
[NH2](Cc1ccccc1)Cc1ccccc1,Clc1ccccc1C=CC(=O)[O],hydrate,3,PEQGAU
Nc1nc(N)[n]([O])c(N)[n]1[O],OO,cocrystal,2,QUYRUA
CN(C)C(=[NH2])N=C(N)N,CCC1=C(C)CN(C(=O)NCCc2ccc(cc2)S(=O)(=O)[N]C(=O)NC2CCC(C)CC2)C1=O,hydrate,3,NOZGOB
NC(N)=[NH]C(N)=S,O=P([O])[O],hydrate,3,LORXUM
OC(C(O)C(=O)[O])C(O)=O,[nH]1ccc(cc1)c1ccccc1,hydrate,3,CICMUX
ON=Cc1c(F)c(F)c(I)c(F)c1F,CN1c2ccccc2N=C1c1ccncc1,cocrystal,2,VITKOZ
NC1=CC=C(N)C=C1,NC1=CC(=CC=C1)N,failed,0,
OC(=O)C1=CC=CC=C1F,O=C1CCCN1,failed,0,
[NH3]C(CCC)C(O)=O,O=P1([O])Oc2ccc3ccccc3c2c2c(O1)ccc1ccccc21,hydrate,3,UHEPOM
CN(C)C=C1CCC(=C1[n]1ccc(cc1)C=Cc1ccc(cc1)N(C)C)C=[N](C)C,O=[Cl](=O)(=O)[O],hydrate,3,HABVEM
O=C1NC(=O)C(=N[O])C(=O)N1,[NH2]1CCC2=C(C1)Nc1ccccc21,hydrate,3,ZELGIJ
CC1=C(SC=N1)C=NNC(N)=S,Fc1c(F)c(I)c(F)c(F)c1I,cocrystal,2,MENGOF
OC(CC(O)=O)C(O)=O,NC(=O)C1=CC(=CC=C1)N,failed,0,
CC1=C(C)C=C(C)C(=C1)C,C1=CC=C2C(=C1)C=CC1=CC=CC=C21,failed,0,
CC1=CC(=C(C=C1)[N+](=O)[O-])[N+](=O)[O-],NC1=CC2=CC=CC=C2C=C1,failed,0,
CC(=O)Oc1ccccc1C(O)=O,NC1=NC(=O)NC=C1F,cocrystal,2,GARYEH
c1ccc(cc1)[P](c1ccccc1)(c1ccccc1)c1ccccc1,Br[I]c1ccccc1,salt,1,REDCEI
CC(C)=NNC(N)=[NH2],O=N(=O)N1CCN=C1[C](N(=O)=O)N(=O)=O,salt,1,LAYYUH
OC(=O)C1=CC=CC=C1O,NC(CCC(O)=O)C(O)=O,failed,0,
N1C=[NH]C=C1,OC(=O)CC(Cl)C(=O)[O],salt,1,IRERAA
COc1cc2N3C4C5C(CC3=O)OCC=C3CN6CCC4(C6CC53)c2cc1OC,CC(O)C(C)(C)C,cocrystal,2,PIGNUP
O=C(NCS(=O)(=O)[O])Nc1ccccc1,CCCC[N](CCCC)(CCCC)CCCC,hydrate,3,EVAGEP
OC1=CC=C(C=C1)[N+](=O)[O-],OC1=CC=CC(=C1)C=O,failed,0,
NC(=O)C1=CC=CC=C1,OC(=O)C1=CC(=CC=C1)O,failed,0,
Cc1ccc(cc1)S(=O)(=O)[O],[NH2]=C1SNc2ccc(cc12)N(=O)=O,salt,1,QUQBIQ
C[NH2]C,Oc1ccc(cc1)C(=O)[O],salt,1,ZAQCOL
NC(=O)N1C2=CC=CC=C2C=CC2=CC=CC=C12,OC(C(O)C(O)=O)C(O)=O,failed,0,
CC[NH](CC)CC,OC(C(F)(F)F)(C(F)(F)F)C([O])(C(F)(F)F)C(F)(F)F,salt,1,VIDHUO
O=N(=O)N(CC1=NN=NN1)CC1=NN=N[N]1,NNC(NN)=[NH]N,salt,1,PAWCUO
COC1=CC=CC(=C1)C(O)=O,OC(=O)CCSCCC(O)=O,failed,0,
N#CC(C#N)=C1C2=NSN=C2[C](=C(C#N)C#N)C2=NSN=C12,[S]1C(Sc2ccccc12)=C1Sc2ccccc2S1,salt,1,JUBCAK
OC(C(O)C(=O)[O])C(O)=O,[NH3]CCNC(=O)Cc1cccc2ccccc12,hydrate,3,LIGXEE
Oc1c(cc(c([O])c1N(=O)=O)N(=O)=O)N(=O)=O,[NH2]1CCOCC1,salt,1,VACJAM
c1cc2c(ccc3sc4ccc5sccc5c4c23)s1,N#CC(C#N)=C1C=CC(C=C1)=C(C#N)C#N,cocrystal,2,THLCTC
CC(C)C1CCC(C)CC1O,OC(=O)C1=CC=CC=C1O,failed,0,
c1cc(ccn1)C=Cc1ccncc1,CC(c1ccc(O)cc1)(c1ccc(O)cc1)c1ccc(O)cc1,solvate,3,YOJQOD
OC(=O)c1ccccc1C(=O)[O],[NH3]c1ccccc1O,salt,1,QUBRUB
CC1=C2C(=CC=C1)C=CC1=CC=CC(=C21)C,C1=CC=C2C(=C1)C=CC1=CC=CC=C21,failed,0,
NC(=O)C1=CC=C(O)C=C1,CC1=CC2=C(C=C1C)N(CC(O)C(O)C(O)CO)C1=NC(=O)NC(=O)C1=N2,failed,0,
OC(=O)CCl,N1c2ccccc2c2c1c1Nc3ccccc3c1c1c2Nc2ccccc12,cocrystal,2,KOGDIX
[NH4],NC1=NC2=C(N=CN2C2OC(CO)C(OP(=O)([O])OCC3OC(C(O)C3O)N3C=CC(=NC3=O)N)C2O)C(=O)N1,hydrate,3,BOLHEP
CC1=NC(=NC(=C1)C)NS(=O)(=O)C1=CC=C(N)C=C1,OC(=O)CCCC(O)=O,failed,0,
FC(F)(F)S(=O)(=O)[O],COc1ccc(cc1)c1cccc2[n]1c(cc1c(OC)cc(OC)cc21)c1ccccc1,salt,1,QEQPIP
CC1=CC=CC=C1C(N)=O,OC1=CC=C(O)C=C1,failed,0,
OC(=O)CCCCCCCCC(O)=O,C(N1C=CN=C1C1=NC=CN1CC1=CC=CC=C1)C1=CC=CC=C1,failed,0,
CC1=NC=C(CO)C(=C1O)CO,COC1=CC=CC=C1C(O)=O,failed,0,
c1cc(ccn1)C(c1ccncc1)=C1C(=C(c2ccncc2)c2ccncc2)C1=C(c1ccncc1)c1ccncc1,Oc1cccc(O)c1,cocrystal,2,NEHLIW
Fc1c(F)c(Br)c(F)c(F)c1Br,O=C1NC=CC=C1,cocrystal,2,FAPKIU
OC(=O)CCSCCC(O)=O,NC1=CC=CC=C1C(O)=O,failed,0,
Cc1ccccc1,CC(C)c1cccc(C(C)C)c1N1[C]N(C(=C1Br)Br)c1c(cccc1C(C)C)C(C)C,cocrystal,2,ROSTEA
COC1=CC=CC(=C1)C(N)=O,OC(=O)C1=CN=CC=C1,failed,0,
ClC1=C(Cl)C(=O)C(=C(Cl)C1=O)Cl,CN(C)c1ccc(cc1)N(C)C,cocrystal,2,TMABCA
CC1=CC=CC=C1C(N)=O,OC(=O)C=CC(O)=O,failed,0,
CC1=NNC(=O)N(C1)N=Cc1c[nH]ccc1,Oc1ccc(c(O)c1)C(=O)[O],salt,1,APUWEQ
[N]=[N]=[N],CCCCN1C=C[N](=C1C)C,salt,1,SAXGIJ
COC(=O)C1CC2C=CC1C13C4C5CC6C(C5C1=O)C1(OCCO1)C23C46,Oc1ccc(O)cc1,cocrystal,2,FOGBOT
CC(CCC(=O)[O])C1CCC2C3C(O)CC4CC(O)CCC4(C)C3CC(O)C12C,COc1cc2N3C4C5C(CC3=O)OCC=C3C[NH]6CCC4(C6CC53)c2cc1OC,solvate,3,HOXLAI
NC(=O)C1=CC=CC=C1,CC1=CC=C(C=C1)C(O)=O,failed,0,
[NH3]C1CCCCC1,Oc1ccc(cc1C(=O)[O])N(=O)=O,salt,1,ROFJAZ
OC1=C(Cl)C(=O)C(=C(Cl)C1=O)[O],[nH]1ccccn1,salt,1,WOGWUL
NC(=O)c1cccnc1,COc1cc(C=CC(O)=O)cc(OC)c1O,cocrystal,2,QUHRAO
[NH3]CC(O)c1ccccc1,CC(C)c1ccc2c(CCC3C(C)(CCCC23C)C(=O)[O])c1,solvate,3,YIVCEM
OC1=C([O])C(=O)C1=O,[NH3]CC[NH3],hydrate,3,TURPUR
c1ccc2ncccc2c1,OC(=O)c1ccc(N2C(=O)c3ccccc3C2=O)c(O)c1,cocrystal,2,KEBMEL
CCC[n]1ccc(cc1)c1cc[n](CCC)cc1,N#CC(C#N)=C1[CH]C(c2ccccc12)=C(C#N)C#N,salt,1,WIVPUQ
[NH3]C(C)(C)C,O=S(=O)([O])c1ccc2c(SC3=C2Sc2cc(ccc32)S(=O)(=O)[O])c1,salt,1,NEKMEZ
OC(=O)CCCCC(O)=O,c1cc(ccn1)N=Nc1ccncc1,cocrystal,2,UMIMUY01
[NH4],COP(=O)([O])[O],hydrate,3,MDAPOS
Brc1ccc(cc1)S(=O)(=O)[O],CCOc1ccc(cc1)C=Cc1cccc[n]1C,hydrate,3,DUMWEO
CC1(C)C2CCC1(C)C(=O)C2,OC1=C(C=C(C=C1[N+](=O)[O-])[N+](=O)[O-])[N+](=O)[O-],failed,0,
Cc1ccc(cc1)C1=C(c2ccc(C)cc2)c2c3ccc(C)cc3c3cc(C)ccc3c2N1Cc1ccccc1,c1ccccc1,cocrystal,2,ZEGHOL
CCNCC,OC(C1=Nc2ccccc2N1)(C1=Nc2ccccc2N1)c1ccccc1,cocrystal,2,EFENEM
COC1=CC=C(C=C1)C(O)=O,OC(=O)C1=CN=CC=C1,failed,0,
CC12CCC3C(CCC4=C3C=CC(=C4)O)C1CCC2O,CN1C(=O)N(C)C2=C(NC=N2)C1=O,failed,0,
CC(CC1(O)OC(=O)C(=C1)C)C12CCC3(C)C4=CCC5C(C)(C)C(O)CCC5(C)C4CCC13C2,c1ccncc1,cocrystal,2,NIXTEW
NC(=O)C1=CC=NC=C1,CC(=O)NC1=CC=C(O)C=C1,failed,0,
OC(=O)C1=CC=C(C=C1)[N+](=O)[O-],CCCCCCCC(O)=O,failed,0,
O=N(=O)[C](C1=NN=C(O1)C1=NN=C(O1)[C](N(=O)=O)N(=O)=O)N(=O)=O,N1C=[NH]N=C1,salt,1,SALDER
CC1(C)c2cc3N4c5ccccc5c5cccc(c45)C(C)(C)c3cc2N2c3ccccc3c3cccc1c23,ClC1=C(Cl)C(=O)C(=C(Cl)C1=O)Cl,cocrystal,2,SORXUV
NC(=O)c1ccncc1,OCC(F)(F)F,cocrystal,2,GOFDUE
CC(=O)NC1=CC=C(O)C=C1,OC(=O)CC(O)=O,failed,0,
CCCCCCCCCCCCCCCCCC[N](C)(C)CCCCCCCCCCCCCCCCCC,O=C1N([Br]N2C(=O)c3ccccc3C2=O)C(=O)c2ccccc12,salt,1,XITPEY
O=P([O])(c1ccccc1)c1ccccc1,CCCC[N](CCCC)(CCCC)CCCC,solvate,3,DABPOP
Oc1cc2ccccc2cc1C(=O)[O],C[NH]1CCN(C)CC1,salt,1,LAPTAZ
COc1ccc2cc3[n](CCc4cc5OCOc5cc34)cc2c1OC,I[I]I,salt,1,YEBWOV
NC(=O)C1=CC(=CC=C1)N,NC(=O)C1=CN=CC=C1,failed,0,
O=C1c2cc(ccc2c2ccc(cc12)N(=O)=O)N(=O)=O,S1C=CSC1=C1SC=CS1,cocrystal,2,KARHOA
CN(C1CC(C)(C)N([O])C(C)(C)C1)C(=O)CS(=O)(=O)[O],c1ccc(cc1)[P](c1ccccc1)(c1ccccc1)c1ccccc1,salt,1,OFAYAW
Nc1c[nH]ccc1,Clc1cccc(Cl)c1Nc1ccccc1CC(=O)[O],hydrate,3,LULQOB
OC(=O)c1cc(cc(c1)C(=O)[O])C(O)=O,O=C(Nc1cc[nH]cc1)c1cccc(c1)C(=O)Nc1ccncc1,hydrate,3,VAPPUB
CN1C=NC2=C1C(=O)N(C)C(=O)N2C,OC1Cc2c(O)cc(O)cc2OC1c1ccc(O)c(O)c1,hydrate,3,WUSFIA
O=S(=O)([O])[O],NC(=[NH2])NCc1cccc(CNC(N)=[NH2])n1,salt,1,QAFTUN
c1ccccc1,O=N(=O)c1ccc(cc1)N1c2ccccc2[N]c2ccccc12,cocrystal,2,YUYTAN
Nc1ccc(cc1)S(=O)(=O)N=C1NC=CS1,C1COCCOCCOCCOCCOCCO1,solvate,3,HADMUU
CC(C)N([C][P](c1ccccc1)(c1ccccc1)c1ccccc1)C(C)C,FC(F)(F)S(=O)(=O)[O],salt,1,PAFLEO
O=N(=O)c1cc(c([O])c(c1)N(=O)=O)N(=O)=O,[NH3]CCN1CCOCC1,hydrate,3,EFEBAW
[NH3]c1ccc(cc1)C(O)=O,ClC(Cl)(Cl)C(=O)[O],salt,1,LIJZEM
OC(=O)CCC(O)=O,CC(=O)NC1=CC=C(O)C=C1,failed,0,
c1ccccc1,ON=C(C(Cl)=NOC(c1ccccc1)(c1ccccc1)c1ccccc1)S(=O)(=O)c1ccccc1,cocrystal,2,ATIRUT
O=N(=O)C1=C([O])C(=NN1)N(=O)=O,NN1C=[NH]N=C1,hydrate,3,EREQUQ
NC(N)=[NH]C(N)=S,OC(=O)CCCCCCC(=O)[O],salt,1,NUQRUO
CC1=C(C=C(C=C1)[N+](=O)[O-])[N+](=O)[O-],OC1=CC=CC(=C1)C=O,failed,0,
[NH3]CCCO,O=C([O])c1ccc2ccccc2n1,salt,1,YENVIA
OC(=O)CC(O)=O,NC(=O)c1ccc(Br)cc1,cocrystal,2,HIQMOL
OC(=O)c1cccc(C(O)=O)c1c1c(cccc1C(=O)[O])C(O)=O,[nH]1ccc(cc1)C=Cc1cc[nH]cc1,solvate,3,CUMNAA
OP(=O)([O])C(Cl)(Cl)Cl,CN1C=[NH]C=C1,hydrate,3,PABNEL
CC(=O)NC1=CC=C(O)C=C1,N1C=CN=C1,failed,0,
COc1ccc2c(Nc3ccccc3C32c2ccccc2Nc2ccccc32)c1,c1ccccc1,solvate,3,XOVLID
OCC(O)C1OC(=O)C(=C1O)O,O=C([O])c1c[nH]ccc1,cocrystal,2,RUWFAR
NC(=O)C1=CC=C(N)C=C1,OC(=O)C1=CN=CC=C1,failed,0,
ClP1N(P2N(P(Cl)N(P(N1c1ccccn1)N2c1ccccn1)c1ccccn1)c1ccccn1)c1ccccn1,Cc1ccccc1,cocrystal,2,XUPXOV
NC1=CC=CC=C1C(O)=O,CN1C(=C(O)C2=CC=CC=C2S1(=O)=O)C(=O)NC1=CC=CC=N1,failed,0,
N1N=CC=C1c1c2ccccc2cc2ccccc12,N1C=CC(=N1)c1c2ccccc2cc2ccccc12,solvate,3,LEQBAL
c1cc(ccn1)C=Cc1ccncc1,Oc1cc(O)c2C(=O)C(=C(Oc2c1)c1ccc(O)c(O)c1)O,cocrystal,2,YUFDIO
N#CC(C#N)=C1C=C[C](C=C1)=C(C#N)C#N,Cc1cc[n](Cc2ccc(cc2)C#N)cc1,salt,1,XEYSAW
CC1(C)OC(=O)C(=C([O])O1)Br,CC(C)N1C(=C(C)[N](=C1Br)C(C)C)C,salt,1,AYEHOB
O=[Cl](=O)(=O)[O],CC1=NN(C(=C1)C)c1nnc(NC(N)=[NH2])nn1,solvate,3,AFIQEN
OC(=O)C1=CC=C(F)C=C1,OC1=CC=C(O)C=C1,failed,0,
C1=CC=C2C=CC=CC2=C1,N(C1=CC=CC=C1)C1=CC=CC=C1,failed,0,
OC(=O)c1cc(cc(c1)N(=O)=O)C(O)=O,NC(=O)Nc1ccccc1,solvate,3,IRESEF
C[NH]=C1C[N](=C(c2ccccc2)c2cc(Cl)ccc2N1)[O],O=C1[N]S(=O)(=O)c2ccccc12,salt,1,KEWGAY
Cc1ccncc1,OC(C#CC#CC(O)(c1ccccc1)c1ccccc1)(c1ccccc1)c1ccccc1,cocrystal,2,XELKUU
c1ccc2c(c1)N(c1ccc(cc1)N1c3ccccc3c3ccccc13)c1ccccc21,N#Cc1cc(C#N)c(cc1C#N)C#N,cocrystal,2,UWIQAV
CC1(Oc2cccc(C3CCN(CC3)CC3=Nc4ccc(cc4N3CC3CCO3)C(=O)[O])c2O1)c1ccc(Cl)cn1,[NH3]C(CO)(CO)CO,hydrate,3,WINREU
OC(=O)c1cccc(c1C(=O)[O])N(=O)=O,[NH3]C1=C(C)N(C)N(c2ccccc2)C1=O,salt,1,IFEFIL
[NH3]Cc1ccccc1,COc1ccc2cc(ccc2c1)C(C)C(=O)[O],salt,1,FIWZOC
OC(=O)C(=O)[O],[NH3]C(CO)C(O)C(O)CO,salt,1,XUJNOH
FC1=CNC(=O)NC1=O,Oc1ccc(O)cc1,hydrate,3,UDOVIV
Cc1ccccc1O,Oc1ccc(cc1)C1(CCC(CC1)(c1ccc(O)cc1)c1ccc(O)cc1)c1ccc(O)cc1,cocrystal,2,MOWDUZ
CC1=NC=CN1,N1C2=CC=CC=C2SC2=CC=CC=C12,failed,0,
O=N(=O)N=C1[N]N=NN1[O],[NH4],hydrate,3,EKUJIF
FC(F)(F)C(=O)[O],COC(=O)C=CCOC(=O)C1([NH2]C(CC1)C=CC(=O)OC)C=C,salt,1,CAHDOG
c1ccccc1,C1Oc2ccc3ccccc3c2C(c2ccccc2)c2c(O1)ccc1ccccc21,cocrystal,2,ZIYLIC
N1N=NN=C1Nc1nnc(NC2=NN=NN2)nn1,O=C1NC=CC=C1,cocrystal,2,NENWAH
c1ccc2nc3ccccc3cc2c1,OC(=O)C1=C(Cl)C=CS1,cocrystal,2,OKIHOH
OC(=O)c1cc(cc(c1)N(=O)=O)C(O)=O,O=C1Nc2ccccc2NC1=O,hydrate,3,EVAFIR
OC(=O)C=CC(=O)[O],[NH3]CC[NH3],salt,1,ROHKUU
NN1C(=[NH]N=C1CN1N=NNC1=[NH2])N,O=N(=O)[O],salt,1,CIHJUC
CC(C)(C)c1cc(cc(c1)C(C)(C)C)C1=CN(CC(=O)OC2C(OC3OC(C)(C)OC23)C2COC(C)(C)O2)N=N1,C1CCCOc2ccc(CCCc3cccc(n3)c3cccc(n3)c3ccc(OCCC1)cc3)cc2,hydrate,3,CIYLUT
FC(F)(F)C(=O)[O],O=C(Nc1[nH]cccc1)Nc1ccccc1,salt,1,GIQJEY
CC1=CNC(=O)C=C1,OC(=O)c1cc(cc(c1)C(O)=O)C(O)=O,hydrate,3,COXPAH
N1C=CN=C1C1=NC=CN1,OC(=O)c1ccccc1O,cocrystal,2,MAVGEY
O=C1Nc2cc(OCCCCN3CCN(CC3)c3cccc4SC=Cc34)ccc2C=C1,Oc1ccccc1O,cocrystal,2,TUBFII
OC(=O)CCC(=O)[O],CC[NH2]CC,salt,1,KIXJUW
O=C1NCc2ccc(CNC(=O)c3cccc(c3)C(=O)NCc3ccc(CNC(=O)c4cccc1c4)cc3)cc2,O=C(CC=CC(=O)N(Cc1ccccc1)Cc1ccccc1)N(Cc1ccccc1)Cc1ccccc1,hydrate,3,UFEXEM
c1cc(ccn1)C=Cc1ccncc1,OC1C(Oc2cc(O)cc(O)c2C1=O)c1cc(O)c(O)c(O)c1,cocrystal,2,OQIXOE
Cc1c[nH]ccc1,Clc1cc(cc(Cl)c1[O])N(=O)=O,salt,1,PEZXIB
[s]1sc(cc1c1ccccc1)c1ccccc1,OS(=O)(=O)[O],salt,1,KUXSEB
Nc1ncccn1,Nc1ccccc1C(O)=O,cocrystal,2,ZAJJAV
Cc1ccccn1,OC(=O)c1cc2ccccc2c(Cc2c(O)c(cc3ccccc23)C(O)=O)c1O,cocrystal,2,TAPFIB
CC(O)=C(C(C)=O)c1ccncc1,Fc1c(F)c(I)c(F)c(F)c1I,cocrystal,2,XIPSEW
O=[Cl](=O)(=O)[O],[NH3]NC(=O)c1[nH]cccc1,hydrate,3,POGGAX
F[P](F)(F)(F)(F)F,Cc1[nH]c2c(ccc3c(cc(C)nc23)c2ccccc2)c(c1)c1ccccc1,salt,1,ETARUP
OC(=O)CC(=CC(O)=O)C(O)=O,OC(=O)C1=CC=CC=C1[N+](=O)[O-],failed,0,
OC(=O)CCC(O)=O,CC1=NC(=NC(=C1)C)NS(=O)(=O)C1=CC=C(N)C=C1,failed,0,
OC1=CC(=CC=C1)O,OC(C1=CC=CC=C1)C(=O)C1=CC=CC=C1,failed,0,
CCOc1ccc(Cc2cc(ccc2Cl)C2OC(CO)C(O)C(O)C2O)cc1,O=C([O])C1[NH2]CCC1,cocrystal,2,CIPVUU
c1ccncc1,FS(F)(F)F,cocrystal,2,BOYGED
F[P](F)(F)(F)(F)F,CN(C)c1ccc(cc1)C=C(C#N)c1cc[n](C)cc1,solvate,3,EBUVUW
Cc1ccc(cc1)S(=O)(=O)[O],[NH3]CC[NH2]CC[NH2]CC[NH3],hydrate,3,FIGCII
CC12CCC3C(CCC4=C3C=CC(=C4)O)C1CCC2O,OC1=CC=CC2=CC=CC=C12,failed,0,
Fc1c(F)c(F)c(Sc2nc(Sc3c(F)c(F)c(F)c(F)c3F)nc(Sc3c(F)c(F)c(F)c(F)c3F)n2)c(F)c1F,Cc1cc(C)cc(C)c1,cocrystal,2,KEDPIT
CC(=O)NC1=NN=C(S1)S(N)(=O)=O,NC1=CC=CC=C1C(O)=O,failed,0,
O=[Cl](=O)(=O)[O],Cc1cc(C)c(O)c(c1)C(C1=C[NH]=CN1)c1cc(C)cc(C)c1O,salt,1,DAXWAC
C1=CC2=CC3=CC=CC=C3C=C2C=C1,C1=CC=C2C(=C1)C=CC1=C2C=CC2=CC=CC=C12,failed,0,
O=S(=O)([O])[O],N(c1cc[nH]cc1)c1cc[nH]cc1,hydrate,3,TADMIY
NC1=CC=CC2=CC=CC=C12,CC1=C(C=CC=C1[N+](=O)[O-])[N+](=O)[O-],failed,0,
O=C1CCCCN1,OC(=O)c1cc(cc(c1)N(=O)=O)N(=O)=O,cocrystal,2,LATSAC
CN1C=NC2=C1C(=O)N(C)C(=O)N2C,Nc1ccc(cc1)S(=O)(=O)c1ccc(N)cc1,cocrystal,2,VOHKOU
CN1CC(=O)N(C)CC1=O,OO,cocrystal,2,HOQSEO
O=N(=O)c1cc(cc(c1)N(=O)=O)C#N,c1ccccc1,cocrystal,2,ERADOQ
COc1[nH]c(N)nc(OC)c1,Fc1c(F)c(c(F)c(F)c1C(=O)[O])C(=O)[O],hydrate,3,INONOQ
O=C([O])C(=O)[O],[NH3]CCCC(O)=O,salt,1,WERLEL
OC(=O)c1cc(ccc1Cl)N(=O)=O,NC(=O)c1cccnc1,cocrystal,2,NUBHAW
OC(=O)C1=CC=C(O)C=C1,OC(=O)CC(=CC(O)=O)C(O)=O,failed,0,
CSC(SC)=C1[S]C2=C(S1)SC(S2)=C1SC=CS1,I[I]I,salt,1,BAFTIP
O=N(=O)[O],COc1ccc(cc1)C1Sc2ccccc2N(CC[NH](C)C)C(=O)C1OC(C)=O,salt,1,FIRGIZ
c1ccccc1,CN(C)C(=NC1=NP(=S)(CS1)Oc1ccccc1)N(C)C,cocrystal,2,KAYXEO
CC1(C)OC(C(O1)C(O)(c1ccccc1)c1ccccc1)C(O)(c1ccccc1)c1ccccc1,COC1=CC=CC=CC1=O,cocrystal,2,FEMMAM
OC(=O)CC(=O)[O],[NH3]c1ccc(C)cc1,salt,1,XAYXAY
Fc1c(F)c(I)c(F)c(F)c1I,Cc1ccc(O)c(c1)N1N=C2C=CC=CC2=N1,cocrystal,2,YAJVEN
NC(=O)c1ccncc1,CC(C)Cc1ccc(cc1)C(C)C(O)=O,cocrystal,2,MUZNIH
CC(CCC(N)=O)C1CCC2C3C(O)CC4CC(O)CCC4(C)C3CC(O)C12C,CC(C)CC(C)O,cocrystal,2,QAZGOO
OC(C(O)C(O)=O)C(O)=O,CN1C(=C(O)C2=CC=CC=C2S1(=O)=O)C(=O)NC1=CC=CC=N1,failed,0,
FC(F)(F)S(=O)(=O)[O],Cc1ccc(cc1)C(=N[S]1c2ccccc2c2ccccc12)c1ccc(C)cc1,salt,1,ONEPUV
[NH3]CC([NH3])C,OC(=O)c1cccc(n1)C(=O)[O],hydrate,3,LOBWAB
CCC1=C2NC(=C1C)C=Nc1cc(OC)c(OC)cc1N=CC1=[NH]C(=CC3=NC(=C2)C(=C3CC)CC)C(=C1C)CC,F[P](F)(F)(F)(F)F,solvate,3,ACOZIB
Cc1cc(C)c2ccc(N)nc2n1,OC(=O)c1cc(cc(c1)N(=O)=O)N(=O)=O,cocrystal,2,SEBKOC
N#CC(C#N)=C1C=C[C](C=C1)=C(C#N)C#N,[S]1CCSC2=CSC(=C12)C1=C2SCCSC2=CS1,salt,1,TAVNEK
O=C1CCC(=O)O1,CN(C)C(=O)CCC(=O)N(C)C,cocrystal,2,JESDIY
OC(=O)CCC(O)=O,OC(=O)C1=CC=CC=C1,failed,0,
OC(=O)C=CC(=O)[O],O=C(Nc1c[nH]ccc1)Nc1cccnc1,hydrate,3,JEDKOT
[NH3]C(C(O)=O)c1ccccc1,OC1=C([O])C(=O)C1=O,hydrate,3,TEHYUA
Cc1ccc(cc1)S(=O)(=O)[O],CCCCN1C(=C(C)N2CCC[NH]=C12)C,salt,1,SASYIW
F[P](F)(F)(F)(F)F,C1CN2CCCc3cc(C=CC=CC4=CC5=[N](CCC[N]6=C5C=C(C=CC=Cc5cc7CCCN8CCCc(c5)c78)C=C6)C=C4)cc(C1)c23,solvate,3,ANELEL
Oc1ccc(I)cc1,c1cc(ccn1)C=Cc1ccncc1,cocrystal,2,IXUYAD
O=C(OCC(COC(=O)[N]N(=O)=O)(COC(=O)[N]N(=O)=O)COC(=O)[N]N(=O)=O)[N]N(=O)=O,NNC(N)=[NH2],salt,1,GOCXUU
ClC(Cl)(Cl)C(=O)[O],N1C=[NH]c2ccccc12,hydrate,3,MURHOZ
OC1=CC=CC(=C1)C=O,C1=CC=C(C=C1)C1=CC=CC=C1,failed,0,
C[N](C)(C)C,S=C1SC(=C(SCCSC2=C([S])SC(=S)S2)S1)[S],salt,1,XUCGUX
NC(=O)c1ccncc1,OC(=O)c1ccc(O)cc1O,hydrate,3,LAGSUK
OC(=O)CCCCCCCCC(O)=O,OC(=O)CCCCCCCC(O)=O,failed,0,
CN1C=NC2=C1C(=O)N(C)C(=O)N2C,CC(O)=O,failed,0,
COc1ccc2cc(ccc2c1)C(C)C(O)=O,[NH3]C(C)C(=O)[O],cocrystal,2,RODSIO
COC1=CC=C(C=C1)C(O)=O,OC(=O)C1=CC=C(I)C=C1,failed,0,
OC(=O)c1cccc(c1)C(=O)[O],[NH2](C1CCCCC1)C1CCCCC1,salt,1,VAWTET
Oc1ccc2cccc(O)c2c1,COc1c(C)cnc(CN2C(=O)c3cc4C(=O)N(Cc5ncc(C)c(OC)c5C)C(=O)c4cc3C2=O)c1C,solvate,3,AFUVON
Oc1ccc(O)cc1,NN,cocrystal,2,ZAPFAX
COc1cc(C=CC(=O)[O])ccc1O,Cc1[nH]c(N)ccc1,hydrate,3,CIKRIY
NC(CC1=C[NH]=CN1)C(O)=O,OC(=O)C=CC(=O)[O],hydrate,3,MENFET
Cc1ccc(N)cc1,Cc1ccc(NC(=NO)C(Nc2ccc(C)cc2)=NO)cc1,hydrate,3,FARMEU
Oc1ccc2ccccc2c1c1c(O)ccc2ccccc12,[O][n]1ccc2ccccc2c1c1[n]([O])c(cc2CCCCc12)c1ccccc1,cocrystal,2,XIBGUL
[NH3]C(C)c1ccc(C)cc1,O=C1N(C2CCCCC2)c2ccccc2N1c1cccc2cccc(c12)S(=O)(=O)[O],hydrate,3,FILREB
CS(=O)(=O)[O],CN(C1CCCCC1[NH]1CCCC1)C(=O)Cc1ccc(Cl)c(Cl)c1,solvate,3,JEDXIZ
O=N(=O)[O],Cc1ncc(C[N]2=CSC(=C2C)CCOP(O)(O)=O)c(N)n1,hydrate,3,COYBAV
OC(=O)C1=CC=C(O)C=C1,OC(=O)C1=CC=CC=C1,failed,0,
C1=CC=C2C=CC=CC2=C1,CC1=C(C)C=C(C)C(=C1)C,failed,0,
[NH3]C(CC(O)=O)C(O)=O,O=N(=O)[O],hydrate,3,YUFKUF
Oc1ccc(CCC(=O)CC2OC(C3C(CC(=O)CCc4ccc(O)cc4)OC(C23)c2ccc(O)cc2)c2ccc(O)cc2)cc1,c1ccncc1,cocrystal,2,EVULUF
OC(=O)C(Cl)Cl,CC1=CC=C(C=C1)C(O)=O,failed,0,
Oc1ccc(CC(=O)[O])cc1,Nc1[nH]c(N)c(cc1)N=Nc1ccccc1,salt,1,KEBJUY
O=N(=O)[O],CC(C)(C)c1cc[n](cc1)c1cc(O)c(O)cc1C(N1C=CC(=N1)C(C)(C)C)N1C=CC(=N1)C(C)(C)C,hydrate,3,WEQFEF
OC(=O)C1=CC=CC=C1,NC(=O)C1=CC(=CC=C1)O,failed,0,
[NH3]Cc1ccccc1Cl,CSP(=O)([O])OP(=O)([O])SC,salt,1,IZEFIE
OC(CC(O)=O)C(O)=O,OC(=O)C1=CC=CC=C1[N+](=O)[O-],failed,0,
NC1=CC=C(C=C1)S(=O)(=O)NC1=NC=CS1,NC1=CC=C(C=C1)C(O)=O,failed,0,
OC(=O)CCCCC(O)=O,OC(=O)C1=CC=CC=C1,failed,0,
[NH2]1CCOCC1,Clc1c(Cl)c(Cl)c([O])c(Cl)c1Cl,hydrate,3,GOJNIC
CC1=CC(=CC=C1)C(O)=O,OCC(O)C1OC(=O)C(=C1O)O,failed,0,
OC(=O)c1cc(cc(C(O)=O)c1c1c(cc(cc1C(=O)[O])N(=O)=O)C(O)=O)N(=O)=O,[nH]1cccc2ccc3cccnc3c12,solvate,3,TAKKID
O=[N+]([O-])C1=CC(=CC=C1)[N+](=O)[O-],C1C2=CC=CC=C2C2=CC=CC=C12,failed,0,
c1ccccc1,COC(=O)C1CC2N(C(C)=O)c3ccccc3CC32CCN(C3C1C(=O)N1CCOC1=O)S(=O)(=O)c1ccc(OC)cc1,cocrystal,2,RAXTOC
O=C(C[n]1ccccc1)OC1CCCCC1,F[P](F)(F)(F)(F)F,salt,1,RIJCEU
OC(=O)c1cc(cc(c1)C(O)=O)C(O)=O,c1cc2ccc3cccc4ccc(c1)c2c34,solvate,3,UCUKUY
CCC1=NNC(S1)=NC1=[NH]N=C(CC)S1,OS(=O)(=O)[O],salt,1,HIBZIF
F[P](F)(F)(F)(F)F,CC1=N[N]2(CCCCC2)c2ccccc12,salt,1,FIQDUH
[nH]1ccc(cc1)c1cc[nH]cc1,O=C([O])Cc1ccc(CC(=O)[O])cc1,salt,1,BUDVAY
Nc1cc[n](Cc2ccccc2)cc1,N#CC(C#N)=C1C=C[C](C=C1)=C(C#N)C#N,salt,1,QOJCOI
[O][n]1ccc(cc1)c1ccccc1,Fc1c(F)c(I)c(F)c(F)c1I,cocrystal,2,DAWSIG
CC(C)C(C)C=CC(C)C1CCC2C(CCCC12C)=CC=C1CC(O)CCC1=C,CC(C)CCCC(C)C1CCC2C(CCCC12C)=CC=C1CC(O)CCC1=C,cocrystal,2,NAHMUH
OC(=O)CC(=O)[O],Nc1[nH]cnc(N)c1,hydrate,3,BELGOR
OC(c1cccc2ccccc12)(c1cccc2ccccc12)c1cccc2ccccc12,c1ccccc1,cocrystal,2,WELZUJ
N#CC(C#N)=C1C2=NSN=C2C(C2=NSN=C12)=[C](C#N)C#N,C=C[c]1ccccc1C=C,salt,1,HEJHAF
[NH3]C(CCSC)C(O)=O,OC(=O)C(=O)[O],salt,1,ZATJUD
CC12CCC3C(CCC4=C3C=CC(=C4)O)C1CCC2O,OC1=CC=C(Br)C=C1,failed,0,
NC(=O)C1=NC=CN=C1,OC(C(O)C(O)=O)C(O)=O,failed,0,
C1=CC=C(C=C1)C(C1=CC=CC=C1)C1=CC=CC=C1,C1=CC=C(C=C1)C1=CC=CC=C1,failed,0,
Oc1ccc(Cl)cc1Sc1cc(Cl)ccc1O,C(Cc1ccncc1)c1ccncc1,cocrystal,2,DATQOF
Fc1c(F)c(I)c(F)c(I)c1F,Cc1cncc(C)c1,cocrystal,2,WIHDOJ
Cc1ccc(cc1)S(=O)c1cc2CCc3ccc(CCc1cc2)c(Br)c3,Cc1ccccc1,cocrystal,2,EQUREO
N#Cc1cc(C#N)c(cc1C#N)C#N,COc1ccc(cc1)C(=Cc1ccc2ccc3cccc4ccc1c2c34)C#N,cocrystal,2,NIJMAX
c1cc(ccn1)c1ccncc1,OC(=O)CC(CC(O)=O)C(O)=O,cocrystal,2,XUNHAP
O=C([O])c1ccc(cc1)C(=O)[O],[NH3]CCCC[NH3],salt,1,VIGRUY
CC1=NCC[NH2]C(C)(C)CC(=NCC[NH2]C(C)(C)C1)C,O=[Cl](=O)(=O)[O],salt,1,TUMQAU
CCOC(=O)C1=C(C(=O)C(=O)C1=P(c1ccccc1)(c1ccccc1)c1ccccc1)C(=O)c1ccc(C)cc1,Cc1ccccc1,cocrystal,2,BOJQOG
N#CC1=NN=N[N]1,CCCC[P](C)(CCCC)CCCC,salt,1,FEWDOD
C1=CC=C2C(=C1)C1=CC=CC3=C1C2=CC=C3,C1C2=CC=CC=C2C2=CC=CC=C12,failed,0,
NC(N)=[NH2],O=C([O])c1ccc(cc1)C(=O)[O],hydrate,3,UJODAZ
CC1=CC=C(O1)C=NNC(N)=[NH2],O=N(=O)[O],hydrate,3,CAZMEZ
OC(=O)C1=CC=C(C=C1)C#N,COC1=CC(=CC(=C1)OC)C(O)=O,failed,0,
OC(=O)CCCC(O)=O,OC(=O)CCCCCC(O)=O,failed,0,
C1CN2CCN1CC2,Cc1cc(C)nc(NS(=O)(=O)c2ccc(N)cc2)n1,cocrystal,2,VIPXOJ
FC(F)(F)S(=O)(=O)[O],[H]1[N]23CCCCCN1(CCCC2)CCC3,salt,1,GERZUY
COC1=C(C)C(=O)C2=C(C(COC(N)=O)C3(OC)C4C(CN23)N4S(=O)(=O)c2ccc(Br)cc2)C1=O,c1ccccc1,cocrystal,2,BRBSMA10
Clc1ccccc1Cl,COc1cc2c3Nc4c5ccccc5c5Nc6c7cc(OC)c(OC)cc7c7Nc8c9ccccc9c9Nc(c2cc1OC)c1c9c8c7c6c5c4c31,solvate,3,OMIRIO
[NH3]c1ccccc1N,OP(O)(=O)[O],salt,1,SAYWAQ
Fc1c(I)c(F)c(I)c(F)c1I,O=C1CCSCC1,cocrystal,2,NERSEM
O=C1CCCCCN1C(=O)NCCN(Cc1ccccc1)C(=O)C=CC(=O)N(CCNC(=O)N1CCCCCC1=O)Cc1ccccc1,O=C1NCc2ccc(CNC(=O)c3cccc(c3)C(=O)NCc3ccc(CNC(=O)c4cccc1c4)cc3)cc2,solvate,3,OJUZOI
OC(=O)C1=CC=CC=C1,O=C(C1=CC=CC=C1)C(=O)C1=CC=CC=C1,failed,0,
O=C1CCCC(=O)N1,OC(=O)C1=CC(=CC=C1)O,failed,0,
OC(=O)C1=CC=CC=C1Cl,OC(=O)C1=CC=CC=C1O,failed,0,
[OH3],Oc1ccc(cc1)N=Nc1ccc(cc1S(=O)(=O)[O])N(=O)=O,hydrate,3,MUTJOD
O=C1C2=CC=CC=C2C2=CC=CC=C12,N1C2=CC=CC=C2C2=CC=CC=C12,failed,0,
O=N(=O)[O],CSC(N)=[NH]N,salt,1,DITRAZ
OC(=O)c1cc(Br)c(C#N)c(Br)c1,c1ccc2cc3ccccc3cc2c1,cocrystal,2,JELVAA
Oc1ccc(O)c(c1)C(=O)[O],Nc1[nH]cccc1N(=O)=O,hydrate,3,PEKQUT
NC(=O)C1=CC(=CC=C1)N,CN1C=NC2=C1C(=O)N(C)C(=O)N2C,failed,0,
O=C1OC(=O)c2cc3C(=O)OC(=O)c3cc12,c1ccc2cc3cc4ccccc4cc3cc2c1,cocrystal,2,FILHOX
OC(=O)CCSCCC(O)=O,NC(=O)C1=CC=CC=C1[N+](=O)[O-],failed,0,
O=C([O])C1[NH2]CCC1,COc1ccc2nccc(C(NC(=S)Nc3cc(cc(c3)C(F)(F)F)C(F)(F)F)C3CC4CCN3CC4C=C)c2c1,solvate,3,DUKJUP
NC1=NC(=O)N(C=C1F)C1CSC(CO)O1,Cc1ccc(cc1)C(O)=O,hydrate,3,AFIYEX
NC(=O)NC(N)=O,NC1=NC(=O)NC=C1F,solvate,3,MECWUO
NC(CCC(O)=O)C(O)=O,NC(=O)C1=CC=C(N)C=C1,failed,0,
CC1=C(C)SC(S1)=C1SC(=C(S1)P(O)(=O)[O])C,[NH3]c1ccccc1,salt,1,NAKVIE
IC(I)=C(I)I,[O][n]1ccnc2ccccc12,cocrystal,2,TOKWID
c1ccc2nc3ccccc3nc2c1,Cc1cc(O)cc(O)c1,cocrystal,2,EWARIE
[NH3]C(C)c1ccccc1,OP(O)(=O)[O],salt,1,GOLGIX
O=N(=O)c1cc(c([O])c(c1)N(=O)=O)N(=O)=O,CC1CCC2Nc3ccccc3C=[N]2C1,salt,1,PYQAZP
CCCC[N](CCCC)(CCCC)CCCC,ClP1(=NP(=NP(=N1)(Cl)[O])(Cl)Cl)Cl,salt,1,SENDOE
C[N](C)(C)c1ccccc1,Cl[I](Cl)(Cl)Cl,salt,1,PITSEU
[NH3]CCc1ccc(O)cc1,OC(C(=O)[O])c1ccccc1,salt,1,MEDHOU
Nc1ccc(cc1)C(O)=O,NC(=O)c1cnccn1,cocrystal,2,VUTNAB
OC(=O)C1CCC(CC1)CN1C(=O)c2ccccc2C1=O,c1ccc2ncccc2c1,cocrystal,2,WISSAU
COC(=O)C#CC(=O)OC,C1COCCOCCOCCOCCOCCO1,cocrystal,2,CRPACX10
COc1ccc2ccccc2c1C1=C(Br)C(=O)N(CC(C)(C)C)C2=C1CCCC2,c1ccccc1,cocrystal,2,XUFMAN
FC(F)(F)S(=O)(=O)[O],C[n]1c(C)c2ccccc2c2ccccc12,salt,1,TEJTEH
[NH2]1CCCCC1,Oc1ccc(cc1)C(=O)[O],salt,1,PIPHBZ
Clc1c(Cl)c(Cl)c(Cl)c(Cl)c1Cl,Brc1ccc(Oc2nc(Oc3ccc(Br)cc3)nc(Oc3ccc(Br)cc3)n2)cc1,cocrystal,2,WITGAH
[NH3]Cc1ccccc1OC,O=C([O])C=CC=CC(=O)[O],salt,1,LAYGUN
O=[Cl](=O)(=O)[O],NC(=O)c1cc[nH]cc1,salt,1,XOZWAL
OC(C(=O)[O])c1ccc2ccccc2c1,[NH3]C(C)c1ccc(OC)cc1,salt,1,MEGWEA
CCN1C=C[N](=C1)C,FC1(F)C(F)(F)S(=O)(=O)[N]S(=O)(=O)C1(F)F,salt,1,FEYHIE
COC1=CC=CC(=C1)C(N)=O,CCCCCCCC(O)=O,failed,0,
c1cc(ccn1)C=Nc1ccc(cc1)N=Cc1ccncc1,Oc1cc(O)cc(O)c1,cocrystal,2,SETRUI
[NH2]=C1Nc2ccccc2S1,Nc1ccc(cc1)S(=O)(=O)[O],hydrate,3,QACKEO
CN1C=C([N](=C1C)CCO)N(=O)=O,O=[Cl](=O)(=O)[O],salt,1,TACJEQ
CC1=CC=CN(C1=O)C(=NO)C(C)=NO,Cc1cccnc1N,cocrystal,2,DOCWUN
NC(N)=O,NC(=O)C1=CC(=CC=C1)N,failed,0,
OC(=O)C1C(C(C1C(O)=O)C(O)=O)C(O)=O,c1cc(ccn1)C1C(C(C1c1ccncc1)c1ccncc1)c1ccncc1,cocrystal,2,CEVQAX
[NH3]c1ccc(Cc2ccc([NH3])cc2)cc1,O=C([O])c1cc(cc(c1)N(=O)=O)N(=O)=O,hydrate,3,COBNOX
OC(=O)C(O)=O,c1cc(ccn1)c1ccncc1,cocrystal,2,XEZDIQ
C1COCCOCCOCCOCCOCCO1,OC(=O)c1cc(cc(c1)N(=O)=O)C(O)=O,hydrate,3,KOTGAE
CC1=[N]([O])ON=C1C=NNC1=NN=N[N]1,[NH4],hydrate,3,QUDKAE
CCc1[nH]c(N)nc(N)c1c1ccc(Cl)cc1,Cc1cccc(C(=O)[O])c1O,salt,1,PAKROM
Oc1ccc(cc1)N=Nc1ccc(cc1)C(O)=O,Cc1cc(C)nc(NS(=O)(=O)c2ccc(N)cc2)n1,hydrate,3,RONBAA
C1C2=CC=CC=C2C2=CC=CC=C12,OC1=C(C=C(C=C1)[N+](=O)[O-])[N+](=O)[O-],failed,0,
Fc1c(F)c(F)c(c(F)c1F)C(=O)[O],Nc1[nH]cccn1,salt,1,MOYZOR
OC(=O)CCCCC(O)=O,OC(=O)CCCCCC(O)=O,failed,0,
NC1=CC=CC=C1C(O)=O,OC(=O)CCSCCC(O)=O,failed,0,
CN(C)c1ccncc1,NC1=Nc2ccc(OC(F)(F)F)cc2S1,cocrystal,2,NAQPUT
OC(=O)CNC(=O)C(=O)NCC(O)=O,c1cc(ccn1)C#CC#Cc1ccncc1,cocrystal,2,SAYNOW
CCCCCCCC(O)=O,COC1=CC=CC=C1C(N)=O,failed,0,
CN1C=NC2=C1C(=O)NC(=O)N2C,OC(=O)c1cccc(O)c1,cocrystal,2,POQHEL
O=[N+]([O-])C1=CC(=CC=C1)[N+](=O)[O-],NC1=CC(=CC=C1)N,failed,0,
O=S(=O)([O])c1cc(c2ccc3c4c(ccc1c24)c(cc3S(=O)(=O)[O])S(=O)(=O)[O])S(=O)(=O)[O],CCCCC[n]1c2ccccc2c(c2ccccc12)c1c2ccccc2[n](CCCCC)c2ccccc12,solvate,3,FASSIF
CC[NH](CC)CC,Oc1c2Cc3cccc(Cc4cccc(Cc5cccc(Cc1ccc2)c5O)c4[O])c3O,salt,1,AFEBES
[NH3]C(C)c1ccccc1,CC(NC(=O)C(=O)[O])c1ccccc1,salt,1,YELQAH
CC(C(O)=O)c1ccc2Sc3ccccc3C(=O)Cc2c1,NC(=O)c1cccnc1,cocrystal,2,FAGJUW
c1cc2ccc3cccc4ccc(c1)c2c34,Brc1cc2C(=O)OC(=O)c2cc1Br,cocrystal,2,EHESUF
CC1=CC=CC=C1C(O)=O,O=C1CCCN1,failed,0,
O=N(=O)[O],NC(=[NH2])NN=CC1=CC=CN1,hydrate,3,OWEZEY
Nc1ccc(cc1)C(=O)[O],OC(=O)C1=CN(C2CC2)c2cc(N3CC[NH2]CC3)c(F)cc2C1=O,hydrate,3,PUNMIX
CN(C)C(=O)[O],CC(C)NC(=[NH]C(C)C)N(C)C,salt,1,SEPSOZ
[NH3]C1CCC([NH3])CC1,O=C([O])c1ccc(cc1)C(c1ccc(cc1)C(=O)[O])(c1ccc(cc1)C(=O)[O])c1ccc(cc1)C(=O)[O],hydrate,3,SEVLOX
NC(=O)C1=CC=CC=C1,COC1=CC=CC=C1C(N)=O,failed,0,
CC1=CC=CC=C1C(N)=O,CCCCCCCC(O)=O,failed,0,
O=N(=O)c1cc(c([O])c(c1)N(=O)=O)N(=O)=O,[NH3]NC(N)=S,hydrate,3,YIFXUH
C1=CC2=CC3=CC=CC=C3C=C2C=C1,O=[N+]([O-])C1=CC=C(C=C1)[N+](=O)[O-],failed,0,
Fc1c(I)c(F)c(I)c(F)c1I,CNc1ccncc1,cocrystal,2,QICQIG
CCCCCCCC(O)=O,COC1=CC=CC(=C1)C(O)=O,failed,0,
F[P](F)(F)(F)(F)F,CN1C(=O)C[N](CC1=O)=CC=Cc1ccccc1,salt,1,EGOCAG
OC(=O)C1=CC(=CC=C1)[N+](=O)[O-],OC(=O)C1=CN=CC=C1,failed,0,
c1cc(ccn1)C=Cc1ccncc1,COc1ccc(cc1)C(O)=O,cocrystal,2,EYEGIA
NC(CCC(O)=O)C(O)=O,CC1=CC=C(C=C1)C(O)=O,failed,0,
COC1=C(O)C=CC(=C1)C=CC(=O)CC(=O)C=CC1=CC(=C(O)C=C1)OC,NC(=O)C1=CN=CC=C1,failed,0,
Cc1ccc2ccc3ccc(C)nc3c2n1,NC(N)=O,cocrystal,2,AMIMAK
OC(=O)CC(=CC(O)=O)C(O)=O,NC(=O)C1=CC(=CC=C1)[N+](=O)[O-],failed,0,
CC(C)(C)c1ccnc(c1)c1cc(ccn1)C(C)(C)C,Fc1c(F)c(F)c(F)c(F)c1F,cocrystal,2,REZDEG
FC1=C(F)C(C(=C(F)C1=C(C#N)C#N)F)=C(C#N)C#N,O=N(=O)c1cccc(C[n]2ccc3ccccc3c2)c1,salt,1,BODYEA
CC(=O)NC1=CC=C(O)C=C1,OC(CC(O)=O)C(O)=O,failed,0,
[NH3]C(C)c1ccc(C)cc1,OC(C(=O)[O])c1ccc2ccccc2c1,salt,1,MEGWIE
FC(F)(F)S(=O)(=O)[O],C[n]1c2ccccc2c(CBr)c2ccccc12,salt,1,QUQVEF
Cc1c(Cl)cccc1Nc1ncccc1C(O)=O,CN1C(=C([O])c2ccccc2S1(=O)=O)C(=O)Nc1[nH]cccc1,solvate,3,TONHAI
OC1(CC[NH](CC1)CC1=CNc2ccccc12)c1ccc(Cl)cc1,OC(=O)C(=O)[O],hydrate,3,CUQDAU
COC1=CC2=C(C=C1)N(C(=C2CC(O)=O)C)C(=O)C1=CC=C(Cl)C=C1,OC(=O)C1=C(O)C=CC(=C1)O,failed,0,
O=[Cl](=O)(=O)[O],[nH]1ccc(cc1)C1=C(C=C(S1)c1ccccc1)c1ccccc1,salt,1,ZUXBEC
Cc1cc(C)nc(NS(=O)(=O)c2ccc(N)cc2)n1,OC(=O)c1cccc(O)c1,cocrystal,2,PUCSIS
CC1(C)C2CCC1(CS(=O)(=O)[O])C(=O)C2,[nH]1ccc(cc1c1ccccc1c1ccccc1c1[nH]ccc(c1)c1ccc(cc1)c1ccccc1)c1ccc(cc1)c1ccccc1,solvate,3,ASOGAT
COC1=CC=C(C=C1)C(O)=O,OC(=O)C1=CC=C(Cl)C=C1,failed,0,
NC(N)=O,Nc1cccc2C(=O)N(Cc12)C1CCC(=O)NC1=O,cocrystal,2,XODPOX
Cc1c(Cl)cccc1Nc1ccccc1C(=O)[O],CN(C)C(N)=NC(N)=[NH2],salt,1,DIBBOJ
CN(C)c1cc[nH]cc1,Fc1c(F)c([O])c(F)c(F)c1I,salt,1,BIYFIA
CC(C)(C)c1cc(NC(=O)C=Cc2cc(cc(c2)C(C)(C)C)C(C)(C)C)cc(c1)C(C)(C)C,C1CCOc2ccc(COCc3cccc(n3)c3cccc(COCc4ccc(OC1)cc4)n3)cc2,cocrystal,2,FIXREM
c1cc(ccn1)c1ccc(cc1)c1ccncc1,CN(c1cccc(c1)C(O)=O)C(=O)N(C)c1cccc(c1)C(O)=O,cocrystal,2,BIFFUT
OC1=CC=CC=C1[N+](=O)[O-],OC(=O)C1=CC=CC=C1,failed,0,
CN1C=NC2=C1C(=O)N(C)C(=O)N2C,OC(=O)C1=CC=C(C=C1)[N+](=O)[O-],failed,0,
BrC1=CC=C(Br)C=C1,O=[N+]1C=CN([O-])C=C1,failed,0,
C(C1=CC=CC=C1)C1=CC=CC=C1,OC1=C(C=C(C=C1[N+](=O)[O-])[N+](=O)[O-])[N+](=O)[O-],failed,0,
O=[Cl](=O)(=O)[O],C(NCC1=Nc2ccccc2N1)C1=[NH]c2ccccc2N1,salt,1,KESJUO
Oc1ccccc1C(=O)[O],Cc1c[nH]c(N)cc1,salt,1,SUYYIV
OC(=O)CC(C(O)=O)c1ccccc1,O=C([O])C1[NH2]CCC1,cocrystal,2,OFICAL
CSCCSCCN1C=Nc2c(N)[nH]cnc12,O=N(=O)[O],salt,1,TADGAH
c1ccc2nc3ccccc3nc2c1,OC(=O)c1cccc(C(O)=O)c1c1c(cccc1C(O)=O)C(O)=O,hydrate,3,HISRIM
ON=Cc1c[nH]ccc1,O=[Cl](=O)(=O)[O],salt,1,KAPJIY
OC(=O)C=CC(O)=O,CC1=CC(=CC=C1)C(O)=O,failed,0,
OC(CCC1C(N(C1=O)c1ccc(F)cc1)c1ccc(O)cc1)c1ccc(F)cc1,N1C=CN=C1,cocrystal,2,QOQBIJ
NNC(=[NH2])NN,O=N(=O)N=C1NN=C2N1N=C([N]N(=O)=O)N2[N]N(=O)=O,salt,1,DUDMUN
N1=N[C](N=N1)N=N[C]1N=NN=N1,C[N]1=C(N)N(N)C(=N1)N,hydrate,3,GOCHUC
CC1=CC2=C(C=C1C)N(CC(O)C(O)C(O)CO)C1=NC(=O)NC(=O)C1=N2,NC1=CC=CC(=C1)C(O)=O,failed,0,
OC(=O)C(O)=O,O=S1CCS(=O)CC1,hydrate,3,OGAHIN
NC(=O)N1C2=CC=CC=C2C=CC2=CC=CC=C12,OC(=O)C=CC(O)=O,failed,0,
O=P1(c2ccccc2)c2cccc3cccc(c4ccncc14)c23,Fc1c(F)c(I)c(F)c(F)c1I,cocrystal,2,OXEDED
Cc1cc(C)c(c(C)c1)S(=O)(=O)[O],NC(N)=[NH2],salt,1,NOGJOI
OC1=C(Cl)C(=O)C(=C(Cl)C1=O)O,Nc1ccc(cc1)N(=O)=O,cocrystal,2,NAMZOT
NC1=CC(=CC=C1)N,NC(=O)C1=CC=CC=C1,failed,0,
CN1C=NC2=C1C(=O)N(C)C(=O)N2C,Nc1ccc(cc1I)N(=O)=O,cocrystal,2,LATFUJ
OC(=O)C1=CC=CC=C1,OC1=CC=CC=C1[N+](=O)[O-],failed,0,
C1CCC(C(C1)N(CC1=[NH]c2ccccc2N1)CC1=Nc2ccccc2N1)N(CC1=[NH]c2ccccc2N1)CC1=Nc2ccccc2N1,O=[Cl](=O)(=O)[O],hydrate,3,KATJOF
Nc1[nH]cc(Cl)cc1,ClI(Cl)(=O)[O],salt,1,HODZOT
Nc1ccc(cc1)S(=O)(=O)[N]C1=NC=CS1,C1CN2CC[NH]1CC2,salt,1,DOWPUC
OC(=O)C(O)=O,c1cc(ccn1)N=Nc1ccncc1,cocrystal,2,UMINAF
CC1=NC=C(CO)C(=C1O)CO,NC(=O)C1=CC=C(F)C=C1,failed,0,
N#CC(C#N)=C1SC(c2nccnc12)=C(C#N)C#N,S1C=CSC1=C1SC=CS1,cocrystal,2,PUMVOI
OC1=CC2=C(c3ccccc3)c3cc(O)c([O])cc3OC2=CC1=O,c1ccc(cc1)[P](c1ccccc1)(c1ccccc1)c1ccccc1,solvate,3,SOVNIB
CCCCCCCC(O)=O,OC(=O)C1=CC=CC=C1O,failed,0,
c1cncnc1,Nc1ccc(C(O)=O)c(O)c1,cocrystal,2,LACTAN
Cc1ccc(C)cc1,c1ccc(cc1)c1ccc(c2ccccc2)c2C#CC#Cc3c(ccc(c4ccccc4)c3C#CC#Cc12)c1ccccc1,cocrystal,2,MIWVIZ
Oc1cccc(O)c1,CCCOc1ccc(cc1)N=Nc1ccncc1,cocrystal,2,EDAYIU
Clc1cccc(N2CCN(CCCCOc3ccc4CCC(=O)Nc4c3)CC2)c1Cl,Oc1ccc(O)cc1,cocrystal,2,KAHRIX
OC(=O)Cc1cccc2ccccc12,C1CCNCC1,cocrystal,2,TIHPAC
O=C1CCCN1,CC1=CC=CC=C1C(O)=O,failed,0,
OC(=O)c1cccc(c1C(O)=O)N(=O)=O,CC1=NC=CN1,cocrystal,2,POPCEG
O=C1CCCCN1,NS(=O)(=O)c1cc(C(O)=O)c(NCC2=CC=CO2)cc1Cl,hydrate,3,NOLBIC
NC(=O)C1=CN=CC=C1,COC1=CC=CC(=C1)C(N)=O,failed,0,
[H]1N(C)(C)c2cccc3cccc(c23)N1(C)C,Nc1c(cc(c2c(cc(c([NH])c12)N(=O)=O)N(=O)=O)N(=O)=O)N(=O)=O,salt,1,SIBQID
CC(=O)N1C=C(C)c2ccccc12,O=N(=O)c1cc(cc(c1)N(=O)=O)N(=O)=O,cocrystal,2,ASKNBZ
COC1=CC=C(C=C1)C(O)=O,NC(N)=O,failed,0,
OC(=O)CCCCCC(O)=O,NC1=NC=C(Br)N=C1Br,failed,0,
NC1=NC=C(Br)N=C1Br,OC(=O)CC(O)=O,failed,0,
Cc1ccccc1,OC(CC(c1ccc(Br)cc1)P(=O)(c1ccccc1)c1ccccc1)P(=O)(c1ccccc1)c1ccccc1,hydrate,3,VIGTOV
CC(=O)c1ccccc1Cl,CC(CCC(O)=O)C1CCC2C3C(O)CC4CC(O)CCC4(C)C3CC(O)C12C,cocrystal,2,RABJUV
[OH3],OC(=O)c1cc(C(O)=O)c(C(O)=O)c(c1C(O)=O)c1c(C(O)=O)c(cc(C(O)=O)c1C(=O)[O])C(O)=O,hydrate,3,SAJJET
CC(C)N(CCN1C=C[N](=C1)C)C(C)C,F[P](F)(F)(F)(F)F,salt,1,LIQNAB
c1ccc2nccnc2c1,CC(=NO)C(C)=NNC(N)=S,hydrate,3,BOPGIY
CC12C[NH]3C[NH](C1)CC(C)(C3)C2,I[I]I,hydrate,3,UPOJAN
[nH]1ccccc1c1nc(nc(n1)c1ccccn1)c1ccccn1,O=S(=O)([O])c1cccc2c1cccc2S(=O)(=O)[O],hydrate,3,ZOSMED
CNC(C)=O,OC(C1OC2(CCCCC2)OC1C(O)(c1ccccc1)c1ccccc1)(c1ccccc1)c1ccccc1,cocrystal,2,ANOPUP
C(N1C=Nc2ccccc12)c1cccnc1,OC(=O)c1ccc(O)cc1,cocrystal,2,CIRNAU
C(N1C=CN=C1C1=NC=CN1CC1=CC=CC=C1)C1=CC=CC=C1,OC(=O)CCCCCCCC(O)=O,failed,0,
O=Cc1cccc2cccc(C(=O)[O])c12,CN(C)C(=[NH2])N(C)C,salt,1,XAHKID
O=N(=O)[N]C1=NC(=NN1)[C](N(=O)=O)N(=O)=O,NNC(N)=[NH]N,hydrate,3,MEDDIL
[NH2]1CCNCC1,O=N(=O)[O],salt,1,DATFIO
NC(=O)C1=CC(=CC=C1)F,NC(CCC(O)=O)C(O)=O,failed,0,
Cc1ccc(cc1)C(=O)C(=[N]=[N])[S]1c2ccccc2c2ccccc12,FC(F)(F)S(=O)(=O)[O],solvate,3,LOLDEZ
OC(=O)c1cc(cc(c1)C(=O)[O])C(O)=O,C[N](C)(C)C,hydrate,3,MIXCUS
C1CCN(C1)c1cc[nH]cc1,O=C1[N]S(=O)(=O)c2ccccc12,salt,1,UMAXUD01
CN1C(=O)N(C)C2=C([NH]=CN2)C1=O,O=[Cl](=O)(=O)[O],salt,1,VURNAY
O=S(=O)([N]S(=O)(=O)c1ccccc1)c1ccccc1,F[P](c1ccccc1)(c1ccccc1)c1ccccc1,solvate,3,ZAJDAT
[NH4],CC(C)(C)C(=O)Nc1cccc(NC(=O)C(C)(C)C)c1C(=O)[O],salt,1,SAJCOW
[NH3]c1ccccc1,OP(=O)([O])C(c1ccccc1)P(O)(=O)[O],salt,1,PUZVUC
C1=NN=CN1N=NN1C=NN=C1,O[I](O)(O)(O)(O)=O,cocrystal,2,AQEZOO
C1C2=CC=CC=C2C2=CC=CC=C12,C1CC2=CC=CC3=C2C1=CC=C3,failed,0,
CN(C)c1cc[nH]cc1Cl,FC(F)(F)S(=O)(=O)[O],salt,1,AREJUF
CC1=C(C=C(C=C1)[N+](=O)[O-])[N+](=O)[O-],CC1=C(C=C(C=C1[N+](=O)[O-])[N+](=O)[O-])[N+](=O)[O-],failed,0,
COC1=CC=C(C=C1)C(O)=O,O=C1CCCN1,failed,0,
O=[Cl](=O)(=O)[O],COc1ccccc1[NH]1CC[NH2]CC1,hydrate,3,KICNIX
CC[NH](CC)CC,Cc1cc(C)cc(OP(=S)([S])Oc2cc(C)cc(C)c2)c1,salt,1,WECVEI
OC(=O)C1=CC=C(O)C=C1,COC1=CC2=C(C=C1)N(C(=C2CC(O)=O)C)C(=O)C1=CC=C(Cl)C=C1,failed,0,
CC[n]1ccc(cc1)C=Cc1ccc(C=Cc2cc[n](CC)cc2)cc1,Cc1ccc(cc1)S(=O)(=O)[O],salt,1,ANIPIX
O=S(=O)([O])C(S(=O)(=O)[O])S(=O)(=O)[O],[NH4],hydrate,3,AXOBEW
OC(=O)CCCCCCCC(O)=O,OC(=O)CCCCCCC(O)=O,failed,0,
Fc1c(I)c(F)c(I)c(F)c1I,C(N1C=CN=C1C1=NC=CN1Cc1ccccn1)c1ccccn1,cocrystal,2,EFUGAP
OC(=O)CCSCCC(O)=O,CC1=CC=C(C=C1)C(O)=O,failed,0,
OC(=O)CC(=CC(O)=O)C(O)=O,NC(=O)C1=CC=C(C=C1)[N+](=O)[O-],failed,0,
OC(=O)CC(O)=O,OC(=O)CCC(O)=O,failed,0,
COc1cc(OC)nc(N)n1,Cc1ccc(cc1)S(O)(=O)=O,hydrate,3,MOCCUE
OC(=O)c1ccc(cc1)N(=O)=O,CC(C)=NNC(=O)c1ccncc1,cocrystal,2,XOPYEJ
O=N(=O)[O],CN1C(=[NH]C(=C1I)I)I,salt,1,RASNOS
II,c1ccc(nc1)c1nc(c2ccccn2)c(nc1c1ccccn1)c1ccccn1,cocrystal,2,DARZAY
COC(C(C=C)C(C)C(O)C(C)C)c1ccccc1,Oc1ccccc1,cocrystal,2,PEHGIT
C1CC2=CC=CC3=C2C1=CC=C3,ClC1=CC(=CC=C1)Cl,failed,0,
[N]=[N]=[N],C[N]1=C(N)N(N)C(=N1)N,salt,1,GOCJAK
C1CCC2(CC1)C=Cc1[cH]c3C=CC4(CCCCC4)c3ccc21,O=[Cl](=O)(=O)[O],solvate,3,EGAZUH
NC(N)=O,OC(=O)C1=CC(=CC=C1)F,failed,0,
CC(CC(O)=O)C(O)=O,CCC(N1CCCC1=O)C(N)=O,cocrystal,2,YAMQAH01
Oc1ccccc1O,c1cc(ccn1)c1ccncc1,cocrystal,2,JUMVEU
OC(=O)C12CC3(CC(C1)(CC(C2)(C3)C(=O)[O])C(O)=O)C(O)=O,C1[NH]2CN3CN1CN(C2)C3,salt,1,KAQGAM
OC(=O)C1=CC2=CC=CC=C2C=C1O,CC12CCC3C(CCC4=C3C=CC(=C4)O)C1CCC2O,failed,0,
OC(=O)c1c(F)cc(F)cc1F,CN1C(=O)N(C)C2=C(NC=N2)C1=O,cocrystal,2,OPULES
OC(CC(O)=O)C(O)=O,NC(=O)N1C2=CC=CC=C2C=CC2=CC=CC=C12,failed,0,
c1ccc(nc1)c1ccccn1,Fc1c(F)c(c(F)c(F)c1I)c1c(F)c(F)c(I)c(F)c1F,cocrystal,2,OZEFOR
O=C([O])c1ccccc1SSc1ccccc1C(=O)[O],Nc1[nH]cccc1,hydrate,3,CABNIE
[NH3]c1ccc(C)cc1,OC(=O)c1cc(C(O)=O)c(cc1C(O)=O)C(=O)[O],hydrate,3,TOPSAW
[NH3]C,O=C([O])CNC(=O)C(=O)NCC(=O)[O],hydrate,3,XOXPAC
COC1=CC=CC=C1C(O)=O,OC(=O)CC(=CC(O)=O)C(O)=O,failed,0,
OCC1=CC#CC#CC=C(CO)C#CC#CC(=CC#CC#CC=C(CO)C#CC#C1)CO,O=C(NCc1ccncc1)C(=O)NCc1ccncc1,cocrystal,2,EMACOM
OC(=O)C1=CC=CC=C1[N+](=O)[O-],CC1=CC2=C(C=C1C)N(CC(O)C(O)C(O)CO)C1=NC(=O)NC(=O)C1=N2,failed,0,
NC1=CC=CC(=C1)C(O)=O,NC(N)=O,failed,0,
C[NH2]C(C)C(O)c1ccccc1,OC(CC(O)=O)C(=O)[O],salt,1,GEHKEK
O=C1NC(=O)C=C1,OC(=O)C1=CC(=CC=C1)O,failed,0,
OC1=CC=CC=C1C(=O)OC1=CC=CC=C1,CCN(CC)CC(=O)NC1=C(C)C=CC=C1C,failed,0,
CCCCCCN1C=C[N](=C1)CCCNC(=O)CP(=O)(c1ccccc1)c1ccccc1,F[P](F)(F)(F)(F)F,salt,1,HUVPEU
OC(=O)C1=CC=C(Cl)C=C1,OC(=O)C1=CC=CC=C1,failed,0,
OC(=O)C=CC(O)=O,OC(=O)C1=CC=C(C=C1)[N+](=O)[O-],failed,0,
Cc1ccccc1,O=C1CCC(=O)N1C(Nc1ccccc1)c1ccccc1,cocrystal,2,KEQYAI
OC(=O)C1=CC=CC=C1O,CC1=C(C=C(C=C1)[N+](=O)[O-])[N+](=O)[O-],failed,0,
N1C=[NH]C=C1,OC(C(O)C(O)C(=O)[O])C(O)C(=O)[O],hydrate,3,SUZYAO
Cc1[nH]c(N)nc(C)c1,O=C1NC(=O)[CH]C(=O)N1,hydrate,3,GIGQOD
COC1=C(O)C=CC(=C1)C=CC(O)=O,COC1=C(O)C=CC(=C1)C=CC(=O)CC(=O)C=CC1=CC(=C(O)C=C1)OC,failed,0,
OC(=O)[O],CC[N](CC)(CC)CC,hydrate,3,ACIKIH
Oc1ccc(F)cc1,O=C1C=CC(=O)C=C1,cocrystal,2,PUHXIC
O=N(=O)N1C2C3N(C4C1N(C(C(N2N(=O)=O)N3N(=O)=O)N4N(=O)=O)N(=O)=O)N(=O)=O,CCOC(=O)C(=O)OCC,cocrystal,2,CUMJOM
C1CCOc2ccc(CCCc3cccc(n3)c3cccc(CCCc4ccc(OC1)cc4)n3)cc2,CC(C)(C)c1cc(NC(=O)C=Cc2cc(cc(c2)C(C)(C)C)C(C)(C)C)cc(c1)C(C)(C)C,cocrystal,2,FIXRAI
F[P](F)(F)(F)(F)F,CCOC(=O)C[N]12CN3CN(CP(C3)C1)C2,salt,1,POBCOA
C[N](C)(C)C,OCC([NH]=C(c1ccccc1O)c1ccccc1[O])C(=O)[O],solvate,3,QOQNOA
Oc1ccc2ccccc2c1c1c(O)ccc2ccccc12,COC(C(OC)C(=O)N(C1CCCCC1)C1CCCCC1)C(=O)N(C1CCCCC1)C1CCCCC1,cocrystal,2,KABNAC
c1ccc2cc3ccccc3cc2c1,Fc1c(F)c(N=Nc2c(F)c(F)c(I)c(F)c2F)c(F)c(F)c1I,cocrystal,2,WOBPIQ
NC(CCC(O)=O)C(O)=O,NC(=O)C1=CC(=CC=C1)N,failed,0,
CN1C=NC2=C1C(=O)N(CCCCC(C)=O)C(=O)N2C,NS(=O)(=O)c1cc(C(O)=O)c(NCC2=CC=CO2)cc1Cl,hydrate,3,FEFYEW
OC(=O)c1cc(O)c(O)c(O)c1,O=C1C=CNC=C1,hydrate,3,XUMHUL
OCC(O)C1OC(=O)C(=C1O)O,NC(=O)C1=CC=CC=C1[N+](=O)[O-],failed,0,
OC(=O)c1cc(O)ccc1O,CN1C(=C(O)c2ccccc2S1(=O)=O)C(=O)Nc1ccccn1,cocrystal,2,TUFNUF
[NH3]C(C)c1ccc(CC)cc1,CCOP([O])(=S)c1ccccc1,salt,1,RIDTUU
C1CCN(CC1)C1=CC2=NC3(CCCCC3)N=C2C=C1N1CCCCC1,C1CCC2(CC1)Nc1ccccc1N2,cocrystal,2,HBIPSH
O=Cc1c2ccccc2cc2ccccc12,CCC1c2cc(C(CC)c3cc(C(CC)c4cc(C(CC)c5cc1c(O)c(O)c5O)c(O)c(O)c4O)c(O)c(O)c3O)c(O)c(O)c2O,solvate,3,DUKTIO
O=N(=O)[O],NC1=[NH]c2c(N1)c1ccccc1c1ccccc21,hydrate,3,HACWEQ
CC1(C)C2CCC1(CS(=O)(=O)[O])C(=O)C2,CCC[NH2]CCC,salt,1,UJUTIE
OC(C1OC2(CCCC2)OC1C(O)(c1ccccc1)c1ccccc1)(c1ccccc1)c1ccccc1,CN(C(=O)C1=CCCCC1)c1ccccc1,cocrystal,2,WOTZAG
O=N(=O)C1=C(C(=NN1)N(=O)=O)C1=C([N]N=C1N(=O)=O)N(=O)=O,CC1=C(C(=[NH]N1)C)C1=C(C)NN=C1C,hydrate,3,FUFDUI
OC(=O)c1ccccc1O,CN(C)c1ccc(cc1)C(=NNC(=O)c1ccncc1)c1ccccc1,cocrystal,2,YUJKAR
Oc1ccc(O)c(c1)C(=O)[O],Cc1c[nH]cc(C)c1,salt,1,PEKPOM
OCC(O)C1OC(=O)C(=C1O)O,OC(=O)C1=CC=C(C=C1)[N+](=O)[O-],failed,0,
F[P](F)(F)(F)(F)F,C[P]1(CCC(C)(C)c2ccccc12)c1ccccc1,salt,1,HMPPOS
OC(=O)c1ccc(cc1)N(=O)=O,NC(N)=NS(=O)(=O)c1ccc(N)cc1,cocrystal,2,MIGFOB
C1=CC=C2C(=C1)C=CC1=CC=CC=C21,OC(=O)C=CC1=CC=CC=C1,failed,0,
O=C1C(=O)C(=C1[O])[O],[NH3]C(C)c1ccccc1,hydrate,3,BEPCUX
c1ccc2cnccc2c1,OC(=O)c1ccccc1SSc1ccccc1C(O)=O,cocrystal,2,AYILEB
OC(=O)CCl,COC1=C(O)C=CC(=C1)C=O,failed,0,
Cc1cc(C)c([N]#Cc2ccccc2)c(C)c1,FC(F)(F)S(=O)(=O)[O],salt,1,XONZUX
CN1C=C[N](=C1)CC1CCCCC1,Cc1ccc(cc1)S(=O)(=O)[O],salt,1,MAPSON
NC(=O)C1=CC=C(N)C=C1,OCC(O)C1OC(=O)C(=C1O)O,failed,0,
N1C=NC=N1,N1N=CN=N1,failed,0,
CC(C)CC(NS(=O)(=O)C(F)(F)F)C(O)=O,CC(C)(C)c1cc2N=C(Nc3cc(Cl)cc4CC5Cc6ccccc6C(O)C5(Oc34)C(=O)Nc3ccccn3)Oc2c(c1)C(C)(C)C,cocrystal,2,ATICIP
COc1ccc2CC[NH](C)CCc3cc(OC)c(OC)cc3c2c1,O=[Cl](=O)(=O)[O],salt,1,QECMAP
[NH3]C(c1ccccc1)(c1ccccc1)c1ccccc1,Oc1ccc(cc1S(=O)(=O)[O])c1ccc(O)c(c1)S(=O)(=O)[O],solvate,3,KOVTUM
OC(=O)CCCCCCCCC(O)=O,OC(=O)CCCCCCCCCCC(O)=O,failed,0,
ON=Cc1c(F)c(F)c(I)c(F)c1F,c1cncc(c1)N=Nc1cccnc1,cocrystal,2,PETPOV
C1C2=CC=CC=C2C2=CC=CC=C12,C(C1=CC=CC=C1)C1=CC=CC=C1,failed,0,
CC(C)(c1ccc(O)cc1)c1ccc(O)cc1,CC(=O)N1N=C(CC1c1c2ccccc2cc2ccccc12)c1ccccc1,cocrystal,2,LODKUM
ClC(Cl)(Cl)C(=O)[O],CC1(C)[NH2]C(C)(C)CC(O)C1,salt,1,LIVXIY
[NH3]CCC,CC(CCC(=O)[O])C1CCC2C3CCC4CC(O)CCC4(C)C3CC(O)C12C,solvate,3,JAQZEG
O=N(=O)C1=NN(CC2=NN=N[N]2)N=N1,[NH4],hydrate,3,COXYEU
O=[Cl](=O)(=O)[O],C[N](=CC=Cc1ccc(Cl)cc1)c1ccccc1,salt,1,DERSUO10
CCNc1cc2OC3=CC(=[NH]CC)C(=CC3=C(c3ccccc3C(=O)OCC)c2cc1C)C,O=N(=O)[O],hydrate,3,JUDFIA
COC1=CC=CC(=C1)C(N)=O,NC(CCC(O)=O)C(O)=O,failed,0,
CC1=NC=C(CO)C(=C1O)CO,CC1=CC(=CC=C1)C(N)=O,failed,0,
COc1cc(OC)nc(N)n1,OC(=O)c1ccc(cc1)N(=O)=O,cocrystal,2,NEBXEZ
c1ccccc1,CC(C)c1cccc(C(C)C)c1N1CCSC1C(=O)c1ccccc1,cocrystal,2,LOQCEC
[NH2](C1CCCCC1)C1CCCCC1,O=S(=O)([O])[O],hydrate,3,GOBMAN
OC(=O)C=CC(O)=O,c1cc(ccn1)N=Nc1ccncc1,cocrystal,2,UMININ
O=N(=O)c1cc(c([O])c(c1)N(=O)=O)N(=O)=O,[NH2]=C(Nc1ccccc1)Nc1ccccc1,solvate,3,CAQKUD
O=[Cl](=O)(=O)[O],NN1C(=[NH2])NN=C1C1=NNC(=[NH2])N1,hydrate,3,OCUTIT
Fc1c(N2[NH]=CC=C2)c(N2C=CC=N2)c(F)c(N2[NH]=CC=C2)c1N1C=CC=N1,O=[Cl](=O)(=O)[O],hydrate,3,SUNVAZ
CC(C=C)C([NH2]CC=C)C1=NC=CN1,Brc1ccc(cc1)S(=O)(=O)[O],salt,1,GILBOT
OC(=O)C1=CN=CC=C1,CC1=CC=CC=C1C(N)=O,failed,0,
C[NH](C)CC(c1ccc(O)cc1)C1(O)CCCCC1,OC(=O)CCC(=O)[O],hydrate,3,BIZPUW
Cc1ccccc1,Fc1nc(F)c(F)c(I)c1F,cocrystal,2,FAQYOP
NN1C(=NN2C(=[NH2])N(N=C12)C1=NNN=N1)N,O=[Cl](=O)(=O)[O],hydrate,3,ZOWYOD
OC=O,CN1C=NC2=C1C(=O)N(C)C(=O)N2C,failed,0,
OC(C(O)C(O)=O)C(O)=O,COC1=C(O)C=CC(=C1)C=CC(=O)CC(=O)C=CC1=CC(=C(O)C=C1)OC,failed,0,
CC(C)[P]1(C(C)C)c2cccc3cc4cccc5c4c(c23)[P]1(Cl)[P]5(C(C)C)C(C)C,II[I],salt,1,NIKHIZ
[NH3]C(CC1=CNc2ccccc12)C(=O)[O],OC(=O)c1cccc(n1)C(O)=O,hydrate,3,IMENAR
NC1=C2C=CC3=CC=C(N)C4=CC=C(C=C1)C2=C34,FC1=C(F)C(C(=C(F)C1=C(C#N)C#N)F)=C(C#N)C#N,solvate,3,GUMPAF
OC(=O)C(O)=O,OC(=O)C1=CC=CC=C1[N+](=O)[O-],failed,0,
O=N(=O)[N]C1=C(C(=NN1)C1=NN=NN1)N(=O)=O,C[NH2]C,salt,1,KOZJES
CC1(C)CCCC(C)(C)[NH]1O,O=P1([O])Oc2ccc3ccccc3c2c2c(O1)ccc1ccccc21,hydrate,3,SONZIH
O=C([O])c1c2ccccc2c(C(=O)[O])c2ccccc12,NC(=[NH2])c1ccc(cc1)C(c1ccc(cc1)C(N)=[NH2])(c1ccc(cc1)C(N)=[NH2])c1ccc(cc1)C(N)=[NH2],hydrate,3,LOMTIT
Fc1ccccc1N=S=[N],CN(C)[S](N(C)C)N(C)C,salt,1,NUHGUS
OP(O)(=O)[O],Oc1cc[nH]cc1,salt,1,ENISEC
S=P12C3C4CC(C5CC=CC45)C3C(C=C1c1ccccc1)(C1C3CC(C4C=CCC34)C21)c1ccccc1,Cc1ccc(C)cc1,cocrystal,2,UHEXEK
O=[N+]([O-])C1=CC(=CC=C1)[N+](=O)[O-],O=[N+]([O-])C1=CC(=CC(=C1)[N+](=O)[O-])[N+](=O)[O-],failed,0,
[NH3]C(C(=O)NC(C(=O)[O])c1ccccc1)c1cccc2ccccc12,COC(=O)C(C)O,cocrystal,2,MAVTAE
CC1(C)C2=CC=C(N2)C(C)(C2=CC=C(N2)C(C)(C)C2=CC=C(N2)C(C)(C2=CC=C1N2)c1ccc(cc1)N(=O)=O)c1ccc(cc1)N(=O)=O,[O][n]1cc[n]([O])cc1,solvate,3,AJAROV
C[N](C)(CC[N](C)(C)Cc1c(F)c(F)c(F)c(F)c1F)Cc1c(F)c(F)c(F)c(F)c1F,I[I]I,salt,1,CIMXUT
NC1=[NH]C(=O)NC=C1F,CS(=O)(=O)[O],salt,1,RERNUA
COC1=CC=CC=C1C(O)=O,OC(=O)C=CC(O)=O,failed,0,
CC12CCC3C(CCC4=C3C=CC(=C4)O)C1CCC2O,OC(=O)C1=C(O)C=CC(=C1)O,failed,0,
Oc1ccccc1C(=O)[O],CN1N=C2C=C(C=CC2=C1C)N(C)c1cc[nH]c(Nc2ccc(C)c(c2)S(N)(=O)=O)n1,solvate,3,ABISAJ
OC(CC(O)=O)C(O)=O,NC1=CC=CC=C1C(O)=O,failed,0,
[NH3]Cc1cccc(C[NH3])c1,O=S(=O)([O])c1cccc2c1cccc2S(=O)(=O)[O],hydrate,3,PEFYIK
O=P([O])[O],NC(=O)c1c[nH]ccc1,hydrate,3,ZIKDUV
OC(=O)C[n]1ccc(cc1)C(O)=O,O=C([O])C[n]1ccc(cc1)C(=O)[O],salt,1,GUHHEX
CCC1=C2NC(=C1CC)C=C1N=C(C=C3NC(=CC4=NC(=C2)C(=C4CC)CC)C(=C3CC)CC)C2=C1Cc1ccccc1C2,Clc1ccccc1,cocrystal,2,SALNUQ
O=C(CC1=CSC(=NC23CC4CC(CC(C4)C2)C3)N1C1CC1)Nc1ccc(Oc2ccccc2)cc1,Cl,cocrystal,2,IXAVOT
OC(=O)C1=CC=CC=C1[N+](=O)[O-],OC(=O)CCSCCC(O)=O,failed,0,
[NH3]C(CSc1cccc2ccccc12)c1ccccc1,Cc1ccc(cc1)S(=O)(=O)[O],salt,1,YONHUF
NC1=C(C(=O)NC(=[NH2])N1O)N(=O)=O,O=N(=O)[O],hydrate,3,ETASAW
NC(=S)C(N)=S,C(Cc1ccncc1)c1ccncc1,cocrystal,2,DOKGIU
OS(=O)(=O)[O],[NH3]C1=C(C)N(C)N(c2ccccc2)C1=O,hydrate,3,AYAJIW
OC(=O)C1=CC=C(O)C=C1,OC(=O)C1=CN=CC=C1,failed,0,
O=C(C1CCC2=C(C1)[NH]=CN2)N1CCc2ccccc12,OC(C(O)C(=O)[O])C(O)=O,salt,1,TUKHUC
NC(=O)C1=CC(=CC=C1)[N+](=O)[O-],OC(=O)CCSCCC(O)=O,failed,0,
F[P](F)(F)(F)(F)F,C1[n]2cc3ccc4c[n](Cc5ccc(C[n]6cc7ccc8c[n](Cc9ccc1cc9)cc1ccc(c6)c7c81)cc5)cc1ccc(c2)c3c41,solvate,3,PERWER
OCC(O)C1OC(=O)C(=C1O)O,NC1=CC=CC(=C1)C(O)=O,failed,0,
COC1=CC=C(C=C1)C(O)=O,CC1=CC2=C(C=C1C)N(CC(O)C(O)C(O)CO)C1=NC(=O)NC(=O)C1=N2,failed,0,
FC(F)(F)c1ccc(C=Cc2ccc3ccccc3c2[S]2CCCC2)cc1,FC(F)(F)S(=O)(=O)[O],salt,1,MISLAF
c1cc2ccc3ccc4ccc5cccc6c(c1)c2c3c4c56,Fc1c(F)c(F)c2c(F)c(F)c(F)c(F)c2c1F,cocrystal,2,ALORIF
COc1ccc(cc1)C(O)=O,NC(=O)c1ccncc1,cocrystal,2,TAVZOI
O=[Cl](=O)(=O)[O],CC(=[OH])NC1c2c3OCCOCCOCCOCCOc4cccc(C(=O)c2ccc3)c14,salt,1,VOPXOO
OC(C(=O)[O])c1ccccc1,[NH3]C(C(O)c1ccccc1)c1ccccc1,solvate,3,LIQGID
OC(=O)c1cc(O)ccc1O,NC(=O)c1cccnc1,cocrystal,2,PEKRUU
OC(=O)C=CC(O)=O,COC1=CC2=C(C=C1)N(C(=C2CC(O)=O)C)C(=O)C1=CC=C(Cl)C=C1,failed,0,
CC1=CC(=CC=C1)C(N)=O,OC(=O)C1=CN=CC=C1,failed,0,
Cc1ccc(cc1)N1C(=CC2=C1C=C(N2c1ccc(C)cc1)c1c[nH]ccc1)c1c[nH]ccc1,Oc1ccccc1C(=O)[O],solvate,3,GOKRIK
CN(CN(C)N(=O)=O)N(=O)=O,O=N(=O)N1C2C3N(C1C1N(C(C(N3N(=O)=O)N1N(=O)=O)N2N(=O)=O)N(=O)=O)N(=O)=O,cocrystal,2,JABYIX
C[NH](C)CC[NH](C)C,O=P1([O])OP(=O)([O])OP(=O)([O])OP(=O)([O])O1,hydrate,3,TOGZOE
CN(C)C1=NC(C2C1C(N=C2N(C)C)=[N]1c2ccccc2Sc2ccccc12)=[N]1c2ccccc2Sc2ccccc12,IIII[I],solvate,3,WUGJAJ
FC(C1=NN=N[N]1)(N(=O)=O)N(=O)=O,c1ccc(cc1)[P](c1ccccc1)(c1ccccc1)c1ccccc1,salt,1,ZUFFUD
O=C(NCS(=O)(=O)[O])Nc1ccc(NC(=O)c2ccnc(c2)N(=O)=O)cc1,CCCC[N](CCCC)(CCCC)CCCC,hydrate,3,MUYNEC
OCC(O)C1OC(=O)C(=C1O)O,NC(=O)C1=CC(=CC=C1)F,failed,0,
CC1=CC=C(C=C1)C(O)=O,COC1=CC=C(C=C1)C(O)=O,failed,0,
Cc1cccc[n]1[O],IN1C(=O)c2ccccc2S1(=O)=O,cocrystal,2,ZUZBAZ
OC(=O)c1c(F)cc(F)cc1F,NC(=O)c1ccncc1,cocrystal,2,PIRNOV
OC(=O)C1=CC(=CC=C1)[N+](=O)[O-],OC(=O)C1=CC=CC=C1I,failed,0,
CC(=O)OI1OI(OC(C)=O)c2ccc3ccccc3c2c2c1ccc1ccccc21,c1ccccc1,cocrystal,2,JERKEW
[O][n]1ccccc1,IN1C(=O)c2ccccc2S1(=O)=O,cocrystal,2,ZUYZUQ
Cc1cc(C)cc(C)c1,CCOc1cc(ccc1OC)C(CS(C)(=O)=O)N1C(=O)c2cccc(NC(C)=O)c2C1=O,cocrystal,2,HEBTER
O=C(C1=CC=CC=C1)C1=CC=CC=C1,OC1=C(C=C(C=C1)[N+](=O)[O-])[N+](=O)[O-],failed,0,
CC(CCC(O)=O)C1CCC2C3C(O)CC4CC(O)CCC4(C)C3CC(O)C12C,O=Cc1ccccc1,cocrystal,2,GUNMUX
[NH2](C1CCCCC1)C1CCCCC1,OC(=O)c1cccc(c1)C(=O)[O],salt,1,VAWTET
CC1=CC(=CC=C1)C(O)=O,NC(=O)C1=CC=CC=C1,failed,0,
OC(=O)C=CC1=CC=CC=C1,C1=CC=C2C(=C1)C=CC1=CC=CC=C21,failed,0,
OC(=O)CCC(=O)CCC(O)=O,c1cc(ccn1)c1ccncc1,cocrystal,2,ELEGUY
NC(=O)C1=CN=CC=C1,NC(=O)C1=CC=CC=C1,failed,0,
[NH2]1CC[NH2]CCC[NH2]CC[NH2]CCC1,O=S(=O)([O])[O],hydrate,3,ZARFON
CN1C(=PC2=[N](C)C(=C(C#N)N2C)C#N)N(C)C(=C1C#N)C#N,FC(F)(F)S(=O)(=O)[O],salt,1,TEZMUK
c1cc(ccn1)C=Cc1ccncc1,NC(=O)c1cc(cc(c1)N(=O)=O)N(=O)=O,solvate,3,IBUXOT
OC(C#CC#CC(O)(c1ccccc1)c1ccccc1Cl)(c1ccccc1)c1ccccc1Cl,O=C1CCCC=CC=C1,cocrystal,2,TAFDOT
ClP1(=NP2(=NP(=N1)(Cl)Cl)N1CCN2Cc2ccccc2OCCOCCOc2ccccc2C1)Cl,c1ccccc1,cocrystal,2,IZAJOI
Cc1ccncc1C,OC(c1ccccc1)(c1ccccc1)C(O)(c1ccccc1)c1ccccc1,cocrystal,2,KOCJAN
CC1=NC=C(CO)C(=C1O)CO,NC(=O)C1=CC=C(C=C1)[N+](=O)[O-],failed,0,
CC1(C)C2CCC1(C)C(O)C2,OC(=O)C1=CC=CC=C1O,failed,0,
Cc1[nH]c(N)nc(C)c1,O=N(=O)[O],salt,1,EDOMIX
Cc1cccc(C=NC2CCCCC2N=Cc2cccc(C)c2O)c1O,c1ccccc1,cocrystal,2,YEYSOL
[NH3]c1cccc(C)c1C,ClC(Cl)C(=O)[O],salt,1,KUKCIC
CC(O)C(=O)[O],[NH3]C(C)c1ccccc1,salt,1,YILTAR
OC(=O)C1=CC=C(C=C1)[N+](=O)[O-],OC(=O)C(O)=O,failed,0,
Cc1cccc(c1C(=O)C(N)=O)S(=O)(=O)[O],[NH4],salt,1,OXMBZS
CC=CC=CC(O)=O,CCC(=O)NC1=Nc2c(Oc3cc(ncn3)c3ccc(cc3)C(F)(F)F)cccc2S1,cocrystal,2,MOXTID
NC(=O)c1cccnc1,OC(=O)c1cccc(O)c1O,cocrystal,2,NEFFIQ
Cc1ccc(cc1)S(=O)(=O)[O],COc1ccc(C[n]2ccccc2)cc1,salt,1,SIMKUV
[NH3]CCc1ccc(O)cc1,OC(=O)c1ccc(C(=O)[O])c(c1)C(O)=O,hydrate,3,ATOLAX
CN(C)c1cccc2c1cccc2S(=O)(=O)[NH2]C(CC1=CNc2ccccc12)C(=O)[O],CCN(CC)C(=O)NC1CC2C(CC3=CN(CC=C)c4cccc2c34)N(C)C1,cocrystal,2,KETZIT
CN(C)C1=CC=C(C=O)C=C1,NC(=O)C1=CN=CC=C1,failed,0,
COC1=CC(=O)C=CC1=O,COc1cc(O)ccc1O,cocrystal,2,DIFDOM
CC1(C)CC(CC(C)(C)N1[O])OC(=O)c1ccccc1,Fc1c(F)c(F)c(I)c(I)c1F,cocrystal,2,HISZEQ
O=C([O])c1ccc(cc1)C(=O)[O],NC(=[NH2])c1cccc2Cc3cccc(C(N)=[NH2])c3Cc12,hydrate,3,QEWCIG
CC1=NC=C(CO)C(=C1O)CO,OC(=O)C1=CC=CC=C1[N+](=O)[O-],failed,0,
c1ccccc1,BrC1=CC=CC=C(C1=O)C1(C#N)c2ccccc2C(=O)c2ccccc12,cocrystal,2,BAQNUD
C(C1=CC=CC=C1)C1=CC=CC=C1,C1C2=CC=CC=C2C2=CC=CC=C12,failed,0,
[NH3]c1ccccc1C,ClC1=C([O])C(=O)C(=C([O])C1=O)Cl,salt,1,IYESUA
[NH2]1CC[NH2]CC1,OC(=O)C1=NNC(=C1)C(=O)[O],hydrate,3,AGEJAA
N1C2=CC=CC=C2C2=CC=CC=C12,C1=CC=C2C(=C1)C1=CC=CC3=C1C2=CC=C3,failed,0,
CN1C(=CN=C1N1C=[NH]C=N1)N(=O)=O,O=[Cl](=O)(=O)[O],salt,1,LERYAJ
OS(=O)(=O)[O],O=N(=O)c1ccc([NH]=Nc2cc(C[NH]3CCCCC3)c([O])c3ccccc23)cc1,salt,1,YIPPOE
CN1C=NC2=C1C(=O)N(C)C(=O)N2C,OC(=O)CCCCC(O)=O,cocrystal,2,CESKAN
FC(F)(F)C(=O)[O],NC(=O)C(CCC(O)=O)NC(=O)C1CCCCN1C(=O)C1[NH2]CCC1,salt,1,GENQOI
F[P](F)(F)(F)(F)F,C(Nc1[nH]cccc1)c1cccnc1,salt,1,TIDBIT
NC(=O)c1nc(F)cnc1O,OC(=O)c1cc(O)cc(O)c1,cocrystal,2,LIWPIU
NC1=CC2=CC=CC=C2C=C1,CC1=CC(=C(C=C1)[N+](=O)[O-])[N+](=O)[O-],failed,0,
O=[Cl](=O)(=O)[O],NC1=[NH]c2ccccc2S1,salt,1,RAZPEO
OC1=C([O])C(=O)C1=O,[NH3]C(C([NH3])c1ccccc1)c1ccccc1,salt,1,EDEWOA
S(c1ccncc1)c1ccncc1,Oc1ccc(cc1)C12CC3CC(C1)CC(C3)(C2)c1ccc(O)cc1,cocrystal,2,TEFROM
[nH]1ccc(cc1)C=Cc1cc[nH]cc1,O=C1NC(=O)C=C([O])N1,hydrate,3,GATLEU
C(Sc1cc[nH]cc1)Sc1cc[nH]cc1,O=N(=O)[O],salt,1,UMUXIK
OC(=O)C1=CC=CC=C1I,OC(=O)C1=CC(=CC=C1)[N+](=O)[O-],failed,0,
NC(=O)C1=CC(=CC=C1)O,OC(=O)C1=CC=CC=C1,failed,0,
OC(=O)CCC(=O)[O],CCc1[nH]c(N)nc(N)c1c1ccc(Cl)cc1,salt,1,ULAYAH
O=C(NCc1ccncc1)NCc1ccncc1,IC#CC#CI,solvate,3,WANPEH
O=[Cl](=O)(=O)[O],O=C1N(Cc2c[nH]ccc2)C(=O)c2cc3C(=O)N(Cc4c[nH]ccc4)C(=O)c3cc12,salt,1,FISBUF
c1cc(ccn1)c1ccncc1,COc1cc(ccc1O)C1=NN=C(O1)c1ccc(C)cc1,cocrystal,2,PEXGOS
OC(=O)C1=CN=CC=C1,COC1=CC=CC=C1C(N)=O,failed,0,
C1=CC2=C3C(=C1)C=CC1=CC=CC(=C31)C=C2,N1C2=CC=CC=C2C2=CC=CC=C12,failed,0,
[NH2]1CCCCC1,OC1=C(Cl)C(=O)C(=C(Cl)C1=O)[O],salt,1,OMIXIR
Oc1cc(O)c(Cl)cc1Cl,S1C(=CC=C1c1ccccn1)c1ccccn1,cocrystal,2,APEGUZ
Cc1ccc2N3CN(Cc2c1)c1ccc(C)cc1C3,Clc1ccc2N3CN(Cc2c1)c1ccc(Cl)cc1C3,solvate,3,YOGCUU
COc1ccc(cc1)C1(O)c2ccccc2Oc2ccccc12,c1cc2ccc3cccc4ccc(c1)c2c34,cocrystal,2,XETTEW
ClC1=CC=C(Cl)C=C1,C1=CC=C(C=C1)C1=CC=CC=C1,failed,0,
Nc1[nH]cc(Cl)cc1,Cc1ccc(cc1)S(=O)(=O)[O],salt,1,VURZIU
CC(C)(C)CO,C1=CC=C(C=C1)C1=CC=CC=C1,failed,0,
CC1=CC2=C(C=C1C)N(CC(O)C(O)C(O)CO)C1=NC(=O)NC(=O)C1=N2,NC1=CC=CC=C1C(O)=O,failed,0,
O=N(=O)[O],[NH3]C(CC)C(O)=O,salt,1,ZAPCOK
O=C(CCC(=O)N(Cc1ccccc1)Cc1ccccc1)N(Cc1ccccc1)Cc1ccccc1,O=C1NCc2ccc(CNC(=O)c3cccc(c3)C(=O)NCc3ccc(CNC(=O)c4cccc1c4)cc3)cc2,cocrystal,2,MOSCEC
c1cc2ccc3ccc4ccc5ccc6ccc1c1c2c3c4c5c61,FC(F)(F)c1cc2c(cc1C(F)(F)F)c(c1cc(c(cc1c2C(F)(F)F)C(F)(F)F)C(F)(F)F)C(F)(F)F,cocrystal,2,KOYKER
FC(F)(F)S(=O)(=O)[N]S(=O)(=O)C(F)(F)F,O=C1C[N]2=CN(Cc3ccccc3CN3C=C[N](=C3)CC(=O)Nc3ccccc3N1)C=C2,salt,1,ZEVCOV
NNC(=O)c1ccncc1,OC(=O)c1ccc(cc1)C(O)=O,cocrystal,2,ORAWIO
Cc1cc2c(cc1C)c1cc(C)c(C)cc1c1cc(C)c(C)cc1c1cc(C)c(C)cc21,BrC(Br)(Br)Br,solvate,3,RERCEX
O=N(=O)[O],OC(O)(c1[nH]cccc1)c1[nH]cccc1,salt,1,WIKLEH
Oc1ccc(cc1)S(=O)(=O)[O],[NH3]CCc1ccc(O)cc1,hydrate,3,MECZUR
[NH3]Cc1ccccc1,CC(C)(Oc1ccc(Cl)cc1)C(=O)[O],salt,1,JUNJAG
OC1=C(Cl)C=C(Cl)C=C1,OC1=C(Cl)C(=CC=C1)Cl,failed,0,
OC1=CC=C(C=C1)[N+](=O)[O-],C1=CC=C(C=C1)C(C1=CC=CC=C1)C1=CC=CC=C1,failed,0,
C1C[N]2(CCN1CC2)c1ccccc1,FC(F)(F)S(=O)(=O)[O],salt,1,NINKUT
O=C(Nc1ccccn1)c1cccnc1,OC(=O)CCCCC(O)=O,cocrystal,2,KAYHAV
Br[P](CCP(=S)(c1ccccc1)c1ccccc1)(c1ccccc1)c1ccccc1,Br[Br]Br,salt,1,DESPAV
S=C1NC(=S)[N]C(=S)N1,C[NH](C)C,hydrate,3,QAJQEZ
Cc1ccc(cc1)C=NNC(=O)c1ccncc1,OC(=O)c1cccc(O)c1,hydrate,3,SAYQEQ
FC(F)(F)C1(CSC(=N)O1)C(F)(F)F,OC(CSSCC(O)(C(F)(F)F)C(F)(F)F)(C(F)(F)F)C(F)(F)F,cocrystal,2,ULOCII
CN1C(=O)N(C)C2=C(NC=N2)C1=O,FC1=CNC(=O)NC1=O,hydrate,3,ZAYLOA
[H](Cl)[Cl],CC(C)(C)[c]1c(c1C(C)(C)C)C(C)(C)C,salt,1,YITPAS
NC(=O)c1cnccn1,OC(=O)C1=Cc2ccccc2N1,cocrystal,2,REBXUT
NC1=NC(=O)NC=C1F,NNC(=O)c1ccncc1,cocrystal,2,PINJII01
CCCC[C]1C(=O)N(N(c2ccccc2)C1=O)c1ccccc1,CN1CC[NH2]CC1,salt,1,BPXZMP
O=N(=O)C1=NN([O])N=N1,NN1C=C[N](=N1)N,salt,1,FIBGAA
OC(=O)c1c(O)ccc2ccccc12,CN1C=NC2=C1C(=O)N(C)C(=O)N2C,cocrystal,2,LAKXUS
COC(C)(C)C,CC=C1C2CC3=C(C=CC(=O)N3)C1(N)CC(=C2)C,cocrystal,2,KITMOR
Oc1cc(O)cc(O)c1,CN(C)C(=O)c1cc(cc(c1)C(=O)N(C)C)C(=O)N(C)C,hydrate,3,QEYHIP
C[NH2]C(C)C(O)c1ccccc1,OC(C(=O)[O])c1ccccc1F,salt,1,XEJLAZ
NC(=O)C1=CC(=CC=C1)N,CC1=CC2=C(C=C1C)N(CC(O)C(O)C(O)CO)C1=NC(=O)NC(=O)C1=N2,failed,0,
Nc1cc[n](cc1)C(CC(=O)[O])C(=O)[O],Nc1cc[nH]cc1,hydrate,3,EMUZAQ
OC(=CC(=O)C=C(O)c1ccccc1)c1ccccc1,OC(=CC(=O)C=C(O)c1c(F)c(F)c(F)c(F)c1F)c1c(F)c(F)c(F)c(F)c1F,cocrystal,2,HODPIC
CC1=CC=CC=C1C(N)=O,NC(N)=O,failed,0,
CNC(=O)C(O)C(O)C(=O)NC,CNC(=O)CC(O)C(=O)NC,cocrystal,2,DEZLAY
O=N(=O)c1cc(c([O])c(c1)N(=O)=O)N(=O)=O,COc1ccc([NH]=Cc2cc(OC)cc(C=Nc3ccc(OC)cc3)c2O)cc1,salt,1,RINXIZ
OC(CC(O)=O)C(O)=O,OC(=O)C1=CC(=CC=C1)[N+](=O)[O-],failed,0,
ClCC#N,OC(=O)c1cc(O)cc(O)c1,hydrate,3,OKEJUK
NC(=O)Nc1ccccc1,OC(=O)c1cc(cc(c1)N(=O)=O)C(O)=O,solvate,3,IREJUM
FC(F)(F)S(=O)(=O)[O],C[P](C)(C)P(C)(C)=S,salt,1,XIPCIJ
OC(=O)C1=CN=CC=C1,OC(=O)C1=CC=C(F)C=C1,failed,0,
OC(=CC(=O)c1ccccn1)c1ccccn1,Fc1c(F)c(I)c(F)c(F)c1I,cocrystal,2,TAXYUP
c1ccc2ccccc2c1,FC1=C(F)C(=O)C(=C(F)C1=O)F,cocrystal,2,POCVUB
NC(=O)C1=CC=CC=C1O,OCC(O)C1OC(=O)C(=C1O)O,failed,0,
N#Cc1cc(C#N)c(cc1C#N)C#N,CC(=O)N1c2ccccc2c2ccccc12,cocrystal,2,XERCAB
FC(F)(F)S(=O)(=O)[O],CN1C=CC(=[NH]c2ccccc2[NH]=C2C=CN(C)C=C2)C=C1,hydrate,3,COTDEX
[NH3]CCC1=CNc2ccccc12,O=N(=O)c1cccc(c1[O])N(=O)=O,salt,1,DUBMOE
CCC1C(C)(O)NC(=O)C21C(=O)[N]C(=C2C#N)N,CC[NH2]CC,hydrate,3,EFAMEG
II,O=C1N(c2ccncc2)C(=O)c2ccc3C(=O)N(c4ccncc4)C(=O)c4ccc1c2c34,cocrystal,2,YAHYIT
NC(=O)C1=CC=CC=C1O,CC(=O)OC1=CC=CC=C1C(O)=O,failed,0,
Cc1ccc(O)cc1,CC(C)(C)c1ccccc1N1C(=O)c2cc3C(=O)N(C(=O)c3cc2C1=O)c1ccccc1C(C)(C)C,cocrystal,2,GIXPAE
O=C1CC2(CCCCC2)CN1,Nc1ccc(cc1)C(O)=O,cocrystal,2,GAXRUU
CC(C)(C)P(=O)c1ccccc1,OC(=O)C(OC(=O)c1ccccc1)C(OC(=O)c1ccccc1)C(O)=O,cocrystal,2,GUJHOJ
Cc1ccc(C)c2N(c3ccccc3)c3c(C)ccc(C)c3N(c3ccccc3)c12,Fc1c(F)c(F)c2c(F)c(F)c(F)c(F)c2c1F,cocrystal,2,ROCDUM
ClC1=C(Sc2ccccc12)C(=O)[O],[NH3]C(C(O)c1ccccc1)c1ccccc1,solvate,3,LOFJEX
Oc1cccc2C(=O)c3cc(cc(O)c3C(=O)c12)C(=O)[O],CN(C)C(N)=NC(N)=[NH2],solvate,3,BIFRAN
[NH3]CCc1ccc(O)cc1,Clc1ccc(cc1)C(=O)[O],salt,1,MEDDUW
CCCCCNc1c(O)ccc(c1O)C(=O)OC,CCCCC[NH2]c1c(O)c(ccc1[O])C(=O)OC,cocrystal,2,BIZPUZ
COc1ccc(cc1)C(N)=S,Fc1c(F)c(I)c(F)c(F)c1I,cocrystal,2,KUWQOK
OC(C(=O)[O])c1ccccc1Cl,[NH3]C(C)C1CCCCC1,salt,1,AYIROS
Fc1c(F)c(I)c(F)c(I)c1F,CC(C)=NNC(N)=S,cocrystal,2,MENTAE
CS(=O)(=O)[O],CC(=O)C1=C(C)c2cnc(Nc3ccc(cn3)N3CC[NH2]CC3)nc2N(C2CCCC2)C1=O,hydrate,3,XOKJIU
O=N(=O)[O],C(CNc1[nH]cccn1)Nc1[nH]cccn1,salt,1,XAXWOJ
O=C[O],[NH3]C(CCCNC(N)=[NH2])C(=O)[O],hydrate,3,WIJNIM
NC1=CC=CC=C1C(O)=O,CC1=CC2=C(C=C1C)N(CC(O)C(O)C(O)CO)C1=NC(=O)NC(=O)C1=N2,failed,0,
F[P](F)(F)(F)(F)F,C[n]1ccc(cc1)C1=C2SC(SC2=C(N1)c1cc[n](C)cc1)=C1SC2=C(NC(=C2S1)c1cc[n](C)cc1)c1cc[n](C)cc1,solvate,3,YIXGOD
[NH3]c1ccc([NH3])cc1,Cc1ccc(cc1)S(=O)(=O)[O],salt,1,QERWOA
COC1=C(O)C=CC(=C1)C=CC(=O)CC(=O)C=CC1=CC(=C(O)C=C1)OC,OC1=CC=C(O)C=C1,failed,0,
[OH],[NH3]C1C2C(CCC(=CCC1(C)C)C)C2(C)C(N)=O,salt,1,KUPVAV
OC(=O)CC(=CC(O)=O)C(O)=O,CC1=CC(=CC=C1)C(O)=O,failed,0,
F[P](F)(F)(F)(F)F,C1N2C=C[N](=C2)Cc2cccc(Oc3cccc(Oc4cccc1c4)n3)c2,solvate,3,LIMJAW
NC1=NC(=[NH2])N(O)C(=O)N1O,FC(F)(F)C(=O)[O],hydrate,3,PARTAH
O=C1CCCN1,CN1C(=O)N(C)C2=C(NC=N2)C1=O,cocrystal,2,PICMIA
CC1=CC2=C(C=C1C)N(CC(O)C(O)C(O)CO)C1=NC(=O)NC(=O)C1=N2,CC1=CC=CC=C1C(N)=O,failed,0,
O=C([O])c1ccccc1[NH]=Nc1ccc([O])c2ccccc12,CC[NH](CC)CC,hydrate,3,ZUKYUC
CC(C)C1NC(=O)C2CCCN2C(=O)C(Cc2ccccc2)NC(=O)C(NC(=O)C2CSC(=N2)C(NC1=O)C(C)C)C(C)OC(C)(C)C=C,Cc1ccccc1,hydrate,3,UFUQOC
CC(O)(P(O)(O)=O)P(O)(=O)[O],[nH]1cccc2ccc3cccnc3c12,hydrate,3,NODZEL
[NH3]C(c1ccccc1)(c1ccccc1)c1ccccc1,O=S(=O)([O])c1cccc2c1cccc2S(=O)(=O)[O],solvate,3,XOLKUG
CCCC[N](CCCC)(CCCC)CCCC,ClC1=C([N]C(=C1Cl)C(=O)Nc1ccc(NC(=O)C2=C(Cl)C(=C([N]2)C(=O)Nc2ccccc2)Cl)cc1)C(=O)Nc1ccccc1,salt,1,LUFPUX
CCNCC,OC1(c2cccc(c2)c2cccc(c2)C2(O)c3ccccc3c3ccccc23)c2ccccc2c2ccccc12,cocrystal,2,YINRIY
[NH3]c1ccc(cc1)S(N)(=O)=O,OC(=O)c1cc(cc(c1[O])N(=O)=O)N(=O)=O,salt,1,ACIFAT
CN1C=NC2=C1C(=O)N(C)C(=O)N2C,NC(=O)C1=CC=C(N)C=C1,failed,0,
[nH]1c2ccccc2cc2ccccc12,FC(F)(F)C(=O)[O],salt,1,MUSPAU
[NH4],N1=N[N]C(=N1)N1N=NN=C1N=NC1=NN=NN1C1=NN=N[N]1,hydrate,3,WAHWEL
CC1=NC(=NC(=C1)C)NS(=O)(=O)C1=CC=C(N)C=C1,OC(=O)CCC(O)=O,failed,0,
C1=CC2=CC3=CC=CC=C3C=C2C=C1,OC1=CC=C(C=C1)[N+](=O)[O-],failed,0,
C1C2=CC=CC=C2C2=CC=CC=C12,S1C2=CC=CC=C2C2=CC=CC=C12,failed,0,
Fc1c(F)c(I)c(F)c(F)c1I,Cc1ccnc(c1)c1cc(C)ccn1,cocrystal,2,OZEGAE
COc1ccc2NC=C(CCNC(C)=O)c2c1,C1CNCCN1,cocrystal,2,ROHWIX
OP(O)(=O)[O],[NH3]Cc1ccccn1,salt,1,MUVWIK
[O][n]1ccc2ccccc2c1c1[n]([O])c(cc2CCCCc12)c1ccccc1,Oc1ccc2ccccc2c1c1c(O)ccc2ccccc12,cocrystal,2,XIBGUL
ClC1=NC=CC=N1,OC(=O)CC1=CC=CC=C1NC1=C(Cl)C=CC=C1Cl,failed,0,
Oc1c(I)cc(I)cc1C(=O)[O],CN(C)c1cc[nH]cc1,salt,1,AYANOG
O=C([O])c1ccc(C=Cc2ccc(cc2)C(=O)[O])cc1,NC(N)=[NH2],hydrate,3,ANENUD
c1ccc(cc1)[P](c1ccccc1)(c1ccccc1)c1ccccc1,O=C1CCC(=O)N1Br[Cl]BrN1C(=O)CCC1=O,salt,1,WEYYOO
COC1=CC2=C(C=C1)N(C(=C2CC(O)=O)C)C(=O)C1=CC=C(Cl)C=C1,OC(C(O)C(O)=O)C(O)=O,failed,0,
OC1=CC=CC(=C1)[N+](=O)[O-],NC(=O)C1=CC=CC=C1,failed,0,
CN1C(=O)N(C)C2=C(NC=N2)C1=O,CC12CCC3C(CCC4=C3C=CC(=C4)O)C1CCC2O,failed,0,
Nc1cccc2c(N)cccc12,IC1=C(I)C(=O)C(=C(I)C1=O)I,cocrystal,2,UBUPOZ
CCCCCCCC(O)=O,OC(=O)C1=CC=C(O)C=C1,failed,0,
NC(N)=O,CC1=CC=CC=C1C(N)=O,failed,0,
CN1C=NC2=C1C(=O)N(C)C(=O)N2C,OC(=O)c1cc(O)ccc1O,cocrystal,2,MOZDIP
CN1C=NC2=C1C(=O)N(C)C(=O)N2C,CC1=CC=CC=C1C(N)=O,failed,0,
CN1C=C(F)C(=O)NC1=O,CCN1C=Nc2c(N)ncnc12,cocrystal,2,ETABFU
C1=CC=C2C(=C1)C1=CC=CC3=C1C2=CC=C3,C1=CC=C2C(=C1)C=CC1=C2C=CC2=CC=CC=C12,failed,0,
[NH3]C1CC(C)CCC1C(C)C,OC(C(O)C(=O)[O])C(O)=O,solvate,3,RIVFIN
c1ccncc1,CC1(O)CCC2C3CCC4CC5=NNC=C5CC4(C)C3CCC12C,cocrystal,2,AVEQOI
CC(=O)C1=CC=C(N)C=C1,CC(=O)NC1=CC=CC=C1,failed,0,
[NH3]CC([NH3])C,[NH3]C(C)(P(O)(=O)[O])P(=O)([O])[O],hydrate,3,FAHBIB
OC(=O)C1=CC=CC=C1O,OC(=O)C1=CC=C(F)C=C1,failed,0,
[nH]1ccc(cc1)c1ccncc1,OC(=O)c1cc(ccc1O)S(=O)(=O)[O],salt,1,DUBFEN
ClC1=CC=C(Br)C=C1,OC1=CC(=CC=C1)O,failed,0,
OC(=O)C1CC(CC(C1)C(O)=O)C(O)=O,C(Cc1ccc(CCc2ccncc2)cc1)c1ccncc1,cocrystal,2,EJUZIS
O=N(=O)[O],FC1(F)C[NH2]C1,salt,1,ZONQUR
N1C=Nc2c1c1cccnc1c1[nH]cccc21,O=[Cl](=O)(=O)[O],hydrate,3,BUDNOE
CCOP(=O)(OCC)C(C)(N)CC,OC(C(OC(=O)c1ccccc1)C(O)=O)C(O)=O,cocrystal,2,GAZSOP
N#CCCC#N,ClC1=C(Cl)C(=C([N+](=O)[O-])C(=C1Cl)Cl)Cl,failed,0,
CC(=O)Nc1ccc(O)cc1,OC(=O)C(O)=O,cocrystal,2,LUJTAM
Cc1ccc(cc1)S(=O)(=O)[O],[NH3]c1ccc(N)c(c1)N(=O)=O,salt,1,TAXXOI
Fc1ccc(cc1)N1CC[NH2]CC1,Ic1ccccc1C(=O)[O],salt,1,GUPCIG
NC1=NC=C(Br)N=C1Br,OC(=O)CCCCCCC(O)=O,failed,0,
OC(=O)CCCCCCCCC(O)=O,OC(=O)CCCCC(O)=O,failed,0,
OC1CCCC1,OC1(c2ccccc2c2ccccc2C2(O)c3cc(Cl)ccc3c3ccc(Cl)cc23)c2cc(Cl)ccc2c2ccc(Cl)cc12,cocrystal,2,PIWNUE
O=N(=O)[N]C1=NON=C1C1=NON=C1[N]N(=O)=O,[NH4],hydrate,3,CIWQAC
CC1=C(C=C(C=C1)[N+](=O)[O-])[N+](=O)[O-],C1C2=CC=CC=C2C2=CC=CC=C12,failed,0,
OC1=C([O])C(=O)C1=O,CN1C(=O)N(C)C2=C([NH]=CN2)C1=O,hydrate,3,HAXKUQ
O=S(=O)([O])c1ccc2ccccc2c1,[NH3]C(C)c1ccccc1,salt,1,XOZTOW
OC(C1OC2(CCCCC2)OC1C(O)(c1ccc(F)cc1)c1ccc(F)cc1)(c1ccc(F)cc1)c1ccc(F)cc1,ClC1CCCCC1,cocrystal,2,BIJFUW
OC(=O)C=CC(O)=O,OC(=O)C1=CC=CC=C1F,failed,0,
OC1=CC=CC2=C1N=CC=C2,OC(=O)C1=CC=CC=C1,failed,0,
CCCCCCCC(O)=O,NC(=O)C1=CC=C(O)C=C1,failed,0,
O=C([O])[O],NC(=[NH2])NN=Cc1cccc(C=NNC(N)=[NH2])n1,hydrate,3,IBISEU
CCCCOC(C)=O,COc1cc(OC)c2C(=O)C3(Oc2c1Cl)C(C)CC(=O)C=C3OC,cocrystal,2,QIZDIQ
O=C([O])c1[nH]ccc2ccccc12,OCC(O)C1OC(=O)C(=C1O)O,cocrystal,2,ERAVAU
N1C=C[NH]=C1c1ccccc1,O=N(=O)[O],hydrate,3,DUJVEK
O=C1CN(N=CC2=CC=C(O2)N(=O)=O)C(=O)N1,C(Cc1ccncc1)c1ccncc1,hydrate,3,GEPSEB
C1C2=CC=CC=C2C2=CC=CC=C12,C1=CC=C2C(=C1)C1=CC=CC3=C1C2=CC=C3,failed,0,
CCCC(C)=O,OC(C1=Nc2ccccc2N1)(C1=Nc2ccccc2N1)c1ccccc1,cocrystal,2,EFEMOV
CCCCCCCCOc1ccc(cc1)C(O)=O,C1CN(CCN1c1ccncc1)c1ccncc1,cocrystal,2,NIMHEX
NC(CCC(O)=O)C(O)=O,COC1=CC=CC(=C1)C(O)=O,failed,0,
[NH3]CC(O)c1ccc(O)cc1,OC1=C([O])C(=O)C1=O,salt,1,ATOLOL
C(N1C=[NH]C=C1)c1ccccc1,Cc1ccc(cc1)S(=O)(=O)[O],salt,1,ZOYGEZ
O=[Cl](=O)(=O)[O],CC1CCCC(C)N1[c]1[c](N2C(C)CCCC2C)c1N1C(C)CCCC1C,salt,1,COJYIM
COC1=CC=C(C=C1)C(O)=O,CN1C=NC2=C1C(=O)N(C)C(=O)N2C,failed,0,
Cc1ccc(cc1)S(=O)(=O)[O],[OH3],salt,1,TOLSAM
OS(=O)(=O)[O],OC(=O)c1ccc(cc1)[n]1ccc(cc1)c1cc[nH]c(c1)c1cc(ccn1)c1cc[n](cc1)c1ccc(cc1)C(O)=O,hydrate,3,NELWAE
F[P](F)(F)(F)(F)F,CN1C[N](C(Cc2ccccc2)C1=O)=C(C)C,salt,1,KODLUM
c1cc(ccn1)c1ccncc1,Oc1ccc(cc1)C1(CCCCC1)c1ccc(O)cc1,cocrystal,2,LAPLIY
O=[Cl](=O)(=O)[O],CCN(CC)C1=C(N(CC)CC)C(=[N](CC)CC)C(=O)C1=[N](CC)CC,salt,1,DIDXUJ
CC1=CC(=CC=C1)C(O)=O,OC1=CC=C(O)C=C1,failed,0,
Clc1ccc(cc1)S(=O)(=O)[O],CC[n]1ccc(C=CC=Cc2ccc(OC)cc2)cc1,salt,1,GURTEV
OC(=O)CCCCCCCC(O)=O,OC(=O)CCCCC(O)=O,failed,0,
[O]n1ccc(cc1)c1ccn([O])cc1,OC(=O)c1cc(C(O)=O)c(cc1C(O)=O)C(O)=O,cocrystal,2,HOPKIH
NC(=O)C1=CC=CC=C1,NC1=CC=C(C=C1)C(O)=O,failed,0,
CN1C=NC2=C1C(=O)N(C)C(=O)N2C,OC(=O)c1ccc(C(O)=O)c(c1)C(O)=O,cocrystal,2,UNITAN
OC(=O)c1ccccc1S(=O)(=O)[O],[nH]1ccc(cc1)c1cc[nH]cc1,hydrate,3,MAHXAV
O=C([O])C=CC(=O)[O],OC(C1[NH2]CCCC1)c1cc(nc2c1cccc2C(F)(F)F)C(F)(F)F,hydrate,3,OJELAT
C1=NC=CC(=C1)C1=CC=NC=C1,CC1=CC=CC=C1C(N)=O,failed,0,
Nc1ccnc(N)n1,CC1=CNC(=O)NC1=O,cocrystal,2,VEJQIN
C1=CC=C(C=C1)C1=CC=CC=C1,O=C(C1=CC=CC=C1)C(=O)C1=CC=CC=C1,failed,0,
CC(C)C(NC(=O)c1ccc(Cl)cc1)C(O)=O,CC(C)C(NC(=O)c1ccc(cc1)C(F)(F)F)C(O)=O,cocrystal,2,QOLGUX
OC(=O)c1cc(cc(c1)C(O)=O)C(O)=O,C1COCCOCCOCCOCCOCCO1,hydrate,3,XIVMAQ
Oc1cc(O)cc(c1)C(=O)[O],OC1(CC[NH](CCCC(=O)c2ccc(F)cc2)CC1)c1ccc(Cl)cc1,salt,1,HOYYEB
OC(=O)C1=CC=CC=C1,CC1=C(C=C(C=C1[N+](=O)[O-])[N+](=O)[O-])[N+](=O)[O-],failed,0,
S1C=CSC1=C1SC=CS1,COC(=O)C(C#N)=C(C#N)C(=O)OC,cocrystal,2,BILXUP
O=P(C1CCCCC1)(C1CCCCC1)C1CCCCC1,OOC1(CCCCC1)OO,cocrystal,2,REDTAY
CC1=NC=C(CO)C(=C1O)CO,CC1=CC=CC=C1C(N)=O,failed,0,
NC(N)=O,CC(=O)OC1=CC=CC=C1C(O)=O,failed,0,
Cc1cc[n]2CC[n]3ccc(C=Cc4ccc(cc4)N(CCO)CCO)cc3c2c1,F[P](F)(F)(F)(F)F,solvate,3,QEPQEJ
[NH3]CCO,O=N(=O)c1ccc([O])c(c1)N(=O)=O,hydrate,3,SABPAO
CN1C=CN=C1[P](F)(F)(C(F)(F)C(F)(F)F)(C(F)(F)C(F)(F)F)C(F)(F)C(F)(F)F,C[N]1=CN(C=C1)C(C)(C)C,salt,1,UXIPOJ
NC(=O)C1=CC=C(N)C=C1,CCCCCCCC(O)=O,failed,0,
OC(=O)C1=CC=C(O)C=C1,COC1=CC=C(C=C1)C(O)=O,failed,0,
OC(=O)C(=O)[O],[NH4],hydrate,3,AHOXLH
Cc1ccc(NC(=NO)C(Nc2ccc(C)cc2)=NO)cc1,Cc1ccc(N)cc1,hydrate,3,FARMEU
NC(=O)c1ccncc1,CCCC(O)=O,cocrystal,2,GOFROM
C([n]1cc(nc(c1)C1=CC=CS1)C1=CC=CS1)c1ccccc1,O=N(=O)c1cc(c([O])c(c1)N(=O)=O)N(=O)=O,salt,1,SEMQOU
OC(=O)c1cc(F)c(F)c(F)c1F,OC(=O)c1ccccc1,cocrystal,2,OYIHEM
[nH]1cccc2ccccc12,Oc1ccc(cc1N1C(=O)c2cccc3cccc(C1=O)c23)C(=O)[O],salt,1,KEBMOV
CC1CC[NH2]C2CCCCC2NC(C)CC[NH2]C2CCCCC2N1,O=S(=O)([O])[O],solvate,3,OHIGET
Oc1cccc2c(O)cccc12,c1cc2cc3cccc(C#Cc4ccncc4)c3cc2c(c1)C#Cc1ccncc1,cocrystal,2,IYAZOA
ON=Cc1c(F)c(F)c(Br)c(F)c1F,c1cc(ccn1)C=Cc1ccncc1,cocrystal,2,BUNHID
OC(=O)c1cc(c(O)cc1O)N(=O)=O,CC(=O)C1CCC2C3CCC4=CC(=O)CCC4(C)C3CCC12C,cocrystal,2,ZIYVUC
OC(=O)C=CC(O)=O,OC(=O)C1=CC=CC=C1[N+](=O)[O-],failed,0,
CC1=C2C(=CC=CC2=CC=C1)C,CC1=CC2=C(C=C1)C=C(C)C=C2,failed,0,
CC[NH](CC)CC(O)=[NH]c1c(C)cccc1C,OP(O)(=O)[O],salt,1,ROYWOT
CC[N](CC)(CC)CC,BrC1=C(Br)C(=O)C(=C(C#N)C1=O)[C]#N,salt,1,FOXCIH
C[P](C)(C)C,[S]SSSS[S],salt,1,CUSJAD
OC(C(O)C(=O)[O])C(O)=O,Cc1[nH]c2cc(N)ccc2c(C)c1,hydrate,3,CEKQOA
O1C2=CC=CC=C2C2=CC=CC=C12,O=C1C2=CC=CC=C2C2=CC=CC=C12,failed,0,
ClC1=CC=C(S1)c1cc(cc(c1)C1=CC=C(Cl)S1)C1=CC=C(Cl)S1,O=N(=O)c1cc(cc(c1)N(=O)=O)N(=O)=O,cocrystal,2,WOJWUN
[CH]1N2CN3[CH]N(Cc4ccc5ccc6ccc(CN1C=C2)nc6c5n4)C=C3,F[P](F)(F)(F)(F)F,solvate,3,FAZSUV
OC1=CC2=CC=CC=C2C=C1,OC1=CC=CC(=C1)C=O,failed,0,
COc1cc(C=NN2C=[NH]N=C2)cc(OC)c1O,O=[Cl](=O)(=O)[O],hydrate,3,POKMOU
[NH3]C(C)(P(O)(=O)[O])P(O)(=O)[O],C[NH2]C,hydrate,3,LOBGAL
N#CC(C#N)=C1C=C[C](C=C1)=C(C#N)C#N,CC[N]1c2ccccc2N(CC)c2ccccc12,salt,1,BEWBUA
Fc1ccc(NC(=S)NN=Cc2[nH]c3ccccc3cc2)cc1,O=N(=O)[O],salt,1,METGUR
c1cc(ccn1)C=Cc1ccncc1,Oc1ccc(cc1)C#N,cocrystal,2,KIHYIK
Clc1cccc(C(=O)[O])c1N(=O)=O,CC1=C[NH]=C(N)S1,salt,1,GAZTOU
ICI,Brc1ccc(cc1)C(c1ccc(Br)cc1)=C(c1ccc(Br)cc1)c1ccc(Br)cc1,cocrystal,2,KUWYOS
c1ccccc1,Fc1c(F)c(F)c(I)c(F)c1F,cocrystal,2,OHOJUT
COC1=CC=CC=C1C(O)=O,OCC(O)C1OC(=O)C(=C1O)O,failed,0,
OC(=O)c1cc(cc(c1)C(=O)[O])C(O)=O,NC1=[NH]C(=O)NC=C1,hydrate,3,CIRVUV
N1C=[NH]C=N1,O=C(NN(=O)=O)[N]N(=O)=O,salt,1,XIXQUR
[NH3]CCC1=CNc2ccccc12,Oc1c(cc(cc1N(=O)=O)N(=O)=O)C(=O)[O],salt,1,DUBMUK
CN1C=C[N](=C1C)C,C1=C[N]C=N1,hydrate,3,EPAFOS
CCC1(CC)C(=O)NC(=O)NC1=O,Nc1ccc(cn1)N(=O)=O,cocrystal,2,HEYGIE
CCCCCCOC(=O)COC(=O)c1ccccc1[I]C1(CC1)C(=O)OCCCCCC,FC(F)(F)S(=O)(=O)[O],salt,1,FOYROD
OC(=O)c1cc2ccccc2c(Cc2c(O)c(cc3ccccc23)C(=O)[O])c1O,Cc1[nH]cccc1,solvate,3,BEVXAD
NC(=O)C1=CN=CC=C1,NC(=O)C1=CC(=CC=C1)F,failed,0,
O=C1c2ccccc2c2nc(C#N)c(nc12)C#N,c1cc2ccc3cccc4ccc(c1)c2c34,cocrystal,2,CIHQUJ
O=S(=O)([O])[O],[NH2]1CC[NH2]CCC[NH2]CC[NH2]CCC1,hydrate,3,ZARFON
OC(=O)C1=CC(=CC=C1)[N+](=O)[O-],NC(=O)C1=CN=CC=C1,failed,0,
OC(=O)C1=CC=C(O)C=C1,COC1=C(O)C=CC(=C1)C=CC(=O)CC(=O)C=CC1=CC(=C(O)C=C1)OC,failed,0,
Nc1ccc(C(O)=O)c(O)c1,c1ccnnc1,cocrystal,2,LACTER
COC(=O)C1=NNN=C1C1=CC=CO1,COC(=O)C1=C(NN=N1)C1=CC=CO1,hydrate,3,LENYUZ
CC1=C(C)C=C(C)C(=C1)C,C(C1=CC=CC=C1)C1=CC=CC=C1,failed,0,
Oc1cc[nH]cc1,O=C([O])c1cc(cc(c1)N(=O)=O)N(=O)=O,salt,1,KUZYAI
NC1=CC(=CC=C1)N,O=[N+]([O-])C1=CC(=CC=C1)[N+](=O)[O-],failed,0,
OC(=O)c1ccc2cc(ccc2c1)C(O)=O,c1cc2cccc(c3ccncc3)c2c(c1)c1ccncc1,cocrystal,2,DIFPAK
C(CNc1[nH]cccn1)CNc1[nH]cccn1,O=N(=O)[O],salt,1,GUXROH
O=C([O])c1ccnc(c1)c1cc(ccn1)C(=O)[O],CC[N](CC)(CC)CC,hydrate,3,ETEVUU
[NH3]CC[NH3],Clc1ccc(OCC(=O)[O])c(Cl)c1,salt,1,RABBEE
O=P1([O])Oc2ccc3ccccc3c2c2c(O1)ccc1ccccc21,[NH3]C(C(O)c1ccccc1)c1ccccc1,solvate,3,WODDAV
[NH3]CCC[NH3],Clc1cccc(c1)C(=O)[O],salt,1,GEPMEV
Nc1ccc(cc1)S(=O)(=O)N=C1NC=CS1,c1ccnnc1,cocrystal,2,XEHWAM
OC(C1CCC(CC1)C(O)(c1ccccc1)c1ccccc1)(c1ccccc1)c1ccccc1,O=C1CCC(C=C1)(c1ccccc1)c1ccc(cc1)C#N,cocrystal,2,QERDUM
C[N]1c2nc(C)cc(C)n2[S]2C1=[N](C)c1nc(C)cc(C)n21,I[I]I,salt,1,TEWQOB
Clc1cc(cc(c1[O])N(=O)=O)N(=O)=O,[NH4],hydrate,3,KATCEN
CC(CCC(=O)[O])C1CCC2C3CC(O)C4CC(O)CCC4(C)C3CCC12C,[NH3]CCCCCCCC,salt,1,MIPYOZ
OC(=O)c1cc(cc(c1)N(=O)=O)N(=O)=O,Cc1ccn([O])cc1,cocrystal,2,IDILAI
NC(=O)C1=CC=C(C=C1)[N+](=O)[O-],CC1=CC2=C(C=C1C)N(CC(O)C(O)C(O)CO)C1=NC(=O)NC(=O)C1=N2,failed,0,
FC(F)(F)S(=O)(=O)[O],CC(C)c1cccc(C(C)C)c1[N]1=CN(C=C1)P(=O)(C(C)(C)C)C(C)(C)C,solvate,3,HUWBEI
CN1C=[N](C)C2=C1N=C(N)NC2=O,O=[Cl](=O)(=O)[O],hydrate,3,BAMLOR
[NH3]C(CCC(O)=O)C(=O)[O],OC(=O)C1CCC(=O)N1,hydrate,3,LGPYRG
COc1cccc(OC)c1C1=CC(=O)c2ccccc2O1,COc1cc(OC)c(C(O)=O)c(OC)c1,cocrystal,2,QAMFOZ
N1C=CN=C1c1ccccn1,Fc1c(F)c(c(F)c(F)c1I)c1c(F)c(F)c(I)c(F)c1F,cocrystal,2,ZOGVAU
BrN1C(=O)c2ccccc2C1=O,[O][n]1ccccc1,cocrystal,2,TOWDAO
[NH3]CC(C)C,OC(=O)C(=O)[O],hydrate,3,PONSAO
Cc1ccc2c(ccc(O)c2c2c(O)ccc3cc(C)ccc23)c1,O=C1C=CC(=O)C=C1,cocrystal,2,RUCDID
NC1=CC=CC(=C1)C(O)=O,OC(=O)C1=CN=CC=C1,failed,0,
CC1(C)C2CCC1(C)C(=O)C2,N#CCCC#N,failed,0,
O=C([O])c1cccc(c1)C(=O)[O],CC(C)[NH2]C(C)C,hydrate,3,JAVFAQ
O=C1c2ccccc2C(=O)c2nc3c(nc12)c1nc2C(=O)c4ccccc4C(=O)c2nc1c1nc2C(=O)c4ccccc4C(=O)c2nc31,OC(=O)C(F)(F)F,hydrate,3,FARDAH
C1=CC=C2C=CC=CC2=C1,NC1=CC=CC2=CC=CC=C12,failed,0,
IC1=CC=C(I)C=C1,C1=CC=C(C=C1)C1=CC=NC=C1,failed,0,
[NH3]CCCC,O=S(=O)([O])c1cccc2cc3c(cccc3S(=O)(=O)[O])cc12,salt,1,SATQAH
O=C([O])c1cc(cc(c1)N(=O)=O)N(=O)=O,CN(C)c1cc[nH]cc1,hydrate,3,ZEFDEX
Oc1ccccc1C(=O)[O],Cc1ccc(Sc2ccccc2N2CC[NH2]CC2)c(C)c1,salt,1,CADLOL
O=N(=O)[N]N(=O)=O,[NH3]NC(N)=NN(=O)=O,hydrate,3,QEHDEO
OC(=O)c1ccc(cc1)N(=O)=O,NC(=O)c1cnccn1,cocrystal,2,MUDVUE
OC(C(O)C(=O)[O])C(O)=O,[NH3]C(CC)CO,hydrate,3,LEHSAT
COC1=CC=CC=C1C(N)=O,NC(=O)C1=CN=CC=C1,failed,0,
C1CC2=CC=CC3=C2C1=CC=C3,CC1=CC2=C(C=C1)C=C(C)C=C2,failed,0,
c1cc(ccn1)C=Cc1ccncc1,FC1=CNC(=O)NC1=O,cocrystal,2,FEPKIW
CSc1cc(SC)c2ccc3c(SC)cc(SC)c4ccc1c2c34,F[P](F)(F)(F)(F)F,salt,1,ZOXVER
O=C([O])c1ccccc1P(=O)(c1ccccc1)c1ccccc1,Cc1cc(C)c(O)c(C[NH](Cc2cc(C)cc(C)c2O)Cc2cc(C)cc(C)c2O)c1,solvate,3,VAJVEI
O=C1N(Cc2ccccn2)C(=O)c2cc3C(=O)N(Cc4ccccn4)C(=O)c3cc12,Oc1cccc2c(O)cccc12,cocrystal,2,BOTCUJ
O1C(=NN=C1c1ccncc1)c1ccncc1,OC(=O)c1cc(cc(c1)C(O)=O)C(O)=O,cocrystal,2,WANDEV
CS(=O)(=O)[O],C[NH]1C2CCC1CC(C2)OC(c1ccccc1)c1ccccc1,hydrate,3,BZTRMS
CCCCc1c(N)[nH]c(N)nc1N,OCCCN1C(=O)NC(=NC1=O)[O],solvate,3,YONCIN
NNC(=O)C1=NN=NN1[O],NNC(NN)=[NH]N,hydrate,3,ADAWOV
OC(C(O)C(=O)[O])C(O)=O,[NH3]c1ccc(Cl)cc1,solvate,3,ROPTIB
O=S(=O)([O])[O],NC(=[NH2])N=C(N)Nc1ccccc1,salt,1,BEFSEO
COc1cc2[nH]c(nc(N)c2cc1OC)N1CCN(CC1)C(=O)C1COc2ccccc2O1,CS(=O)(=O)[O],hydrate,3,ULIYIX
CCCC[N]1(C)CCCC1,Cc1ccc(cc1)S(=O)(=O)[O],salt,1,MUNKIQ
OC(=O)C(=O)[O],CC1=[NH]C=CN1,hydrate,3,OQAHEV
O=C(OCC(N(=O)=O)(N(=O)=O)N(=O)=O)[N]N(=O)=O,NN1C=[NH]N=C1,salt,1,UNURUS
Brc1cccc(CC(=O)[O])c1,[NH3]C(C)c1ccccc1,salt,1,XOHFUX
OC(=O)C1=CC=CC=C1[N+](=O)[O-],OC(=O)C1=CC=CC=C1I,failed,0,
NC(N)=O,NC1=CC(=CC=C1)O,failed,0,
CCCC[N](C)(CCCC)CCCC,OP(O)(=O)C(Cl)(Cl)P1(=O)OP(=O)([O])C(Cl)(Cl)P(=O)([O])O1,hydrate,3,LOGLAU
CSC1=C(Nc2ccccc2)S[S]=C1C(=S)Nc1ccccc1,FC(F)(F)S(=O)(=O)[O],salt,1,JAGJUW
OC(=O)CC(O)=O,CC(=O)NC1=Nc2c(Oc3cc(ncn3)c3ccc(cc3)C(F)(F)F)cccc2S1,cocrystal,2,MOXTOJ
CCc1[nH]ccc(c1)C(N)=S,O=C([O])c1ccc(cc1N(=O)=O)N(=O)=O,salt,1,EZEHEY
ClC1=CC=C(Cl)C=C1,C1=CC=C(C=C1)C(C1=CC=CC=C1)C1=CC=CC=C1,failed,0,
Oc1cccc(O)c1N(=O)=O,c1cc(ccn1)C=Cc1ccncc1,cocrystal,2,OKETAC
O=P[O],[NH3]c1ccc(cc1)C(O)=O,hydrate,3,LIBPUK
c1ccccc1,CN1C(=O)C(=C2N(C(=O)N(C3CC3)C(=O)C2=C1Nc1ccc(I)cc1F)c1cccc(NC(C)=O)c1)C,cocrystal,2,KELFIU
COC1=CC=CC=C1C(O)=O,NC(=O)C1=CN=CC=C1,failed,0,
OC(=O)C1=CC=C(C=C1)C(O)=O,CN1C(=C(O)C2=CC=CC=C2S1(=O)=O)C(=O)NC1=CC=CC=N1,failed,0,
NC1=NC=C(Br)N=C1Br,OC(=O)CCCCCC(O)=O,failed,0,
Nc1[nH]c(N)ccc1,O=C1C=CC=CC=C1[O],hydrate,3,WUJSEZ
CN1C=NC2=C1C(=O)N(C)C(=O)N2C,CC(=O)NC1=CC=C(O)C=C1,failed,0,
OC(=O)CC(=CC(O)=O)C(O)=O,COC1=CC=C(C=C1)C(O)=O,failed,0,
NC(=O)C1=CC(=CC=C1)F,NC(=O)C1=CC=CC=C1,failed,0,
OC(=O)[O],C1C[NH]=C2NCCN2C1,salt,1,REJVIM
CCC(N1CCCC1=O)C(N)=O,OC(=O)CCCCC(O)=O,failed,0,
CC(C)CC(NC(=O)c1ccc(Cl)cc1)C(O)=O,CC(C)CC(NC(=O)c1ccc(C)cc1)C(O)=O,cocrystal,2,KOLFUQ
NC(=O)C1=CC=CC=C1O,OC(=O)C1=CN=CC=C1,failed,0,
N#CC(C#N)=C1C=CC(C=C1)=C(C#N)C#N,c1ccc2C#CC#Cc3ccccc3C#CC#Cc2c1,cocrystal,2,JOCVEC
NC(=O)N1C2=CC=CC=C2C=CC2=CC=CC=C12,CCCCCCCCCCCCCCCCCC(O)=O,failed,0,
[nH]1ccccc1,Cc1ccc(cc1)S(=O)(=O)[O],salt,1,YOBQEP
COC1=CC2=C(C=C1)N(C(=C2CC(O)=O)C)C(=O)C1=CC=C(Cl)C=C1,COC(=O)C(CC1=CC=CC=C1)NC(=O)C(CC(O)=O)NCCC(C)(C)C,failed,0,
ClC1=C(Cl)C=C(Cl)C(=C1)Cl,OC1=CC=CC2=CC=CC=C12,failed,0,
CC(C(C)C(O)=O)C(O)=O,OC(=O)CCCCCCC(O)=O,failed,0,
O=P(c1ccccc1)(c1ccccc1)c1ccccc1,Oc1ccc(O)cc1,cocrystal,2,ISEJIZ
Oc1c(I)cc(c2ccc[nH]c12)S(=O)(=O)[O],NC(N)=O,hydrate,3,EWUCUU
OC1=CC=C(O)C=C1,OC(=O)C1=CC=CC=C1O,failed,0,
OC(C(O)C(=O)[O])C(O)=O,CC1=NC2=NC=NN2C(=C1)C1CCC[NH](C1)Cc1cc(F)c(Cl)c(F)c1,solvate,3,HOLPAD
CC1=[NH]c2ccccc2N1CCCCCCN1C(=[NH]c2ccccc12)C,OC(=O)c1cc(cc(c1)N(=O)=O)C(=O)[O],hydrate,3,ATOWAK
COC1=CC2=C(C=C1)N(C(=C2CC(O)=O)C)C(=O)C1=CC=C(Cl)C=C1,OC(=O)CCCC(O)=O,failed,0,
NN1C(=O)NN=C1[O],NNC(N)=[NH2],hydrate,3,MUDFID
NC(CCC(O)=O)C(O)=O,COC1=CC=C(C=C1)C(O)=O,failed,0,
N1=N[N]N=N1,[NH3]C,salt,1,ZOCNIS
O=C([O])c1ccc(c(c1)N(=O)=O)N(=O)=O,CN(C)c1cc[nH]cc1,salt,1,KOBNAQ
OC(=O)CCSCCC(O)=O,OC(=O)C1=CC(=CC=C1)[N+](=O)[O-],failed,0,
O=C([O])c1cccc(n1)C(=O)[O],COc1cc(Cc2c[nH]c(N)nc2N)cc(OC)c1OC,hydrate,3,NATHEW
C1COC2=C(O1)SC(S2)=C1SC2=C(SCCS2)S1,COC1=CC(C(=CC1=C(C#N)C#N)OC)=C(C#N)C#N,cocrystal,2,VAFWUV
Nc1[nH]cccc1O,Oc1ccc(O)c(c1)C(=O)[O],salt,1,PEKRAA
OC1=CC=CC2=CC=CC=C12,COC1=C(O)C=CC(=C1)C=O,failed,0,
OC(=O)C1=CC=CC=C1,O=C1NC(=O)C=C1,failed,0,
C(Cc1cc[nH]cc1)Cc1ccncc1,Nc1ccccc1S(=O)(=O)[O],hydrate,3,RULFOW
NN1C=NN=C1,ON=C1C(=O)NC(=O)NC1=O,hydrate,3,MUYVOS
[NH3]N,OC(=O)c1cc(cc(c1[O])N(=O)=O)N(=O)=O,salt,1,LUMJOU
F[P](F)(F)(F)(F)F,CC(C)[NH](Cc1ccccn1)Cc1cc(C)cc(CN(CC(O)=O)Cc2[nH]cccc2)c1O,hydrate,3,EQAYEB
[NH3]c1ccc(cc1)C(O)=O,OP(=O)([O])C[NH](CP(O)(=O)[O])CP(O)(=O)[O],hydrate,3,ZAHMEE
OC1=CC2=CC=CC=C2C=C1,NC1=CC(=CC=C1)N,failed,0,
OC(=O)c1ccc(O)cc1,c1ccc2ncccc2c1,cocrystal,2,HONFIB
OC(=O)CCCCCCC(O)=O,CC(C)(CC(O)=O)C(O)=O,failed,0,
Oc1cccc(O)c1,CC1CCC2C(C)C(=O)OC3OC4(C)CCC1C23OO4,cocrystal,2,TALCOA
c1ccc(nc1)C1C(C(C1c1ccccn1)c1ccncc1)c1ccncc1,Fc1c(F)c(I)c(F)c(I)c1F,cocrystal,2,BEKBUS
O=C([O])c1ccc(cc1C(=O)[O])N(=O)=O,[NH3]Cc1ccccc1,hydrate,3,UGULIT
FC(F)(F)S(=O)(=O)[O],C1N2C(=C[n]3c4ccccc4c(c4ccccc4)c(c4ccccc4)c23)C(=C(c2ccccc2)c2ccccc12)c1ccccc1,salt,1,NUPHEN
CC1=C(C)C=C(C)C(=C1)C,N#CCCC#N,failed,0,
CC[N](CC)(CC)CC,O=C1C(=O)C(=C([O])C1=O)[O],hydrate,3,SUZXIW
O=C([O])c1cccc(c1)C(=O)[O],[NH2]1CC[NH2]CC1,salt,1,GIGSEY
O=N(=O)c1cccc(c1)S(=O)(=O)[O],CN(C)C1=CC=C(S1)C=Cc1cc[n](C)cc1,hydrate,3,RINQUC
[NH3]Cc1cccnc1,O=C([O])c1ccc(cc1)C(=O)[O],salt,1,SOVYOS
O=C1CCCC2C3CCCC(=O)C3C12,OC(C#Cc1ccc(cc1)C#CC(O)(c1ccccc1)c1ccccc1Cl)(c1ccccc1)c1ccccc1Cl,cocrystal,2,QAHPEU
CCN1c2ccccc2N(CC)C1=NN=C1N(CC)c2ccccc2N1CC,N#CC(C#N)=C1C=CC(C=C1)=C(C#N)C#N,solvate,3,FOWKAG
c1ccc2nc3ccccc3nc2c1,FC(F)(I)C(F)(F)C(F)(F)C(F)(F)I,cocrystal,2,JIBHIO
OC(=O)C(O)(O)C(=O)[O],CC[NH2]Cc1ccccc1,salt,1,NURQIA
O=S(=O)([O])c1ccc2c(SC3=C2Sc2cc(ccc32)S(=O)(=O)[O])c1,[NH3]C(C)(C)CC(C)(C)C,salt,1,GAWYAI
CN1C(=O)N(C)C2=C(NC=N2)C1=O,OC(=O)C1=CC(=NN1)C(O)=O,hydrate,3,UNITER
CC(C)CC[P](c1ccccc1)(c1ccccc1)c1ccccc1,I[I]I,salt,1,SALLAV
C1CNCCN1,OC1COC2C(O)COC12,cocrystal,2,OBAFEG
Cc1ccncc1,OC(c1ccccc1)(c1ccccc1)c1ccc(cc1)C(O)(c1ccccc1)c1ccccc1,cocrystal,2,HITKEE
OC(=O)c1cc(cc(c1)N(=O)=O)C(=O)[O],C[NH]1CC[NH](C)CC1,salt,1,ZEGBEU
S=C=[N],OC(=O)C1SC(Cc2cc[nH]cc2)(SC1c1cc[nH]cc1)C(O)=O,hydrate,3,XETSEU
O=C([O])c1ccc(cc1)N(=O)=O,C1[NH]2CN3CN1CN(C2)C3,salt,1,VATSOA
OC(=O)C1=CC=C(O)C=C1,CC1=CC2=C(C=C1C)N(CC(O)C(O)C(O)CO)C1=NC(=O)NC(=O)C1=N2,failed,0,
c1cc(ccn1)C=Cc1ccncc1,Nc1ccc(cc1)C(O)=O,hydrate,3,TORZAE
NC(CC1=CNc2ccccc12)C(O)=O,CCCCCC(O)=O,hydrate,3,ZAKPOU
c1cc(ccn1)c1ccncc1,Nc1ccc(cc1)S(=O)(=O)Nc1ncccn1,cocrystal,2,TICRUU
C1=CC=C2C=CC=CC2=C1,CC1=CC2=CC=CC=C2C=C1C,failed,0,
Oc1cccc(c1)N(=O)=O,NC(=O)c1ccncc1,cocrystal,2,RIDFAN
CC(=O)NC1=CC=C(O)C=C1,CN1C=NC2=C1C(=O)N(C)C(=O)N2C,failed,0,
Cc1ccc(cc1)c1cccc2CC[n]3ccccc3c12,FC(F)(F)S(=O)(=O)[O],salt,1,UKERIM
[NH3]C(C)c1ccccc1,CC(CC(=O)c1ccc(cc1)c1ccc(F)cc1F)C(=O)[O],salt,1,NEBHIL
[NH3]c1cc(C)ccc1C,O=P1([O])OP(=O)([O])OP(=O)([O])OP(=O)([O])OP(=O)([O])OP(=O)([O])O1,hydrate,3,AKIXOH
FC(F)(F)C(=O)[O],CCOC(=O)c1cccc([I]c2ccc(OC)cc2)c1,solvate,3,NUGLAF
[NH3]NC(=O)NN,O=N(=O)[O],salt,1,HAMCEF
OC1=C(Cl)C=C(Cl)C=C1,OC1=C(Cl)C=CC=C1Cl,failed,0,
C1CN2CCN1CC2,IC=CI,cocrystal,2,YEPMUF
[O][N]12CC[N]([O])(CC1)CC2,OC(C(O)C(O)=O)C(O)=O,cocrystal,2,FINTIH
Cc1[nH]c([S])nc(C)c1,NC(N)=S,cocrystal,2,WINTIW
c1ccccc1,C1Cc2ccc3CCc4ccc1cc4C#Cc1ccccc1C#Cc1cc4CCc5ccc(CCc1cc4)cc5C#CC#Cc2c3,cocrystal,2,GUJLUU
C[NH](C)CC[NH](C)C,O=N(=O)[O],salt,1,UBOTAI
O=P(c1ccccc1)(c1ccccc1)c1ccccc1,OC(=O)c1cc(cc(c1Cl)N(=O)=O)N(=O)=O,cocrystal,2,SAPQUV
c1ccccc1,O=C(C1C2C(C1c1ccccc1OCCOCCOCCOc1ccccc21)C(=O)c1ccccc1)c1ccccc1,hydrate,3,ELUMII
BrCc1c(CBr)c(c2ccccc2)c(c2ccccc2)c(c2ccccc2)c1c1ccccc1,c1ccccc1,cocrystal,2,KIJPID
Oc1ccc(O)c(c1)C(=O)[O],C[NH]1CCN(CC1)C1=Nc2ccccc2NC2=C1C=C(C)S2,solvate,3,YAYYEG
OC(=O)C1=CC=CC=C1O,COC1=CC=CC(=C1)C(N)=O,failed,0,
CC(=O)NC(CC1=CNc2ccccc12)C(=O)[O],[NH3]C(C(N)=O)c1ccccc1,salt,1,QARMEF
OC(=O)C=CC(O)=O,CC(C)(C)C1=NC(=C(S1)c1ccnc(N)n1)c1cccc(NS(=O)(=O)c2c(F)cccc2F)c1F,solvate,3,ZOYXOD
Cc1c[n]2c(CSN3c4cc(C)c(C)cc4N=C23)c(C)c1,F[P](F)(F)(F)(F)F,solvate,3,DUDKIW
Oc1ccc2ccc(O)cc2c1,Cc1nc(C)c(C)nc1C,hydrate,3,CEXKUP
COC1=C(O)C=CC(=C1)C=O,OC(=O)CCl,failed,0,
NC(=O)C1=CC=C(F)C=C1,NC(N)=O,failed,0,
NC(=O)c1ccncc1,COC(=O)C1=C(C)NC(=C(C1c1ccccc1N(=O)=O)C(=O)OC)C,cocrystal,2,JENMUN
O=S(=O)([O])[S],[NH2]1CC[NH2]CC1,hydrate,3,AROWUA
O=C(C1=CC=CC=C1)C1=CC=NC=C1,IC1=CC=C(I)C=C1,failed,0,
OC(=O)c1ccc(O)c(c1)N(=O)=O,COc1cc(OC)nc(N)n1,cocrystal,2,ZIPYOQ
N#CC(C#N)=C1C=CC(C=C1)=C(C#N)C#N,O=C1c2cccc(OCc3c4ccccc4cc4ccccc34)c2C(=O)c2c(OCc3c4ccccc4cc4ccccc34)cccc12,solvate,3,ZIHFAX
C[NH](C)c1cccc2cccc(N(C)C)c12,OC(=O)c1ccc(C(=O)[O])c2c(ccc(C(=O)[O])c12)C(O)=O,hydrate,3,BERQOE
OP(O)(=O)[O],C[NH](C)CC[NH](C)C,hydrate,3,BIDPEJ
Oc1ccc(Cl)cc1C(=O)[O],Nc1cc[nH]cc1,hydrate,3,CELYEZ
OC(=O)c1ccc(O)cc1,N1C=CN=C1,cocrystal,2,XUBSUJ
OC1CC(=CC(O)C1O)C(=O)[O],Nc1[nH]nc(c(N)n1)c1cccc(Cl)c1Cl,salt,1,ZIJZOL
NC(=O)C1=CC=C(O)C=C1,CC1=NC=C(CO)C(=C1O)CO,failed,0,
NC(N)=O,Oc1ccccc1O,cocrystal,2,LAGVAU
NC(=O)CO,NC(=O)N1C2=CC=CC=C2C=CC2=CC=CC=C12,failed,0,
CN(C)c1cc[nH]cc1C(OC(C)=O)C(c1ccccc1)(c1ccccc1)c1ccccc1,OC(=O)C(OC(=O)c1ccccc1)C(OC(=O)c1ccccc1)C(=O)[O],solvate,3,KODQEA
CN1C=NC2=C1C(=O)N(C)C(=O)N2C,CC(O)C(O)=O,failed,0,
NC1=NC(=NC(=N1)N)N,CC(=O)NC1=CC=C(O)C=C1,failed,0,
CC12CC3CC(C)(C1)CC(C3)(C2)C(O)=O,c1cc(ccn1)N=Nc1ccncc1,cocrystal,2,DOWBUQ
O=C1N(C2CCCCC2)C2=C(N([P]N2C2CCCCC2)C2CCCCC2)N1C1CCCCC1,I[I]I,salt,1,JOHPIH
Cc1ccnc(NS(=O)(=O)c2ccc(N)cc2)n1,O=C1CCCC1,cocrystal,2,FALTAP
OS(=O)(=O)[O],CN1C(=O)N(C)C2=C([N](=CN2)C)C1=O,hydrate,3,AYUBEC
C[S](C)C1=C2C(=CC=C(C=C2C(=C1)C)C(C)C)C,F[P](F)(F)(F)(F)F,salt,1,QIBLIZ
[NH3]C1CCC2=C(C1)SC(=[NH]2)N,OC(C(O)C(=O)[O])C(=O)[O],hydrate,3,FECZES
Cc1[nH]c(N)nc(C)c1,ClC(Cl)C(=O)[O],salt,1,TESFUU
CC1=C(C=C(C=C1[N+](=O)[O-])[N+](=O)[O-])[N+](=O)[O-],O=[N+]([O-])C1=CC(=CC=C1)[N+](=O)[O-],failed,0,
OC(=O)C1=CC=CC=C1O,O=C1NC(=O)C=C1,failed,0,
OC(=O)CCC(O)=O,NC1=CN=C(Br)C=N1,failed,0,
OC(=O)CCC(=O)NN=C(Nc1ccccn1)c1ccccn1,O=C([O])CCC(=O)NN=C(Nc1[nH]cccc1)c1ccccn1,cocrystal,2,RICHOD
[NH3]CC[NH]1CCCC1,OC(=O)c1cc(ccc1O)S(=O)(=O)[O],hydrate,3,JARHES
c1ccccc1,O=C1C2C(NC(C1C(SC2c1ccccc1)c1ccccc1)c1ccccc1)c1ccccc1,cocrystal,2,BEBYIQ
C1CC2=CC=CC3=C2C1=CC=C3,C(C1=CC=CC=C1)C1=CC=CC=C1,failed,0,
OC(=O)C1=C(Oc2ccccc12)C(=O)[O],[nH]1ccc(cc1)c1cc[nH]cc1,salt,1,TABBUV
Fc1c(F)c(F)c(I)c(I)c1F,C(N1C=CN=C1C1=NC=CN1)c1ccncc1,cocrystal,2,XECPON
Fc1c(F)c(c(F)c(F)c1I)c1c(F)c(F)c(I)c(F)c1F,[C]#Nc1ccc(cc1)N#[C],cocrystal,2,BIDJEH
F[P](F)(F)(F)(F)F,COc1ccc2[N](c3ccc(OC)cc3Sc2c1)=C1C(=C1N1C(C)CCCC1C)N1C(C)CCCC1C,solvate,3,IYOMUH
[NH3]C(C(C)CC)C(O)=O,O=S(=O)([O])c1cccc2c1cccc2S(=O)(=O)[O],hydrate,3,GUQKIO
CC(=O)N1CCC2C1C1c3ccc4OCOc4c3C2[N]2=C1c1cc3OCOc3cc1CC2,O=N(=O)[O],hydrate,3,RETGUW
Oc1cc(O)c2C(=O)C(=C(Oc2c1)c1ccc(O)c(O)c1)O,CN1C=NC2=C1C(=O)NC(=O)N2C,hydrate,3,MUPPOD
N#CC(C#N)=C1[CH]C(c2ccccc12)=C(C#N)C#N,C[n]1ccc(C=Cc2ccc(cc2)N(=O)=O)c2ccccc12,solvate,3,JOPWUJ
CS(=O)(=O)[O],CCCC[N]1=CN(CC23CC4CC(CC(C4)C2)C3)c2ccccc12,hydrate,3,IZEMIL
CC(C)CC(CN(=O)=O)C(=O)[O],C[NH2]C(C)C(O)c1ccccc1,salt,1,CURFOM
O=[Cl](=O)(=O)[O],[NH3]CC[NH3],hydrate,3,FUSVEU01
CC(N)=O,OC(=O)C1=CC=CC=C1,failed,0,
C(C1=CC=CC=C1)C1=CC=CC=C1,CC1=C(C)C=C(C)C(=C1)C,failed,0,
CN1C=NC2=C1C(=O)N(C)C(=O)N2C,OC(=O)c1cc(F)c(F)c(F)c1F,cocrystal,2,AFEMIJ
CC(C)C1=C(O)C=C(C)C=C1,CCN(CC)CC(=O)NC1=C(C)C=CC=C1C,failed,0,
CC(=O)NC1=CC=C(O)C=C1,OC1=CC=CC2=CC=CC=C12,failed,0,
I[I]I,CC(C)c1cccc(C(C)C)c1N1CC[N](=C1)c1c(cccc1C(C)C)C(C)C,salt,1,WACTOL
NC(=O)C1=CC=CC=C1,NC1=CC(=CC=C1)N,failed,0,
O=C1C(=C([O])C1=Nc1ccc(cc1)C#N)Nc1ccc(cc1)C#N,CCCC[N](CCCC)(CCCC)CCCC,salt,1,IXEPIN
CC(O)CN1C=NC2=C1C(=O)N(C)C(=O)N2C,OC(=O)c1ccccc1O,hydrate,3,DUPXIY
CC1=NC(=C(C)N=C1C)C,BrC1=CC=C(Br)C=C1,failed,0,
NC1=CC=CC2=CC=CC=C12,OC1=CC=CC=C1[N+](=O)[O-],failed,0,
COC1=CC(=O)C=CC1=O,Oc1ccc(O)cc1,cocrystal,2,SIRBUR
CN1N(C(=O)C=C1C)C1=CC=CC=C1,CCOC1=CC=C(NC(C)=O)C=C1,failed,0,
Nc1ccccc1P(c1ccccc1)c1ccccc1,c1ccccc1,cocrystal,2,AMACEY
O=S([O])[O],[NH2]1CC[NH2]CC1,hydrate,3,NEDHOW
N#CC(C#N)=C1[CH]C(c2ccccc12)=C(C#N)C#N,CCCCC[n]1ccc(cc1)c1cc[n](CCCCC)cc1,salt,1,WIVQEB
OC(=O)c1cccc(C(O)=O)c1C(=O)[O],N1[NH]=CC=C1,hydrate,3,OYOXUY
CC1=NNC(S1)=NS(=O)(=O)c1ccc(N)cc1,O=C1NS(=O)(=O)c2ccccc12,cocrystal,2,MOVDAF
OC(C(=O)[O])c1ccccc1,Nc1[nH]c2nc(N)c(nc2c(N)n1)c1ccccc1,salt,1,KUTJIU
[NH3]CC1CCC(CC1)C(=O)[O],Oc1ccc(O)cc1,hydrate,3,GIDHAG
[NH3]c1cccc(Br)c1,O=N(=O)c1cc(c([O])c(c1)N(=O)=O)N(=O)=O,solvate,3,FANGAG
C1=CC2=CC3=CC=CC=C3C=C2C=C1,CC1=C(C=C(C=C1)[N+](=O)[O-])[N+](=O)[O-],failed,0,
CC1=CC2=C(C=C1C)N(CC(O)C(O)C(O)CO)C1=NC(=O)NC(=O)C1=N2,COC1=CC=C(C=C1)C(N)=O,failed,0,
O=C(NCC[NH](CCNC(=O)c1cccc(c1)N(=O)=O)CCNC(=O)c1cccc(c1)N(=O)=O)c1cccc(c1)N(=O)=O,O=N(=O)[O],salt,1,QEKPOM
COc1cc(cc(OC)c1Br)C(=O)[O],[NH3]C(C)(C)C,salt,1,GAPVIG
Nc1[nH]c(N)nc(N)n1,OP(O)(=O)[O],hydrate,3,MOJDIZ
CC(C)C1=C(C)N(C)N(C2=CC=CC=C2)C1=O,OC(=O)C(O)=O,failed,0,
O=N(=O)[O],NN1N=C(N)N(N)C1=[NH2],salt,1,OWAQUB
S1C2=CC=CC=C2SC2=CC=CC=C12,C1=CC=C2C(=C1)C=CC1=CC=CC=C21,failed,0,
NC(N)=O,NC(=O)C1=NC(=CNC1=O)F,cocrystal,2,QOQPEV
Cc1cc(C)nc(NS(=O)(=O)c2ccc(N)cc2)n1,OC(=O)c1ccc(cc1)N(=O)=O,cocrystal,2,PAVKUU
O=N(=O)[O],Nc1nc(N)[n](O)c(N)[n]1O,hydrate,3,QUYSAH
F[P](F)(F)(F)(F)F,BrCCN1C=C2C=Cc3ccccc3[N]2=C1c1ccc2ccccc2n1,salt,1,MUJFOO
CC(C)(Oc1ccc(CCNC(=O)c2ccc(Cl)cc2)cc1)C(=O)[O],CNc1cc[nH]cc1,hydrate,3,VORWIL
CC(=O)Nc1ccc(I)cn1,OC(=O)c1ccccc1,cocrystal,2,PEGCIR
NC(=O)C1=CC=CC=C1[N+](=O)[O-],CCCCCCCC(O)=O,failed,0,
FC(F)(F)S(=O)(=O)[O],CC(C)c1cccc(C(C)C)c1N1C=[N](C(=C1Cl)N(C)C)c1c(cccc1C(C)C)C(C)C,salt,1,QEJVUZ
OC(=O)C=CC(O)=O,OC(=O)C1=CC=C(F)C=C1,failed,0,
OC(=O)c1ccccc1SSc1ccccc1C(O)=O,c1cncc(c1)C=NN=Cc1cccnc1,cocrystal,2,SODKOM
OC(=O)c1cc(C(=O)[O])c(cc1C(=O)[O])C(O)=O,N1C(=[NH]c2ccccc12)C=Cc1cc[nH]cc1,hydrate,3,WOLKIU
CC(=O)C1=CC=C(O)C=C1,CC(=O)NC1=CC=CC=C1,failed,0,
O=C([O])C1CCCCC1C(=O)[O],[NH3]C1CCCCC1[NH3],hydrate,3,IBOGEL
OC(=O)C1=CC=CC=C1,OC(=O)C1=CC(=CC=C1)O,failed,0,
NC1=[NH]NC=C1,O=C([O])c1cc(cc(c1)N(=O)=O)N(=O)=O,hydrate,3,QAFCEJ
CC(C)OC(=O)OCOP(=O)(COC(C)CN1C=Nc2c(N)[nH]cnc12)OCOC(=O)OC(C)C,OC(=O)C=CC(O)=O,solvate,3,DUXSEV
NC(=O)C1=CN=CC=C1,CC(=O)SC1CC2=CC(=O)CCC2(C)C2CCC3(C)C(CCC43CCC(=O)O4)C12,failed,0,
O=N(=O)N1CN(CN(CN(C1)N(=O)=O)N(=O)=O)N(=O)=O,CN1CCN(C)C1=O,cocrystal,2,IDENEM
O=C(CCC(=O)N(CC1CCCCC1)Cc1ccccc1)N(CC1CCCCC1)Cc1ccccc1,O=C1NCc2ccc(CNC(=O)c3cccc(c3)C(=O)NCc3ccc(CNC(=O)c4cccc1c4)cc3)cc2,cocrystal,2,REKNED
OC(=O)C1=CN=CC=C1,NC(=O)C1=CC=C(C=C1)[N+](=O)[O-],failed,0,
Br[Br]Br,CC1C(Br)CSC2=[N]1N=C(N2c1ccccc1)c1ccccc1,salt,1,TUFRUK
N#CC1(C#N)C2c3ccccc3C(c3ccccc23)C1(C#N)C#N,N#CC(C#N)=C(C#N)C#N,solvate,3,ANTTCN
OC(=O)C1=CC(=CC=C1)O,O=C1NC(=O)C=C1,failed,0,
NC(=O)C1=CC(=CC=C1)F,OCC(O)C1OC(=O)C(=C1O)O,failed,0,
c1ccccc1,O=P12Oc3ccccc3P(c3ccccc3O1)c1ccccc1O2,cocrystal,2,GESJIX
COC(=O)c1cc2ccccc2c(c1O)c1c(O)c(cc2ccccc12)C(=O)OC,Brc1ccccc1,cocrystal,2,MHBNPH10
Cc1ccccc1,ON(Cc1ccccc1)C(=O)c1ccc2ccccc2c1c1c(ccc2ccccc12)C(=O)N(O)Cc1ccccc1,cocrystal,2,FULKII
COc1ccc(cc1)C=NNC(=O)c1ccncc1,Fc1c(F)c(I)c(F)c(F)c1I,solvate,3,PIRFOP
[NH4],NC1=[NH]N=C(N1[N]N(=O)=O)c1cnc(cn1)C1=NN=C(N)N1[N]N(=O)=O,hydrate,3,OMUYUT
CN(C)C(N)=[NH2],O=S(=O)([O])c1cccc2ccccc12,hydrate,3,VESSES
c1ccccc1,COc1cc(OC)c(cc1Br)C1CCC2(C)C(=O)C3CC1C2(C3)OC(C)=O,cocrystal,2,ABDECO10
F[P](F)(F)(F)(F)F,CC1=CC=[NH]C2CCCCC2[NH]=CC=C(C)NCCCN1,salt,1,GUWRUL
NC1=[NH]C(C(N1)c1ccccc1)c1ccccc1,O=N(=O)[O],salt,1,VIVVUV
[NH3]C(CS)C(O)=O,OC(C(O)C(=O)[O])C(O)=O,hydrate,3,HIDGOQ
OC(=O)CCc1ccccc1O,c1cc(ccn1)c1ccncc1,hydrate,3,LORKUA
CC1=C(C=C(C=C1)[N+](=O)[O-])[N+](=O)[O-],OC(=O)C1=CC=CC=C1,failed,0,
FC(F)(F)S(=O)(=O)[O],Cc1ccc(cc1N1c2ccccc2[P](C=C1c1ccccc1)(c1ccccc1)c1ccccc1)N(=O)=O,solvate,3,UBUQAL
Oc1ccc(cc1C(=O)[O])N(=O)=O,Nc1cccc2ccc[nH]c12,salt,1,MIPRIM
c1ccc(cc1)[P](C=C=C[P](c1ccccc1)(c1ccccc1)c1ccccc1)(c1ccccc1)c1ccccc1,FC(F)(F)S(=O)(=O)[O],salt,1,KUHCUL
OC(=O)C(=O)[O],[nH]1cc2ccccc2c2ccccc12,hydrate,3,AXUGEG
CCOCC(O)COc1ccc(NC(=O)CC[N](C)(C)C)cc1,Brc1ccc(cc1)S(=O)(=O)[O],salt,1,XUQYEN
O=[Cl](=O)(=O)[O],[NH3]c1cccc(Cl)c1C,hydrate,3,LUNVEY
C#Cc1ccc(cc1)C#C,O=P(c1ccccc1)(c1ccccc1)c1ccccc1,hydrate,3,NEWXOC
[NH]1=CN(C=C1)c1ccc(nn1)N1C=[NH]C=C1,O=S(=O)([O])c1cccc2c1cccc2S(=O)(=O)[O],salt,1,VEDMOJ
[NH3]CC[NH2]CC[NH2]CC[NH3],OP(=O)([O])[O],hydrate,3,WONVEA
c1ccccc1,NC1=NC(O)(C(F)(F)F)C(F)(O1)C(F)(F)F,hydrate,3,NAJPIZ
N#Cc1cc(C#N)c(cc1C#N)C#N,Oc1ccc(cc1O)C12CC3CC(C1)CC(C3)(C2)c1ccc(O)c(O)c1,hydrate,3,SESFII
OP(O)(=O)[O],[NH3]c1ccc(cc1)c1c2ccccc2c(c2ccc([NH3])cc2)c2ccccc12,salt,1,VIXLUL
NC(=O)C1=CC=C(N)C=C1,CC1=CC2=C(C=C1C)N(CC(O)C(O)C(O)CO)C1=NC(=O)NC(=O)C1=N2,failed,0,
CC(C)N1CCN(C(C)C)[P]1([CH][S](=O)(c1ccccc1)c1ccccc1)c1ccccc1,FC(F)(F)S(=O)(=O)[O],salt,1,XIBGIB
[NH3]C(C(O)c1ccccc1)c1ccccc1,O=C([O])C1=CC=CS1,solvate,3,CUVVEV
COP(=O)([O])OC,C[N]1(CCCC1)CC=C,salt,1,ZIPLUH
CC(=O)OC1=C(C)Sc2[n]1c(c(I)c1ccccc21)c1ccccc1,I[I]I,salt,1,YUDHEN
O=P(c1ccccc1)(c1ccccc1)c1ccccc1,Fc1c(F)c(I)c(F)c(I)c1F,cocrystal,2,ITEYEO
OP(=O)([O])OP(=O)([O])[O],NC(N)=[NH2],salt,1,GUDPYP
FC(F)(F)c1ccc(NC(=O)NCC(=O)[O])cc1,CCCC[N](CCCC)(CCCC)CCCC,hydrate,3,KEPDIW
OC(=O)CCCCCCCCCCC(O)=O,C(N1C=CN=C1C1=NC=CN1CC1=CC=CC=C1)C1=CC=CC=C1,failed,0,
Cc1cc(Cl)nc(N)n1,Cc1ccccc1C(O)=O,cocrystal,2,EXEZIR
CC1=NC=C(CO)C(=C1O)CO,NC(=O)C1=CC=CC=C1N,failed,0,
C1CSC2=C(SCCOc3ccc4ccccc4c3c3c(O1)ccc1ccccc31)SC(S2)=C1SC2=C(SCCS2)S1,N#CC(C#N)=C1C=CC(C=C1)=C(C#N)C#N,solvate,3,ASEZUU
[NH2]1CC[NH2]Cc2cccc(C[NH2]CC[NH2]Cc3cccc(C1)n3)n2,O=N(=O)[O],salt,1,ZUVKUW
OC(=O)C1=CC=C(O)C=C1,OC(=O)C1=CC=CC=C1O,failed,0,
NC(=[NH2])c1ccccc1,O=P([O])(c1ccccc1)c1ccccc1,salt,1,DAQBED
NC(=O)C1=CC=CC=C1,NC(=O)C1=CC(=CC=C1)[N+](=O)[O-],failed,0,
O=C([O])Cc1cccc2ccccc12,[NH3]CCC1=CNc2ccccc12,salt,1,WODVIU
COc1cc(O)ccc1N1CCN(CC1)C(=[NH2])Nc1cc(Cl)cc(Cl)c1,O=C([O])C=CC(=O)[O],solvate,3,WUPTOT
NC(=O)C1=CC(=CC=C1)N,CCCCCCCC(O)=O,failed,0,
FC(F)(F)S(=O)(=O)[O],O=S1[n]2ccccc2c2cccc[n]12,solvate,3,TEKSAH
O=C([O])C(=O)[O],[NH3]CC1(CCCCC1)CC(O)=O,salt,1,SOCYUF
OC(=O)CC(O)(CC(O)=O)C(O)=O,OC(C(O)C(O)=O)C(O)=O,failed,0,
CC(=O)NC1=NN=C(S1)S(N)(=O)=O,O=C1CCCCCN1,hydrate,3,MADSIW
CCCC[P](CCCC)(CCCC)CCCC,c1ccc(cc1)c1nnn[n]1,hydrate,3,CINVIH
c1cc2ccc3cccc4ccc(c1)c2c34,ClC1=CC(=O)C=CC1=O,cocrystal,2,CORPIJ
O=S(=O)([O])c1ccccc1,Nc1[nH]c(N)cc(N)[nH]1,hydrate,3,TEYXIH
CC1(C)C(CCC1(C)C(O)=O)C(=O)[O],[NH4],hydrate,3,SOHYAP
OC(=O)C1=CC=CC=C1O,CC1=C(C=C(C=C1[N+](=O)[O-])[N+](=O)[O-])[N+](=O)[O-],failed,0,
OC(=O)CCCCC(O)=O,S1C(=CC=C1c1ccncc1)C1=CC=C(S1)c1ccncc1,cocrystal,2,IWURIE
NC1=CC=CC(=C1)C(O)=O,OC1=CC=C(O)C=C1,failed,0,
Oc1c(c(O)c(c([O])c1N(=O)=O)N(=O)=O)N(=O)=O,NN1C=NNC1=[NH2],salt,1,IHIMOD
Nc1c(Cl)c[nH]cc1Cl,Oc1cccnc1C(=O)[O],hydrate,3,XIYCUH
C1=CC=C(C=C1)C1=CC=CC=C1,C1=CC=C(C=C1)C(C1=CC=CC=C1)C1=CC=CC=C1,failed,0,
C,COc1c2Cc3cc(O)cc(Cc4cc(O)cc(Cc5cc(cc(Cc1cc(c2)C(C)(C)C)c5OC)C(C)(C)C)c4O)c3O,hydrate,3,GURROB
OC1=C(C=C(C=C1)[N+](=O)[O-])[N+](=O)[O-],C1=CC=C2C(=C1)C=CC1=CC=CC=C21,failed,0,
[NH3]c1ccc(cc1)C(N)=O,O=C([O])C(=O)[O],hydrate,3,UFETUX
COc1c(OC)c2cccc3c(OC)c(OC)c4cccc1c4c23,FC1=C(F)C(C(=C(F)C1=C(C#N)C#N)F)=C(C#N)C#N,cocrystal,2,LOWQUL
OC1=CC=C(O)C=C1,CC1=CC(=CC=C1)C(O)=O,failed,0,
OC(=O)CCCC(O)=O,CC(C(C)C(O)=O)C(O)=O,failed,0,
NC1=[NH]C(=NN1)C(O)=O,O=S(=O)([O])[O],hydrate,3,OQUJEQ
[NH3]CCc1ccccc1,OP(=O)([O])OP(O)(=O)[O],salt,1,ABEQON
Cc1cc(C)c(c(C)c1)C(O)=O,Fc1c(F)c(F)c(C#CC#Cc2c(F)c(F)c(F)c(F)c2F)c(F)c1F,cocrystal,2,UKOLEL
F[P](F)(F)(F)(F)F,C[P]1(C)c2ccccc2[P](C)(C)[P]1(F)(F)(F)F,salt,1,LUJJEI
OC(CC(O)=O)C(O)=O,CC1=CC=C(C=C1)C(O)=O,failed,0,
O=[Cl](=O)(=O)[O],[NH3]NC(=O)C(=NN)C(=O)N[NH3],hydrate,3,XAWPAQ
C[n]1ccc(cc1)C=Cc1ccc(O)cc1,Clc1ccc(cc1)S(=O)(=O)[O],salt,1,CUPNEJ
[NH3]C(C(O)c1ccccc1)c1ccccc1,OCC(C(=O)[O])c1ccccc1,solvate,3,BUFHER
CC1=CC2=C(C=C1C)N(CC(O)C(O)C(O)CO)C1=NC(=O)NC(=O)C1=N2,NC(=O)C1=CC=C(C=C1)[N+](=O)[O-],failed,0,
c1cnc2ccc3ncccc3c2c1,Fc1c(F)c(F)c(I)c(I)c1F,cocrystal,2,YANPAH
CCOc1ccc(cc1)C(O)=O,C(Cc1ccncc1)c1ccncc1,cocrystal,2,VUXXAP
OC(C(O)C(=O)[O])C(=O)[O],[NH2]1CC[NH2]C(C1c1ccccc1)c1ccccc1,hydrate,3,CEJJEH
NC(=O)c1cnccn1,Oc1cccc(O)c1O,cocrystal,2,HEDRAL
COC1=CC=CC=C1C(O)=O,NC(=O)C1=CC=CC=C1,failed,0,
NC(=O)C1=CC=CC=C1,NC(=O)C1=CC=CC=C1O,failed,0,
C[N]1=CN(CCN2C=Nc3c(N)ncnc23)C=C1,F[P](F)(F)(F)(F)F,salt,1,ZUCLER
Nc1ccc(cc1)S(=O)(=O)N=C1NC=CS1,c1ccncc1,cocrystal,2,ADEDIX
C[NH]1CCN(CC1)c1c(F)cc2C(=O)C(=CN3N(C)COc1c23)C(O)=O,O=C([O])c1ccc(cc1)C(=O)[O],hydrate,3,WEQRAP
I[I]I,ICC1CCSC2=[N]1c1ccccc1S2,salt,1,NORPAO
FC(F)(F)S(=O)(=O)[O],O=C(c1ccccc1)C([N]#N)=S1c2ccccc2c2ccccc12,solvate,3,AMAYOF
c1cc(ccn1)C=Cc1ccncc1,OC(=O)C=Cc1ccc(C=CC(O)=O)cc1,cocrystal,2,KAXRUY
Cc1nc(C)c(C)nc1C,Fc1c(F)c(Cl)c(F)c(F)c1Cl,cocrystal,2,RIVXUT
CC1=CC2=C(C=C1C)N(CC(O)C(O)C(O)CO)C1=NC(=O)NC(=O)C1=N2,COC1=CC=CC=C1C(N)=O,failed,0,
COc1ccccc1c1c(C)[nH]c(C)c(Br)c1Br,O=N(=O)c1cc(c([O])c(c1)N(=O)=O)N(=O)=O,salt,1,RISDAB
CC(=O)c1ccc(C)cc1,[NH3]C(C(=O)NC1C2SCC(=C(N2C1=O)C(=O)[O])C)C1=CCC=CC1,hydrate,3,VOQKUH
Oc1ccc2c(Oc3cc(O)ccc3C32OC(=O)c2ccccc32)c1,c1cc(ccn1)c1ccncc1,solvate,3,CAGQUA
CCOCCO,CCCC1=[NH]C(=C(N1Cc1ccc(cc1)c1ccccc1C1=NN=NN1)C(=O)[O])C(C)(C)O,cocrystal,2,ZECQUX
FC(F)(F)S(=O)(=O)[N]S(=O)(=O)C(F)(F)F,CC[N](CC)(CC)CC#CC#CC[N](CC)(CC)CC,salt,1,GIRFUM
O=C1Oc2ccccc2C=C1C(=O)c1cc[nH]cc1,O=[Cl](=O)(=O)[O],salt,1,VUFROE
C(C[N]1=CN2C=CC=CC2=C1)OCC[N]1=CN2C=CC=CC2=C1,F[P](F)(F)(F)(F)F,solvate,3,ROXJIA
[NH3]C(C)c1ccccc1,NC(C(=O)NC(C(=O)[O])c1ccccc1)c1ccccc1,hydrate,3,POXCUA
NC1=CC=CC=C1C(O)=O,OC(=O)CC(=CC(O)=O)C(O)=O,failed,0,
O=[Cl](=O)(=O)[O],C[NH](C)CCCN1C(=O)c2ccccc2C1=O,salt,1,AYALAQ
O=C([O])C(Cc1ccccc1)NC(c1ccccc1)(c1ccccc1)c1ccccc1,[NH3]C(C)(C)C,solvate,3,PEKCEP
OC(C(O)C(O)=O)C(O)=O,CN1N=NC2=C(N=CN2C1=O)C(N)=O,cocrystal,2,ACESAE
C[NH]1CCN(CC1)c1c(F)cc2C(=O)C(=CN(CCF)c2c1F)C(O)=O,OC(C(O)C(=O)[O])C(O)=O,hydrate,3,VACPIC
OC(=O)CCCCC(O)=O,CCCCCCCCCCCCCCCCCC(O)=O,failed,0,
CC1=[NH]C=CN1,CCOC1=Nc2cccc(C(=O)[O])c2N1Cc1ccc(cc1)c1ccccc1C1=NOC(=O)N1,solvate,3,FAMFOR
Fc1c(I)c(F)c(I)c(F)c1I,O=P(c1ccccc1)(c1ccccc1)c1ccccc1,cocrystal,2,JUZRON
O=C([O])c1ccccc1,OC(C1[NH2]CCC1)(c1ccccc1)c1ccccc1,salt,1,NIDSOK
O=C(CP(=O)(c1ccccc1)c1ccccc1)Oc1ccc(cc1)N(=O)=O,Oc1ccc(cc1)N(=O)=O,cocrystal,2,QENHAS
COC1C[NH2]CCC1NC(=O)c1cc(Cl)c(N)cc1OC,OC(C(O)C(=O)[O])C(O)=O,hydrate,3,HUHYOY
IC#Cc1ccc2ccccc2n1,Fc1c(F)c(F)c(F)c(F)c1F,cocrystal,2,REZREW
O=S(=O)([O])[O],[NH3]CC[NH]1CCOCC1,solvate,3,KUTZUV
OC(=O)C=CC1=CC=CC=C1,OC1=CC=C(C=C1)[N+](=O)[O-],failed,0,
OC(=O)C1CCC=CC1,COc1cc2N3C4C5C(CC3=O)OCC=C3CN6CCC4(C6CC53)c2cc1OC,cocrystal,2,LOKRAE
FC(F)(F)S(=O)(=O)[O],[P]1N(CCN1c1ccccc1)c1ccccc1,salt,1,XOGNEN
[OH3],NC1=C(NC(=O)NC1=O)S(=O)(=O)[O],hydrate,3,QILZIU
[NH2]1CCOCC1,Clc1ccc(c(c1)C(=O)[O])N(=O)=O,salt,1,YEJYER
IC(I)=C(I)I,c1ccc(nc1)c1ccccn1,cocrystal,2,WOJQOB
OC(=O)c1ccccc1F,c1cc(ccn1)c1ccncc1,cocrystal,2,FECGUS
[NH3]c1ccc(C(O)=O)c(O)c1,O=S(=O)([O])[O],salt,1,XICQOR
Cc1cc[nH]c(N)c1,O=C([O])c1ccc(cc1)C(=O)[O],hydrate,3,DUSJIL
C1=CC=C(C=C1)C1=CC=CC=C1,C1CC2=CC=CC3=C2C1=CC=C3,failed,0,
CC=CC=CC(=O)[O],[NH3]C(C)(C)C,salt,1,ASOPAZ
O=S(=O)([O])c1cccc2c1cccc2S(=O)(=O)[O],[NH3]c1ccc(Cc2ccc([NH3])cc2)cc1,hydrate,3,KIXJUX
F[P](F)(F)(F)(F)F,[nH]1ccccc1c1nc(nc(n1)c1ccccn1)c1[nH]cccc1,hydrate,3,LOPWAQ
CC1=CC(=C(C=C1)[N+](=O)[O-])[N+](=O)[O-],CC1=CC=C(N)C=C1,failed,0,
FC(F)(F)S(=O)(=O)[O],CN(N=CC1=C[NH]=CN1)C1=Nc2ccccc2N1,hydrate,3,QUGVUM
OC(=O)C1=CC=CC=C1O,OC(=O)C1=CC=C(O)C=C1,failed,0,
NC(=O)C1=CC=C(N)C=C1,CC1=NC=C(CO)C(=C1O)CO,failed,0,
OC(C1CC2CCN1CC2C=C)c1ccnc2ccccc12,CC(=C=CC1CCCCC1)C(O)=O,hydrate,3,DIXMIH
CN1SC(=CC1=O)Cl,COC(=O)c1cc(O)c(O)c(O)c1,cocrystal,2,AXASOH
[NH4],O=N(=O)C1=N[N]C(=C1N(=O)=O)N(=O)=O,salt,1,FEDCOI
CNC(=O)c1[nH]ccc(Oc2ccc(NC(=O)c3cccc(c3)C(F)(F)F)cc2)c1,Cc1ccc(cc1)S(=O)(=O)[O],hydrate,3,DUNLOO
Oc1ccc(cc1C(=O)[O])N(=O)=O,NC(=O)C1CC[NH2]CC1,salt,1,QAKDIR
CCC(C)C,CC=C(C)C1CC2C(C)(CC(O)C3C(C)(C)CCC(O)C23C)O1,cocrystal,2,DOPPIH
N#CCCC#N,CC1=C(C)C=C(C)C(=C1)C,failed,0,
OC(C(=O)[O])c1ccccc1,[NH3]C(C(O)c1ccccc1)c1ccccc1,solvate,3,KOTNUE
COC(=O)CNC(=O)c1c2ccccc2cc2ccccc12,N#Cc1cc(C#N)c(cc1C#N)C#N,cocrystal,2,IPEPEB
[NH4],O=N(=O)[N]C1=NON=C1C1=NOC(=NO1)C1=NON=C1[N]N(=O)=O,hydrate,3,UVEGIN
[nH]1ccccc1c1ccccn1,[NH3]C(CCP(O)(O)=O)(P(O)(=O)[O])P(O)(=O)[O],hydrate,3,VIPXAU
C(CCN1C=CN=C1)CN1C=CN=C1,OC(=O)CCCCCCCCC(O)=O,cocrystal,2,INEXIJ
[NH3]O,[O]N1N=NN=C1C1=C(N=NN1)C1=NN=NN1[O],hydrate,3,WAJQIK
c1ccc2c(c1)ccc1cccnc21,Cc1c(O)cccc1O,cocrystal,2,NUQLAO
Cc1ccc(cc1)C1=CN=CO1,Fc1c(F)c(I)c(F)c(F)c1I,cocrystal,2,LOWLES
C1=CC=C2C(=C1)C=CC1=C2C=CC2=CC=CC=C12,C1=CC2=C3C(=C1)C=CC1=CC=CC(=C31)C=C2,failed,0,
C(N1C=CN=C1C1=NC=CN1CC1=CC=CC=C1)C1=CC=CC=C1,OC(=O)CCCCCC(O)=O,failed,0,
Nc1[nH]c(N)nc(N)c1,O=C([O])c1ccccc1N(=O)=O,salt,1,VIPZUS
Oc1ccc(cc1)C1(c2ccc(O)cc2)c2ccccc2c2ccccc12,C1CN2CCN1CC2,solvate,3,ETEZIO
NC(CO)(CO)CO,NC(=O)N1C2=CC=CC=C2C=CC2=CC=CC=C12,failed,0,
CC1=NC=C(CO)C(=C1O)CO,OC(=O)C1=CN=CC=C1,failed,0,
Cc1nc(C)c(C)nc1C,Oc1c(F)c(F)c(Br)c(F)c1F,cocrystal,2,BUNFUN
OC(C(O)C(=O)[O])C(O)=O,C[NH2]C1CCC(c2ccc(Cl)c(Cl)c2)c2ccccc12,hydrate,3,MIHJIA
OC(=O)C1=CN=CC=C1,COC1=CC=C(C=C1)C(O)=O,failed,0,
Oc1cccc2c3cccc(O)c3c3c(O)cccc3c3cccc(O)c3c12,c1cc(ccn1)c1ccncc1,cocrystal,2,MAQYAF
[nH]1c2ccccc2cc2ccccc12,OC(=O)C=CC=CC(=O)[O],salt,1,GAHDID
O=[Cl](=O)(=O)[O],O=C1C(=O)c2cccnc2c2[nH]cccc12,hydrate,3,UHUWAX
C1=CC=C(C=C1)C1=CC=NC=C1,IC1=CC=C(I)C=C1,failed,0,
C(Cc1cc[nH]cc1)c1cc[nH]cc1,N#CC(C#N)=C1C=C[C](C=C1)=C(C#N)C#N,salt,1,CEHNEI
OC(=O)C1=CC=CC=C1Cl,NC(=O)C1=CC=CC=C1,failed,0,
[NH3]CCCCCCCCCC,FC1=CN(CC(=O)[O])C(=O)[N]C1=O,salt,1,GOJLOJ
Cc1cncc(C)c1,Fc1c(F)c(I)c(F)c(I)c1F,cocrystal,2,WIHDOJ
CCOc1ccc(nc1)N=Cc1ccccc1O,Fc1c(I)c(F)c(I)c(F)c1I,cocrystal,2,GEWJEB
C[NH]1CC[NH](CC1)Cc1cc(C=O)cc(CN2CC[NH](C)CC2)c1O,O=[Cl](=O)(=O)[O],hydrate,3,PERFIC
O=N(=O)N=C1NC(=C([N]1)C1=NN=NN1)C1=NN=NN1,C[NH2]C,hydrate,3,DESTOO
N#[N]c1ccc(cc1)C#N,Cc1ccc(cc1)S(=O)(=O)[O],salt,1,EFUXEJ
O=S(=O)([O])NC1CCCCC1,CCC[N](CCC)(CCC)CCC,salt,1,RIFWIN
[NH4],Cc1c(C)c2OC(C)(CCc2c(C)c1O)C(=O)[O],salt,1,REJPOO
BrC1=CC=CC=C1,CC(=O)C1CCC2C3CCC4=CC(=O)CCC4(C)C3CCC12C,failed,0,
[NH2]1CCCCC1,Oc1c2Cc3cccc(Cc4cccc(Cc5cccc(Cc6cccc(Cc7cccc(Cc1ccc2)c7[O])c6O)c5O)c4[O])c3O,solvate,3,VIJLUW
NC(=O)C1=CC(=CC=C1)F,CCCCCCCC(O)=O,failed,0,
NN1C(=N[N](=C1N)N)N,[O]N1N=NN=C1C1=NN=NN1[O],hydrate,3,OWAREM
FC1=C(F)C2=C(F)C(C(=C(F)C2=C(F)C1=C(C#N)C#N)F)=C(C#N)C#N,c1ccc2cc3ccccc3cc2c1,cocrystal,2,ZUSBEX
OC(=O)C1=CC=CC=C1F,CCCCCCCC(O)=O,failed,0,
C1COc2ccccc2OCCOCCOc2ccccc2OCCO1,Oc1c(cc(cc1N(=O)=O)N(=O)=O)N(=O)=O,hydrate,3,KODYIM
CN(C)C(=[NH2])N(C)C,OP(O)(=O)[O],salt,1,MATKAT
O=N(=O)c1cc(c([O])c(c1)N(=O)=O)N(=O)=O,C1COCCOCc2[nH]c(COCCOCCO1)ccc2,hydrate,3,DONMEY
Cc1ccc(cc1)S(=O)(=O)[O],Nc1[nH]c(N)nc(N)n1,hydrate,3,RALPUQ
NC(=O)c1ccncc1,Oc1ccc2C(=O)C(=C(Oc2c1)c1ccc(O)c(O)c1)O,cocrystal,2,ZIKNOY
O=C1NC(=O)C=C1,OC(=O)C1=CC=CC=C1,failed,0,
FC(F)(F)S(=O)(=O)[O],CC[P](c1ccccc1)(c1ccccc1)c1ccccc1[P](C)(c1ccccc1)c1ccccc1,solvate,3,CEJDIG
[NH3]O,NC1=NON=C1[N]N(=O)=O,salt,1,REZMOC
O=P([O])([O])OP(=O)([O])[O],[NH3]CCC[NH3],hydrate,3,TUDMOU
CC(CCC(O)=O)C1CCC2C3C(O)CC4CC(O)CCC4(C)C3CC(O)C12C,Cc1cccc(Cl)c1,cocrystal,2,VIZPUQ
COc1cccc(c1c1c(OC)cccc1P(=O)(c1ccccc1)c1ccccc1)P(=O)(c1ccccc1)c1ccccc1,c1ccccc1,cocrystal,2,YOMQAT
O=C1C(=O)c2cccc3C(=O)C(=O)c4cccc1c4c23,N1c2ccccc2C2=C1C1=C(N2c2ccccc2)c2ccccc2N1,solvate,3,SADNEU
[NH3]c1ccc(C)c([NH3])c1,OP(O)(=O)[O],hydrate,3,TECCOV
[NH3]Cc1ccccc1,O=C([O])c1ccc(C(=O)[O])c2ccccc12,hydrate,3,DOXKOT
OC(=O)CCCCCC(O)=O,NC(=O)C1=NC=CN=C1,failed,0,
NC1=CC=CC(=C1)C(O)=O,NC(CCC(O)=O)C(O)=O,failed,0,
Oc1ccc(N=Nc2ccc(cc2)S(=O)(=O)[O])c(O)c1,[NH4],hydrate,3,KOKDAT
C(Cc1ccncc1)c1ccncc1,Oc1c(F)c(F)c(Br)c(F)c1F,cocrystal,2,BUNHUP
[NH3]C(CCC[NH]=C(N)N)C(=O)[O],[H](F)[F],salt,1,GUHFOE
CN1C=NC2=C1C(=O)N(C)C(=O)N2C,CC1=CC=C(C=C1)C(O)=O,failed,0,
O=N(=O)c1cc(c([O])c(c1)N(=O)=O)N(=O)=O,CCCCCCCCCCCC[N](C)(C)CC[N](C)(C)CCCCCCCCCCCC,salt,1,MEZYIC
OC(=O)C1=CC=CC=C1F,OC(CC(O)=O)C(O)=O,failed,0,
CC(=O)NC1=NC2=C(OC3=NC=NC(=C3)C3=CC=C(C=C3)C(F)(F)F)C=CC=C2S1,OC(C(O)C(O)C(O)=O)C(O)C(O)=O,failed,0,
C1CSCCO1,N#CC1(C#N)C2(CCOCC2)C1(C#N)C#N,cocrystal,2,TUQYUC
CC(=O)NC1=CC=CC=C1,OC1=C(C=C(C=C1)[N+](=O)[O-])[N+](=O)[O-],failed,0,
CC1=CC2=C(C=C1)C=C(C)C=C2,C1=CC=C2C=CC=CC2=C1,failed,0,
C[NH](C)CC1C2CCC(=CCCC3(C)OC3C2OC1=O)C,OC(=O)C=CC(=O)[O],salt,1,POWMOE
OC(=O)CC(=CC(O)=O)C(O)=O,NC(=O)C1=CC=CC=C1O,failed,0,
C(Cc1ccncc1)Cc1ccncc1,OC(=O)COc1ccc2ccc(OCC(O)=O)cc2c1,cocrystal,2,VOJKUD
OCC(=O)[O],C1C[NH]2CCCN3CCCN(C1)CCCN(CCC2)CCC3,salt,1,XIYWEH
OC1=CC=CC2=CC=CC=C12,NC(N)=O,failed,0,
OC(C(O)C(O)=O)C(O)=O,NC(=O)N1C2=CC=CC=C2C=CC2=CC=CC=C12,failed,0,
NNC(NN)=[NH]N,O=N(=O)C1=NN(C(=N1)NNC1=NC(=NN1C1=NN=N[N]1)N(=O)=O)C1=NN=N[N]1,salt,1,IFOTUV
NC(=O)C1=CC=CC=C1O,OC(=O)CC(=CC(O)=O)C(O)=O,failed,0,
O=[Cl](=O)(=O)[O],Oc1c(cc(cc1C1=Nc2c(F)c(F)c(F)c(F)c2N1)C(F)(C(F)(F)F)C(F)(F)F)C1=[NH]c2c(F)c(F)c(F)c(F)c2N1,solvate,3,PIPLIJ
Cc1cc(C)nc(NS(=O)(=O)c2ccc(N)cc2)n1,Nc1ccc(cc1)C(O)=O,cocrystal,2,SORWIF
COC1=CC=CC(=C1)C(O)=O,OC(=O)C1=CN=CC=C1,failed,0,
Fc1c(F)c(C#N)c(F)c(F)c1C#N,c1cc2ccc3cccc4ccc(c1)c2c34,cocrystal,2,EQOBIY
F[P](F)(F)(F)(F)F,Cc1cc[n](CC[n]2ccc(C)cc2)cc1,salt,1,CUBYIK
NC(=O)N1C2=CC=CC=C2C=CC2=CC=CC=C12,CNCC(O)C(O)C(O)C(O)CO,failed,0,
Clc1ccc(cc1C(=O)[O])N(=O)=O,Cc1[nH]c2c(O)cccc2cc1,hydrate,3,HIHPIY
Oc1ccccc1C(=O)[O],Cc1ccc(cc1)N1C(=CC2=C1C=C(N2c1ccc(C)cc1)c1c[nH]ccc1)c1c[nH]ccc1,solvate,3,GOKRIK
CC(C)c1cccc(C(C)C)c1N(Cc1cc(cc(c1O)C(C)(C)C)C(C)(C)C)C(=O)CN1C=CN=C1,Cc1ccccc1,cocrystal,2,NUZCAO
OC(=O)CCCCCC(O)=O,C(N1C=CN=C1C1=NC=CN1CC1=CC=CC=C1)C1=CC=CC=C1,failed,0,
O=S(=O)([O])OOS(=O)(=O)[O],C(C[P](c1ccccc1)(c1ccccc1)c1ccccc1)[P](c1ccccc1)(c1ccccc1)c1ccccc1,hydrate,3,IWUWAA
OC(=O)C([O])(c1ccccc1)c1ccccc1,Nc1ccc[nH]c1Cl,salt,1,QOVLIZ
NC(=O)C1=NC=CN=C1,OC(CC(O)=O)C(O)=O,failed,0,
O=C1[N]S(=O)(=O)c2ccccc12,CC1=CC(=O)NC(=[NH]1)N,hydrate,3,LILGEV
[NH3]C(CCCNC(N)=[NH2])C(=O)[O],O=N(=O)[O],hydrate,3,NABQAJ
[NH3]C(CC1=C[NH]=CN1)C(=O)[O],OCC(=O)[O],salt,1,TEJWAG
FC(F)(F)C(=O)[O],Cc1ccc(cc1)S(=O)(=O)NC1C[NH2]CC(C1)C(=O)NCC(c1ccccc1)c1ccccc1,salt,1,QAJLAR
C1CC2=CC=CC3=C2C1=CC=C3,O=C1C2=CC=CC=C2C2=CC=CC=C12,failed,0,
OC(=O)CCSCCC(O)=O,NC(=O)C1=CC=CC=C1O,failed,0,
C([n]1ccc(cc1)c1cc(nc(c1)c1ccccn1)c1ccccn1)c1ccccc1,F[P](F)(F)(F)(F)F,salt,1,WOMWOK
CCCCCCCCN,NC(N)=O,solvate,3,MORQEP
C1=CC=C2C=CC=CC2=C1,C1=CC=C(C=C1)C(C1=CC=CC=C1)C1=CC=CC=C1,failed,0,
[NH3]C(C)c1ccccc1,CCC(C(=O)[O])c1ccccc1,salt,1,PBUPEA
Oc1cc(O)c(Cl)cc1Cl,c1ccc(C=Cc2ccc(cc2)c2ccncc2)nc1,cocrystal,2,NEYJIN
CN(=O)=O,O=C(C1C(C(=O)c2ccccc2)C1(c1ccccc1)c1ccccc1)c1ccccc1,cocrystal,2,YURMON
OC(C1C2c3ccccc3C(C1C(O)(c1ccccc1)c1ccccc1)c1ccccc21)(c1ccccc1)c1ccccc1,Cc1ccccn1,cocrystal,2,QEZSAT
FC1=NC(F)(F)[N]C(=N1)F,CN(C)[S](N(C)C)N(C)C,salt,1,EXIZAM
COc1cc(Cc2cnc(N)nc2N)cc(OC)c1OC,O=C1NS(=O)(=O)c2ccccc12,hydrate,3,BEXVOP
NC(=O)C1CC[NH2]CC1,OC(=O)c1cc(cc(c1[O])N(=O)=O)N(=O)=O,salt,1,UJOGUW
c1ccc(cc1)[P](c1ccccc1)(c1ccccc1)c1ccccc1,O[P](F)(F)(C(F)(F)C(F)(F)F)(C(F)(F)C(F)(F)F)C(F)(F)C(F)(F)F,salt,1,QONKAH
Cc1nc(C)c(C)nc1C,OC(=O)c1ccccc1C(O)=O,cocrystal,2,XOGFIK
II,II[S]=C1Nc2ccccc2S1,cocrystal,2,XOVROP
c1ccccc1,CC(=NCCSc1ccccc1)c1ccc(O)cc1O,cocrystal,2,NOBGAN
O=N(=O)c1ccc(Cc2[nH]cccc2)c(c1)N(=O)=O,O=S(=O)([O])c1ccc(cc1)c1ccc(cc1)S(=O)(=O)[O],hydrate,3,NUQTAV
COc1ccccc1OCC[NH2]CC(O)COc1cccc2Nc3ccccc3c12,OP(O)(=O)[O],hydrate,3,XOZJOM
OC1=CC=CC=C1C1=CC=CC=C1,NC1=CC=C(C=C1)[N+](=O)[O-],failed,0,
O=[Cl](=O)(=O)[O],[NH3]NC(N)=NN(=O)=O,salt,1,QEHDAK
CS(=O)(=O)[O],C([n]1ccccc1)c1ccccc1N1c2ccccc2c2ccccc12,salt,1,KILWUB
CC1=CC=CC=C1C(N)=O,OC(=O)CCSCCC(O)=O,failed,0,
CC(C)C1NCc2c3ccccc3c(CNC(C(C)C)C(=O)NC(C)CNC1=O)c1ccccc21,CC(C)C1NCc2c3ccccc3c(CNC(C(C)C)C(=O)NCCNC1=O)c1ccccc21,solvate,3,MAJTAU
c1cnc(nc1)c1ncccn1,OC1=C(Br)C(=O)C(=C(Br)C1=O)O,hydrate,3,EBAWEK
O=[Cl](=O)(=O)[O],C[n]1ccc(cc1)c1cc[n](CC(N)=O)cc1,hydrate,3,TOHCEY
CCc1[nH]c(N)nc(N)c1c1ccc(Cl)cc1,OC(=O)c1cccc(c1)C(=O)[O],hydrate,3,CUXPET
O1C=CC(=C1)C1=CN=CO1,Fc1c(F)c(I)c(F)c(F)c1I,cocrystal,2,LOWPEW
OC(=O)CCSCCC(O)=O,NC(=O)C1=CC=C(O)C=C1,failed,0,
O=C([O])c1ccc2cc(ccc2c1)C(=O)[O],C1[N]2=CN(C=C2)c2cccc(n2)N2C=C[N](=C2)Cc2ccccc2C[N]2=CN(C=C2)c2cccc(n2)N2C=C[N](=C2)Cc2ccccc12,hydrate,3,IFEMEN
[NH3]CCCCCC[NH3],O=C([O])c1ccccc1C(=O)[O],hydrate,3,CIZZIU
NC(=O)CC#N,CC(=O)C1=CC=C(N)C=C1,failed,0,
NC1=Nc2cc(Cl)ccc2O1,OC(=O)C1=Cc2ccccc2N1,cocrystal,2,LOMTAI
OC1=CC=C(C=C1)[N+](=O)[O-],CC1(C)C2CCC1(C)C(=O)C2,failed,0,
NC(N)=O,CC1=CC=C(C=C1)C(N)=O,failed,0,
N1C=CC(=N1)c1ccncc1,Fc1c(F)c(I)c(F)c(F)c1I,cocrystal,2,TOJBIE
CN1C(=C(O)C2=CC=CC=C2S1(=O)=O)C(=O)NC1=CC=CC=N1,CCCCCCCC(O)=O,failed,0,
[NH2]1CC[NH2]CC1,CC=CC=CC(=O)[O],salt,1,VIRRIB
Cc1[nH]cc(CO)c(CO)c1O,O=C([O])c1cc(cc(c1)N(=O)=O)N(=O)=O,salt,1,UKEXIU
CC1CC(=O)NN=C1c1ccc(cc1)N1C=[NH]C=C1,OC(=O)C=CC(=O)[O],salt,1,FOVRUD
Cc1ccc(cc1)S(=O)(=O)NC(Cc1ccccc1)C(=O)[O],CC(C)(C)NC(=O)C1C[NH2]CCN1,solvate,3,HEZREK
O=C1N([I]N2C(=O)c3ccccc3S2(=O)=O)S(=O)(=O)c2ccccc12,[nH]1ccccc1,salt,1,NEVHEF
O1C2=CC=CC=C2C2=CC=CC=C12,C1CC2=CC=CC3=C2C1=CC=C3,failed,0,
NC1=NN=C(O1)C1=NON=C1[N]N(=O)=O,[NH3]O,hydrate,3,MUXGUJ
COc1ccc(OC)cc1,Fc1c(F)c(F)c2c(F)c(F)c(F)c(F)c2c1F,cocrystal,2,ITUBOR
NC(=O)C1=CC=C(C=C1)[N+](=O)[O-],NC(CCC(O)=O)C(O)=O,failed,0,
CC[NH2]CC,CC(=O)C=C([O])C(F)(F)F,salt,1,GIHYOP
OC(=O)C1=CC=CC=C1O,COC1=CC=CC(=C1)C(O)=O,failed,0,
Cc1c(cc(cc1N(=O)=O)C(O)=O)N(=O)=O,C(Cc1ccncc1)c1ccncc1,cocrystal,2,LAPTUS
Cc1ccc(cc1)C(O)=O,Cc1ccc(cc1)c1nc(N)nc(N)n1,cocrystal,2,FICYIB
OC(=O)C1=CC=CC=C1F,OCC(O)C1OC(=O)C(=C1O)O,failed,0,
Cc1ccccc1,COc1ccc(cc1)N1C(=O)C(c2ccccc2)(c2ccccc12)C1(C(=O)N(c2ccc(OC)cc2)c2ccccc12)c1ccccc1,cocrystal,2,XAYXED
N1=N[N]C(=N1)N=NC1=NN=N[N]1,NN1C(=NN2C(=[NH]N=C12)N)N,salt,1,WUNBUE01
Nc1ccc(cc1)S(=O)(=O)N=C1NC=CS1,CCCC#N,cocrystal,2,XEHVAL
C1Oc2c(CC=C1)cc1ccccc1c2c1c2OCC=CCc2cc2ccccc12,c1ccccc1,cocrystal,2,CAFPOQ
CC1=NN(Cc2ccc(CN3N=C(C)C=C3C)cc2)C(=C1)C,OC(=O)c1c(Cl)cccc1Cl,cocrystal,2,GENNIX
NC1=CN=C(Br)C=N1,OC(=O)CCCC(O)=O,failed,0,
CC(=O)C1CCC2C3CCC4=CC(=O)CCC4(C)C3CCC12C,Nc1cccc(N)n1,cocrystal,2,ZIZJIF
S=C([S])C#N,CC[N](CC)(CC)CC,salt,1,EYACTF
[NH3]CCOc1cc(nc(c1)C1=CN(Cc2ccc(cc2)C(=O)OC)N=N1)C1=CN(Cc2ccc(cc2)C(=O)OC)N=N1,FC(F)(F)C(=O)[O],solvate,3,TEXQOG
COC1=CC=CC(=C1)C(N)=O,OC(=O)C1=CC=CC=C1O,failed,0,
OP(=O)([O])C[NH](CP(O)(=O)[O])CP(O)(=O)[O],CC(C)C[NH2]CC(C)C,salt,1,GUMLAB
c1ccc(nc1)c1ccccn1,Oc1c(O)c(O)c(O)c(O)c1O,cocrystal,2,TIJKIG
NC(=O)N1c2ccccc2C=Cc2ccccc12,[O]n1ccn([O])cc1,cocrystal,2,VIGGUO
CN1C(=O)N(C)C2=C(NC=N2)C1=O,Nc1ccc(cc1)C(O)=O,cocrystal,2,HUMNEK
[NH2]1CCNCC[NH2]CCNCC1,Nc1ccc(cc1)C(=O)[O],hydrate,3,HEZTIQ
NC(=[NH2])c1ccccc1,BrCC(=O)[O],salt,1,GADMUT
CCN(CC)[C]1C(=C(C#N)C#N)C1=C(C#N)C#N,CN(C)C1=C(N(C)C)C1=[N](C)C,salt,1,IGADED
N#CC(C#N)=C1C=C[C](C=C1)=C(C#N)C#N,CSC1=C(SCCO)SC(S1)=C1[S]C2=C(SCCS2)S1,salt,1,QEVXOE
[NH3]C1CCC([NH3])CC1,O=S(=O)([O])c1ccc(cc1)C(c1ccc(cc1)S(=O)(=O)[O])(c1ccc(cc1)S(=O)(=O)[O])c1ccc(cc1)S(=O)(=O)[O],hydrate,3,SEVLAJ
OC(=O)c1ccc(O)cc1,CN1C(=C([O])c2ccccc2S1(=O)=O)C(=O)Nc1[nH]cccc1,cocrystal,2,NIFKIX
CC1=CC2=C(C=C1)C=CC(=C2)C,C1CC2=CC=CC3=C2C1=CC=C3,failed,0,
Cc1cccnc1,Cc1c(Cl)cccc1Nc1ccccc1C(O)=O,cocrystal,2,UZUZOG
CC1(C)OC(C(O1)C(O)(c1ccccc1)c1ccccc1)C(O)(c1ccccc1)c1ccccc1,O=C1C2CCCN2C(=O)C2CCCN12,cocrystal,2,TUTSOR
NC(=O)C1=CC=CC=C1,OC(=O)C1=CC=CC=C1Cl,failed,0,
OC(=O)c1ccc(Br)cc1,Fc1c(F)c(F)c(N=Cc2ccncc2)c(F)c1F,cocrystal,2,NUMYOM
N1[NH]=C(C2=CC=CN2)C(=C1C1=CC=CN1)c1ccccc1,FC(F)(C(=O)[O])C(F)(F)C(F)(F)C(F)(F)C(=O)[O],salt,1,MUDJOM
OC(=O)c1cc(O)ccc1O,CN1C=NC2=C1C(=O)NC(=O)N2C,cocrystal,2,HOWLEN
C(C1=CC=CC=C1)C1=CC=CC=C1,C1=CC=C2C(=C1)C=CC1=CC=CC=C21,failed,0,
N1=N[N]C(=N1)N=NC1=NN=N[N]1,C[N]1=NN(N)C=C1,salt,1,SALZIQ
CC1C[NH2]C(C)(C)CC(C)NC(C)C[NH2]C(C)(C)CC(C)N1,O=N(=O)[O],salt,1,CIWLUQ
O=P([O])(c1ccccc1)c1ccccc1,[NH2](CC[NH2]Cc1ccccc1)Cc1ccccc1,hydrate,3,WAWVOJ
Oc1cccc(c1)C(=O)[O],[NH3]C(C)c1ccccc1,salt,1,KUYKOE
OS(=O)(=O)[O],CC(C)Nc1cc2[N](=C3C=CC=CC3=Nc2cc1Nc1ccc(Cl)cc1)c1ccc(Cl)cc1,solvate,3,JIXQAL
Nc1cccc(c1)C(=O)[O],CN(C)c1cc[nH]cc1,hydrate,3,AYANIA
Br[Br]Br,[Br]1C2(C3CC4CC(C3)CC2C4)C21C1CC3CC(C1)CC2C3,salt,1,DAKVUG
CC1=CC(=O)N2N=C(N=C2N1)C(F)(F)F,NC1=[NH]C(=NN1)C(F)(F)F,cocrystal,2,PAJBIM
[NH2]1CCOCCOCCOCC1,Nc1ccc(cc1)C(=O)[O],hydrate,3,MAZZUJ
OC(=O)CCCCCCCCCCC(O)=O,NC1=NC=C(Br)N=C1Br,failed,0,
OP(O)(=O)[O],NN1C(=NN=C1c1cc[nH]cc1)c1cc[nH]cc1,salt,1,FIKYUX
OC(=O)CCCC(O)=O,OC(=O)C1=CC=CC=C1,failed,0,
Oc1cc(O)c2C(=O)C(=C(Oc2c1)c1ccc(O)c(O)c1)O,c1cc(ccn1)c1ccncc1,hydrate,3,YUFQUN
[NH3]C(CC)(CO)CO,CC(=O)[O],salt,1,BURXIX
Clc1ccc2OC(=O)Nc2c1,O=C([O])c1[nH]cccc1,cocrystal,2,SUVBAP
O=C([O])CCC1CCCc2ccccc12,[NH3]C(C)c1ccccc1,salt,1,NENYOU
CC1=CC2=C(C=C1C)N(CC(O)C(O)C(O)CO)C1=NC(=O)NC(=O)C1=N2,CC1=CC=CC=C1C(O)=O,failed,0,
OC(C1=CC=CC=C1)C(=O)C1=CC=CC=C1,CC(=O)C1=CC=C(N)C=C1,failed,0,
c1cc2ccc3cccc4ccc(c1)c2c34,Fc1c(F)c(N=Nc2c(F)c(F)c(I)c(F)c2F)c(F)c(F)c1I,cocrystal,2,WOBPEM
NC1=CC(=CC=C1)[N+](=O)[O-],OC1=CC=C(C=C1)C1=CC=CC=C1,failed,0,
CC1(C)O[C](OC1(C)C)c1ccccc1,Cl[I]Cl,salt,1,OXLCLI
OC(=O)CCCCCCC(O)=O,C(N1C=CN=C1C1=NC=CN1Cc1ccccn1)c1ccccn1,cocrystal,2,DOSPIM
C1CN2CC[NH]1CC2,Oc1ccc(cc1)C1CC(=O)c2c(O)cc([O])cc2O1,salt,1,COLHER
c1cnccn1,OC(=O)c1cc(I)cc(I)c1O,cocrystal,2,ENEPOE
F[P](F)(F)(F)(F)F,C1C[n]2ccc(cc2)c2cc[n](CCC3=CN(CC[n]4ccc(cc4)c4cc[n](CCC5=CN1N=N5)cc4)N=N3)cc2,salt,1,FUFXIQ
O=P([O])(Oc1ccccc1)Oc1ccccc1,Cc1[nH][nH]c(C)c1,salt,1,HUHTEJ
Cc1c(O)cccc1O,c1ccc2nc3ccccc3nc2c1,cocrystal,2,NUQHOY
[NH3]CC1CCC(CC1)C(O)=O,O=C([O])C(=O)[O],salt,1,JIQGEY
ClC1=C(Cl)C(=O)C(=C(Cl)C1=O)Cl,Cc1cc(cc(C)c1O)c1cc(C)c(O)c(C)c1,cocrystal,2,REQFOM
[NH3]C(CO)(CO)CO,CC1OC1P(O)(=O)[O],salt,1,ROPMUH
N#C[C](C#N)=C1C=CC(C=C1)=C(C#N)(C#N)C(C#N)(C#N)=C1C=CC(C=C1)=[C](C#N)C#N,CN(C)C1=C(N(C)C)C1=[N](C)C,salt,1,GAXYEJ
COc1ccc(cc1)C(=O)C(C(=O)OC)=C([n]1ccc(cc1)N(C)C)C(=O)OC,FC(F)(F)S(=O)(=O)[O],salt,1,MOBZAF
[NH3]C(C(N)=O)c1ccccc1,CC(=O)NC(CC1=CNc2ccccc12)C(=O)[O],salt,1,QARMEF
OCC(O)C1OC(=O)C(=C1[O])O,COc1cc(O)ccc1N1CCN(CC1)C(=[NH2])Nc1cc(Cl)cc(Cl)c1,hydrate,3,WUPVAH
NC(=O)N1C2=CC=CC=C2C=CC2=CC=CC=C12,NC(CO)(CO)CO,failed,0,
O=S(=O)([O])c1ccc(cc1)C1=CC=C(S1)C1=CC=C(S1)c1ccc(cc1)S(=O)(=O)[O],[NH3]CCC,salt,1,XEFDOF
CC(NC(C)=O)C(=O)[O],C(Cc1cc[nH]cc1)c1cc[nH]cc1,hydrate,3,LEKQEB
CCCCCCCCOc1ccc(cc1)C=Cc1ccncc1,Oc1c(Cl)c(Cl)c(Cl)c(Cl)c1Cl,cocrystal,2,UFANOI
CCCCCCCCCCc1ccc2c(SC3=C2Sc2cc(ccc32)c2ccccc2C)c1,N#CC(C#N)=C1C=CC(C=C1)=C(C#N)C#N,cocrystal,2,HESHIA
[nH]1cccc2ccc3cccnc3c12,OC(=O)c1cc2ccccc2c(Cc2c(O)c(cc3ccccc23)C(=O)[O])c1O,solvate,3,DANHIN
CC1=CC=CC=C1C(N)=O,OC(=O)C1=CC=CC=C1O,failed,0,
NC1=CC=C(C=C1)C(O)=O,NC(CCC(O)=O)C(O)=O,failed,0,
CCCCCCCCCCCCCCCCCC(O)=O,NC(=O)N1C2=CC=CC=C2C=CC2=CC=CC=C12,failed,0,
Nc1cc(ccc1C(=O)[O])N(=O)=O,[NH4],hydrate,3,DOBPIV
Oc1cc(cc(O)c1O)C(=O)[O],[NH3]C(CC1=C[NH]=CN1)C(=O)[O],hydrate,3,WOBQEM
OC(=CC(=O)c1cccnc1)c1cccnc1,Fc1c(F)c(I)c(F)c(F)c1I,cocrystal,2,TAXYOJ
NC(=O)C1=CC=C(O)C=C1,OC(=O)C1=CC=CC=C1,failed,0,
Oc1cc(O)cc(O)c1,OC(=O)c1cc(cc(c1)C(O)=O)C(O)=O,cocrystal,2,XIBQUU
NC(=O)C1=CC(=CC=C1)F,NC(=O)C1=CN=CC=C1,failed,0,
[NH4],OC(Cc1c[nH]ccc1)(P(O)(=O)[O])P(O)(=O)[O],hydrate,3,YEFTIN
C1CNC2=[NH]CCCN2C1,O=C([O])CCCC(=O)[O],hydrate,3,KIJVOQ
[NH3]c1ccc(C)cc1C,ClCC(=O)[O],salt,1,KUKCOI
c1cc(ccn1)c1ccncc1,CC1c2cc(C(C)c3cc(C(C)c4cc(C(C)c5cc1c(O)cc5O)c(O)cc4O)c(O)cc3O)c(O)cc2O,solvate,3,NEYLUY
[NH4],CC1=[N]([O])ON=C1C1=NN=N[N]1,hydrate,3,DUQHAA
CC[NH]1CCN(CC1)c1cc(c2ccc(F)cc2)c2CCCCCCc2n1,OC(=O)CCC(=O)[O],salt,1,XOJNOB
C1[N]2=CN(C=C2)c2cccc(n2)N2C=C[N](=C2)Cc2ccc(C[N]3=CN(C=C3)c3cccc(n3)N3C=C[N](=C3)Cc3ccc1cc3)cc2,OC(=O)c1cc(cc(c1)C(=O)[O])C(O)=O,hydrate,3,VUQQEF
[NH3]C(CCC(N)=O)C(=O)[O],OC1C(O)C(OC1COP(O)(O)=O)N1C=NC2=C1N=CNC2=O,hydrate,3,LIRQUY
CCCCN1C=C[NH]=C1CNC(=O)C1=C(c2ccccc2)C(=C(N1)C(=O)NCC1=[NH]C=CN1CCCC)c1ccccc1,O=S(=O)([O])[O],salt,1,ALUHAS
CC1(C)C2CCC1(CS(=O)(=O)[O])C(=O)C2,[nH]1ccccc1,hydrate,3,MIFZEG
[NH3]C(C)Cc1c2OC=Cc2c(Br)c2OC=Cc12,OC(=O)c1cc(cc(c1[O])N(=O)=O)N(=O)=O,salt,1,VUXYOD
OC(=O)C1=CC=C(O)C=C1,OC(=O)C1=CC=C(Br)C=C1,failed,0,
Cc1cccc(n1)c1cccc(C)n1,Fc1c(F)c(I)c(F)c(F)c1I,cocrystal,2,MIYDAD
CCN1C=NC2=C1N=C(N)NC2=O,CN1C=C(F)C(=NC1=O)N,cocrystal,2,EGMFCY10
c1ccccc1,[O]C1=N[N](=C(O1)c1ccccc1)c1ccccc1,cocrystal,2,DPISYD
C1[n]2ccn(Cc3nc4ccccc4nc3C[n]3ccn(Cc4nc5ccccc5nc14)c3)c2,F[P](F)(F)(F)(F)F,solvate,3,REXCUT
OC(=O)C1=CC=CC=C1O,OC1=CC=C(O)C=C1,failed,0,
[NH3][NH3],OC(=O)c1nc(C(O)=O)c(nc1C(O)=O)C(=O)[O],hydrate,3,KIKLAS
C1CN2CCN1CC2,Fc1c(F)c(I)c(F)c(I)c1F,cocrystal,2,WIGVIU
Clc1cccc(Cl)c1Nc1ccccc1CC(=O)[O],[NH2]1CCCC1,hydrate,3,TIJHUP
CC1(C)C2CCC(C2)C1=C,CC12CCC(CC1)C(C)(C)O2,failed,0,
CC(=O)Oc1ccccc1C(O)=O,CN1C(=C(O)c2ccccc2S1(=O)=O)C(=O)NC1=NC=C(C)S1,cocrystal,2,ARIFOX
NS(=O)(=O)c1cc(ccc1Cl)C1(O)NC(=O)c2ccccc12,CN1C=NC2=C1C(=O)N(C)C(=O)N2C,cocrystal,2,WEBGET
COc1cc(ccc1[O])N(=O)=O,CC1[NH2]CC[NH2]C1,hydrate,3,MAPXIK
c1cc(ccn1)c1ccncc1,OC(=O)C=Cc1ccccc1,cocrystal,2,GOHVIM
C1CC2=CC=CC3=C2C1=CC=C3,C1C2=CC=CC=C2C2=CC=CC=C12,failed,0,
CCN1C=C[N](=C1C1=[N]([O])C(C)(C)C(C)(C)N1[O])C,O=C([O])c1cc(cc(c1)C(=O)[O])C(=O)[O],hydrate,3,WONVAX
CC1CCN(CC1)C(=O)[O],CC1CC[NH2]CC1,hydrate,3,BOQCAL
CCN1CCN(CC)C1=[NH]c1ccccc1[NH]=C1N(CC)CCN1CC,F[P](F)(F)(F)(F)F,salt,1,UHAPOJ
ON(=O)=O,OCCNc1ccc(c2ccc(NCCO)c3ncccc23)c2cccnc12,hydrate,3,PANVAD
OC(=O)c1ccccc1,CN1C(=O)N(C)C2=C(NC=N2)C1=O,cocrystal,2,VAXSAQ
CC(C)(C)C1=NN=C(C(=O)N1N)C(C)(C)C,CC(C)(C)C1=NNC(=S)N(N)C1=O,cocrystal,2,XEMRUG
[O]c1nc(OCc2ccccc2)nc(OCc2ccccc2)n1,C(Nc1[nH]c(NCc2ccccc2)nc(NCc2ccccc2)n1)c1ccccc1,salt,1,QETRIR
CC1=C(C)C=C(C=C1)C(O)=O,NC1=CC(=CC(=C1)N)C(O)=O,failed,0,
N1C=[NH]C=C1,OC(C(O)C(=O)[O])C(O)=O,salt,1,ZELQUC
COc1cc(Cc2c[nH]c(N)nc2N)cc(OC)c1OC,O=C([O])c1cccc(c1)N(=O)=O,salt,1,PARWOV
[NH4],O=N(=O)[N]N1N=C(C2=C1C(=NN2[N]N(=O)=O)N(=O)=O)N(=O)=O,salt,1,AYOSAK
OC(=O)c1ccccc1O,[NH4],salt,1,SIRKIP
CC(CCC(O)=O)C1CCC2C3C(O)CC4CC(O)CCC4(C)C3CC(O)C12C,CCCc1ccccc1,cocrystal,2,VOCTUD
c1ccccc1,O=P1(c2ccccc2)C2(c3ccccc3)c3ccccc3C1(c1ccccc1)C(=C2c1ccccc1)c1ccccc1,cocrystal,2,XEZKUI
[NH3]CC[NH3],OC(=O)c1cc(ccc1O)S(=O)(=O)[O],hydrate,3,WAJWOU
C(Cc1ccncc1)c1ccncc1,OC(=O)COC(=O)Cc1ccccc1Nc1c(Cl)cccc1Cl,cocrystal,2,RAXYEY
COC(=O)c1c(Br)c(Br)c(Br)c(Br)c1C(=O)[O],[NH3]Cc1ccccc1,salt,1,YEHXAM
I[I]I,IC=C1N2c3ccccc3[N](=C2c2ccccc12)c1ccccc1,salt,1,EQUJEH
CN(C)C(=O)c1ccc(cc1)C(=O)N(C)C,CC(C)(C)c1cc(O)c2C3CCC(C3)c2c1O,cocrystal,2,WICYIU
OC(=O)C=CC(=O)[O],COC1=C(C[NH2]CCC2(CCOC3(CCCC3)C2)c2ccccn2)SC=C1,salt,1,MILZAK
NC(N)=O,COC1=CC=CC(=C1)C(N)=O,failed,0,
[NH2](C1CCCCC1)C1CCCCC1,O=C([O])c1ccccc1,salt,1,JAMZAZ
CCCCCCCCOC1OC(CO)C(O)C(O)C1O,Cc1cc(C)nc(NCc2c(C)c(CNc3nc(C)cc(C)n3)c(C)c(CNc3nc(C)cc(C)n3)c2C)n1,solvate,3,QAPVIN
OC(=O)C1=CC=C(O)C=C1,NC1=CC=C(C=C1)C(O)=O,failed,0,
[NH3]C(C(O)c1ccccc1)c1ccccc1,OC(C(=O)[O])c1ccccc1,solvate,3,LIQPIM
COC1=CC=C(O)C=C1,OC1=CC=CC=C1O,failed,0,
O=N(=O)c1cc(cc(c1)N(=O)=O)N(=O)=O,Oc1ccc(cc1)c1cc(cc(c1)c1ccc(O)cc1)c1ccc(O)cc1,cocrystal,2,MIGROJ
CC1(C)C2CCC1(C)C(O)(C2)C#CC#CC1(O)CC2CCC1(C)C2(C)C,CCNCC,cocrystal,2,AVESOJ
c1ccc2nc3ccccc3cc2c1,Cc1cc(O)cc(O)c1,hydrate,3,EWAPUO
Oc1ccc(cc1)C=Cc1cc(O)cc(O)c1,C1N2CN3CN1CN(C2)C3,cocrystal,2,DEVXUA
CC(=O)c1ccc2ccccc2c1,CC(CCC(O)=O)C1CCC2C3C(O)CC4CC(O)CCC4(C)C3CCC12C,cocrystal,2,NECPUG
O=C1c2ccc(cc2)C(=O)c2ccc(cc2)C(=O)c2ccc(cc2)C(=O)c2ccc(cc2)C(=O)c2ccc1cc2,COP(F)(=O)OC,cocrystal,2,DUPDUQ
[NH3]C(C)c1ccccc1,O=S(=O)([O])c1ccc(cc1)c1ccc(cc1)S(=O)(=O)[O],salt,1,GAXTUW
c1ccccc1,Ic1c(c(I)c(c(I)c1N(=O)=O)N(=O)=O)N(=O)=O,cocrystal,2,NAHTOI
CCc1ccc(cc1)S(=O)(=O)Nc1ccc(OC)c(OC)c1,c1cc(ccn1)c1ccncc1,cocrystal,2,JAKCEH
OC(C(=O)[O])c1ccc2ccccc2c1,[NH3]C(C)c1ccc(Cl)cc1,salt,1,MEGWAW
N(C=C1C=CC=C1C=[NH]c1ccccc1)c1ccccc1,FC(F)(F)S(=O)(=O)[O],salt,1,WEKQOU
OC(=O)C1=CC=CC=C1O,OC(=O)C1=CN=CC=C1,failed,0,
[NH3]CCN,OC(C(O)C(=O)[O])C(O)=O,salt,1,ZEXPIB
O=C(NCc1cc[nH]cc1)C(=O)NCc1cc[nH]cc1,O=C([O])c1c(cccc1N(=O)=O)N(=O)=O,salt,1,TIPGUW
C1C2=CC=CC=C2C2=CC=CC=C12,C1=CC=C2C=CC=CC2=C1,failed,0,
CC1=CC2=CC=CC=C2C=C1,N1C=CC2=CC=CC=C12,failed,0,
O=[N+]([O-])C1=CC(=CC=C1)[N+](=O)[O-],N1C2=CC=CC=C2C2=CC=CC=C12,failed,0,
[O]n1ccc(cc1)c1ccn([O])cc1,Nc1c(I)c(C(O)=O)c(I)c(C(O)=O)c1I,hydrate,3,UNUDIR
F[P](F)(F)(F)(F)F,COC(=O)c1cc(cc(c1)C(=O)OC)[n]1ccc(cc1)C=Cc1ccc(cc1)N(c1ccccc1)c1ccccc1,solvate,3,LIDPEV
OC(=O)c1cc(cc(c1)C(=O)[O])C(=O)[O],[NH3]Cc1ccccc1,salt,1,KALKOA
COC1=CC=CC=C1C(O)=O,NC(N)=O,failed,0,
OC(=O)c1ccnc(c1)c1cc(ccn1)C(O)=O,CCCCCCCCCCCCCCN,hydrate,3,HITBUK
C1CC2=CC=CC3=C2C1=CC=C3,ClC1=CC=CC=C1Cl,failed,0,
OC(=O)C1=CC(=CC=C1)[N+](=O)[O-],CC1=NC=C(CO)C(=C1O)CO,failed,0,
OC(=O)c1cc(F)c(F)cc1F,CN1C(=O)N(C)C2=C(NC=N2)C1=O,cocrystal,2,OPUKUH
NC(=O)c1ccc(O)cc1,OC(=O)c1cccc(c1)N(=O)=O,cocrystal,2,LIDNEU
Oc1ccc(cc1)c1ccc(O)cc1,OC(=O)CN1C(=O)c2cc3C(=O)N(CC(O)=O)C(=O)c3cc2C1=O,hydrate,3,KEKGIR
CC(CCC(O)=O)C1CCC2C3C(O)CC4CC(O)CCC4(C)C3CC(O)C12C,OCC(F)(F)F,cocrystal,2,ZIPZIH
CCCCCCOc1c(F)c(F)c(I)c(F)c1F,CCCCCCOc1ccc(cc1)C=Cc1ccncc1,cocrystal,2,SUWYOZ
CCN1C(=O)N(CC)c2ccc3c4ccc5C(=O)N(CC)C(=O)c6ccc(c7ccc1c2c37)c4c56,OS(O)(=O)=O,cocrystal,2,HAGJOS
NC(=O)CN1CCCC1=O,OC(=O)C1=C(O)C=CC=C1O,failed,0,
C1=CC2=CC3=CC=CC=C3C=C2C=C1,C1=CC2=C3C(=C1)C=CC1=CC=CC(=C31)C=C2,failed,0,
O=C([O])CCC(=O)[O],C[NH]1CCN(CC1)C1=Nc2cc(Cl)ccc2Nc2ccccc12,hydrate,3,JIXQEQ
OC(=O)CC1=CC=CC=C1,OC(=O)C1=CC=CC=C1,failed,0,
O=[Cl](=O)(=O)[O],[NH2]1CCN2CC[NH2]Cc3cccc(C[NH2]CCN(CC[NH2]Cc4cccc(C1)c4)CC[NH2]Cc1cccc(C[NH2]CC2)c1)c3,hydrate,3,WOGBOJ
NC1=NC2=NC(=[NH]C3=NC(=NC(=[NH]1)N23)N)N,O=S(=O)([O])[O],hydrate,3,MAYGEZ
CC(C)CC1=CC=C(C=C1)C(C)C(O)=O,NC(=O)N1C2=CC=CC=C2C=CC2=CC=CC=C12,failed,0,
Oc1cc(O)c2C(=O)C=C(Oc2c1)c1ccccc1,c1cc(ccn1)C=Cc1ccncc1,cocrystal,2,OQIWIX
CC1(O)CCC2C3CCC4CC5=C(CC4(C)C3CCC12C)C=NN5,CC1(O)CCC2C3CCC4CC5=NNC=C5CC4(C)C3CCC12C,solvate,3,AVEQIC
NNC(=O)c1ccncc1,Oc1cccc(O)c1,cocrystal,2,FOSFOK
OC(=O)c1cc(C(O)=O)c(cc1C(O)=O)C(=O)[O],[NH3]c1ccc(C)cc1,hydrate,3,TOPSAW
Nc1ccccc1,OC(=O)C(O)(c1ccccc1)c1ccccc1,cocrystal,2,LAVZUF
O=N(=O)c1cc(c(c(c1)N(=O)=O)S(=O)(=O)[O])N(=O)=O,FC[S]=P(c1ccccc1)(c1ccccc1)c1ccccc1,salt,1,OCOQIK
OCC(O)C1OC(=O)C(=C1O)O,OC(=O)C1=CC=CC=C1O,failed,0,
C[N](C)(C)CCO,CC1=CC(=O)[N]S(=O)(=O)O1,salt,1,ODIHOZ
S,COc1cc2CCNC(Cc3ccc(O)cc3)c2cc1O,hydrate,3,POFGID
Cc1ccc(cc1)S(=O)(=O)Nc1cccc2NC(=[NH]c12)c1ccccc1,O=N(=O)[O],salt,1,FAZYEM
CC(CC(O)=O)C1CCC2C3CCC4CC(O)CCC4(C)C3CC(O)C12C,Cc1ccccc1,cocrystal,2,EWABAF
NC(=O)c1ccncc1,OC(=O)c1cccc(n1)C(O)=O,hydrate,3,MELYEI
COC(=O)C1=Cc2cc(NC(=O)C(C)(C)NC(=O)C(CC3=CNc4ccccc34)NC(=O)OC(C)(C)C)ccc2OC1=O,Cc1ccccc1,cocrystal,2,WAZQUN
Br,CCCCCOc1ccc(cc1)S(=O)(=O)C1C(NCc2ccc3ccccc3c2)C2CC(CN3C=NN=N3)C1N2,hydrate,3,GICSOC
Fc1c(F)c(I)c(F)c(I)c1F,Cc1ccnc(C)c1,cocrystal,2,ZEBKIE
C1=CC=C2C(=C1)C=CC1=C2C=CC2=CC=CC=C12,C1=CC=C2C(=C1)C1=CC=CC3=C1C2=CC=C3,failed,0,
OC(=O)CCCCC(O)=O,CCC(N1CCCC1=O)C(N)=O,failed,0,
[NH3]C(CC1=C[NH]=CN1)C(=O)[O],O=C1NC(=O)C(=C[N]1)N(=O)=O,salt,1,JIMJOH
OC1=CC=C(C=C1)[N+](=O)[O-],N1C2=CC=CC=C2C2=CC=CC=C12,failed,0,
Nc1[n]([O])c(N)c(c(N)[n]1[O])N(=O)=O,OO,cocrystal,2,HOJCAN
CC(C)C([S]1c2ccccc2Oc2ccccc12)C(C)[S]1c2ccccc2Oc2ccccc12,F[P](F)(F)(F)(F)F,solvate,3,SIKDAS
O=C1N(C[n]2ccccc2)C(=O)c2ccccc12,Cc1ccc(cc1)S(=O)(=O)[O],salt,1,MOKNAC
CCCCCCCC(O)=O,OC(=O)C1=CC(=CC=C1)[N+](=O)[O-],failed,0,
CC1=CC=CC=C1C(N)=O,CC1=CC2=C(C=C1C)N(CC(O)C(O)C(O)CO)C1=NC(=O)NC(=O)C1=N2,failed,0,
CC12C3CC4CC(C3)C(C1C4)C2(O)c1ccc(cc1)C(O)=O,CC(N)c1ccccc1,cocrystal,2,NIHDAJ
OP(=O)([O])C[NH](CP(O)(=O)[O])CP(O)(=O)[O],[nH]1cccc2c1ccc1cccnc21,hydrate,3,GUMKOO
Oc1ccc2c(Oc3cc(O)ccc3C32N(N=CC2=CSC=C2)C(=O)c2ccccc32)c1,C(OOCC1=CSC=C1)C1=CSC=C1,cocrystal,2,XUWZAT
Oc1cccc(O)c1O,CN1C=CC(=O)C(=C1C)O,cocrystal,2,ZATHIP
O=N(=O)[N]C1=NON=C1[N]([O])=NC1=NON=C1N=NC1=NON=C1N=[N]([O])C1=NON=C1[N]N(=O)=O,NC(N)=[NH2],salt,1,OXOPEY
[H]([OH2])[OH2],Cc1ccc(cc1S(=O)(=O)[O])N(=O)=O,salt,1,TEWDUW
CN1C=NC2=C1C(=O)N(C)C(=O)N2C,Oc1cc2OC(=CC(=O)c2c(O)c1O)c1ccccc1,cocrystal,2,KAMQOH
COC1=CC=C2C(=CC1=[OH])C(CCc1cc(OC)c(OC)c(OC)c21)NC(C)=O,O=S(=O)([O])c1ccc2ccccc2c1,salt,1,QAFGUD
[NH3]C(CO)C(O)=O,OC(=O)C1OCCOCCOC(C(OCCOCCOC1C(O)=O)C(=O)[O])C(O)=O,hydrate,3,JEJVEA
CN1C=C[N](=C1)Cc1ccccc1C[N]1=CN(C)C=C1,F[P](F)(F)(F)(F)F,salt,1,MUYPOO
C(Cc1ccncc1)c1ccncc1,Nc1cccc(c1)C(O)=O,cocrystal,2,NUQKOA
O=C1C(=O)C(=C1[O])[O],NC(N)=[NH]c1ccccc1,salt,1,PAWSAH
CC1(C)C2CCC1(CS(=O)(=O)[O])C(=O)C2,CC1=C(C)SC([S]1)=C1SC(=C(C)S1)C,hydrate,3,QUFSER
OC(=O)C1=CN=CC=C1,OC(=O)C1=CC=C(O)C=C1,failed,0,
OC(C(O)C(O)=O)C(O)=O,OC(=O)CC(O)(CC(O)=O)C(O)=O,failed,0,
CN(C)c1cc[nH]cc1,Clc1cc(ccc1[O])N(=O)=O,salt,1,LOWDIN
[S]SSSS[S],O=C1CC2OCC=C3C[NH]4CCC56C4CC3C2C5N1c1ccccc61,salt,1,FEVFUH
OC(=O)C=CC(O)=O,CC(C)(C)C(=O)C(Oc1ccc(Cl)cc1)N1C=CN=C1,cocrystal,2,SANZOA
C[N](C)(C)C,O=N(=O)C(=N[O])C#N,salt,1,XAQYEU
OC(=O)C1=CC=CC=C1O,NC1=CC=C(C=C1)C(O)=O,failed,0,
CC1=CC2=C(C=C1C)N(CC(O)C(O)C(O)CO)C1=NC(=O)NC(=O)C1=N2,COC1=CC=CC(=C1)C(O)=O,failed,0,
ClC1=CC=C(C=C1)[N+](=O)[O-],C1=CC=C2C=CC=CC2=C1,failed,0,
CC1=NOC(=C1C)NS(=O)(=O)c1ccc(N)cc1,OC(=O)c1cc(cc(c1)N(=O)=O)N(=O)=O,cocrystal,2,OQEFOH
C1=CC=C2C(=C1)C1=CC=CC3=C1C2=CC=C3,N1C2=CC=CC=C2C2=CC=CC=C12,failed,0,
Cc1ccc(cc1)C1=[N](CC[N]2=C(c3ccc(C)cc3)C(C)(C)CC2(C)C)C(C)(C)CC1(C)C,FC(F)(F)S(=O)(=O)[O],salt,1,SUVMII
[NH3]CCCCCC(O)=O,O=[Cl](=O)(=O)[O],salt,1,ZEMCUS
O=N(=O)C1=NN([O])C(=C1N(=O)=O)N(=O)=O,N1C=[NH]C=N1,salt,1,FEDCUO
OC(=O)c1ccnc(c1)c1cc(ccn1)C(O)=O,CCCCCCCCCCN,hydrate,3,HITBIY
O=[Cl](=O)(=O)[O],OC1(O)C2CSCC1C[NH](C2)Cc1ccccc1,salt,1,CUDNAQ
CN1CCN(C)CC1,COc1cc(OC)cc(C=Cc2ccc(O)cc2)c1,cocrystal,2,UNAYAM
O=C(Nc1ccccc1)Oc1cccc2ccc[nH]c12,O=[Cl](=O)(=O)[O],hydrate,3,VUKJUH
O=[Cl](=O)(=O)[O],CCC1(O)C(=O)OCC2=C1C=C1N(Cc3cc4ccccc4[nH]c13)C2=O,salt,1,YEMKIN
Nc1nc(N)nc(n1)c1ccccc1,OC(=O)Cc1cccc(CC(O)=O)c1,cocrystal,2,TEZNOD
[NH3]C(C)C1CCCCC1,OC(C(=O)[O])c1ccc(Cl)cc1,salt,1,AYIJOK
Oc1c(cc(cc1N(=O)=O)N(=O)=O)C(=O)[O],NC1=[NH]C=NC2=C1N=CN2C1OC(CO)C(O)C1O,salt,1,ABELUP
COc1ccc(cc1)C1=[NH]c2ccccc2S1,OS(=O)(=O)[O],hydrate,3,KAVFUL
Clc1ccccc1,C(N1c2ccc3c4ccccc4c4ccc5N(Cc6ccccc6)c6ccc7c8ccccc8c8ccc1c1c2c3c4c5c6c7c81)c1ccccc1,cocrystal,2,OCEMAO
[NH2]1CC[NH2]CC1,NC(=O)C(=N[O])C#N,salt,1,CIJVUQ
OC(=O)C1=CC(=CC=C1)O,NC(=O)C1=CC=CC=C1O,failed,0,
COC(=O)C(C)ON=C1c2cc(cc(c2c2c1cc(cc2N(=O)=O)N(=O)=O)N(=O)=O)N(=O)=O,c1ccc2c(c1)ccc1ccccc21,cocrystal,2,ZOHQEW
OC(=O)CCSCCC(O)=O,NC1=CC=C(C=C1)C(O)=O,failed,0,
OC(=O)c1cc(O)c(O)c(O)c1,CN1N=NC2=C(N=CN2C1=O)C(N)=O,hydrate,3,TOFFIH
[NH3]c1c(C)cccc1CC,Cc1ccc(cc1)S(=O)(=O)[O],salt,1,HOLGIZ
CC(CCN1CCCC1=O)N1CCCC1=O,OO,cocrystal,2,GAWKOI
FC(F)(F)C(=O)[O],[NH3]CCN1C(=O)NC(=NC1=O)N,salt,1,UMUGER
Cc1ccc(cc1)S(=O)(=O)[O],C[NH2]C(C)C(O)c1ccccc1,salt,1,GEHLOV
NC1=CC=CC=C1[N+](=O)[O-],OC1=CC=CC2=CC=CC=C12,failed,0,
Fc1c(F)c(C#N)c(F)c(F)c1C#N,CC(C)(C)c1ccc2Nc3ccc(cc3c2c1)C(C)(C)C,cocrystal,2,YIWHOF
Cc1cc(C)c(c(C)c1)S(=O)(=O)[O],CN(C)c1ccc(C=Cc2cc[n](C)cc2)cc1,hydrate,3,UNUKAQ
C1=CC2=C3C(=C1)C=CC1=CC=CC(=C31)C=C2,C1=CC=C2C(=C1)C1=CC=CC3=C1C2=CC=C3,failed,0,
NC(N)=[NH2],O=S(=O)([O])CCCCOc1ccc(cc1)c1ccc(OCCCCS(=O)(=O)[O])cc1,salt,1,MOHDAO
O=N(=O)c1cccc(c1)N(=O)=O,Nc1ccccc1C(O)=O,cocrystal,2,WEWDUA
Nc1c(F)c(F)c(I)c(F)c1F,C1CN2CCN1CC2,cocrystal,2,BOLZIP
OC(=O)C1=CN(C2CC2)c2cc(N3CC[NH2]CC3)c(F)cc2C1=O,O=C([O])c1ccc(cc1)C(=O)[O],hydrate,3,HOSHIK
CC(=NNC(=O)C(=O)NN=C(C)c1[nH]cccc1)c1[nH]cccc1,O=[Cl](=O)(=O)[O],hydrate,3,KUTREX
O=S1CCS(=O)CC1,OC(=O)C(O)=O,hydrate,3,OGAHIN
OC(=O)c1cc(O)c(cc1O)C(=O)[O],[NH4],hydrate,3,GUSVOH
Cc1cc(nc2N3C(c4ccccc4)C4=C(CC(C)(C)CC4=O)NC3=N[n]12)c1ccccc1,O=[Cl](=O)(=O)[O],salt,1,HURZUR
OP(O)(=O)[O],[NH3]c1ccc(cc1)C(O)=O,hydrate,3,MIFVEC
CN1C(=O)N(C)C2=C(N=CN2)C1=O,CNCc1ccc(cc1)C1=C2CCNC(=O)c3cc(F)cc(N1)c23,hydrate,3,JIBMAM
OC1=CC=CC=C1[N+](=O)[O-],OC1=CC=CC(=C1)C=O,failed,0,
COC1=CC=C(C=C1)C(O)=O,OC(=O)C1=CC=C(Br)C=C1,failed,0,
NC(=O)C1=CN=CC=C1,NC(=O)C1=CC=CC=C1[N+](=O)[O-],failed,0,
ClC1=CC=C(Br)C=C1,CC(C)CC1=CC=C(C=C1)C(C)C(O)=O,failed,0,
CC12CCC(CC1)C(C)(C)O2,CC(C)C1=CC=C(C)C=C1,failed,0,
OC(=O)C=CC(O)=O,NC(=O)C1=CC=C(C=C1)[N+](=O)[O-],failed,0,
NN1C(=NN2C(=[NH]N=C12)N)N,NC1=NN=C(N=NC2=NN=C(N)N2[N]N(=O)=O)N1[N]N(=O)=O,solvate,3,IDAXAQ
Cc1ccc(O)c(c1)C1(C)CC(C)(C)c2cc(C)ccc2O1,CN1CCN(C)CC1,cocrystal,2,DOSKAX
OC(=O)C1=CN=CC=C1,CC1=CC(=CC=C1)C(N)=O,failed,0,
CN(C)c1ccc(cc1)C=Cc1ccc2ccccc2[n]1C,Cc1ccc(cc1)S(=O)(=O)[O],hydrate,3,DOKSOM
COC1=CC=C(C=C1)C(O)=O,OCC(O)C1OC(=O)C(=C1O)O,failed,0,
OC(=O)c1cccc(Cl)c1N(=O)=O,O=N(=O)c1cccc2ncccc12,cocrystal,2,XOWVUD
O=N(=O)c1cc(c([O])c(c1)N(=O)=O)N(=O)=O,Cc1c[nH]cc(C)n1,salt,1,PUXVEM
O=N(=O)N=C1NN=C(N1)C1=NON=C1[N]N(=O)=O,N1C=[NH]N=C1,hydrate,3,ORACAN
ClC1=C(CC(=C(Cl)C1=CN1CCCC1)C=O)C=O,Oc1ccc(O)cc1,cocrystal,2,VATCOI
[NH2]1CCOCC1,Clc1ccc(OCC(=O)[O])c(Cl)c1,salt,1,VUXNOT
[NH3]Cc1ccccc1,O=C([O])c1ccc2ccccc2c1,salt,1,LICPOE
FC(F)(F)S(=O)(=O)[O],CN1C(=O)C(C(C(C2C(=O)N(C)C(=O)N(C)C2=O)c2[nH]c3ccccc3cc2)c2[nH]c3ccccc3cc2)C(=O)N(C)C1=O,hydrate,3,BIHFOO
Nc1c[nH]ccc1,Oc1cc(O)cc(c1)C(=O)[O],salt,1,MUCMUT
[NH2](C1CCCCC1)C1CCCCC1,CC(C)(C)OC(=O)N1C(CCC1C(=O)[O])C=C,salt,1,WAPVUF
OC(O)C(Cl)(Cl)Cl,C[N]1([O])CCOCC1,cocrystal,2,OGIXEJ
Nc1[nH]cccc1,OP(=O)([O])OP(O)(=O)[O],hydrate,3,OVULIB
CC1=C(C=CC=C1[N+](=O)[O-])[N+](=O)[O-],C1CC2=CC=CC3=C2C1=CC=C3,failed,0,
[NH3]c1ccc(F)cc1,OC(=O)c1cc(ccc1O)S(=O)(=O)[O],hydrate,3,QANKUM
CCCCC1=[NH]C2(CCCC2)C(=O)N1Cc1ccc(cc1)c1ccccc1C1=NN=NN1,BrC(C(Br)C(=O)[O])C(=O)[O],hydrate,3,QESWUK
C[P](C)(C)CO,O=N(=O)c1cc(c([O])c(c1)N(=O)=O)N(=O)=O,salt,1,DINPOI
OC1=CC=CC=C1O,CN1C(=C(O)C2=CC=CC=C2S1(=O)=O)C(=O)NC1=CC=CC=N1,failed,0,
OC(C(=O)[O])c1ccccc1,[NH3]C(Cc1ccc(nc1)c1ccccn1)C(=O)OC(C)(C)C,salt,1,XIDLOO
Cc1ccc(cc1)S(=O)(=O)[O],OC1CCOC1C[n]1ccccc1,salt,1,GOGVAD
O=C([O])C1=Cc2ccccc2N1,[NH3]C(C(O)c1ccccc1)c1ccccc1,solvate,3,VELBEV
[NH3]CCCCC([NH3])C(=O)[O],[NH3]C(CC(=O)[O])C(=O)[O],hydrate,3,JAVSEE
NC(N)=[NH2],O=C1C(=O)C(=C1[O])[O],hydrate,3,PUDJIH
CC(C)OC(=S)Nc1ccccc1,c1cc(ccn1)C=Cc1ccncc1,cocrystal,2,UHOSOA
NC(N)=O,CC1=CC(=CC=C1)C(O)=O,failed,0,
NC(=O)N1c2ccccc2C=Cc2ccccc12,COc1ccc2cc(ccc2c1)C(C)C(O)=O,cocrystal,2,POGNAE
Cc1[nH]cc(cc1)C(N)=O,Oc1ccc(c(O)c1)C(=O)[O],salt,1,GEHWID
I[I]I,O=C1N(C2CCCCC2)C2=C(N([P]N2C2CCCCC2)C2CCCCC2)N1C1CCCCC1,salt,1,JOHPIH
CCSCC12CCOC3(NC(=O)C1(O)OC(C)(CO)C23O)C(=O)[O],CCCC[N](CCCC)(CCCC)CCCC,salt,1,LETXEN
C1=CC=C2C(=C1)C=CC1=CC=CC=C21,CC1=C(C=C(C=C1)[N+](=O)[O-])[N+](=O)[O-],failed,0,
C[NH]1CCOC(C1C)c1ccccc1,OC(C(O)C(=O)[O])C(O)=O,salt,1,HEYGEX
Nc1[nH]c(N)nc(N)n1,O=C([O])C[NH](CC(=O)[O])CC(=O)[O],hydrate,3,MIHYAF
FC(F)(F)S(=O)(=O)[O],CSC1=C(SC)SC(S1)=C1c2ccc[nH]c2c2ncccc12,salt,1,QONYUO
C1=CC=C2C(=C1)C=CC1=CC=CC=C21,CC1=CC(=C(C=C1)[N+](=O)[O-])[N+](=O)[O-],failed,0,
Brc1ccc(C[n]2cccc3ccccc23)cc1,N#CC(C#N)=C1C=C[C](C=C1)=C(C#N)C#N,solvate,3,QOJCUO
O=[Cl](=O)(=O)[O],CSC1=C(SC)S[C](S1)=CC1=CC=C(O1)C=CC1=CC=C(O1)C=C1SC(=C(SC)S1)SC,salt,1,HOHLIZ
CC(=O)NC1=CC=C(O)C=C1,OCC(O)C1OC(=O)C(=C1O)O,failed,0,
[NH4],O=C1C=Cc2cc(cc(c2C1=NNc1ccccc1)S(=O)(=O)[O])S(=O)(=O)[O],hydrate,3,WIKWOC
Oc1ccc(Oc2ccccc2)cc1,O=C=O,cocrystal,2,QIRLAG
OC(=O)c1cc(C(=O)[O])c(cc1C(=O)[O])C(O)=O,OC(=O)c1cccc(c1)[n]1ccc(cc1)c1cc[nH]cc1,salt,1,CONJUM
OC(=O)CCCCCCCCCCC(O)=O,NC1=CN=C(Br)C=N1,failed,0,
Nc1[nH]c(N)cc(N)[nH]1,OC(=O)c1ccc(C(=O)[O])c(c1)C(=O)[O],hydrate,3,VEXQEX
OC(=O)C1[NH2]CSC1,O=N(=O)c1cc(c([O])c(c1)N(=O)=O)N(=O)=O,salt,1,SAFNOF
NC(=O)c1cccnc1,Nc1nnc(c(N)n1)c1cccc(Cl)c1Cl,hydrate,3,WUVKII
ClC1=CC=CC=C1Cl,C1CC2=CC=CC3=C2C1=CC=C3,failed,0,
NC(=O)Nc1c(F)c(F)c(F)c(F)c1F,NC(=O)c1ccccc1,cocrystal,2,QEGKAO
FC(F)(F)S(=O)(=O)[O],CN(C)c1cc[n](cc1)P(C)(C)=S,salt,1,XIPCOP
C[n]1cc(Br)c(N=Nc2c(Br)c[n](C)cc2Br)c(Br)c1,FC(F)(F)S(=O)(=O)[O],salt,1,QAXWUJ
CC1CC(C)CC(O)C1,CC(CCC(N)=O)C1CCC2C3C(O)CC4CC(O)CCC4(C)C3CC(O)C12C,cocrystal,2,QAYZIA
CC(C)C1=C(O)C=C(C)C=C1,CC(C)CC1=CC=C(C=C1)C(C)C(O)=O,failed,0,
OC1=C(C=C(C=C1[N+](=O)[O-])[N+](=O)[O-])[N+](=O)[O-],COC1=C(C=C(C=C1[N+](=O)[O-])[N+](=O)[O-])[N+](=O)[O-],failed,0,
CC(C)Oc1c2Cc3cccc(Cc4cccc(Cc5cccc(Cc1ccc2)c5OS(=O)(=O)CC12CCC(CC1=O)C2(C)C)c4O)c3O,c1ccccc1,cocrystal,2,DEZVUA
C[N]1(C)Cc2c(cc3ccccc3c2c2c(C1)c(cc1ccccc21)c1ccccc1c1ccccc1)c1ccccc1c1ccccc1,F[P](F)(F)(F)(F)F,solvate,3,RECLUH
CC1(C)CCC2=C(O1)C1=CC=CC=C1C(=O)C2=O,NC(=O)C1=CN=CC=C1,failed,0,
OC(=O)CCCC(O)=O,CC(C(C)C(O)=O)C(O)=O,failed,0,
CN1C=C[N](=C1C(=O)c1ccccc1)C,FC(F)(F)S(=O)(=O)[O],salt,1,BENSUK
O=N(=O)[N]N1[N]N(C=C1)[N]N(=O)=O,[NH3]N,salt,1,GEJCEF
CC1=C(C=C(C=C1)[N+](=O)[O-])[N+](=O)[O-],OC(=O)C1=CC=CC=C1O,failed,0,
OC1=CC=C(C=C1)[N+](=O)[O-],CC(=O)C1=CC=C(N)C=C1,failed,0,
Clc1cc(cc(Cl)c1[O])N(=O)=O,Cc1c[nH]ccc1C,salt,1,POCVUY
[NH3]C(C(=O)NC(C(=O)[O])c1ccccc1)c1cccc2ccccc12,CCOC(=O)C(C)O,cocrystal,2,MAVTEI
C(N1C=NC=N1)c1c2ccccc2c(CN2C=NC=N2)c2ccccc12,OS(=O)(=O)c1cccc2c1cccc2S(O)(=O)=O,hydrate,3,SAHRIG
COc1cc(OC)nc(N)n1,OC(=O)CCl,cocrystal,2,NEBXUP
O=C([O])c1ccccc1,CC1(O)CCC2CCC(C)(O)[N]3=C2N1CC3,salt,1,NARDAL
Nc1cccc(O)c1,c1ccc2nccnc2c1,hydrate,3,MIXTUJ
[NH3]C(c1ccccc1)(c1ccccc1)c1ccccc1,O=S(=O)([O])c1ccc(cc1)c1ccc(cc1)S(=O)(=O)[O],solvate,3,TUDBAX
OC(=O)c1ccccc1,N1C=CN=C1C1=NC=CN1,cocrystal,2,WACVED
C[N]1(CCOCC1)CC(=O)[O],OP(O)(O)=O,cocrystal,2,UFETEE
O=S(=O)([O])c1cccc2c1cccc2S(=O)(=O)[O],Oc1cccc2ccc[nH]c12,hydrate,3,ZOTHOJ
CC(=O)NC1=CC=CC=C1,CCOC1=CC=C(NC(C)=O)C=C1,failed,0,
OC(=O)CCCC(O)=O,OC(=O)CCCCC(O)=O,failed,0,
O=C(C=Cc1ccncc1)C=Cc1ccncc1,Oc1cccc(O)c1,cocrystal,2,KOLSEK
OC(C(F)(F)F)C(F)(F)F,Nc1ncnc2N(CCN3C=Nc4c(N)ncnc34)C=Nc12,cocrystal,2,ORELAA
OC(=O)C1=CC=CC=C1,CC(=O)NC1=CC=C(O)C=C1,failed,0,
CC1=CC2=C(C=C1C)N(CC(O)C(O)C(O)CO)C1=NC(=O)NC(=O)C1=N2,NC(=O)C1=CC=CC=C1N,failed,0,
C1COCCOCCOCCOCCOCCO1,CN(S(C)(=O)=O)S(C)(=O)=O,cocrystal,2,KEZZIY
N,CC1(C)CC(=O)C2=C(C1)N1C(=C2)C(Oc2ccccc12)c1ccccc1,cocrystal,2,QOBFEW
OC(=O)C1=CC=CC=C1F,OC1=CC=C(O)C=C1,failed,0,
CC1=[N](C=CN1c1ccc(cc1N(=O)=O)N(=O)=O)c1ccc(cc1)N=Nc1ccccc1,F[P](F)(F)(F)(F)F,salt,1,RILHAZ
O=[Cl](=O)(=O)[O],CCCO[P]123(N4C5=C(CC)C(=C4C=C4C(=C(CC)C(=N14)C=C1N2C(=CC2=N3C(=C5)C(=C2CC)CC)C(=C1CC)CC)CC)CC)c1ccccc1,salt,1,EDACER
OP(O)(=O)[O],CC[NH](CC)CCCC(C)Nc1cc[nH]c2cc(Cl)ccc12,hydrate,3,GEXXAI
OC(=O)C(=O)[O],[NH3]CCCO,salt,1,NERLIJ
CC1=CC=CC=C1C(O)=O,CC1=CC2=C(C=C1C)N(CC(O)C(O)C(O)CO)C1=NC(=O)NC(=O)C1=N2,failed,0,
CC1=C(C=CC=C1[N+](=O)[O-])[N+](=O)[O-],NC1=CC2=CC=CC=C2C=C1,failed,0,
NNC(N)=[NH2],OC(=O)c1cccc(C(O)=O)c1C(=O)[O],hydrate,3,OJUMOX
CC(=O)OCC1[NH2]C(COC(=O)C23CCC(C)(C(=O)O2)C3(C)C)C=C1,FC(F)(F)C(=O)[O],salt,1,NEPXAI
COC1=CC=CC(=C1)C(O)=O,NC(=O)C1=CC=CC=C1,failed,0,
ON=C(C#N)c1cccc(Cl)c1,C(N1C=Nc2ccccc12)c1ccc(CN2C=Nc3ccccc23)cc1,cocrystal,2,NUJXAS
OC(=O)C1=CC=CC=C1O,NC(=O)C1=CC=CC=C1[N+](=O)[O-],failed,0,
[O][n]1ccccc1,IC(I)=C(I)I,cocrystal,2,XUXMEL
c1ccc(cc1)c1c2ccccc2c(c2ccccc2)c2ccccc12,c1cc2ccc3cccc4ccc(c1)c2c34,cocrystal,2,TIHNOR
OC(=O)c1ccc2ccccc2c1c1c(ccc2ccccc12)C(=O)[O],[OH3],solvate,3,HETCOZ
O=C1CCCCCN1,Oc1ccc(Cl)c(O)c1,cocrystal,2,CAPRES
FC(F)(F)S(=O)(=O)[O],C[P]1(c2ccccc2)C2=C(SC3=C1c1ccccc1S3)Sc1ccccc21,salt,1,CUWLOW
OC(=O)C1=CC=C(F)C=C1,OCC(O)C1OC(=O)C(=C1O)O,failed,0,
ClI,C1CCN2N=NN=C2CC1,cocrystal,2,PMTTIC
Nc1c(Br)cc(Br)cc1C[NH2]C1CCC(O)CC1,Oc1ccc2cc(ccc2c1)C(=O)[O],salt,1,HEYDOI
Cc1ccc(C)cc1,c1ccc2c(c1)c1ccccc1C12c2ccccc2c2ccccc12,cocrystal,2,QOSLER
Nc1cccc2cccnc12,OC(=O)c1cc(O)c(O)c(O)c1,cocrystal,2,AYIWEM
ClC1=CC(=CN=C1)Cl,BrC1=CC=C(Br)C=C1,failed,0,
S(Sc1ccccc1)c1ccccc1,CC(CCC(O)=O)C1CCC2C3C(O)CC4CC(O)CCC4(C)C3CC(O)C12C,cocrystal,2,PAZYIA
CC1=NC=C(CO)C(=C1O)CO,OC(=O)C1=CC(=CC=C1)[N+](=O)[O-],failed,0,
COc1ccc(c(OC)c1)C1=C2SC(SC2=C(O1)c1ccc(OC)cc1OC)=CC=C1SC2=C(SCCS2)S1,Cc1ccccc1,cocrystal,2,ITIPUW
OC1=CC=CC=C1[N+](=O)[O-],NC1=CC=CC=C1N,failed,0,
c1ccccc1,CCOC(=O)c1cc(Nc2ccccc2)c(cc1Nc1ccccc1)C(=O)OCC,cocrystal,2,BASNUE
CN(C)C(=NN=C1Sc2ccccc2N1C)N(C)C,N#CC(C#N)=C1C=CC(C=C1)=C(C#N)C#N,cocrystal,2,FOWKOU
C[n]1ccc(cc1)C=CC1=CC=CS1,Clc1ccc(cc1)S(=O)(=O)[O],salt,1,LIVYUL
OC1=CC(=CC=C1)O,IC1=CC=C(I)C=C1,failed,0,
CCOc1ccc2cc1Cc1c(OC)cc(OC)c(Cc3c(OC)cc(OC)c(Cc4cc2ccc4OCC)c3OC)c1OC,Cc1cccc(Cl)c1,cocrystal,2,XOGHIO
OC(=O)c1ccc(O)cc1,OC(CN1C=NC=N1)(CN1C=NC=N1)c1ccc(F)cc1F,cocrystal,2,POZPAY
COC1=CC2=C(C=C1)N(C(=C2CC(O)=O)C)C(=O)C1=CC=C(Cl)C=C1,NCC(O)=O,failed,0,
II,CN1N=C(O)C(=O)NC1=S,hydrate,3,WURHAT
O=[N+]([O-])C1=CC(=CC=C1)[N+](=O)[O-],CC1=C(C=C(C=C1[N+](=O)[O-])[N+](=O)[O-])[N+](=O)[O-],failed,0,
CCCCCCCC(O)=O,OC(=O)C1=CC=CC=C1F,failed,0,
Brc1ccc(cc1)C1=C(SSC2=C(c3ccc(Br)cc3)[C](C#N)C(=O)NC2=O)C(=O)NC(=O)[C]1C#N,[NH2]1CCCCC1,salt,1,XACCAH
c1cncc(c1)N=Nc1cccnc1,OC(=O)CCCCCCCCC(O)=O,cocrystal,2,XEPBUR
O=C([O])C=CC(=O)[O],OCC[NH2]Cc1ccccc1OCCOc1ccccc1C[NH2]CCO,hydrate,3,BOGVOJ
CN(C)c1cc[n](cc1)c1ccc(cc1N(=O)=O)N(=O)=O,FC(F)(F)[O],salt,1,AWIGIZ
Nc1cc[nH]cc1,O=C1NC=C(C(=O)[O])C(=O)N1,hydrate,3,VEYMAQ
C1COCCOCCOCCOCCOCCO1,Nc1cc(F)nc(N)c1F,cocrystal,2,PEGXEG
Cc1ccccc1,S=C1SC2=C(COc3ccc4ccccc4c3c3c(OC2)ccc2ccccc32)S1,cocrystal,2,TAGWOP
OC(=O)C1=CC(=CC=C1)F,NC(CCC(O)=O)C(O)=O,failed,0,
O=C([O])CC(C(CC(=O)[O])C(=O)[O])C(=O)[O],NC(N)=[NH2],salt,1,YEYMEV
[NH2]1CCN(CC1)c1ccccc1,Cc1ccc(cc1)C(=O)[O],hydrate,3,YEDZIU
O=C([O])C1[NH2]CCC1,COc1cc(CCC(O)=CC(=O)CCc2ccc(O)c(OC)c2)ccc1O,cocrystal,2,ZOTBAP
OC(=O)CC(=O)[O],[NH3]C(CO)(CO)CO,salt,1,XUMMAW
c1ccc(cc1)[P](c1ccccc1)(c1ccccc1)c1ccccc1,Clc1ccc(Cl)c(c1)S(=O)(=O)[O],hydrate,3,VEWLUI
OC(=O)CCCC(=O)[O],N1C=[NH]c2ccccc12,salt,1,WEMKOQ
O=N(=O)c1cc(c([O])c(c1)N(=O)=O)N(=O)=O,[NH3]c1ccc(O)cc1,hydrate,3,ABORAO
C(Cc1ccncc1)c1ccncc1,Fc1c(F)c(Br)c(F)c(F)c1Br,cocrystal,2,QIHDAM
CC1=CC=C(C=C1)C(O)=O,CCCCCCCC(O)=O,failed,0,
CN1C=NC2=C1C(=O)N(C)C(=O)N2C,OC(=O)c1cccc(C(O)=O)c1C(O)=O,hydrate,3,UKOLUE
Cc1nc(C)c(Cl)c(N)n1,OC(=O)C1=C(Br)C=CS1,cocrystal,2,SIHLED
c1cc(ccn1)c1ccncc1,Cc1ccc(cc1)C1=CC(=NN1c1ccc(cc1)S(N)(=O)=O)C(F)(F)F,solvate,3,POVGOY
O=[Cl](=O)(=O)[O],NC(=[NH2])Nc1nnc(NC(N)=[NH2])nn1,salt,1,MAPNEY
OC(=O)C1=NNC(=C1)C(=O)[O],OCC[NH]1CC[NH](CCO)CC1,salt,1,LIGKOD
c1ccncc1,CC1(C)OC(C(O1)C(O)(c1ccc(F)cc1)c1ccc(F)cc1)C(O)(c1ccc(F)cc1)c1ccc(F)cc1,cocrystal,2,NODBUG
N#C[C](C#N)c1ccc(cc1)[C](C#N)C#N,CCC[n]1cccc(c1)C1=NSS[N]1,solvate,3,VEMRUE
COc1ccc(C=[NH]c2ccccc2O)cc1[O],COc1ccc(C=Nc2ccccc2O)cc1O,cocrystal,2,PIDMEW
O=S(=O)([O])[O],[NH3]CC[NH3],salt,1,ETDAMS
CN(C)c1cc[nH]cc1,OC(=O)C1=CC=C(S1)C(=O)[O],hydrate,3,AYAPEY
Cc1ccn([O])cc1,Fc1c(F)c(F)c(I)c(I)c1F,cocrystal,2,LILMEA
NC1=C(NS(=O)(=O)[O])C(=O)NC(=O)N1,[NH2]1CCOCCOCC[NH2]CCOCCOCC1,hydrate,3,EREXEE
C[N](C)(C)CCO,CC(C)(Oc1ccc(cc1)C(=O)c1ccc(Cl)cc1)C(=O)[O],salt,1,KUKYUM
N1C=CN=C1C1=NC=CN1,OC(=O)c1ccc(cc1)N(=O)=O,cocrystal,2,VUYVIV
OC(C(O)C(=O)[O])C(O)=O,[nH]1cccc2ccccc12,hydrate,3,XETLAK
Oc1ccc(cc1)N(=O)=O,[O]c1cc[nH]cc1,cocrystal,2,PUMQET
Cc1ccccc1,CP(C)(C)=C1c2ccccc2c2ccccc12,cocrystal,2,ZUHVAB
[NH2]=C1Nc2ccccc2N1,Oc1ccc(cc1C(=O)[O])N(=O)=O,salt,1,VITHIS
C1C[NH](CCO1)CCc1nnc(CC[NH]2CCOCC2)nn1,O=S(=O)([O])c1ccccc1,hydrate,3,DIQMOI
CC1=CC(=CC=C1)C(O)=O,OC(=O)CCSCCC(O)=O,failed,0,
c1cc(ccn1)c1ccncc1,Oc1cc(O)c2C(=O)C(=C(Oc2c1)c1ccc(O)c(O)c1)O,cocrystal,2,YUFQOH
c1ccc(cc1)[P](c1ccccc1)(c1ccccc1)c1ccccc1,[S]c1ccccc1,salt,1,MUWMOJ
[NH]1=CN(C=C1)c1ccc(nn1)N1C=[NH]C=C1,O=[Cl](=O)(=O)[O],salt,1,LEMPIF
Cc1cc(C)nc(N)n1,OC(=O)c1ccc(Cl)cc1,cocrystal,2,EXICEU
N1C(=CC=C1c1nc2ccccc2nc1C1=CC=C([N]1)c1ccccc1)c1ccccc1,CCCC[N](CCCC)(CCCC)CCCC,solvate,3,JISTEN
O=N(=O)[O],[NH3]Cc1cccc(C)c1,salt,1,LALVIH
C1C2=CC=CC=C2C2=CC=CC=C12,O=[N+]([O-])C1=CC=C(C=C1)[N+](=O)[O-],failed,0,
OCC(O)C1OC(=O)C(=C1O)O,NC(=O)C1=CC=C(F)C=C1,failed,0,
O=N(=O)c1ccc([O])c(c1)N(=O)=O,[NH2]1CCCCC1,salt,1,YENREO
COC(=O)C(CC(C)C)NC(=O)C1(C)CSSC1,CNC(=O)C(CC(C)C)NC(=O)C1(C)CSSC1,cocrystal,2,QEZFEK
[nH]1ccc(cc1)C=Cc1cc[nH]cc1,O=C([O])C(=O)[O],hydrate,3,TORYUX
CC1(C)C2CCC1(C)C(=O)C2,OC1=CC=CC=C1[N+](=O)[O-],failed,0,
FC(F)(F)S(=O)(=O)[O],C[N]1=CN(C=C1)c1ccccc1N1C=C[N](=C1P(c1ccccc1)c1ccccc1)C,salt,1,XADTOO
F[P](F)(F)(F)(F)F,C(Oc1cccc2ccc(CN3C=C[N](=C3)Cc3ccccc3)nc12)c1ccccc1,salt,1,ROXREE
Oc1ccc(Br)cc1,CC(=O)C1CCC2C3CCC4=CC(=O)CCC4(C)C3CCC12C,cocrystal,2,CUSYOF
IC#CC#CI,O=C(NCc1cccnc1)NCc1cccnc1,solvate,3,WANPAD
[NH3]CC1CCC(CC1)C(=O)[O],Oc1cccc(O)c1,hydrate,3,GIDGUZ
CC1=NC=C(N1CCOC(=O)c1ccccc1)N(=O)=O,OC(=O)c1cccc(c1)C(O)=O,cocrystal,2,DOGCEK
FC1=CNC(=O)NC1=O,CN1C(=O)N(C)C2=C(NC=N2)C1=O,hydrate,3,ZAYLOA
[NH3]C1CCCCC1C,OC(C(O)C(=O)[O])C(O)=O,salt,1,BIMBOP
Nc1cc(ccc1Cl)N(=O)=O,CN1C=NC2=C1C(=O)N(C)C(=O)N2C,cocrystal,2,LATGOE
OC(=O)CC(=CC(O)=O)C(O)=O,NC(=O)C1=CC=C(N)C=C1,failed,0,
[NH3]Cc1cccc(Cl)c1,Clc1ccc(c(Cl)c1)C(=O)[O],salt,1,WIVQAT
ClC1=C([O])C(=O)C(=C([O])C1=O)Cl,CN(C)c1[nH]cccc1,salt,1,WOQWOS
NC(=O)C1=CC=CC=C1,OC1=CC=CC=C1[N+](=O)[O-],failed,0,
[NH4],O=C1C(=C(C(=O)C(=C1N(=O)=O)[O])N(=O)=O)[O],salt,1,AMONAN10
CC1C2Cc3ccc(O)cc3C1(C)CC[NH]2CC1CCCO1,OC(C(O)C(=O)[O])C(O)=O,hydrate,3,BIKZOK
Cc1ccccc1,COc1cc2C3CC(c4cc(OC)c(OC)cc4C43c3ccccc3c3ccccc43)C3(c2cc1OC)c1ccccc1c1ccccc31,hydrate,3,MAQNAW
OC(=O)c1ccc(O)cc1,NC(=O)CN1CCCC1=O,hydrate,3,LATBOZ
N1C(=[NH]c2cc3NC(=[NH]c3cc12)c1cccc(n1)N1N=Cc2ccccc12)c1cccc(n1)N1N=Cc2ccccc12,FC(F)(F)C(=O)[O],solvate,3,ERAFIP
N(C1=CC=CC=C1)C1=CC=CC=C1,C1=CC=C2C=CC=CC2=C1,failed,0,
FC(F)C(F)(F)C(F)(F)C1=C(C(=O)NC(=O)[N]1)S(=O)(=O)Cc1ccccc1,CC[NH](CC)CC,salt,1,MOGLID
Fc1c(F)c(I)c(F)c(F)c1I,Cc1ccnc2N(C3CC3)c3ncccc3C(=O)Nc12,cocrystal,2,RIMJAB
OC(=O)CC(=CC(O)=O)C(O)=O,NC1=CC=CC(=C1)C(O)=O,failed,0,
O=[N+]([O-])C1=CC(=CC(=C1)[N+](=O)[O-])[N+](=O)[O-],COC1=C(C=C(C=C1[N+](=O)[O-])[N+](=O)[O-])[N+](=O)[O-],failed,0,
c1cc(ccn1)C=Cc1ccncc1,CNC(=S)NN=Cc1ccc(O)cc1O,solvate,3,QAXYUM
c1ccc2cc3ccccc3cc2c1,OC(=O)CN1C(=O)c2cc3C(=O)N(CC(O)=O)C(=O)c3cc2C1=O,solvate,3,GENMES
NC1=CC=C(C=C1)C(O)=O,CCCCCCCC(O)=O,failed,0,
O=N(=O)N1CCN(CC1)N(=O)=O,O=N(=O)N1C2C3N(C1C1N(C(C(N3N(=O)=O)N1N(=O)=O)N2N(=O)=O)N(=O)=O)N(=O)=O,cocrystal,2,HERHEV
C1C2=CC=CC=C2C2=CC=CC=C12,O=[N+]([O-])C1=CC(=CC=C1)[N+](=O)[O-],failed,0,
NC(N)=[NH2],BrC1=CC2=C(c3ccccc3C(=O)[O])c3cc(Br)c([O])c(Br)c3OC2=C(Br)C1=O,hydrate,3,BOJFEM
C[NH](C)C,OC(=O)c1ccc(cc1)S(=O)(=O)c1ccc(cc1)C(=O)[O],salt,1,RAPMIH
FC(F)(F)C(=O)[O],[NH2]1CC[NH2]CC[NH2]CC[NH2]CC[NH2]CC[NH2]CC1,hydrate,3,DAQXUP
OC(=O)C[n]1ccccc1,FC(F)(F)S(=O)(=O)[N]S(=O)(=O)C(F)(F)F,salt,1,TOJRAM
COC(=O)C1C2CCC(CC31CCc1ccccc31)[NH]2C,O=N(=O)c1cc(c(c(c1)N(=O)=O)S(=O)(=O)[O])N(=O)=O,salt,1,WILTEQ
CN1C=NC2=C1C(=O)N(CCCCC(C)=O)C(=O)N2C,NS(=O)(=O)c1cc(C(O)=O)c(NCC2=CC=CO2)cc1Cl,solvate,3,FEFYIA
[NH3]CCCOCCCCOCCC[NH3],O=S(=O)([O])c1cc(c2ccc3c4c(ccc1c24)c(cc3S(=O)(=O)[O])S(=O)(=O)[O])S(=O)(=O)[O],hydrate,3,XEGZIV
NC(N)=O,N#CCCCC#N,cocrystal,2,HEZSOU
C1=CC=C2C=CC=CC2=C1,OC1=CC=CC2=CC=CC=C12,failed,0,
[NH3]C(CC)(P(O)(=O)[O])P(O)(=O)[O],[OH3],salt,1,FAGZOE
c1cc(ccn1)c1ccncc1,OC(=O)CCC(=O)c1ccc(cc1)c1ccccc1,cocrystal,2,UCERUS
O=N(=O)[O],Nc1[nH]cccc1N(=O)=O,salt,1,SIBVUU
CS(=O)(=O)[O],NS(=O)(=O)C1=NNC(=[NH2])S1,salt,1,OXUVUZ
CC[NH](CC)CC,CC1=NN(C(=C1)C)c1nnc(nn1)C1=C([O])c2ccccc2C1=O,hydrate,3,ZILPAN
Br,Cc1ccc(Nc2nc[n](CC(=O)[O])c3ccc(Cl)nc23)cc1,hydrate,3,UNESAI
CC12CCC3C(CCC4=C3C=CC(=C4)O)C1CCC2O,C1=CC2=C3C(=C1)C1=CC=CC4=C1C(=CC=C4)C3=CC=C2,failed,0,
NC(=O)C1=CC=CC=C1[N+](=O)[O-],OC(=O)C1=CN=CC=C1,failed,0,
C1=CC=C(C=C1)C1=CC=CC=C1,C1C2=CC=CC=C2C2=CC=CC=C12,failed,0,
OP(O)(O)=O,CC1CCC(c2ccccc2)S(=O)(=O)N1Cc1cc(F)c(cc1F)N1CC2C(C1)C2N1C=NN=C1,cocrystal,2,BEYZIR
ClC1=CC=CC=C1Cl,C1=CC=C2C(=C1)C=CC1=CC=CC=C21,failed,0,
ON=C(C(Cl)=NOC(c1ccccc1)(c1ccccc1)c1ccccc1)S(=O)(=O)c1ccccc1,c1ccccc1,cocrystal,2,ATIRUT
I[I]I,O=C1N(Cc2c[nH]ccc2)C(=S)N(Cc2cccnc2)C1=O,salt,1,TASQEK
[S]c1cc[nH]cc1,Fc1c(F)c(I)c(F)c(F)c1I,cocrystal,2,YIHGAB
OC(CC(O)=O)C(=O)[O],[NH3]C(C)c1ccccc1,salt,1,EYOBAV
Oc1c(cc(cc1N(=O)=O)N(=O)=O)N(=O)=O,Cc1ccc(C)cc1,cocrystal,2,LOWKAJ
[NH3]N,O=N(=O)[C](C1=NO[N](=C1[C](N(=O)=O)N(=O)=O)[O])N(=O)=O,hydrate,3,FEFJAE
CN(C)C1=CC(C=C(C1C1C(=CC(C=C1N(C)C)=[N](C)C)N(C)C)N(C)C)=[N](C)C,I[I]I,salt,1,GIFMOX
O=N(=O)[O],Oc1c(cc(cc1c1ccccc1)[n]1c(cc(cc1c1ccccc1)c1ccccc1)c1ccccc1)c1ccccc1,hydrate,3,OGINEX
[NH3]c1cccc(c1)N(=O)=O,Cc1ccc(cc1)S(=O)(=O)[O],salt,1,WOFXUM
CC(=O)OC1=CC=CC=C1C(O)=O,NC(=O)C1=CC=CC=C1O,failed,0,
O=[Cl](=O)(=O)[O],CN1[N](=C(O)C=C1C)c1ccccc1,hydrate,3,MOLXIW
C[N]1=C(C)N(CCS(F)(=O)=O)C=C1,F[P](F)(F)(F)(F)F,salt,1,NOTSIC
OC(=O)CC(=O)[O],Nc1[nH]c(nc(N)n1)c1ccc(Br)cc1,salt,1,UPEDEA
F[P](F)(F)(F)(F)F,CC(C)[N](C)(Cc1ccccc1)c1ccccc1,salt,1,ZALTEP
[NH3]C(Cc1ccccc1)C(=O)Nc1cccnc1,O=C([O])c1ccc(cc1)N(=O)=O,salt,1,VAKKAW
Cc1cc(C)nc(N)n1,Cc1cccc(c1)C(O)=O,cocrystal,2,EXIBUJ
CC1=CC2=CC=CC=C2C=C1C,C1=CC=C2C=CC=CC2=C1,failed,0,
FC1=C(F)C(C(=C(F)C1=C(C#N)C#N)F)=C(C#N)C#N,CC1(C)c2cc3N4c5ccccc5c5cccc(c45)C(C)(C)c3cc2N2c3ccccc3c3cccc1c23,cocrystal,2,ZAPYOI
NC(=O)C1=CC=NC=C1,COC1=CC=CC=C1C(O)=O,failed,0,
O=N(=O)c1cc(c([O])c(c1)N(=O)=O)N(=O)=O,NC(=O)c1c[nH]ccc1,salt,1,IPOZAO
OC(CC(=O)[O])C(O)=O,[NH3]CC(CC(O)=O)c1ccc(Cl)cc1,salt,1,YIPLAN
Cc1cc(Cl)ccc1OCC(=O)[O],[NH4],hydrate,3,ZOWWOZ
O=C([O])[O],Cc1ccccc1N=C(N)NC(N)=[NH2],solvate,3,MESROV
OC(C(=O)[O])c1ccccc1,NC(=O)C1[NH2]CCC1,salt,1,KAWBAN
OC(=O)C=CC(=O)[O],COc1ccccc1N1CC[NH](CCOC(c2ccccc2)c2ccccc2)CC1,salt,1,AKETOZ
CN(C)c1ccc(cc1)C1=[N](C)c2ccccc2N1C,F[P](F)(F)(F)(F)F,salt,1,YOYDIC
[NH3]C(C(=O)OC)C(C)(O)C(F)F,CC1(C)C2CCC1(CS(=O)(=O)[O])C(=O)C2,salt,1,UPIYUP
CN1C(=C(O)C2=CC=CC=C2S1(=O)=O)C(=O)NC1=CC=CC=N1,NC1=CC=C(C=C1)C(O)=O,failed,0,
CCC1(C(=O)NC(=O)NC1=O)C1=CC=CC=C1,CCOC1=CC=C(NC(C)=O)C=C1,failed,0,
CN1C=NC2=C1C(=O)N(C)C(=O)N2C,OC(=O)c1cccc(O)c1,cocrystal,2,MOZCOU
Nc1[nH]cnc2N(C=Nc12)C1OC(COP(O)(=O)OP(=O)([O])[O])C(O)C1O,[NH3]C(CO)(CO)CO,hydrate,3,HMADPH
OC(=O)C1=CC=CC=C1O,NC(=O)C1=CC=C(N)C=C1,failed,0,
O=[N+]1C=CN([O-])C=C1,IC1=CC=C(I)C=C1,failed,0,
O=C1C2=CC=CC=C2C2=CC=CC=C12,C1=CC2=CC3=CC=CC=C3C=C2C=C1,failed,0,
OC(=O)CC(=CC(O)=O)C(O)=O,OC(=O)C1=CC=C(O)C=C1,failed,0,
OCC(O)C1OC(=O)C(=C1O)O,NC1=CC=C(C=C1)C(O)=O,failed,0,
N#CC(C#N)=C1C=CC(C=C1)=C(C#N)C#N,Cc1c(C)c(C)c2c(c1C)c1c(C)c(C)c(C)c(C)c21,cocrystal,2,XIBFUJ
O=[Cl](=O)(=O)[O],COc1ccc2SC(=Cc3cc(cc[n]3C)c3cccc4cccc(c5cc[n](C)c(C=C6Sc7ccc(OC)cc7N6C)c5)c34)N(C)c2c1,solvate,3,DACNAW
Clc1cc(ccc1C(=O)[O])N(=O)=O,[NH3]C(C)c1ccccc1,salt,1,KIDPEV
[NH3]CCCc1ccccc1,O=P1([O])OP(=O)([O])OP(=O)([O])OP(=O)([O])OP(=O)([O])OP(=O)([O])O1,hydrate,3,KIGZIK
O=C(c1ccccc1)c1ccncc1,OC(=O)c1ccc(Cl)cc1N(=O)=O,cocrystal,2,UHAQOJ
C1[n]2ccccc2C[n]2ccccc12,O=[Cl](=O)(=O)[O],salt,1,DUDBAG
COC1CC2[NH]3CC(C2=CC1O)c1cc2OCOc2cc1C3,OC(=O)C(=O)[O],hydrate,3,EGOPAS
Oc1cccc(O)c1,[O]n1ccc(cc1)c1ccn([O])cc1,hydrate,3,HOPKED
NC(=O)C1=CC=CC=C1,CCOC1=CC=C(NC(C)=O)C=C1,failed,0,
CC1=C(C=C(C=C1[N+](=O)[O-])[N+](=O)[O-])[N+](=O)[O-],OC(=O)C1=CC=CC=C1,failed,0,
Nc1ccc(cc1)N=Nc1ccccc1,c1cc(ccn1)c1ccncc1,cocrystal,2,TUZZOG
NC(N)=NS(=O)(=O)c1ccc(N)cc1,O=C1C=C(Oc2ccccc12)c1ccccc1,cocrystal,2,VOLFOV
OC(C(O)C(=O)[O])C(O)=O,[NH3]C,hydrate,3,XOJMOA
OP(O)(=O)[O],CCCC[N](CCCC)(CCCC)CCCC,solvate,3,NELVUV
I[I]I,OC(=O)C1=CN(C2CC2)c2cc(N3CC[NH2]CC3)c(F)cc2C1=O,salt,1,POTLAN
O=C([O])c1ccccc1c1ccccc1C(=O)[O],CC[N](CC)(CC)CC,hydrate,3,VELJEE
CS(=O)(=O)[O],CC1(C)OC2COC(C[n]3ccccc3)C2O1,hydrate,3,OHAQUM
[NH4],O=N(=O)C(=C1N=CC=N[N]1)N(=O)=O,salt,1,FOXKIP
[NH3]CCCC([NH3])C(O)=O,O=S(=O)([O])[O],hydrate,3,BIHYEX
OC(=O)c1cc(C(O)=O)c(cc1C(=O)[O])C(=O)[O],CC1=[NH]C=CN1Cc1ccc(CN2C=C[NH]=C2C)cc1,hydrate,3,EVEBUD
FC1=CC(C(=CC1=C(C#N)C#N)F)=C(C#N)C#N,c1ccc2cc3cc4ccccc4cc3cc2c1,cocrystal,2,TANNUV
C(Nc1[nH]cccc1)c1ccccc1,OP(O)(=O)[O],salt,1,XOLDIO
OC(=O)c1ccc2cc(O)ccc2c1,CC(=O)C1CCC2C3CCC4=CC(=O)CCC4(C)C3CCC12C,cocrystal,2,XUNCIV
OC(=O)C1=CC=C(F)C=C1,OC(=O)CC(=CC(O)=O)C(O)=O,failed,0,
C[n]1cccc(C=Cc2ccc(cc2)C2=Nc3ccccc3O2)c1,F[P](F)(F)(F)(F)F,salt,1,TELYUH
O=N(=O)c1cc(c([O])c(c1)N(=O)=O)N(=O)=O,C[NH2][NH2]C,hydrate,3,TAPBIX
C1=CC2=C3C(=C1)C=CC1=CC=CC(=C31)C=C2,C1=CC=C2C(=C1)C=CC1=CC=CC=C21,failed,0,
O=C(Nc1ccccn1)c1cccnc1,OC(=O)CCCCCCCC(O)=O,cocrystal,2,KAYJAX
CC[NH](CC)CC,CS(=O)(=O)[C](Sc1ccccc1)C(=O)c1cccnc1,salt,1,FUGKUN
[NH3]c1c[nH]ccc1N,O=N(=O)[O],hydrate,3,GITVAI
CC(=O)[O],CC1(C)CC(O)CC2CCC[NH]12,hydrate,3,GARQIC
Nc1cc(cc(c1)C(=O)[O])C(O)=O,CCN1C=C(C(O)=O)C(=O)c2cc(F)c(cc12)N1CC[NH2]CC1,hydrate,3,HIGTAU
[NH3]C(C)c1ccc(Cl)cc1,CCOP([O])(=S)c1ccc2ccccc2c1,salt,1,REKPED
OC(=O)C1=CC=CC=C1O,OC(=O)CC(=CC(O)=O)C(O)=O,failed,0,
OP(O)(=O)[O],C[N](C)(C)C,hydrate,3,FIJHEL
CN1c2ccc(cc2c2cc(ccc12)c1ccc(cc1)N(=O)=O)c1ccc(cc1)N(=O)=O,O1C=CC=C1,cocrystal,2,REKYUE
CCC[NH2]Cc1c2ccccc2cc2ccccc12,O=P([O])(c1ccccc1)c1ccccc1,hydrate,3,PAHGAH
IC1=CC=C(I)C=C1,ClC1=CC(=CN=C1)Cl,failed,0,
N#CC(C#N)=C(C#N)C#N,C=C1C2Cc3ccccc3CC1Cc1ccccc1C2,cocrystal,2,ODITAW
Nc1c(F)cc(F)c(N)c1C(F)(F)F,C1COCCOCCOCCOCCOCCO1,cocrystal,2,DAFGID
OC(=O)c1cc(ccc1O)S(=O)(=O)[O],CC1=[NH]C=CN1,hydrate,3,CIKRUK
N1c2ccccc2c2ccccc12,N#Cc1nc2c(nc1C#N)c1nc(C#N)c(nc1c1nc(C#N)c(nc21)C#N)C#N,solvate,3,XAPDIF
ClC1=CC(=CN=C1)Cl,IC1=CC=C(I)C=C1,failed,0,
FC(F)(F)C(=O)[O],[NH3]C1CSC=C(NC1=O)C(=O)OC,salt,1,COSLIG
CCOC(=O)C1=CN(C2CC2)C(=C(C1=O)C(=C1SC(=NN1c1ccc(Cl)cc1)c1ccccc1)N(=O)=O)[S],CC[NH](CC)CC,salt,1,UMEMEH
OC1=CC=C(O)C=C1,NC(=O)C1=CC=CC=C1N,failed,0,
O=[Cl](=O)(=O)[O],C[N]12CCCN3CCN4CCC[NH](CC1)C4C23,salt,1,QAPNEA
Cc1cccc(C)c1NC(=O)Nc1c[nH]ccc1,O=S(=O)([O])[O],salt,1,PIHLUO
Cl,N=C(NC1=NNC=N1)c1ccccc1,cocrystal,2,WEYROH
NC(N)=[NH2],O=N(=O)[N]N1N=C(C(=C1N(=O)=O)[N]N(=O)=O)N(=O)=O,hydrate,3,ANIVAX
CCCCCCCC(O)=O,COC1=CC=C(C=C1)C(O)=O,failed,0,
C1=CC2=C3C(=C1)C=CC1=CC=CC(=C31)C=C2,C1=CC=C2C=CC=CC2=C1,failed,0,
c1ccc(nc1)c1ccccn1,OC(=O)CCN1C(=O)c2ccccc2C1=O,cocrystal,2,HEGHEJ
Nc1ccccc1N=Cc1cccc(c1[O])N(=O)=O,CCCC[N](CCCC)(CCCC)CCCC,salt,1,OPEZOZ
OC(C[NH](Cc1cccc2cccnc12)Cc1cccc2cccnc12)C[NH](Cc1cccc2cccnc12)Cc1cccc2cccnc12,O=[Cl](=O)(=O)[O],solvate,3,YIHHUV
O=S(=O)([O])[O],[NH3]C(Cc1ccccc1)C(O)=O,hydrate,3,LAGDIG
NC(=O)C1=CC(=CC=C1)F,OC(=O)C1=CC=CC=C1O,failed,0,
CC1=CC=C(C=C1)C(N)=O,NC(=O)C1=CN=CC=C1,failed,0,
OC(=O)C1=CC=CC=C1[N+](=O)[O-],OC(=O)C1=CC=CC=C1O,failed,0,
NC(=O)C1=CN=CC=C1,NC(=O)C1=CC(=CC=C1)N,failed,0,
O=[Cl](=O)(=O)[O],CC(C)C1[NH]2CCCCC2C2C[NH]3CCCCC3C1C2,salt,1,TELPUV
Nc1ccc(cc1)C(O)=O,ON1CCN(O)CC1,cocrystal,2,LETJUT
[NH3]CCNCC[NH3],Clc1ccc(Cl)c(c1)S(=O)(=O)[O],salt,1,GAQTEY
OC(=O)CC(=O)[O],CN(C)C(N)=NC(N)=[NH2],salt,1,DELKAK01
NC(=O)C1=CC=C(O)C=C1,CCCCCCCC(O)=O,failed,0,
Cc1cc(C)cc(N)c1,Oc1ccc(cc1)C1(CCCCC1)c1ccc(O)cc1,cocrystal,2,OFEQIZ
CC(C)(C)P1(=O)Cc2ccccc2C1C1c2ccccc2CP1(=O)C(C)(C)C,OC(=O)C(OC(=O)c1ccccc1)C(OC(=O)c1ccccc1)C(O)=O,cocrystal,2,NAHXIE
OC(=O)C1=CC(=CC=C1)F,NC(N)=O,failed,0,
NC(=O)N1C2=CC=CC=C2C=CC2=CC=CC=C12,NC(CCCN=C(N)N)C(O)=O,failed,0,
OC(=O)c1cccc(c1)[n]1ccc(cc1)c1ccncc1,OC(=O)c1cc(C(=O)[O])c(cc1C(=O)[O])C(O)=O,hydrate,3,CONKAT
CN1CCN(C)C2C1N(C)CCN2C,Fc1c(F)c(F)c(c(I)c1F)c1c(F)c(F)c(c(F)c1F)c1c(F)c(F)c(F)c(F)c1I,cocrystal,2,WUNHAR
O=C(NCC(c1ccccc1)c1ccccc1)N=NC(=O)NCC(c1ccccc1)c1ccccc1,O=C1NCc2ccc(CNC(=O)c3cccc(c3)C(=O)NCc3ccc(CNC(=O)c4cccc1c4)cc3)cc2,hydrate,3,EMIROI
Oc1ccc2ccccc2c1c1c(O)ccc2ccccc12,NC1CCCCC1N,cocrystal,2,SUVNEC
COC1=CC=CC=C1C(N)=O,OC(CC(O)=O)C(O)=O,failed,0,
BrC1=CC=C(Br)C=C1,ClC1=NC(=CC=C1)Cl,failed,0,
OC(=O)c1c(F)c(F)c(F)c(F)c1F,O=C1Nc2ccccc2c2ccccc12,cocrystal,2,LEZTUJ
S1c2ccccc2c2c1ccc1Sc3ccc4Sc5ccc6Sc7ccccc7c6c5c4c3c21,N#CC(C#N)=C1C=CC(C=C1)=C(C#N)C#N,cocrystal,2,TOKJUY
OC(=O)c1cccnc1C(=O)[O],NNC(N)=[NH2],hydrate,3,XADQEB
Cc1cn([O])ccc1N(=O)=O,OC(=O)c1cccc(c1C(O)=O)N(=O)=O,cocrystal,2,NENDAM
N#CC(C#N)=C1C=CC(C=C1)=C(C#N)C#N,c1cc2ccc3cccc4ccc(c1)c2c34,cocrystal,2,BITBUD
OC(=O)C1=CC=CC=C1O,CC1(C)C2CCC1(C)C(O)C2,failed,0,
[O]N1N=NN=C1C1=NC(=NO1)C1=NN=NN1[O],[NH4],hydrate,3,KIBFEJ
C1COCCOCCNCCOCCOCCN1,NC(N)=NC1=Nc2ccccc2N1,cocrystal,2,CEHHEC
c1ccccc1,CC(C)N1C(=C(C)[N](=C1C(=Nc1c(C)cccc1C)[N]c1c(C)cccc1C)C(C)C)C,cocrystal,2,ENEYED
OC(=O)C1=CC=CC=C1O,NC(=O)C1=CC(=CC=C1)O,failed,0,
CCC1c2cc(C(CC)c3cc(C(CC)c4cc(C(CC)c5cc1c(O)c(O)c5O)c(O)c(O)c4O)c(O)c(O)c3O)c(O)c(O)c2O,O=Cc1c2ccccc2cc2ccccc12,solvate,3,DUKTIO
COC1=CC=C(C=C1)C(O)=O,CC1=CC=C(C=C1)C(O)=O,failed,0,
O=C([O])Cc1ccccc1,Cc1cc[nH]c(N)n1,salt,1,OZEXEY
[NH3]CC[NH2]CCC[NH3],OP(=O)([O])[O],hydrate,3,EDOJEM
OC(=O)CCCCCCC(O)=O,NC(=O)C1=NC=CN=C1,failed,0,
OC(=O)C1=CC=CC=C1,NC1=CC=CC(=C1)C(O)=O,failed,0,
COc1cc(OC)c2c(OC(C3OP(=O)(N4CCCCC4)C23N2CCCCC2)c2ccc(OC)c(OC)c2)c1,c1ccccc1,cocrystal,2,AKATUB
Oc1cccc(c1)N(=O)=O,C1CN2CN3CCN(CN1C3)C2,cocrystal,2,HOXGUZ
Oc1cc(cc(O)c1O)C(=O)NN=CC1=Cc2ccccc2N1,N1C(=Cc2ccccc12)C=NN=CC1=Cc2ccccc2N1,solvate,3,HUFNUS
[NH3]C(C)(P(O)(=O)[O])P(=O)([O])[O],[NH3]CC[NH3],hydrate,3,GUKRUA
NC(=O)C1=CC(=CC=C1)F,CC1=NC=C(CO)C(=C1O)CO,failed,0,
c1cc(ccn1)c1ccncc1,[NH3]c1ccc(O)c(c1)C(=O)[O],cocrystal,2,XAZRIC
c1ccccc1,COc1ccc2c(Nc3ccccc3C32c2ccccc2Nc2ccccc32)c1,solvate,3,XOVLID
C(N1C=CN=C1C1=NC=CN1CC1=CC=CC=C1)C1=CC=CC=C1,OC(=O)CCCCC(O)=O,failed,0,
CCCC[N](CCCC)(CCCC)CCCC,OC(=O)c1cccc(c1)C(=O)[O],hydrate,3,MIXDIH
[NH3]C12C3C4C1C1C2C3C41[NH3],O=N(=O)[N]N(=O)=O,salt,1,NURPAR
Fc1c(F)c(F)c(F)c(F)c1F,Fc1ccc(cc1)C(=O)Nc1cccc(c1)C#C,cocrystal,2,GEKGIP
CN(C)c1cc[n](cc1)C(N(C)C)=C(N(C)C)[n]1ccc(cc1)N(C)C,FC(F)(F)S(=O)(=O)[O],hydrate,3,WERQOA
O=C([O])CN1C(=O)c2ccccc2C1=O,N1C=C[NH]=C1C1=[NH]C=CN1,salt,1,YALTUC
C[n]1c2ccccc2c(C(=O)Oc2ccc(F)cc2)c2ccccc12,FC(F)(F)S(=O)(=O)[O],salt,1,VUZRUE
Fc1c(F)c(I)c(F)c(I)c1F,CNC(=S)NC,cocrystal,2,HAMNAO
Oc1cc(O)cc(O)c1,[O]n1ccc(cc1)C1=NN=C(O1)c1ccn([O])cc1,hydrate,3,WAJWIP
CCC(C)=NNC(=O)c1ccncc1,OC(=O)c1cccc(O)c1,hydrate,3,SAYPOZ
OCC1CCC(CO)CC1,Cc1ccc(c(O)c1)C1(C)CC(C)(C)c2ccc(C)cc2O1,cocrystal,2,DOSJIE
Cc1cc(C)nc(NS(=O)(=O)c2ccc(N)cc2)n1,OC(=O)c1cc(ccc1Cl)N(=O)=O,cocrystal,2,PUCSEO
OC(=O)c1cc(cc(c1)C(=O)[O])C(=O)[O],C1[N]2=CN(C=C2)c2cccc(n2)N2C=C[N](=C2)Cc2ccc(C[N]3=CN(C=C3)c3cccc(n3)N3C=C[N](=C3)Cc3ccc1cc3)cc2,hydrate,3,VUQQIJ
O=S(=O)([O])c1ccc(cc1)C(c1ccc(cc1)S(=O)(=O)[O])=C(c1ccc(cc1)S(=O)(=O)[O])c1ccc(cc1)S(=O)(=O)[O],N[n]1ccc(cc1)c1cc[n](N)cc1,hydrate,3,VEYFOY
OCC(O)C1OC(=O)C(=C1O)O,CC1=CC=C(C=C1)C(O)=O,failed,0,
OC(=O)C(Cl)Cl,OC(=O)CC1=CC=CC=C1,failed,0,
CC(C(C)C(O)=O)C(O)=O,OC(=O)CCCCCCC(O)=O,failed,0,
COC1=CC=CC(=C1)C(O)=O,OC(=O)C1=CC=CC=C1O,failed,0,
CCC(C(O)=O)C(O)=O,CC(C)C1=C(C)N(C)N(C2=CC=CC=C2)C1=O,failed,0,
COc1cccc(c1)C(=O)c1cc(cc(c1)C(=O)c1cccc(OC)c1)C(=O)c1cccc(OC)c1,c1ccccc1,cocrystal,2,LOPZUL
Cc1cc2NC=[NH]c2cc1C,O=N(=O)[O],salt,1,LIPSUA
[NH3]C1CCCCC1,CC(C)OP(O)(=O)[O],salt,1,WEJKII
O=C(OC1=CC=CC=C1)OC1=CC=CC=C1,OC1=CC=CC=C1,failed,0,
CC(C(C)C(O)=O)C(O)=O,OC(=O)CCCCCC(O)=O,failed,0,
C[N]1=NOC(=C1)N,O=N(=O)[O],salt,1,EKEXIE
Nc1[nH]cnc2NC=Nc12,Cc1cc2Cc3cc(C)cc(c3OP(=O)([O])Oc2c(c1)C(C)(C)C)C(C)(C)C,solvate,3,ADALEW
COC1=CC=CC=C1C(O)=O,OC(=O)CCSCCC(O)=O,failed,0,
O=C1NC(=O)C=C(N1)C(=O)[O],COc1cc(Cc2c[nH]c(N)nc2N)cc(OC)c1OC,salt,1,GIJTEC
O=C1[N]S(=O)(=O)c2ccccc12,C1CCN(C1)c1cc[nH]cc1,salt,1,UMAXUD
CC1=CC(=CC=C1)C(N)=O,NC(=O)C1=CC=CC=C1,failed,0,
OC(=O)C=Cc1ccc(O)cc1,NC(=O)c1cnccn1,cocrystal,2,JAJYUS
O=C(NN=Cc1[nH]cccc1)NN=Cc1[nH]cccc1,O=S(=O)([O])[O],hydrate,3,LOFFAP
OC(=O)c1ccc(O)cc1O,NC(=O)c1ccncc1,hydrate,3,LAGSUK
OC1=[NH]CCCCC1,FC(F)(F)S(=O)(=O)[O],salt,1,PIVZAZ
CC(=O)Nc1ccccc1O,N#CC(C#N)=C1C=CC(C=C1)=C(C#N)C#N,cocrystal,2,FAVVUX
OC(=O)C1=CC=CC=C1,NC(N)=O,failed,0,
COc1ccc(NC2=C(C)C(CCC2)=[NH]c2ccc(OC)cc2)cc1,Cc1ccc(cc1)S(=O)(=O)[O],salt,1,YASGAD
O=N(=O)N1C2C3N(C1C1N(C(C(N3N(=O)=O)N1N(=O)=O)N2N(=O)=O)N(=O)=O)N(=O)=O,O=Cc1ccccc1,cocrystal,2,KOFXIP
FC(F)(F)S(=O)(=O)[O],CC(C)N([P]Nc1c(cc(cc1C(C)(C)C)C(C)(C)C)C(C)(C)C)C(C)C,solvate,3,WIJPUA
Cc1cc(C)c([n]2ccn(n2)c2ccccc2)c(C)c1,O=C([O])c1ccccc1,solvate,3,DAGCOH
Nc1ccccc1C(O)=O,Cc1cc(C)nc(N)n1,cocrystal,2,PUJBOM
N1C=CC(=N1)c1ccncc1,OC(=O)c1ccc(cc1)C(O)=O,hydrate,3,PAXPEL
[NH3]C(CC1=CNC=[NH]1)C(=O)NC(C)C(=O)[O],FC(F)(F)C(=O)[O],salt,1,MOHWIT
CN1C(=O)N(C)C2=C(NC=N2)C1=O,Oc1cccc(O)c1,hydrate,3,WOCGOM
OC1=CC=C(O)C=C1,NC1=CC(=CC=C1)[N+](=O)[O-],failed,0,
CC1=NNC(S1)=NS(=O)(=O)c1ccc(N)cc1,c1ccc(nc1)c1ccccn1,cocrystal,2,ROCPOR
NC(=O)C1=CN=CC=C1,CC1(C)CCC2=C(O1)C1=CC=CC=C1C(=O)C2=O,failed,0,
NC(=O)C1=CN=CC=C1,CC(=O)NC1=CC=CC=C1,failed,0,
COC1=C(O)C=CC(=C1)C=CC(O)=O,NC(=O)C1=CC=CC=C1,failed,0,
CCOC(=O)C1=C(C)N(C)C(S1)=NN=C1SC(=C(C)N1C)C(=O)OCC,N#CC(C#N)=C1C=CC(C=C1)=C(C#N)C#N,cocrystal,2,IFIHEK
[NH2]1CC[NH2]CC1,CN1C(=O)N(C)C2=C(N(CC(=O)[O])C=N2)C1=O,hydrate,3,YECXAJ
Fc1c(F)c(I)c(F)c(F)c1I,C(Cc1ccncc1)c1ccncc1,cocrystal,2,MEKWOO
COC1=CC=CC(=C1)C(N)=O,NC(N)=O,failed,0,
NNC(N)=[NH2],CC1=NC(=NO1)C1=NON=C1[N]N(=O)=O,salt,1,OCUJOO
OC(=O)C1=CC(=CC=C1)O,CC1=NC=C(CO)C(=C1O)CO,failed,0,
NC(N)=[NH2],CCCCCCCCc1ccc(cc1)c1ccc(cc1)S(=O)(=O)[O],salt,1,LAVROQ
OC1C(Oc2cc(O)cc(O)c2C1=O)c1cc(O)c(O)c(O)c1,CN1C=NC2=C1C(=O)N(C)C(=O)N2C,solvate,3,NEXSES
O=N(=O)[C](C1=NOC=N1)N(=O)=O,[NH3]O,salt,1,RECQOI
O=N(=O)c1cc(c([O])c(c1)N(=O)=O)N(=O)=O,C[N]1=C(N)N(N)C(=N1)N,salt,1,VOMROF
OC(=O)c1cc(O)c(O)c(O)c1,[O]n1ccc(cc1)N(=O)=O,cocrystal,2,RUWPEG
OC(=O)C1=CC=C(S1)C(O)=O,c1cc(ccn1)c1ccncc1,cocrystal,2,BIHZAU
CC1(C)CCCC(C)(C)N1[O],FC(F)(I)C(F)(F)C(F)(F)C(F)(F)I,cocrystal,2,LULQOA
OC(=O)CCSCCC(O)=O,NC1=CC=CC(=C1)C(O)=O,failed,0,
OC(=O)CCCCCCC(O)=O,C1CN2CCN1CC2,cocrystal,2,UNEGAV
N#CC(C#N)=C([C](C#N)C#N)[C](C#N)C#N,[nH]1ccccc1c1ccccn1,salt,1,GUHYEP
OS(=O)(=O)[O],[nH]1c2ccccc2c(c2ccccc2)c2ccccc12,salt,1,LILHAP
CC1=CC=C(C=C1)C(O)=O,OC(=O)C1=CN=CC=C1,failed,0,
OC1=CC=CC(=C1)[N+](=O)[O-],CC1(C)C2CCC1(C)C(=O)C2,failed,0,
C1=CC2=C3C(=C1)C1=CC=CC4=C1C(=CC=C4)C3=CC=C2,CC12CCC3C(CCC4=C3C=CC(=C4)O)C1CCC2O,failed,0,
CN1C(=C(O)C2=CC=CC=C2S1(=O)=O)C(=O)NC1=CC=CC=N1,OC(C(O)C(O)=O)C(O)=O,failed,0,
OC(C1CC2CC[NH]1CC2C=C)c1ccnc2ccccc12,OC(C(O)C(=O)[O])C(=O)[O],hydrate,3,HUSBIG
O=C([O])c1cncc(c1)C(=O)[O],[NH2](CCCN1C=[NH]C=C1)Cc1c2ccccc2cc2ccccc12,hydrate,3,BATPOF
C[n]1c2ccccc2c(c2ccccc12)c1ccccc1P(c1ccccc1)c1ccccc1,FC(F)(F)S(=O)(=O)[O],salt,1,UMIXEW
[NH4],ClC1=C([O])C(=O)C(=C([O])C1=O)Cl,hydrate,3,AMCLAN10
NC1=Nc2ccc(OC(F)(F)F)cc2S1,COc1cc(cc(OC)c1OC)C(O)=O,cocrystal,2,ZIYFOF
COC(=O)c1cccc(c1)N1CC(O)C(NC(=O)OCC2c3ccccc3c3ccccc23)C1=O,c1ccccc1,cocrystal,2,EHUQII
Oc1ccc(O)cc1,O=C1C=CC(=O)c2ccccc12,cocrystal,2,NPQHRQ
[NH3]CCO,OCCNC1=C(c2ccccc2S(=O)[O])S(=O)(=O)c2ccccc12,salt,1,HEASLF10
Oc1ccc2c(Oc3cc(O)ccc3C32N(N=Cc2cc(cc(c2[O])N(=O)=O)N(=O)=O)C(=O)c2ccccc32)c1,CCCC[N](CCCC)(CCCC)CCCC,hydrate,3,ODEHIR
CC[NH](C(C)C)C(C)C,OC1=C(C(=O)C(=C(C1=O)C(c1ccccc1)(c1ccccc1)c1ccccc1)[O])C(c1ccccc1)(c1ccccc1)c1ccccc1,solvate,3,TEBFIS
NC1=Nc2ccc(O)cc2N1c1ccc(Cl)cc1,Cc1ccccc1,cocrystal,2,TIWZEG
O1C(=NN=C1c1ccncc1)c1ccncc1,OC(=O)c1cccc(c1)C(O)=O,cocrystal,2,NANQEZ
c1cc2nc(c1)c1ccc(cc1)c1ccc(cc1)c1ccc(cc1)c1ccc(cc1)c1ccc2cc1,CC(C)(C)c1cc(OCC#CC#CCOc2cc(cc(c2)C(C)(C)C)C(C)(C)C)cc(c1)C(C)(C)C,cocrystal,2,BOBGUX
NC(N)=[NH2],N1C=NC(=C1C1=NN=N[N]1)C1=NN=N[N]1,salt,1,MURMEU
OC(=O)c1cccc(c1C(=O)[O])N(=O)=O,NC(N)=[NH2],hydrate,3,UFALET
O=N(=O)[O],O=C1NC=NC2=C1NC=[NH]2,hydrate,3,BONKOE
[NH4],CSC1=C(Sc2nc3NC(=O)NC(=O)c3nc12)C(=O)[O],hydrate,3,EZOMEM
CC1=C(C=C(C=C1)[N+](=O)[O-])[N+](=O)[O-],C1=CC=C2C(=C1)C=CC1=CC=CC=C21,failed,0,
O=N(=O)c1cc(c([O])c(c1)N(=O)=O)N(=O)=O,C1C[NH]2CC[NH]1CC2,salt,1,QUYPOQ
CCCCCCCCCCCC(O)=O,CCCCCCCCCC(O)=O,failed,0,
OCC(O)C1OC(=O)C(=C1O)O,CC(=O)NC1=CC=C(O)C=C1,failed,0,
FC1(F)c2ccc(cc2)C(F)(F)C(F)(F)c2ccc(cc2)C(F)(F)C(F)(F)c2ccc(cc2)C1(F)F,c1ccccc1,cocrystal,2,CAGFUM
[NH3]C1CCCCC1,Nc1ccc(cc1)S(=O)(=O)[N]C1=NC=CS1,salt,1,KAWPUX
OC(=O)C1=CC=CC=C1[N+](=O)[O-],NC(CCC(O)=O)C(O)=O,failed,0,
[NH3]C(C)c1ccccc1,O=C([O])C1CC21CC2,salt,1,QEBVOI
OC(=O)c1cccc(n1)C(=O)[O],Cc1cc[nH]c(N)c1,solvate,3,QALDOY
Oc1c(cc(cc1N(=O)=O)N(=O)=O)N(=O)=O,c1cc2ccc3ccc(C4=CN=C5N6C=CN=C6N6C=CN=C6N45)c4ccc(c1)c2c34,cocrystal,2,ZEGQOV
Cc1ccccc1O,C1CNCCN1,cocrystal,2,KOXDUZ
S1c2ccccc2C2=C1c1ccccc1S2,FC1=C(F)C(C(=C(F)C1=C(C#N)C#N)F)=C(C#N)C#N,cocrystal,2,SEMPOS
OC(=O)c1cccc(n1)C(=O)[O],[NH2]=C1Nc2ccccc2N1,hydrate,3,MIHQED
NC(=O)C1=CC=CC=C1O,OC(=O)CCSCCC(O)=O,failed,0,
CCC1[NH](Cc2ccccc2)C(C)C(C)C(=C1CC)C,O=N(=O)c1cc(c(c(c1)N(=O)=O)S(=O)(=O)[O])N(=O)=O,salt,1,HASWIJ
COC(=O)c1c(Cl)c(Cl)c(Cl)c(Cl)c1C(=O)[O],[NH3]CCCC[NH3],salt,1,ERODUL
CC1=NS(=O)(=O)[N]C(=C1c1ccccc1C(=O)[O])C,[NH2](C1CCCCC1)C1CCCCC1,solvate,3,TULBEJ
CC(=O)NC1=CC=C(O)C=C1,OC(=O)C=CC(O)=O,failed,0,
COc1ccc([I]c2ccc(OCc3ccccc3)cc2)cc1,FC(F)(F)C(=O)[O],salt,1,GEQNAV
O=N(=O)[O],C(CNc1[nH]cccn1)CNc1[nH]cccn1,salt,1,GUXROH
OC(=O)Cc1ccccc1,O=C([O])C[n]1ccccc1,cocrystal,2,UFETAA
O=N(=O)c1cc(c([O])c(c1)N(=O)=O)N(=O)=O,[NH3]NC1=N[NH]=CN1N,hydrate,3,ULAPAA
O=[Cl](=O)(=O)[O],CC[N](CC)=C1C=CC2=C(c3ccccc3C(O)=O)C3=C(OC2=C1)c1cc2CCCN(C)c2cc1OC3=O,hydrate,3,XIHRUD
OC(C(O)C(O)=O)C(O)=O,NC(=O)c1ccccn1,cocrystal,2,DOSDAU
O=C(OC1=CC=CC=C1)OC1=CC=CC=C1,COC(=O)OC,failed,0,
N1C=CN=C1,N1N=CC=N1,failed,0,
OS(=O)(=O)[O],[NH4],salt,1,FEJGIO
C[NH](C)CC1CCOC1(c1ccccc1)c1ccccc1,OC(C(=O)[O])c1ccccc1,salt,1,XIZBIV
CCN1CCN(CC1)c1cc2N(C=C(C(=O)[O])C(=O)c2cc1F)C1CC1,[NH3]CCc1ccc(O)cc1,hydrate,3,CATXOO
CC1=CC(=[NH]N1)NC(=O)Nc1cccc(c1)N(=O)=O,O=S(=O)([O])[O],hydrate,3,UJIGUQ
c1cc(ccn1)N=Nc1ccncc1,Cc1c(O)cccc1O,cocrystal,2,NUQHIS
NC(=O)CN1CCCC1=O,OC(=O)CCCC(O)=O,failed,0,
Nc1ncccn1,Oc1ccc(O)cc1,cocrystal,2,OFUHIG
NS(=O)(=O)c1cc2c(NC=NS2(=O)=O)cc1Cl,C[NH2]CC(=O)[O],cocrystal,2,DULBIY
Cc1[nH]cc(cc1)C(N)=O,OC(C(=O)[O])(c1ccccc1)c1ccccc1,salt,1,LEBTOF
[H]1OC(=O)c2cc3C(=O)O[H][O]C(=O)c3cc2C(=O)[O]1,[NH3]c1ccc(Br)cc1,salt,1,HOWROB
[NH3]C,COc1ccc2C(=O)C(=COc2c1)c1ccc(OC)c(c1)S(=O)(=O)[O],hydrate,3,JEJQIZ
N#C[C](C#N)c1ccccc1,N[P](c1ccccc1)(c1ccccc1)c1ccccc1,salt,1,YUZVIY
FC(F)(F)C(=O)[O],OC(=O)CCCN1Cc2ccc(NC(=O)c3ccc(cc3)C3CC[NH2]CC3)cc2C1=O,hydrate,3,IFUROS
[NH3]C(C)CC1=CNc2c(Br)cc(OC)cc12,Cc1ccc(cc1)C(=O)OC(C(OC(=O)c1ccc(C)cc1)C(=O)[O])C(O)=O,hydrate,3,UBAMES
Fc1c(F)c(F)c2c(F)c(F)c(F)c(F)c2c1F,c1ccc2c(c1)c1ccccc21,cocrystal,2,ASAKOU
OCC(O)C1OC(=O)C(=C1O)O,OC(=O)C1=CC(=CC=C1)O,failed,0,
COC1=CC=CC(=C1)C(N)=O,NC(=O)C1=CC=CC=C1,failed,0,
FC(F)(F)S(=O)(=O)OC=C[I]c1ccccc1,FC(F)(F)S(=O)(=O)[O],salt,1,HOYJOX
II,CN1CCCCCC1=S,cocrystal,2,TCAPLI
Cc1ccc(C)cc1,c1ccc2cc3c(cc2c1)c1cc2ccccc2cc1c1cc2ccccc2cc1c1cc2ccccc2cc31,cocrystal,2,FUMRAG
OC(CC(O)=O)C(O)=O,OC(=O)C1=CC=CC=C1O,failed,0,
Fc1ccc(cc1)C(=O)[O],[NH2]1CCN(CC1)c1ccccc1,hydrate,3,TEKTIQ
Nc1[nH]cccc1,OC(=O)c1ccccc1C(=O)[O],salt,1,KOXDAF
OC1C(CN2C(Sc3ccccc3C2=O)C(OC(=O)c2ccccc2)C1OC(=O)c1ccccc1)OC(=O)c1ccccc1,Cc1ccccc1,cocrystal,2,QAFLOB
O=N(=O)C1=N[N]C(=C1C1=CNN=C1)N(=O)=O,[NH3]N,salt,1,FUFBOA
C1=CC=C2C=CC=CC2=C1,ClC1=CC(=CC=C1)Cl,failed,0,
Cc1ccc(cc1)S(=O)(=O)[O],CC(O)=[NH]c1ccc(O)cc1,hydrate,3,PUCLEH
Nc1ccc(cc1)C(=O)[O],O=N(=O)c1ccc(cc1)N1CC[NH2]CC1,hydrate,3,FIFCUW
C1=CC=C2C=CC=CC2=C1,OC1=CC2=CC=CC=C2C=C1,failed,0,
c1ncc(C=Cc2cncnc2)cn1,CC1c2cc(C(C)c3cc(C(C)c4cc(C(C)c5cc1c(O)cc5O)c(O)cc4O)c(O)cc3O)c(O)cc2O,solvate,3,MIDQEW
O=S(=O)([O])c1cccc2ccccc12,c1ccc(cc1)[P](c1ccccc1)(c1ccccc1)c1ccccc1,hydrate,3,DIHZED
OC(=O)c1cccc(n1)C(O)=O,Cc1cc(C)nc(NS(=O)(=O)c2ccc(N)cc2)n1,solvate,3,ROMZUR
NC(N)=S,CC(=O)N1C=C(C)N(C=C1C)C(C)=O,cocrystal,2,HEMFAJ
CC(=O)Nc1cccc(O)c1,CC(=O)Nc1ccc(O)cc1,cocrystal,2,ARAFOR
OC1=C(C=C(C=C1[N+](=O)[O-])[N+](=O)[O-])[N+](=O)[O-],CC1=C(C=C(C=C1[N+](=O)[O-])[N+](=O)[O-])[N+](=O)[O-],failed,0,
O=C([O])C=CC(=O)[O],[NH3]CC[NH3],salt,1,XOLZAB
C1=CC=C2C(=C1)C=CC1=CC=CC=C21,C1=CC2=C3C(=C1)C=CC1=CC=CC(=C31)C=C2,failed,0,
c1cc2ccc3cccc4ccc(c1)c2c34,O=C1Oc2ccccc2c2ccccc12,cocrystal,2,EHUFIZ
O=S(=O)([O])c1ccc2ccccc2c1,CN1c2ccccc2C(C)(C)C1=CC=Cc1cc[n](C)cc1,hydrate,3,RAFNAP
OC1=CC=CC2=CC=CC=C12,NC1=CC=CC=C1[N+](=O)[O-],failed,0,
[NH3]C(C)c1ccccc1,CC(C(=O)[O])c1cccc(c1)C(=O)c1ccccc1,hydrate,3,BAQDOQ
[NH3]c1cc(C)c([NH3])cc1C,Oc1ccc(cc1)S(=O)(=O)[O],salt,1,TEYVUR
[NH3]C1CCCCC1[NH3],OC(C(O)C(=O)[O])C(=O)[O],salt,1,ZAVXUP
O=C1NC(=O)[C](C(=O)N1)C1=CC=C(C2=NON=C12)N(=O)=O,Nc1[nH]cccc1,hydrate,3,RUXGIC
OC(CC(O)=O)C(O)=O,OC(=O)C1=CC=CC=C1F,failed,0,
O=[Cl](=O)(=O)[O],[NH3]c1ccccc1[NH3],hydrate,3,PIXMEP
O=[N+]([O-])C1=CC(=CC=C1)[N+](=O)[O-],CC1=CC=C(N)C=C1,failed,0,
c1ccccc1,COc1ccc(C=C(CO)c2ccc(OC)c(OC)c2)cc1OC,cocrystal,2,ZEMQUD
Oc1cc(O)c(Cl)cc1Cl,c1cc(ccn1)C=Cc1ccncc1,cocrystal,2,WOPPOH
NCCCCCCN,C1=CC=C2C=CC=CC2=C1,failed,0,
O=C([O])C[NH](CC[NH](CC(=O)[O])CC(=O)[O])CC(=O)[O],[NH3]C(CO)(CO)CO,hydrate,3,YIRYIL
O=C([O])c1ccccc1,[NH3]C1CCCC1,salt,1,OPUVIF
OC(=O)CC1=CC=CC=C1,C1=CC=C2C=CC=CC2=C1,failed,0,
Fc1c(F)c(F)c(I)c(I)c1F,c1ccc(nc1)c1ccccn1,cocrystal,2,XEDWEM
O=[Cl](=O)(=O)[O],O=C1N(Cc2[nH]cccc2)C(=O)c2cccc3cccc1c23,salt,1,WEZCUA
Nc1[nH]nc(c(N)n1)c1cccc(Cl)c1Cl,Oc1ccc(cc1)C(=O)[O],salt,1,LIBYAY
Cl,CN(C)C1=NS(=O)(=O)N2N=C(C(=C2N1)CC1=C2NC(=NS(=O)(=O)N2N=C1c1ccccc1)N(C)C)c1ccccc1,cocrystal,2,LOWVIE
OC(=O)c1cc(Cl)c(Cl)cc1C(=O)[O],Nc1cccc2ccc[nH]c12,salt,1,KIXCOK
[NH3]C(C)c1ccccc1,O=C([O])C1CSCCC21OCCO2,salt,1,SAFCIM
OC(=O)c1cc2ccccc2c(Cc2c(O)c(cc3ccccc23)C(=O)[O])c1O,[nH]1cccc2ccc3cccnc3c12,solvate,3,QEXJEJ
Fc1c(I)c(F)c(I)c(F)c1I,S=C1Nc2ccccc2S1,cocrystal,2,DEYVIQ
N#Cc1cc(C#N)c(cc1C#N)C#N,c1ccc2c(c1)N(c1ccc(cc1)c1ccc(cc1)N1c3ccccc3c3ccccc13)c1ccccc21,cocrystal,2,AGOPEU
c1cc(ccn1)N=Nc1ccncc1,Oc1cc(O)c2C(=O)C(=C(Oc2c1)c1ccc(O)c(O)c1)O,solvate,3,ZEPPET
O=C1NC(=O)c2ccccc12,Nc1ccc(N=Nc2ccccc2)c(N)n1,cocrystal,2,KEBJIM
OC(=O)CCCCCCCC(O)=O,c1cc(ccn1)c1ccncc1,cocrystal,2,RUYXAM
O=C([O])c1ccc(cc1)N(=O)=O,C(CCN1C=[NH]C=C1)CN1C=[NH]C=C1,salt,1,YUNCIV
Nc1c[nH]ccc1,Oc1ccc(cc1F)C(=O)[O],salt,1,MOYRIC
c1ccc2c(c1)cnc1nc3ncc4ccccc4c3cc21,CCCCNC(=S)NC1=Nc2ccccc2N1,cocrystal,2,NOJFIE
N1c2ccc3ccccc3c2c2c1ccc1ccccc21,N#Cc1nc2c3ccccc3C(=C(C#N)C#N)c2nc1C#N,cocrystal,2,LOKROW
Cc1ccc(cc1)S(=O)(=O)[O],NN1N=C(C(=NC1=[NH2])N)N(=O)=O,salt,1,BEPFUB
CC1=CC(=CC=C1)C(O)=O,NC(CCC(O)=O)C(O)=O,failed,0,
C1=CC=C2C(=C1)C=CC1=CC=CC=C21,C1=CC=C(C=C1)C(C1=CC=CC=C1)C1=CC=CC=C1,failed,0,
COc1nc(OC)c(nc1N(=O)=O)N(=O)=O,O=N(=O)N1C2C3N(C1C1N(C(C(N3N(=O)=O)N1N(=O)=O)N2N(=O)=O)N(=O)=O)N(=O)=O,cocrystal,2,BIZYUH
OC(=O)c1ccccc1Nc1cccc(c1)C(F)(F)F,c1cc(ccn1)c1ccncc1,cocrystal,2,ZIQFEM
Cc1ccc(cc1)S(=O)(=O)[O],[NH3]CC1CCC2COc3c(Br)cc(OC)c1c23,salt,1,AZUSET
[NH2]1CCN(CC[NH2]Cc2cccc(C1)n2)CC[NH2]Cc1cccc2ccccc12,OP(O)(=O)[O],hydrate,3,HIJVEC
N#CC1=C(C#N)[C](C#N)C(=C1C#N)C#N,COc1ccc2SC(=CC(=CC3=C(OC)C(=CC4=CC(=[S]c5ccc(OC)cc45)C(C)(C)C)C3=O)c2c1)C(C)(C)C,solvate,3,NEWQAL
Cc1cc(C)nc(NS(=O)(=O)c2ccc(N)cc2)n1,OC(=O)C1=Cc2ccccc2N1,cocrystal,2,XEXCAE
OC(=O)CC(=O)[O],[NH3]CC[NH3],hydrate,3,WOBXIU
Fc1c(F)c(Br)c(F)c(F)c1Br,c1ccc2nccnc2c1,cocrystal,2,OZEDIJ
NNC(=O)C1=CC=NC=C1,NC(=O)CCC(N)=O,failed,0,
NC(N)=[NH2],O=N(=O)[N]N(=O)=O,salt,1,HOHTAZ
C1CC2=CC=CC3=C2C1=CC=C3,CC1=CC(=C(C=C1)[N+](=O)[O-])[N+](=O)[O-],failed,0,
Nc1ccc(cn1)N(=O)=O,Nc1ccc(cc1)S(=O)(=O)N=C1NC=CC=C1,cocrystal,2,TAPFAV
NC(=O)C1=CC=NC=C1,NC(=O)CCC(N)=O,failed,0,
OC(=O)CCCCCCCCC(O)=O,NC1=NC=C(Br)N=C1Br,failed,0,
O=C([O])C(OC(=O)c1ccccc1)C(OC(=O)c1ccccc1)C(=O)[O],O=[P](c1ccccc1)(c1ccccc1)c1ccc2OCCOc2c1c1c2OCCOc2ccc1[P](=O)(c1ccccc1)c1ccccc1,salt,1,MUZBIS
NC(N)=O,CCCCNc1cc(cc(c1Oc1ccccc1)S(N)(=O)=O)C(O)=O,cocrystal,2,PUBNEI
[NH2]1CCC(CC1)CCCC1CC[NH2]CC1,O=S(=O)([O])[O],hydrate,3,HOFLEU
C[NH2]C(C)C(O)c1ccccc1,CC1(C)COP(=O)([O])OC1c1c(Cl)cccc1Cl,hydrate,3,KOSYOG
CC1=NC=C(CO)C(=C1O)CO,NNC(=O)C1=CC=NC=C1,failed,0,
COc1cc(Cc2cnc(N)nc2N)cc(OC)c1OC,Oc1ccccc1O,cocrystal,2,TIBXOV
CC1=C(C=C(C=C1[N+](=O)[O-])[N+](=O)[O-])[N+](=O)[O-],COC1=C(C=C(C=C1[N+](=O)[O-])[N+](=O)[O-])[N+](=O)[O-],failed,0,
[nH]1ccccc1,O=C([O])c1ccc(cc1N(=O)=O)N(=O)=O,salt,1,XESPEQ
CCC(N1CCCC1=O)C(N)=O,OC(C(O)C(O)=O)C(O)=O,cocrystal,2,YASGEG
OS(=O)(=O)[O],N1C=[NH]C=C1,salt,1,MESGAW
NC(=O)C1=CC=C(C=C1)[N+](=O)[O-],OC1=CC=C(O)C=C1,failed,0,
[NH3]C(C)Cc1ccccc1,O=S(=O)([O])[O],salt,1,AMPETS
Cc1cccc(C)n1[O],Oc1c(Cl)c(Cl)c(Cl)c(Cl)c1Cl,cocrystal,2,LEQXAG
OC(=O)C1=CC(=NN1)C(O)=O,CN1C=NC2=C1C(=O)N(C)C(=O)N2C,cocrystal,2,DOZGUX
CN1N(C(=O)C(=C1C)NC=C1C=C(C=C(C1=O)N(=O)=O)N(=O)=O)c1ccccc1,CN1N(c2ccccc2)C(=O)C(=C1C)N=Cc1cc(cc(c1O)N(=O)=O)N(=O)=O,solvate,3,VAHBOW
NC(=O)C1=CC=CC=C1[N+](=O)[O-],NC(N)=O,failed,0,
C(N1C=C[N](=C1)CP(c1ccccc1)c1ccccc1)P(c1ccccc1)c1ccccc1,Cc1ccc(cc1)S(=O)(=O)[O],salt,1,IKOFAS
BrN1C(=O)c2ccccc2C1=O,Cc1ccccn1,cocrystal,2,VELVOA
C1=CC=C2C(=C1)C=CC1=CC=CC=C21,OC1=CC=C(C=C1)[N+](=O)[O-],failed,0,
c1ccc(cc1)[P](c1ccccc1)(c1ccccc1)c1ccccc1,O=N(=O)[O],solvate,3,BOKTUR
CCCC1CCC(CC)(CC(=O)[O])C2=C1c1cccc(CC)c1N2,[NH3]C(C)c1ccccc1,salt,1,SABJOU
NC(=O)C1=CN=CC=C1,CC1=NC=CN1,failed,0,
Br[Br]Br,COc1cc2CC[N]3=C(c4ccccc4C3=O)c2c(OC)c1,salt,1,EQIVEH
O=C([O])c1cc(cc(c1[O])N(=O)=O)N(=O)=O,[NH3]CC[NH3],hydrate,3,EGUVAD
FC(F)(F)S(=O)(=O)[O],[nH]1ccccc1c1cccc(n1)c1ccccn1,salt,1,TICQEB
NC1=NN2C=N[NH]=C2C2=C1NC(=[NH2])N2,O=[Cl](=O)(=O)[O],salt,1,HOMVEO
OC1(CCC(O)(CC1)C#CI)C#CI,c1cc(ccn1)C=Cc1ccncc1,cocrystal,2,TEXTOI
OC1(C#Cc2ccc(cc2)C#CC2(O)c3ccccc3c3ccccc23)c2ccccc2c2ccccc12,Cc1ccncc1C,cocrystal,2,LUPRAR
Oc1ccc(cc1)c1nc(nc(n1)c1ccc(O)cc1)c1ccc(O)cc1,C1CN2CCN1CC2,solvate,3,MABWAR
[NH3]c1ccc(cc1)c1cccc2cc3c(cccc3c3ccc([NH3])cc3)cc12,O=S(=O)([O])c1ccccc1,solvate,3,KIQHOJ
[NH3]C(c1ccccc1)(c1ccccc1)c1ccccc1,Oc1ccc(cc1S(=O)(=O)[O])c1ccc(O)c(c1)S(=O)(=O)[O],solvate,3,KOVLIS
Fc1c(F)c(F)c(I)c(I)c1F,O=C(NCc1ccccn1)NCc1ccccn1,cocrystal,2,CEQVOM
Cc1ccc(cc1)S(=O)(=O)[O],Cc1ccc(cc1)S(=O)(=O)OCC1CCC[NH]2CCCCC12,salt,1,CAGVIP
OC(=O)c1cc(cc(c1)C(=O)[O])C(O)=O,N1[NH]=C(C=C1c1ccccc1)c1ccccc1,solvate,3,LUBHUN
OC(=O)CCCCCCCCC(O)=O,CCCCCCCCCCCCCCCCCC(O)=O,failed,0,
CCN1C=C(C(O)=O)C(=O)c2cc(F)c(cc12)N1CC[NH](C)CC1,O=C1NC(=S)NC(=C1)[O],hydrate,3,NEBFIM
CC1(C)C(=CC2=C([O])C(=CC3=[N](CCCS(=O)(=O)[O])c4ccccc4C3(C)C)C2=O)N(CCCS(=O)(=O)[O])c2ccccc12,[nH]1c2ccccc2cc2ccccc12,hydrate,3,VEDYIO
OC(CC(O)=O)C(O)=O,NC(=O)N1C2=CC=CC=C2C=CC2=CC=CC=C12,failed,0,
[N]=[N]=NC1=NN=N[N]1,NC(N)=[NH2],hydrate,3,DOXKOR
OC(=O)C=CC(=O)[O],COc1cc2CC(CC3CC[NH](CC3)Cc3ccccc3)C(=O)c2cc1OC,hydrate,3,IGIXAA01
O=[I](=O)(=O)[O],CCO[N]1(C)CCOCC1,salt,1,IHEHAG
c1ccc2cc(ccc2c1)c1ccc2C#Cc3cc(ccc3C#Cc3cc(ccc3C#Cc2c1)c1ccc2ccccc2c1)c1ccc2ccccc2c1,Clc1cccc2cc3c(Cl)cccc3cc12,cocrystal,2,NAPDEP
[NH3]C(CCCNC(N)=[NH2])C(=O)NC(C(C)C)C(=O)[O],CC(=O)[O],salt,1,SEGYOS
C[N](C)(C)CC(O)=O,OS(=O)(=O)[O],hydrate,3,TUHFUX
CC1=C([N+](=O)[O-])C(=C(C=C1[N+](=O)[O-])[N+](=O)[O-])C,O=[N+]([O-])C1=CC(=CC=C1)[N+](=O)[O-],failed,0,
OC(=O)c1cccc(C(O)=O)c1c1c(cccc1C(=O)[O])C(O)=O,[nH]1cccc2ccc3cccnc3c12,solvate,3,HISQEH
O=S(=O)([O])c1cccc2c1cccc2S(=O)(=O)[O],[NH3]C(CO)(CO)CO,salt,1,PIPMOT
O=N(=O)[N]C1=NC(=NO1)N=NC1=NOC(=N1)[N]N(=O)=O,[NH3]O,hydrate,3,EHEFUU
N1=NC(=N[N]1)c1nnc(nn1)C1=N[N]N=N1,[NH4],salt,1,NERPOR
CC[NH](CC)CC,FP1(=S)SP(=S)([S])c2cccc3cccc1c23,salt,1,QUSYEI
I[I]I,C1[n]2ccc(cc2)c2cc[n](Cc3ccc(C[n]4ccc(cc4)c4cc[n](Cc5ccc1cc5)cc4)cc3)cc2,solvate,3,BOCTIA
[nH]1cccc2ccc3cccnc3c12,O=C1N([I]N2C(=O)c3ccccc3S2(=O)=O)S(=O)(=O)c2ccccc12,solvate,3,NEVJEH
CC1=CC(=CC=C1)C(O)=O,OC(=O)CC(=CC(O)=O)C(O)=O,failed,0,
CN1C=NC2=C1C(=O)N(C)C(=O)N2C,COC1=CC=C(C=C1)C(O)=O,failed,0,
BrC#CC(c1ccccc1)(c1ccccc1)c1ccccc1,C1CN2CCN1CC2,cocrystal,2,NAXMEH
CC(C)(C)NC(=O)C1[NH2]CC[NH2]C1,Cc1ccc(cc1)S(=O)(=O)NC(Cc1ccccc1)C(=O)[O],salt,1,UCOVAK
CC1=CN2C(=NC(=C2N=Cc2ccccc2)c2ccccc2)C=C1,OC(C#N)c1ccccc1,cocrystal,2,RUMFOV
C[NH](C)c1cccc2cccc(N(C)C)c12,OC(=O)C(=O)[O],hydrate,3,GUJMAC
OC(=O)CC(O)(CC(=O)[O])C(O)=O,CC1=C(N)C(=[NH]N1)C,hydrate,3,QEJNOM
N#CC(C#N)=C1C=CC(C=C1)=[C](C#N)C#N,C[n]1ccccc1c1nc(c2cccc[n]2C)c(nc1c1ccccn1)c1ccccn1,salt,1,VEPTOA
NS(=O)(=O)c1cc2c(NCNS2(=O)=O)cc1Cl,NC(=O)c1ccncc1,hydrate,3,MUPPIX
S1N=C2C(=CC=C(C=Cc3ccncc3)C2=N1)C=Cc1ccncc1,OC(=O)c1ccc(cc1)C(O)=O,cocrystal,2,TORTAY
CN1[N]C(=NN(C)C1=O)c1ccccn1,Oc1ccc(O)cc1,cocrystal,2,UBUBIC
C[n]1ccc(cc1)C=Cc1cc2CCCN3CCCc(c1)c23,F[P](F)(F)(F)(F)F,salt,1,CUBPAR
OC(=O)C=Cc1cc(cc(c1)N(=O)=O)N(=O)=O,CN(C)c1ccc(C=CC(O)=O)cc1,cocrystal,2,PICFAI
CC1=CC2=CC=CC=C2N1,CC12CCC(CC1)C(C)(C)O2,failed,0,
CC1=CC(=CC(=O)O1)OCc1ccc(C)cc1,O=C1NC(=O)C=C1,cocrystal,2,QUBQEJ
CCOc1ccc(cc1)C=Cc1cc[n](C)cc1,O=S(=O)([O])c1ccccc1,hydrate,3,TAYQAN
[NH3]Cc1ccccc1Br,O=C([O])c1ccc2ccccc2c1,salt,1,XITROJ
C[NH]1CC[NH](C)CC1,OC(=O)c1cc(O)cc(c1)C(=O)[O],hydrate,3,ZEGBUK
CSC1=C(C)[S]C(S1)=C(c1ccccc1)C(=C1[S]C(=C(SC)S1)C)c1ccccc1,I[I]I,salt,1,NOGDES
OC(=O)C1=CC=CC=C1,CC(C(C)C(O)=O)C(O)=O,failed,0,
CCCC[N](CCCC)(CCCC)CCCC,Brc1ccccc1COS(=O)(=O)[O],salt,1,FOYTEV
C=C#N,CC(CCCCC(O)=O)C1CCC2C3C(O)CC4CC(O)CCC4(C)C3CC(O)C12C,cocrystal,2,QOVZIK
Clc1ccc(OCC(=O)[O])cc1,[NH3]Cc1ccccc1,hydrate,3,UGULUF
C1CC2=CC=CC3=C2C1=CC=C3,C1=CC=C2C(=C1)C1=CC=CC3=C1C2=CC=C3,failed,0,
O=C([O])c1ccc(cc1)C(=O)[O],CC1=CNC=[NH]1,salt,1,LOCKAQ
NC(=O)C1=CC=CC=C1[N+](=O)[O-],CN1C=NC2=C1C(=O)N(C)C(=O)N2C,failed,0,
[NH3]C(C)c1ccccc1,O=C([O])C12C3CC(C=C3)C1CCc1ccccc21,salt,1,XEMSOB
c1cc(ccn1)c1ccncc1,OC(=O)CCc1ccccc1O,hydrate,3,LORKUA
c1ccc2nc3ccccc3nc2c1,Oc1cc(O)c2C(=O)C(=C(Oc2c1)c1ccc(O)c(O)c1)O,solvate,3,YUFGEN
[NH2](Cc1ccccc1)Cc1ccccc1,Cc1ccc(cc1)C(=O)[O],salt,1,PEQJIF
ON=Cc1cc[nH]cc1,O=N(=O)[O],salt,1,GAPFOV
Fc1c(F)c(F)c2c(F)c(F)c(F)c(F)c2c1F,c1ccc(cc1)C#Cc1ccccc1,cocrystal,2,OCAYIA
Nc1[nH]nc(c(N)n1)c1cccc(Cl)c1Cl,OC(C(O)C(=O)[O])C(=O)[O],salt,1,IWIZAQ
CC1=C[NH]=CN1,OC(C(O)C(=O)[O])C(O)=O,salt,1,XOJSUM
CC1=C(C=C(C=C1[N+](=O)[O-])[N+](=O)[O-])[N+](=O)[O-],OC1=C(C=C(C=C1)[N+](=O)[O-])[N+](=O)[O-],failed,0,
C1COCCOCCOCCO1,NC(=S)NNC(N)=S,cocrystal,2,AJUYIN
OP(=O)([O])P(O)(=O)[O],[NH3]c1c[nH]ccc1,salt,1,TIQNOA
OC(=O)C1=CC=C(C=C1)[N+](=O)[O-],OC(CC(O)=O)C(O)=O,failed,0,
FC(F)(F)C(=O)[O],[I](c1ccccc1)C1=CNC=N1,salt,1,ISEBOZ
FC(F)(I)C(F)(F)C(F)(F)C(F)(F)C(F)(F)C(F)(F)C(F)(F)C(F)(F)I,c1cc(ccn1)c1ccncc1,cocrystal,2,LOQBAU
c1ccncc1,OC(=O)c1cc(C(=O)c2ccccc2)c(cc1C(=O)c1ccccc1)C(O)=O,cocrystal,2,WEPBID
Fc1c(F)c(F)c2c(F)c(F)c(F)c(F)c2c1F,COc1ccc2cc(OC)ccc2c1,cocrystal,2,ZUFWUU
[NH3]Cc1ccccc1F,OC(=O)c1ccc2ccccc2c1,salt,1,GEXTOU
[NH3]C(C)c1ccccc1,OC(C(=O)[O])c1ccc2ccccc2c1,salt,1,LUMRAM
CN1C(=C(O)C2=CC=CC=C2S1(=O)=O)C(=O)NC1=CC=CC=N1,OC(=O)CC(O)(CC(O)=O)C(O)=O,failed,0,
CC1=NC=C(CO)C(=C1O)CO,COC1=CC=C(C=C1)C(O)=O,failed,0,
Cc1ccc(cc1)S(=O)(=O)[O],[NH3]c1ccc(cc1)C(O)=O,salt,1,WISMET
OC1=C([O])C(=O)C1=O,CC[n]1cccc(O)c1,salt,1,SAQKON
C[n]1nnn(C)c1N,O=N(=O)[c]1nnnn1,salt,1,SIGNOM
NC(=O)C1=CC(=CC=C1)F,NC(N)=O,failed,0,
BrC1=C(c2ccccc2)C2(c3ccccc3)c3ccccc3C(=C2C1=O)c1ccccc1,ClC=CCl,cocrystal,2,NAYKED
Ic1c(c(I)c(c(I)c1N(=O)=O)N(=O)=O)N(=O)=O,O=N(=O)c1cc(cc(c1)N(=O)=O)N(=O)=O,cocrystal,2,ORIMOT
Oc1cc2ccccc2cc1C(=O)[O],CC(C)[NH2]C(C)C,salt,1,JAVDES
[NH3]C(CC1=C[NH]=CN1)C(=O)[O],Oc1cc(cc(O)c1O)C(=O)[O],hydrate,3,WOBQEM
CC(=O)OCC(CCN1C=Nc2c[nH]c(N)nc12)COC(C)=O,O=C([O])C=CC(=O)[O],salt,1,BINHUF
OC(=O)C1C(C2c3ccccc3C1c1ccccc21)C(O)=O,COc1ccccc1Br,cocrystal,2,ZIBWAM
Cc1cccc(C)c1[NH]=C1NCCCS1,OP(O)(=O)[O],salt,1,MPHAZP
O=N(=O)C1=N[N]C(=C1)N(=O)=O,[NH3]N,salt,1,GIMPAW
C1COCCOCCNCCOCCOCCN1,NC(N)=S,cocrystal,2,BITYUY
Cc1c[nH]c(N)cc1,O=P([O])(c1ccccc1)c1ccccc1,salt,1,PIJSOU
COc1cc(Cc2cnc(N)nc2N)cc(OC)c1OC,O=C1CC(=O)NC(=O)N1,hydrate,3,GIGQIX
OC(=O)C1=CC=CC=C1O,OC(CC(O)=O)C(O)=O,failed,0,
CC(C)C1C(C)C(C)(O)C(=O)OCC2=CCN3CCC(OC1=O)C23,c1ccccc1,cocrystal,2,PYRINK
C1=CC=C(C=C1)C1=CC=CC=C1,OC1=CC=CC(=C1)[N+](=O)[O-],failed,0,
FC([O])=NS(F)(F)C(F)(F)F,CN(C)[S](N(C)C)N(C)C,salt,1,QAKWAA
Fc1c(I)c(F)c(I)c(F)c1I,c1cncc(c1)c1cc(c2cccnc2)c(cc1c1cccnc1)c1cccnc1,cocrystal,2,TEPKIK
OC(=O)C1=CC=C(C=C1)[N+](=O)[O-],OC(=O)C=CC(O)=O,failed,0,
Cc1cnc(C)cn1,NC(N)=O,cocrystal,2,GIFFEJ
OC(=O)CC(O)(CC(=O)[O])C(=O)[O],NC(Nc1ccc(Cl)cc1)=NC(=[NH2])NCCCCCCNC(=[NH2])N=C(N)Nc1ccc(Cl)cc1,hydrate,3,SIMXEV
CC[N]([O])=CC,Oc1ccc2ccccc2c1c1c(O)ccc2ccccc12,cocrystal,2,YAVQET
OC(=O)C1=CC=CC=C1,OC(=O)CCC(O)=O,failed,0,
CC(C)C1=C(C)N(C)N(C2=CC=CC=C2)C1=O,CCC(C(O)=O)C(O)=O,failed,0,
Cc1ccc(C)cc1,OC(=O)C(Cc1ccccc1)NC(=O)c1ccc(cc1)C(=O)NC(Cc1ccccc1)C(O)=O,hydrate,3,FILQOJ
OC(=O)C1=CC=CC=C1,OC(=O)C1=CC=CC=C1Cl,failed,0,
Cc1cccnc1N,N#Cc1ccccc1C#N,cocrystal,2,MULYOI
OCC[NH]=Cc1ccccc1OCCOc1ccccc1C=[NH]CCO,O=[Cl](=O)(=O)[O],salt,1,POFCOF
N#CC(C#N)=C(C#N)C#N,S1C=CSC1=C1SC=CS1,cocrystal,2,RIFQAY
CC1(O)c2ccccc2c2ccccc12,CC1(CC2(O)c3ccccc3c3ccccc23)c2ccccc2c2ccccc12,cocrystal,2,YORGET
O=[Cl](=O)(=O)[O],NC1=[NH]N=C(N)N1,salt,1,ELENUF
Cc1ccc(cc1)S(=O)(=O)[O],[NH3]CC(=[O])NC(Cc1ccccc1)C(=O)[O],salt,1,GPALTS
CC1=CC2=C(C=C1)C=C(C)C=C2,C1CC2=CC=CC3=C2C1=CC=C3,failed,0,
CCC1=C2NC(=C1C)C=CC1=[NH]C(=CC3=C(CC)C(=C(N3)C3=[NH]C(=C2)C(=C3C)CC)C)C(=C1C)CC,O=[Cl](=O)(=O)[O],salt,1,YESXOJ
OC(=O)C1=CC(=CC=C1)[N+](=O)[O-],OC(=O)C1=CC(=CC=C1)O,failed,0,
Clc1cc(ccc1C(=O)[O])N(=O)=O,[NH3]C(C)C1CCCCC1,salt,1,KIDGIQ
Fc1ccc(cc1)C(=O)Nc1cccc(c1)C#C,Fc1c(F)c(F)c(F)c(F)c1F,cocrystal,2,GEKGIP
OC1C(O)C(OC1COP(O)(=O)[O])N1C=NC2=C1[N]C=[NH]C2=O,[NH3]C(CCC(O)=O)C(=O)[O],hydrate,3,QUSMIA
CCC(=O)c1c(OC(=O)c2ccccc2)cc(OC(=O)c2ccccc2)cc1OC(=O)c1ccccc1,c1ccccc1,cocrystal,2,BZOPPH
COC1=CC=CC(=C1)C(O)=O,OC(=O)CC(=CC(O)=O)C(O)=O,failed,0,
O=C([O])C(=O)[O],C[NH]1CC[NH2]CC1,hydrate,3,XOJVEZ
O=S(=O)([O])c1cccc2c1cccc2S(=O)(=O)[O],[NH3]C(CO)C(O)=O,hydrate,3,GUQBUR
OC(=O)CCCCC(O)=O,OC(=O)CCCC(O)=O,failed,0,
Oc1cccc2ccc[n](Cc3ccccc3C[n]3cccc4cccc(O)c34)c12,F[P](F)(F)(F)(F)F,solvate,3,IPIRIL
OC(=O)C1=CC=CC=C1,CC(C(C)C(O)=O)C(O)=O,failed,0,
OC1=CC=CC2=CC=CC=C12,OC1=CC2=CC=CC=C2C=C1,failed,0,
NC1=NNC(=C1)c1ccc(Br)cc1,NC1=CC(=NN1)c1ccc(Br)cc1,cocrystal,2,RUPSAW
CC(C(O)=O)C1=CC(=CC=C1)C(=O)C1=CC=CC=C1,NC(=O)C1=CN=CC=C1,failed,0,
Nc1c[nH]ccc1,Oc1c(I)cc(c2ccccc12)S(=O)(=O)[O],hydrate,3,BIZXIS
C[n]1ccc(cc1)c1cc2ccc3cccc4ccc(c1)c2c34,FC(F)(F)S(=O)(=O)[O],salt,1,OKAJOC
Cc1[nH]c(N)ccc1,Clc1cc(ccc1C(=O)[O])N(=O)=O,salt,1,QADVUQ
OC(=O)C(O)=O,COc1ccc2cccc(CCNC(C)=O)c2c1,cocrystal,2,FAFHEC
[NH3]C(CC1=C[NH]=CN1)C(O)=O,CS(=O)(=O)[O],salt,1,PEVDEC
N#CCCC#N,CC1(C)C2CCC1(C)C(=O)C2,failed,0,
CC(CC(O)=O)C(O)=O,CCC(N1CCCC1=O)C(N)=O,cocrystal,2,YAMQAH
C1=CC=C2C(=C1)C=CC1=CC=CC=C21,C1=CC=C2C(=C1)C1=CC=CC3=C1C2=CC=C3,failed,0,
Nc1[nH]c(N)nc(N)c1,OC(=O)c1cccc(c1C(=O)[O])N(=O)=O,hydrate,3,VEXZOQ
c1ccc(cc1)N=Nc1ccncc1,O=N(=O)NCCNN(=O)=O,cocrystal,2,PUTXEJ
O=C([O])C1[NH2]CCCC1,CC(Oc1ccccc1)C(O)=O,hydrate,3,WAHDUF
O=S(=O)(Nc1[nH]cccc1)c1ccccc1,O=[Cl](=O)(=O)[O],salt,1,YOVDUJ
OC(=O)C1=C(O)C=CC(=C1)O,CC12CCC3C(CCC4=C3C=CC(=C4)O)C1CCC2O,failed,0,
O=C1[N]S(=O)(=O)c2ccccc12,[NH2]=C1Nc2ccc(Br)cc2S1,hydrate,3,NAXTAJ
[NH3]CCCC(O)(P(O)(=O)[O])P(=O)([O])[O],[NH3]C1CCCCC1[NH3],hydrate,3,VEFCAN
NC1=CC=CC=C1C(O)=O,CC1=NC=C(CO)C(=C1O)CO,failed,0,
NC(=O)Nc1cccc(Br)c1,C1COCCOCCOCCOCCOCCO1,cocrystal,2,KIVKAB
OC(=O)CC1=CC=CC=C1,OC(=O)CCl,failed,0,
O=P(c1ccccc1)(c1ccccc1)c1ccccc1,O=C(Nc1ccccc1)Nc1ccc(cc1)C#N,cocrystal,2,QAYZUO
C[n]1c(cccc1C(C)(C)C)C(C)(C)C,O=[Cl](=O)(=O)[O],salt,1,BUMPRB
O=[P](=O)(n1ccccc1)n1ccccc1,FC(F)(F)S(=O)(=O)[O],solvate,3,IXUMOD
O=C([O])CCC(=O)[O],CN1CC(=O)NC1=[NH2],salt,1,HIWSIT
[NH3]C(Cc1ccccc1)C(=O)[O],[NH3]C(CC(C)C)C(=O)[O],cocrystal,2,POVYUV
OC(=O)C(O)(c1ccccc1)c1ccccc1,Clc1cc(Cl)cc(C=Cc2ccncc2)c1,cocrystal,2,TITWEC
CC1[NH2]CCNC(C)(C)CC(C)[NH2]CCNC(C)(C)C1,Oc1ccc(cc1)S(=O)(=O)c1ccc([O])cc1,solvate,3,CUTRUE
[NH3]C(C)C(=O)[O],OC(C(O)=O)c1ccccc1,hydrate,3,XUGMER
NC(N)=O,IC=CC=CI,cocrystal,2,YINZOM
COC1=CC=C(C=C1)C(O)=O,OC(CC(O)=O)C(O)=O,failed,0,
C1COCCOCCOCCOCCOCCO1,CS(=O)(=O)NS(=O)(=O)c1ccccc1,solvate,3,YINFUW
OC(=O)C1=CC(=CC=C1)O,OC(=O)C1=CC=CC=C1,failed,0,
O=[Cl](=O)(=O)[O],[NH2]1CCN(CC1)c1cc[nH]cc1,salt,1,JOWRAQ
FC(F)(F)C(=O)[O],NC1=NC(=[NH2])N(O)C(=O)N1O,hydrate,3,PARTAH
[NH4],OC(=O)c1cc(ccc1O)S(=O)(=O)[O],hydrate,3,RILREL
[NH3]c1ccc(OCC)cc1,O=S(=O)([O])[O],hydrate,3,PUFKIL
c1ccccc1,CC(C)c1cccc(C(C)C)c1N1CCCCN(C1=C=NC12CC3CC(CC(C3)C1)C2)c1c(cccc1C(C)C)C(C)C,cocrystal,2,XOFBAZ
c1cc(ccn1)c1ccncc1,OC(=O)C1CCCCC1C(O)=O,cocrystal,2,JAWVIN
NC1=CC=CC=C1N,NC1=CC=C(N)C=C1,failed,0,
CN1C=CC(=NC1=O)N,FC1=CNC(=O)NC1=O,cocrystal,2,FURMCY
OC(=O)C1=CC=CC=C1,O=C1NC(=O)C2=CC=CC=C12,failed,0,
NC(=O)C1=CN=CC=C1,CC1=CC(=CC=C1)C(N)=O,failed,0,
OC(=O)c1c(Cl)c(Cl)c(Cl)c(Cl)c1C(=O)[O],Cc1[nH]c(N)ccc1,salt,1,UVOKEW
[NH2]1CCC(CC1)Cc1ccccc1,OP(=O)([O])[O],hydrate,3,IYUNIZ
[S]1C=CSC1=CC1=CC=C(S1)C=C1SC=CS1,O=[Cl](=O)(=O)[O],salt,1,PUQDOU
CC(CCCC(O)=O)CC(O)=O,OC(=O)CCCCCCCC(O)=O,failed,0,
COC1=CC2=C(C=C1)N(C(=C2CC(O)=O)C)C(=O)C1=CC=C(Cl)C=C1,OC(=O)CCCCC(O)=O,failed,0,
Clc1c(Cl)c(Cl)c([O])c(Cl)c1Cl,O=C1C[NH]2CCC1CC2,hydrate,3,TAFWEC
Cc1cccc(NC(=O)Nc2cccc(c2)N(=O)=O)c1,O=P(c1ccccc1)(c1ccccc1)c1ccccc1,cocrystal,2,VUWRAI
Fc1c(F)c(I)c(F)c(F)c1I,NC(N)=S,solvate,3,ATAHOV
CC1(C)C2CCC1(C)C(=O)C2,OC1=CC=C(C=C1)[N+](=O)[O-],failed,0,
COc1ccccc1N1CC[NH](CC1)CC(O)COc1cccc2ccccc12,FC(F)(F)c1cccc(Nc2ncccc2C(=O)[O])c1,salt,1,DOGKUJ
O=C([O])c1[nH]cccc1,OC1=C(O)C(=O)C1=O,cocrystal,2,HETSEI
Cc1cc2N=CN(Cc3c(C)c(CN4C=Nc5cc(C)c(C)cc45)c(C)c(CN4C=Nc5cc(C)c(C)cc45)c3C)c2cc1C,Fc1c(F)c(I)c(F)c(F)c1I,cocrystal,2,TIPJOU
OCCS(=O)(=O)[O],NC1=NC(=C(N=[NH]1)c1cccc(Cl)c1Cl)N,salt,1,QEJHUI
C[NH](C)CCCC1(O)c2ccccc2CCc2ccccc12,COc1ccc(cc1)C(=O)[O],hydrate,3,BIHFIL
Oc1c(Br)cc2c(Oc3c(Br)c(O)c(Br)cc3C32OC(=O)c2ccccc32)c1Br,CN1C=NC2=C1C(=O)N(C)C(=O)N2C,hydrate,3,AGIKUY
OC(=O)C1=CC(=CC=C1)F,OC(CC(O)=O)C(O)=O,failed,0,
ClC1=C(Cl)C(=C([N+](=O)[O-])C(=C1Cl)Cl)Cl,N#CCCC#N,failed,0,
FC(F)(F)S(=O)(=O)[O],CC(C)(C)OC(=O)C1[NH2]C(CC1)C=C,salt,1,UDAPUM
OC(=O)C1=CC=CC=C1O,OC(=O)C=CC(O)=O,failed,0,
CCCC[N](CCCC)(CCCC)CCCC,OC(=O)c1ccccc1C(=O)[O],salt,1,WEWGIO
NC1=[NH]C2CCCCC2N1,O=N(=O)[O],salt,1,HACMOQ
C1=CC=C2C=CC=CC2=C1,CC1(C)C2CCC1(C)C(=O)C2,failed,0,
C=Cc1c2ccccc2cc2ccccc12,O=C1N(Cc2ccccc2)C(=O)C2=C1SC1=C(S2)C(=O)N(Cc2ccccc2)C1=O,cocrystal,2,EQEJIW
COC1=CC=C(C=C1)C(O)=O,NC(=O)C1=CC=NC=C1,failed,0,
[NH3]C(c1ccccc1)(c1ccccc1)c1ccccc1,CCCP(O)(=O)[O],salt,1,CIWHEW
COc1ccc2N(C(=C(CC(O)=O)c2c1)C)C(=O)c1ccc(Cl)cc1,CC1=CC(=O)NC=C1,cocrystal,2,JAMYOP
[NH3]CCCCCCCC[NH3],O=C([O])c1ccc(cc1)N=Nc1ccc(cc1)C(=O)[O],hydrate,3,NIBTOK
OC(=O)C(O)=O,OC(=O)C1=CC(=CC=C1)[N+](=O)[O-],failed,0,
N,Oc1ccc2ccccc2c1c1c(O)ccc2ccccc12,solvate,3,GEPVAY
CN(C)C(=O)c1cc(cc(c1)C(=O)N(C)C)C(=O)N(C)C,Oc1cc(O)cc(O)c1,hydrate,3,QEYHIP
O=N(=O)c1cc(c([O])c(c1)N(=O)=O)N(=O)=O,[nH]1ccccc1c1cccc(n1)c1[nH]cccc1,salt,1,QONYID
OC(=O)[O],CN1C=C[N](=C1C)C,hydrate,3,LUQFOT
Clc1ccc2N(C3CC[NH](CCCN4C(=O)Nc5ccccc45)CC3)C(=O)Nc2c1,OC(=O)CC(O)(CC(O)=O)C(=O)[O],hydrate,3,KEXLEI
Oc1ccc(I)cc1,c1ccc2nc3ccccc3cc2c1,cocrystal,2,CEPNAP
OC(=O)c1cc(O)cc(O)c1,Cc1nc(C)c(C)nc1C,hydrate,3,ATALEP
Fc1c(F)c(I)c(F)c(F)c1I,COc1cc(C=O)cc(OC)c1Br,cocrystal,2,QODMII
FC(F)(F)C(=O)[O],[NH3]C(C)(C)COC,salt,1,TUQHUJ
CC1=CC=CC=C1C(N)=O,NC(=O)C1=CN=CC=C1,failed,0,
NNC(=O)C(N)Cc1ccc(O)cc1,OP(O)(=O)OP(O)(O)=O,hydrate,3,VOKJOX
C(Nc1c[nH]ccc1)c1ccc(CNc2c[nH]ccc2)cc1,O=N(=O)[O],salt,1,EBUGEP
Oc1ccccc1C(=O)[O],Oc1cccc2ccc[nH]c12,salt,1,HURNEN
Nc1cc2ccccc2cc1N,CC1=CC(C(=CC1=C(C#N)C#N)C)=C(C#N)C#N,cocrystal,2,FODKUI
CN(C)c1ccc(C=O)cc1,Oc1ccc(cc1)N(=O)=O,cocrystal,2,WINDAB
NC1=Nc2ccccc2S1,CN1CCCN(C)C1=O,cocrystal,2,PASYEN
[NH3]c1ccc(O)cc1,O=S(=O)([O])CCS(=O)(=O)[O],salt,1,PUCKOQ
CC(C)C1=C(C)N(C)N(c2ccccc2)C1=O,Oc1ccc(O)cc1,cocrystal,2,YACQOL
[NH3]C(Cc1ccccc1)C(=O)[O],CCc1ccc(Cc2cccc(c2)C2OC(CO)C(O)C(O)C2O)cc1,hydrate,3,NAZGAY
OC(=O)c1cc(Cl)c(Cl)cc1C(=O)[O],NC(=O)C1CC[NH2]CC1,salt,1,UVOKUM
c1ccc(C=Cc2ccccn2)nc1,OC(=O)CC(C(O)=O)c1ccccc1,cocrystal,2,MOKQUZ
O=[Cl](=O)(=O)[O],CCN(CC)c1ccc2N=C3C(=CC(=[NH2])c4ccccc34)Oc2c1,salt,1,ONABIR
NN1C(=[NH]N=C1C1=CNN=C1N)N,O=N(=O)C1=NN=N[N]1,hydrate,3,LIBKOA
F[P](F)(F)(F)(F)F,CCC(I)C(C)(C)[n]1cccc(NC(C)=O)c1,salt,1,FORTIT
O=P([O])(c1ccccc1)c1ccccc1,Nc1cc[nH]cc1,hydrate,3,QEBLAO
c1ccc2c(c1)cccc2C=Cc1ccncc1,OC(=O)c1ccc(Br)cc1,cocrystal,2,DEWCER
Cc1cc(C)cc(NC(N)=NC(N)=[NH]c2cc(C)cc(C)c2)c1,O=C[O],salt,1,QUPSIE
Cc1cc(C)c(N2[C]N(C=C2)c2cccc(n2)N2[C]N(C=C2)c2c(C)cc(C)cc2C)c(C)c1,Cc1ccccc1,cocrystal,2,GARMIY
OC(=O)C1=CC=CC=C1O,OC(=O)C1=CC=CC=C1,failed,0,
Oc1ccc(cc1S(=O)(=O)[O])S(=O)(=O)[O],[OH3],salt,1,BOTHEY
N1C(=[NH]c2ccccc12)c1cccc(c1)C1=Nc2ccccc2N1,O=C([O])c1ccc(cc1)C(=O)[O],hydrate,3,GOJVUX
Cc1cc(cc(C)c1O)C(c1ccc(N)cc1)c1cc(C)c(O)c(C)c1,Cc1ccccc1,cocrystal,2,KEBVET
F[P](F)(F)(F)(F)F,CC1=C(C)[N]2=CN1Cc1ccc3c4ccc(C[N]5=CN(Cc6ccc7c8ccc(C2)cc8C(C)(C)c7c6)C(=C5C)C)cc4C(C)(C)c3c1,salt,1,JIPHAU
OC(=O)C1=NNC(=C1)C(=O)[O],[NH2]1CC[NH2]CC1,hydrate,3,AGEJAA
NC(=O)C1=CC(=CC=C1)O,OC(=O)C1=CC=CC=C1O,failed,0,
O=C1C=CC(=O)C=C1,Oc1ccccc1,cocrystal,2,PHENQU
N#CC(C#N)=C1C2=NSN=C2C(=C(C#N)C#N)C2=NSN=C12,Cc1ccc2cc(C)ccc2c1,cocrystal,2,KOZJUE
OP(=O)([O])C[NH](CCCCCC[NH](CP(O)(=O)[O])CP(O)(=O)[O])CP(O)(=O)[O],[NH3]CC[NH3],hydrate,3,SOPBIJ
OP(O)(=O)[O],C[NH2]C1CCC(c2ccc(Cl)c(Cl)c2)c2ccccc12,hydrate,3,WEQNEP
OC(=O)c1c(F)c(F)c(c(F)c1F)C(=O)[O],N1C=[NH]C=C1,salt,1,KURBUV
NC(N)=O,c1cc(ccn1)C=Cc1ccncc1,cocrystal,2,HAGHIJ
c1cnc2c(c1)ccc1cccnc21,OC(=O)CC(C(CC(O)=O)C(O)=O)C(O)=O,hydrate,3,EVIJOJ
OC(=O)C1=CC=CC=C1,CC1=CC=C(C=C1)C(O)=O,failed,0,
C1CSC2=[N](Cc3ccccc3)N=CN2C1,[S]C#N,salt,1,LUFRAI
[NH3]CC[NH3],OC(=O)c1cc(C(O)=O)c(cc1C(O)=O)C(=O)[O],hydrate,3,TECMIY
O=N(=O)[N]c1nc([N]N(=O)=O)c(nc1N(=O)=O)N(=O)=O,NN1C(=NN2C(=[NH]N=C12)N)N,hydrate,3,NOQPIW
OC(=O)CC(=O)[O],Nc1[nH]nc(c(N)n1)c1cccc(Cl)c1Cl,solvate,3,VECTUV
OC(=O)C1=CC=CC=C1O,CC1=CC2=C(C=C1C)N(CC(O)C(O)C(O)CO)C1=NC(=O)NC(=O)C1=N2,failed,0,
N#CC(C#N)=C(C#N)C#N,[O]N1=N([O])C2CCC1CC2,cocrystal,2,ZAGKUN
NC(N)=O,NC(=O)C1=CC=CC=C1O,failed,0,
[NH3]C(C(=O)NC(C(=O)[O])c1ccccc1)c1cccc2ccccc12,CCCOC,hydrate,3,GUYTID
OC(=O)c1cccc(C(O)=O)c1C(O)=O,c1cnccn1,hydrate,3,LIQSOW
C[NH2]C,NC(=O)[C](C#N)C#N,salt,1,HORFUQ
CCN1C=C(C(O)=O)C(=O)c2cc(F)c(cc12)N1CC[NH2]CC1,O=C([O])c1ccccc1,hydrate,3,ORUYEG
OC1=CC=C(C=C1)C1=CC=CC=C1,NC1=CC=CC=C1[N+](=O)[O-],failed,0,
CNC,Oc1cc2C(=O)Oc3c(O)c(O)cc4C(=O)Oc(c1O)c2c34,hydrate,3,KUFBIY
C[n]1c2ccccc2c(C(=O)Oc2c(Br)cccc2Br)c2ccccc12,FC(F)(F)S(=O)(=O)[O],salt,1,RAPSAD
COc1cc(C=O)ccc1O,NC(=O)c1cccnc1,cocrystal,2,OBUBOE
[H](OC1=C(O)C(=O)C1=O)[O]C1=C(O)C(=O)C1=O,C[NH2]C,salt,1,MASQAR
NN1N=NN=C1N,O=N(=O)N=C1NN=NN1CCN1N=NNC1=NN(=O)=O,cocrystal,2,POSREV
CCN1C=Nc2c(N)ncnc12,CC(C)C1(CC(Br)=C)C(=O)NC(=O)NC1=O,cocrystal,2,EADBAC
CCOC(=O)C([NH2]C(c1ccccc1)c1ccccc1)C(O)c1ccccc1,FC(F)(F)C(=O)[O],salt,1,LIHGAL
CC1=NC=C(CO)C(=C1O)CO,COC1=CC=CC=C1C(N)=O,failed,0,
I[I]I,CC(=O)CSC1=N[N](=NN1c1ccccc1)c1ccccc1,salt,1,HOHKAU
O=C([O])c1cc(cc(c1)N(=O)=O)C(=O)[O],[NH2]1CC[NH2]CCC1,hydrate,3,BAFNAB
Cc1ccc(C)cc1,Fc1c(F)c(F)c(Oc2nc(Oc3c(F)c(F)c(F)c(F)c3F)nc(Oc3c(F)c(F)c(F)c(F)c3F)n2)c(F)c1F,cocrystal,2,IVETIM
C1C[N]23CCCC2(C1)CCC3,II[I],salt,1,TIWFAG
OC(=O)C1=CC=CC=C1O,C1=CC=C2C(=C1)C=CC1=CC=CC=C21,failed,0,
FC(F)(F)C(=O)[O],FC1C(OCc2ccccc2)C(C[NH2]CC1(F)F)N=[N]=[N],salt,1,VUXKIK
N#CC(C#N)=C1C=CC(c2cc3C(C=CC(c3cc12)=[C](C#N)C#N)=C(C#N)C#N)=[C](C#N)C#N,CC[N](CC)(CC)CC,salt,1,GALBAW
CN1N(C(=O)C(=C1C)NC(C)=O)c1ccccc1,OC(=O)c1ccccc1O,cocrystal,2,IFEFUX
I[I]I,[nH]1cc(c[nH]1)c1c[nH][nH]c1,hydrate,3,GUCBIQ
C1=CC=C2C(=C1)C=CC1=CC=CC=C21,OC(=O)C1=CC=CC=C1O,failed,0,
CC(=O)C1CCC2C3CCC4=CC(=O)CCC4(C)C3CCC12C,BrC1=CC=CC=C1,failed,0,
O=C1CCCCCN1,CCCCNc1cc(cc(c1Oc1ccccc1)S(N)(=O)=O)C(O)=O,cocrystal,2,PUBMUX
[NH3]C(C)(CO)CO,Oc1ccc(cc1C(=O)[O])c1ccc(F)cc1F,salt,1,CUXZOM
C1=CC=C2C=CC=CC2=C1,C1=CC=C2C(=C1)C=CC1=C2C=CC2=CC=CC=C12,failed,0,
CC(C)[NH2]C(C)C,Clc1ccc(OCC(=O)[O])cc1,salt,1,JAVPEE
Oc1cc(O)c(I)cc1I,C(C=CC=Cc1ccncc1)=CC=Cc1ccncc1,cocrystal,2,XEDSEI
NC1=CC=CC=C1[N+](=O)[O-],OC1=CC=C(C=C1)C1=CC=CC=C1,failed,0,
CN(C)C(=Nc1cc(N=C(N(C)C)N(C)C)c(cc1N=C(N(C)C)N(C)C)N=C(N(C)C)N(C)C)N(C)C,ClC1=C(Cl)C(=O)C(=C(C#N)C1=O)C#N,solvate,3,QATBEU
F[P](F)(F)(F)(F)F,CN(C)C(=[NH]c1ccc(cc1)N=C(N(C)C)N(C)C)N(C)C,salt,1,LOLSAK
FC(F)(F)S(=O)(=O)[O],C[N]1=NN(N2CCOCC2)C(=C1)c1ccc(Br)cc1,salt,1,AMECUT
[NH2]1CCNCC1,Cc1ccc(Cl)c(Nc2ccccc2C(=O)[O])c1Cl,hydrate,3,SAXQAL
NC(=O)c1ccncc1,OC(=O)CCCCCCC(O)=O,cocrystal,2,ERAGOW
CC(=O)NC1=NN=C(S1)S(N)(=O)=O,NC1=CC=C(C=C1)C(O)=O,failed,0,
N1N=CC=N1,N1C=CN=C1,failed,0,
CC1=C(C=CC=C1[N+](=O)[O-])[N+](=O)[O-],C1=CC2=CC3=CC=CC=C3C=C2C=C1,failed,0,
CC1(C)C(=O)NC(=O)NC1=O,CC(C)(C)Nc1nc(N)nc(NC(C)(C)C)n1,cocrystal,2,PIYDUW
c1cc2ccc1c1ccc(cc1)c1ccc(cc1)c1ccc(cc1)c1ccc(cc1)c1ccc(cc1)c1ccc(cc1)c1ccc(cc1)c1ccc2cc1,II,cocrystal,2,CEHYIA
CC1=C(C(=NN1)C)C1=C(C)NN=C1C,OC(=O)CCCCCCCCC(O)=O,cocrystal,2,SOLJIO
C1COCCOCCOCCOCCOCCO1,OC(=O)c1cc(O)cc(c1)C(O)=O,hydrate,3,XIVLOD
NN(N=NC1=NN=NN1)C(N)=[NH2],OS(=O)(=O)[O],salt,1,CALLUA
F[P](F)(F)(F)(F)F,C(C#Cc1ccccc1)N1C=C[N](=C1)CC#Cc1ccccc1,salt,1,VAWRIX
CN1CCN(CC1)C1=Nc2cc(Cl)ccc2Nc2ccccc12,OC1=C(Cl)C(=O)C(=C(Cl)C1=O)O,cocrystal,2,MUJHOQ
OC1=CC(=O)CCC1,c1ccccc1,cocrystal,2,FACROQ
FC(F)(F)S(=O)(=O)[O],CN1N=[N]2CC3=CN(CC4=C[N](=NN4C)CC4=CN(CC1=C2)N=[N]4C)N=[N]3C,solvate,3,XEPWOI
OC(=O)CC(=CC(O)=O)C(O)=O,CC1=CC=C(C=C1)C(O)=O,failed,0,
NC(=O)C1=CC(=CC=C1)N,OC(CC(O)=O)C(O)=O,failed,0,
CC(=O)NC1=CC=C(O)C=C1,OC(=O)C1=CC=CC=C1,failed,0,
OC(=O)CC(C(O)=O)c1ccccc1,c1ccc(C=Cc2ccccn2)nc1,cocrystal,2,MOKQUZ
N(NC1=NN=N[N]1)C1=NN=NN1,NN1C(=NN2C(=[NH]N=C12)N)N,salt,1,EDEJEF
O=C1NS(=O)(=O)c2ccccc12,CCCC1=Nc2c(C)cc(cc2N1Cc1ccc(cc1)c1ccccc1C(O)=O)C1=Nc2ccccc2N1C,solvate,3,LOPZAT
COc1c2N(C3CC3)C3=C(C(=NS3)O)C(=O)c2cc(F)c1c1cc[nH]c(C)c1,FC(F)(F)C(=O)[O],salt,1,ODILAP
OC(=O)C1=CC=CC=C1O,CC1=NC=C(CO)C(=C1O)CO,failed,0,
CC1=CC2=C(C=C1C)N(CC(O)C(O)C(O)CO)C1=NC(=O)NC(=O)C1=N2,NC(=O)C1=CC=C(O)C=C1,failed,0,
CCN1C=C[N](=C1C)Cc1ccccc1,FC(F)(F)S(=O)(=O)[N]S(=O)(=O)C(F)(F)F,salt,1,JOSXIY
C[NH](C)CCC=C1c2ccccc2C=Cc2ccccc12,Oc1ccccc1C(=O)[O],salt,1,EVAFUD
O=N(=O)c1cc(c([O])c(c1)N(=O)=O)N(=O)=O,C1CC[P]2(C1)CCCC2,salt,1,EFOXAY
C(Cc1ccncc1)c1ccncc1,Oc1cc(O)c2C(=O)C(=C(Oc2c1)c1ccc(O)c(O)c1)O,cocrystal,2,YUFDUA
[NH2]=C1NC(=O)NC=C1,O=C([O])CNC(=O)c1ccccc1,hydrate,3,CYTBGL
CC1(C)C(I)CSc2nc(cn[n]12)c1ccccc1,II[I]II,salt,1,VIDVOX
CC1=CC(=CC=C1)C(N)=O,CC1=NC=C(CO)C(=C1O)CO,failed,0,
O=S(=O)([O])c1ccc2ccccc2c1,[NH3]CCCCCCC,salt,1,PAQVOW
O=C([O])c1cc(C(=O)[O])c(cc1C(=O)[O])C(=O)[O],[NH3]CCCCCC[NH3],hydrate,3,OZATAM
c1ccc2nc3ccccc3cc2c1,Fc1c(F)c(I)c(F)c(I)c1F,cocrystal,2,WIGRUC
c1ccc2c(c1)ccc1ccccc21,CC(CCC(O)=O)C1CCC2C3C(O)CC4CC(O)CCC4(C)C3CCC12C,cocrystal,2,IMENIX
CCCC[N](CCCC)(CCCC)CCCC,COc1cc(c([O])c(c1)C(C)(C)C)C(C)(C)C,salt,1,OLEWUA
[S]C#N,C1COCC[NH](CCOCCOCC[NH](CCO1)Cc1cccc2ccccc12)Cc1cccc2ccccc12,salt,1,EBAZIS
c1cc2ccc3cccc4ccc(c1)c2c34,Oc1ccc(cc1)C1=C2C=CC(=N2)C(=C2NC(=C(c3ccc(O)cc3)C3=NC(=C(C4=CC=C1N4)c1ccc(O)cc1)C=C3)C=C2)c1ccc(O)cc1,cocrystal,2,ELUGOJ
CC[NH](CC)CC,ClC1=C([O])C(=O)C2=C(N=C3C=CC=CN23)C1=C(C#N)C#N,hydrate,3,HARBOV
CN1C=NC2=C1C(=O)N(C)C(=O)N2C,CC1=CC=C(C=C1)C(N)=O,failed,0,
[NH3]O,O=N(=O)C1=CN(N=N1)[C](N(=O)=O)N(=O)=O,salt,1,QISRET
CC1=CC(=CC=C1)C(O)=O,O=C1CCCN1,failed,0,
O=S(=O)([O])[O],NC1=[NH]C2=NNN=C2C(=N1)N,hydrate,3,AZADMS10
OC(=O)CCSCCC(O)=O,COC1=CC=CC(=C1)C(O)=O,failed,0,
Oc1ccc(O)cc1,C1CCN2CN3CCCCN3CN2C1,hydrate,3,BZMETD
O=C1C=CC=C2C3C[NH2]CC(C3)CN12,O=[Cl](=O)(=O)[O],salt,1,WINPAN
NC1=CC=C(C=C1)C(O)=O,CC(=O)NC1=NN=C(S1)S(N)(=O)=O,failed,0,
c1ccncc1,N1C=NC2=C1N=CN=C2N1C=NN=C1,cocrystal,2,JEMHIT
COC(=O)C(C(C)=O)=P(c1ccccc1)(c1ccccc1)c1ccccc1,c1ccccc1,cocrystal,2,GUKTUB
CC[NH](CC)CC,OC1=C(C(=S)N(C=C1C(=O)[O])C1CC1)C(=C1SC(=NN1c1ccc(Cl)cc1)c1ccccc1)N(=O)=O,salt,1,UMEPEK
OC(=O)c1cc(O)cc(O)c1,NC(=O)c1cnccn1,cocrystal,2,ACOPOA
[NH3]CC[NH2]CCC[NH2]CC[NH3],O=C([O])c1cc(C(=O)[O])c(cc1C(=O)[O])C(=O)[O],hydrate,3,BOVVUD
FCl[F](ClF)ClF,C[N](C)(C)C,salt,1,ORUKUK
FC(F)(F)S(=O)(=O)[O],CN1C(=C(C)[N](=C1Cc1c(F)c(F)c(c(F)c1F)C(F)(F)F)C)C,salt,1,YAKZIX
NC(N)=[NH2],O=C([O])c1ccccc1,salt,1,GIHCIK
NC(N)=[NH2],Oc1cc([nH]c(c1)C(=O)[O])C(=O)[O],hydrate,3,SARJIF
OC(=O)CCCCCC(O)=O,OC(=O)CCCCCCC(O)=O,failed,0,
OC1=CC=CC(=C1)[N+](=O)[O-],C1=CC=C(C=C1)C1=CC=CC=C1,failed,0,
OC(=O)c1cccc(c1)C(=O)[O],[NH2]1CC[NH2]CC1,salt,1,KUFBIX
C1CNCCN1,Oc1ccc(O)cc1,cocrystal,2,QAMRAY
OS(=O)(=O)[O],Cc1[nH]c(N)nc(C)c1,salt,1,QANJUL
OC(=O)CC(=CC(O)=O)C(O)=O,COC1=CC=CC=C1C(O)=O,failed,0,
FC1(I)S(=O)(=O)c2ccccc2S1(=O)=O,Cc1cncc(C)c1,cocrystal,2,UDIHOH
OC1=CC=C(O)C=C1,OC(=O)C1=CC=CC=C1[N+](=O)[O-],failed,0,
C(N1C=CN=C1C1=NC=CN1CC1=CC=CC=C1)C1=CC=CC=C1,OC(=O)CCCCCCC(O)=O,failed,0,
O=N(=O)[O],NC1=[NH]C(C(N1)c1ccccc1)c1ccccc1,solvate,3,VIWFIU
O=N(=O)[N]C1=NON=C1N(=O)=O,[NH4],salt,1,SEYXEC
O=N(=O)c1cc(c([O])c(c1)N(=O)=O)N(=O)=O,[N]=[N]=NC1=[NH]C=CN1,salt,1,CEDLAA
OC(=O)C1=CC=CC=C1[N+](=O)[O-],CC1=NC=C(CO)C(=C1O)CO,failed,0,
Cc1c2ccccc2cc2ccccc12,O=C1N(C2CCC2)C(=O)C2=C1SC1=C(S2)C(=O)N(C2CCC2)C1=O,cocrystal,2,GOCLIV
NC(=O)c1ccncc1,COc1cc(C=CC(O)=O)ccc1O,hydrate,3,MUPNER
O=C([O])CC1=CSc2ccccc12,[NH3]C(C(O)c1ccccc1)c1ccccc1,solvate,3,QOTLIW
CCN1C=C(C(=O)[O])C(=O)c2ccc(C)nc12,NC(=[NH2])NN=Cc1ccccc1,solvate,3,POCPIJ
O=[N+]([O-])C1=CC(=CC=C1)[N+](=O)[O-],OC1=C(C=C(C=C1)[N+](=O)[O-])[N+](=O)[O-],failed,0,
CCCCCCCC(O)=O,COC1=CC=CC=C1C(O)=O,failed,0,
CC(C)c1cccc(C(C)C)c1O,c1ccc2nc3ccccc3nc2c1,cocrystal,2,EWIKAY
O=[Cl](=O)(=O)[O],N1C=C(C=C2C=[NH]c3ccccc23)c2ccccc12,salt,1,NICCAG
[O][n]1ccc(cc1)c1ccccc1,IN1C(=O)CCC1=O,cocrystal,2,ZUYZOK
OCC[NH2]CCO,OCCN(CCO)C(=O)[O],salt,1,AXOVIU
NC1=[NH]c2ccc(OC(F)(F)F)cc2S1,Oc1ccccc1C(=O)[O],salt,1,ZIYFEV
S=P([S])(Oc1ccccc1)Oc1ccccc1,[NH3]CCO,salt,1,BOYWUK
C(Cc1ccncc1)Cc1ccncc1,OC(=O)c1cccc(c1)C(O)=O,cocrystal,2,JAWVOT
NS(=O)(=O)c1cc2c(NCNS2(=O)=O)cc1Cl,C1CCC2OCCOCCOC3CCCCC3OCCOCCOC2C1,solvate,3,REZXEZ
OC(=O)c1ccccc1Nc1cccc(c1)C(F)(F)F,CN1C(=O)N(C)C2=C(NC=N2)C1=O,cocrystal,2,ZIQDUA
FC(F)(I)C(F)(F)C(F)(F)C(F)(F)C(F)(F)C(F)(F)I,CCCCCCCCOc1ccc(cc1)C=Cc1ccncc1,cocrystal,2,DENMIT
CN1C=NC2=C1C(=O)N(C)C(=O)N2C,NC(=O)C1=CC=CC=C1[N+](=O)[O-],failed,0,
Nc1ncccn1,OC(=O)CC(c1ccccc1)(c1ccccc1)c1ccccc1,cocrystal,2,GIMPAU
C[n]1c(C=CC2=CC=CS2)ccc2ccccc12,Brc1ccc(cc1)S(=O)(=O)[O],salt,1,NUPTAU
COc1cccc(C=NNC(=O)c2c[nH]ccc2)c1O,O=N(=O)[O],salt,1,DIPVIL
CC1=CC=CC=C1C(N)=O,CN1C=NC2=C1C(=O)N(C)C(=O)N2C,failed,0,
O=C1[N]S(=O)(=O)c2ccccc12,CCN1C=C(C(O)=O)C(=O)c2cc(F)c(cc12)N1CC[NH2]CC1,hydrate,3,QOGHOK
OC(=O)c1ccc(N2C(=O)c3ccccc3C2=O)c(O)c1,c1ccc2ncccc2c1,cocrystal,2,KEBMEL
CN(C)c1ccc(cc1)C(O)=O,Fc1c(F)c(F)c(N=Cc2ccncc2)c(F)c1F,cocrystal,2,NUMZON
OC(=O)CCSCCC(O)=O,OC(=O)C1=CC(=CC=C1)F,failed,0,
O=[Cl](=O)(=O)[O],CC1(C)CCC(C)(C)[N]2=CN=C(N)N12,salt,1,VAMQUX
NS(=O)(=O)c1ccc(cc1)C(O)=O,O=C1NC=CC=C1,cocrystal,2,FURWIA
OC1=C(C=C(C=C1[N+](=O)[O-])[N+](=O)[O-])[N+](=O)[O-],C(C1=CC=CC=C1)C1=CC=CC=C1,failed,0,
Cc1c(cc(cc1N(=O)=O)C(O)=O)N(=O)=O,c1ccc2nc3ccccc3nc2c1,cocrystal,2,ZUPLAX
I[I]I,C[n]1ccc(cc1)c1ccc(cc1)C(C#N)=C(C#N)c1ccc(cc1)c1cc[n](C)cc1,salt,1,UKOZEC
COC1=CC=CC(=C1)C(N)=O,CC1=CC2=C(C=C1C)N(CC(O)C(O)C(O)CO)C1=NC(=O)NC(=O)C1=N2,failed,0,
OC(=O)C1=CC=CC=C1O,O=C1CCC(=O)N1,failed,0,
COc1[nH]c(N)nc(OC)c1,CN1N=CC(=C1S(N)(=O)=O)C(=O)[O],salt,1,LEPVIM
OC(=O)C1=CC=C(F)C=C1,OC(=O)C=CC(O)=O,failed,0,
Oc1c(cc(cc1N(=O)=O)N(=O)=O)N(=O)=O,COc1ccc(cc1)N1C(=NC(=C1c1ccc(OC)cc1)c1ccc(OC)cc1)c1ccc(OC)cc1,solvate,3,QEGKIW
[NH3]C1(CCc2cc(Br)ccc2C1)C(=O)OC,OC(C(=O)[O])c1ccccc1,salt,1,AWOQUY
Nc1[nH]c2nc(N)c(nc2c(N)n1)c1ccccc1,O=C([O])c1cccnc1,hydrate,3,POLMUB
CS(=O)(=O)[O],Nc1cc[n]2cc3Cc4ccccc4c3c(c3ccccc3)c2c1,salt,1,TATZOE
O=N(=O)c1cc(c([O])c(c1)N(=O)=O)N(=O)=O,[NH3]c1ccccc1N,salt,1,WADLAQ
F[P](F)(F)(F)(F)F,CC(C)[N]1=CN(CCl)C=C1,salt,1,NEWSOA
NC(=O)c1ccccc1O,Nc1ccc(cc1)C(O)=O,cocrystal,2,RIPXOG
[NH3]c1ccccc1,O=C([O])COc1ccccc1,salt,1,FADQUY
OC(=O)C=CC(O)=O,NC(=O)CN1CCCC1=O,failed,0,
OC(=O)C=CC(O)=O,CC(CN1C=Nc2c(N)ncnc12)OCP(=O)(NCCOCc1ccccc1)Oc1ccccc1,cocrystal,2,JAFMIQ
Br,CCCCC(C)NC(=O)C1CN(C)C2CC3=CNc4cccc(C2=C1)c34,cocrystal,2,YOTSIJ
c1ccc(nc1)c1ccccn1,Oc1ccc(cc1)S(=O)(=O)c1ccc(O)cc1,cocrystal,2,PUVMOI
CN1CC[NH]2CCCCC[NH](CC1)CCN(C)CC2,O=[Cl](=O)(=O)[O],salt,1,PEDSIA
Oc1ccc(cc1)C1(c2ccc(O)cc2)c2ccccc2c2ccccc12,c1cnccn1,cocrystal,2,ETIBUG
[NH3]C(CS)C(O)=O,O=N(=O)c1cc(c([O])c(c1)N(=O)=O)N(=O)=O,salt,1,FOZZIG
OC(=O)CC(O)=O,c1cc(ccn1)c1ccncc1,cocrystal,2,SOVBOU
CCCCCCCCCCCC(O)=O,CC(C)CC1=CC=C(C=C1)C(C)C(O)=O,failed,0,
Nc1ccc(Oc2ccc(N)cc2)cc1,Oc1ccc(cc1)c1ccc(cc1)c1ccc(O)cc1,cocrystal,2,JAKPUH
CCCC[N](CCCC)(CCCC)CCCC,OC(=O)c1ccc(cc1)P(O)(=O)[O],salt,1,POCTIO
C1=CC=C2C=CC=CC2=C1,CC1=CC=C(C=C1)[N+](=O)[O-],failed,0,
CC(O)c1ccccc1,O=N(=O)c1ccc(cc1)C1=Nc2c(N1)c1cccc3ccc4cccc2c4c13,cocrystal,2,GUFQAC
OC(=O)C1=CC=CC=C1[N+](=O)[O-],OC1=CC=C(O)C=C1,failed,0,
BrCCN1C=C2C=Cc3ccccc3[N]2=C1c1ccc2ccccc2n1,F[P](F)(F)(F)(F)F,salt,1,MUJFOO
CC1=C(C=C(C=C1[N+](=O)[O-])[N+](=O)[O-])[N+](=O)[O-],C1=CC2=CC3=CC=CC=C3C=C2C=C1,failed,0,
Fc1ccc(cc1)C(=O)[O],CN(C)C(=O)C1=Cc2cnc(Nc3ccc(cn3)N3CC[NH2]CC3)nc2N1C1CCCC1,hydrate,3,GOKCIW
Oc1cccc(Sc2cc(Sc3cccc(O)c3)c(cc2C#N)C#N)c1,CCCCCCCCOc1ccc(cc1)C=Cc1ccncc1,cocrystal,2,EQUMUB
OC(C(O)C(=O)[O])C(=O)[O],[NH3]C1CCCCC1[NH3],hydrate,3,ZAVYAW
CN1C(=O)C(Cc2ccccc2)[N](=CC=Cc2ccccc2)C21CCc1ccccc21,F[P](F)(F)(F)(F)F,solvate,3,KODNAU
CC(C)C1CN2C(=[N](C1c1ccccc1)C(=O)Cc1cccc3ccccc13)Sc1ccccc21,F[P](F)(F)(F)(F)F,solvate,3,LAFHEJ
C[N](C)=C(C)O,I[I]I,solvate,3,BIRPUR
CC(C)c1cccc(C(C)C)c1NC(=O)C1Cc2ccccc2CN1C(NC1CCCCC1)=[NH]C1CCCCC1,FC(F)(F)S(=O)(=O)[O],salt,1,PATHUP
CSC(N)=[NH2],[O]N=C(C#N)C#N,salt,1,VEMPOV
C1[N]2=CN(C=C2)c2cccc(n2)N2C=C[N](=C2)Cc2cccc(C[N]3=CN(C=C3)c3cccc(n3)N3C=C[N](=C3)Cc3cccc1n3)n2,F[P](F)(F)(F)(F)F,salt,1,IFEMUD
Cc1ccc(cc1)C(N)=O,NS(=O)(=O)c1cc(C(O)=O)c(NCC2=CC=CO2)cc1Cl,solvate,3,ESAWEC
O=N(=O)[O],Nc1[nH]c(N)cc(N)[nH]1,salt,1,MEFVIG
[NH3]C(C)c1ccccc1,COc1cccc2CCC(COC(=O)c3ccccc3)(C(=O)[O])c12,salt,1,DIGQIT
CCCCC(CC)CN1C(=O)c2cc3C(=O)N(CC(CC)CCCC)C(=O)c3cc2C1=O,S1c2cccc3Sc4cccc1c4c23,cocrystal,2,KETJEC
OC(=O)C1=CC=CC=C1,CC(=O)NC1=NN=C(S1)S(N)(=O)=O,failed,0,
c1ccc(cc1)[P](c1ccccc1)(c1ccccc1)c1ccccc1,CC1(C)CC(CC(C)(C)N1[O])C(=O)NCCCS(=O)(=O)[O],salt,1,CEBWIQ
CC=CC=CC(O)=O,COc1cc2ncnc(Nc3ccc(F)c(Cl)c3)c2cc1OCCCN1CCOCC1,hydrate,3,JIKKEX
OC(=O)C1=CC=CC=C1,C1=CC=C2C(=C1)C=CC1=CC=CC=C21,failed,0,
COc1ccc(C=Cc2ccc(O)cc2)cc1OC,N#CC(C#N)=C1C=CC(C=C1)=C(C#N)C#N,cocrystal,2,NIVFIK
OC(=O)C1=CC=C(C=C1)[N+](=O)[O-],OC(=O)C1=CC=CC=C1[N+](=O)[O-],failed,0,
NC1=CC=C(C=C1)S(=O)(=O)NC1=NC=CS1,CN1C=NC2=C1C(=O)N(C)C(=O)N2C,failed,0,
OP(=O)([O])OP(O)(=O)[O],[NH3]c1ccc(O)cc1,hydrate,3,YUJFIS
CC([NH2]c1ccc(cc1N(=O)=O)N(=O)=O)C(=O)[O],c1ccncc1,cocrystal,2,VOYXOW
N1C=CC2=CC=CC=C12,C1=CC=C(C=C1)C1=CC=CC=C1,failed,0,
OC(=O)CCCCCCCC(O)=O,NC(=O)C1=NC=CN=C1,failed,0,
NC(=O)C1=CC=C(C=C1)[N+](=O)[O-],CCCCCCCC(O)=O,failed,0,
[NH2]1CC[NH2]CC1,CCOC1=Nc2cccc(C(=O)[O])c2N1Cc1ccc(cc1)c1ccccc1C1=NOC(=O)N1,solvate,3,XEFZIU
Cc1[nH]c2ccccc2c(N)c1,OS(=O)(=O)[O],hydrate,3,RITDOO
O=S(=O)([O])c1ccccc1,[NH3]C(CC(C)C)C(O)=O,hydrate,3,KERMUP
ClC1=CC(=CC=C1)Cl,C1CC2=CC=CC3=C2C1=CC=C3,failed,0,
C1=NC=CC(=C1)C1=CC=NC=C1,CC1=CC=CC=C1C(O)=O,failed,0,
CC1=CC(C=C(C)C1=O)=C1C=C(C)C(=O)C(=C1)C,Oc1c(Br)cc(cc1Br)c1cc(Br)c(O)c(Br)c1,cocrystal,2,REQGIH
Nc1cccc(c1)C(O)=O,NC1=Nc2ccccc2S1,cocrystal,2,VAPFEX
CCCCCCCC(O)=O,CC1=CC=CC=C1C(O)=O,failed,0,
Nc1[nH]nc(c(N)n1)c1cccc(Cl)c1Cl,O=C([O])c1cccnc1,solvate,3,WUVLEF
OC(=O)c1cc(O)cc(c1)C(=O)[O],[NH2]1CC[NH2]CC1,hydrate,3,KERNEC
C(CC1=Nc2cc[n](Cc3ccccc3)cc2N1)C1=Nc2cc[n](Cc3ccccc3)cc2N1,FC(F)(F)S(=O)(=O)[O],hydrate,3,HISMED
c1cc(ccn1)c1ccc2c3ccc(cc3C3(c2c1)c1cc(ccc1c1ccc(cc31)c1ccncc1)c1ccncc1)c1ccncc1,Fc1c(F)c(F)c(I)c(I)c1F,cocrystal,2,IJECUY
C[NH](C)C(C)C(O)c1ccccc1,CS(=O)(=O)[O],salt,1,IVUNET
OCC(O)C1OC(=O)C(=C1O)O,OC(=O)C1=CC=C(O)C=C1,failed,0,
CC(C)N(C(C)C)[P]1(CN2CN1N(C)P(=S)(N2C)c1ccccc1)N(C(C)C)C(C)C,FC(F)(F)S(=O)(=O)[O],salt,1,PEXXOF
C=CCNC(=S)NN=Cc1[nH]cccc1,ClC(Cl)C(=O)[O],salt,1,TIJCOI
C[N]1=C2N(c3ccccc13)c1ccccc1C(=C2c1ccccc1)c1ccccc1,FC(F)(F)S(=O)(=O)[O],salt,1,JOSDUS
Nc1ccccc1,Oc1c(Cl)c(Cl)c(Cl)c(Cl)c1Cl,cocrystal,2,ANLPCP
OC1=CC=C(C=C1)[N+](=O)[O-],NC1=CC=C(C=C1)[N+](=O)[O-],failed,0,
Oc1c2Cc3cccc(Cc4cccc(Cc5cccc(Cc6cccc(Cc1ccc2)c6O)c5O)c4O)c3O,Fc1ccccc1,cocrystal,2,UFAQEY
C[P](c1ccccc1)(c1ccccc1)c1ccccc1,c1cc[cH]c1,salt,1,GOSZET
OS(=O)(=O)[O],O=C1CC2OCC=C3C[NH]4CCC56C4CC3C2C5N1c1ccccc61,hydrate,3,FEFMIN
CC(C)c1ccc(C)cc1O,c1cc(ccn1)c1ccncc1,cocrystal,2,ZIYRUY
Clc1c2C(=O)NC(=O)c2c(Cl)c2C(=O)NC(=O)c12,OCCOCCNc1cccc2c(NCCOCCO)cccc12,cocrystal,2,QOGBIZ
OC(=O)C1(CCC1)C(=O)[O],[NH3]Cc1ccccc1,salt,1,XINSIW
C1=CC=C2C(=C1)C=CC1=CC=CC=C21,C(C1=CC=CC=C1)C1=CC=CC=C1,failed,0,
n1nn[n]n1,NN1C(=NN2C(=[NH2])NN=C12)N,salt,1,ROFRUC
FC(F)(F)c1cccc(Nc2ncccc2C(=O)[O])c1,COc1cc(Cc2c[nH]c(N)nc2N)cc(OC)c1OC,hydrate,3,BORTUB
Oc1cc(O)c2C(=O)C(=C(Oc2c1)c1ccc(O)c(O)c1)O,CN1C=NC2=C1C(=O)N(CCCCC(C)=O)C(=O)N2C,cocrystal,2,LILLEB
OC(=O)c1c(C(O)=O)c(C(=O)[O])c(C(O)=O)c(C(=O)[O])c1C(O)=O,CN(C)c1cc[nH]cc1,hydrate,3,OMIHOH
C1CN2CCN1CC2,Oc1ccccc1,cocrystal,2,COHWOL
OC(=O)c1ccc(cc1)C(O)=O,Nc1cc(nc(N)[n]1[O])N1CCCCC1,cocrystal,2,WIYXEL
Oc1ccccc1O,C[N](C)(C)CC(=O)[O],cocrystal,2,RUWFIZ
OC(=O)C=Cc1ccccc1,CNC(=O)c1ccccc1Sc1ccc2c(NN=C2C=Cc2ccccn2)c1,cocrystal,2,UZAKIS
OC1=CC=CC(=C1)C=O,O=[N+]([O-])C1=CC=C(C=C1)[N+](=O)[O-],failed,0,
NC1=CC=C(C=C1)C(O)=O,CC1=CC2=C(C=C1C)N(CC(O)C(O)C(O)CO)C1=NC(=O)NC(=O)C1=N2,failed,0,
O=P(c1ccccc1)(c1ccccc1)c1ccccc1,Fc1c(I)c(F)c(I)c(F)c1I,solvate,3,NACDII
NC(=O)C1=CC=CC=C1N,CCCCCCCC(O)=O,failed,0,
Nc1ccnc(N)n1,CN1C(=O)N(C)C2=C(NC=N2)C1=O,solvate,3,SARQAH
CCOC(=O)c1cc([n]n1)C(=O)OCC,[NH3]C(C)Cc1ccccc1,salt,1,HEXVIQ
OC(=O)[O],CN1C=[N](C)c2ccccc12,salt,1,TIMBOI
NC(=O)c1ccncc1,OC(=O)c1ccccc1Cl,cocrystal,2,ZIPHOY
OC(=O)CCCC(O)=O,CC(CCCC(O)=O)CC(O)=O,failed,0,
OC(=O)c1cc(cc(c1)C(O)=O)C(O)=O,Cc1ccnc2N(C3CC3)c3ncccc3C(=O)Nc12,solvate,3,IPAXEF
N1=N[N]C(=N1)N=NC1=NN=N[N]1,[NH3]Nc1nnc(NN)nn1,hydrate,3,MEYTUJ
NC(=O)c1ccncc1,CN1N=NC2=C(N=CN2C1=O)C(N)=O,cocrystal,2,KIJTAA
C1COCCOCCOCCOCCOCCO1,Oc1c(F)c(F)c(F)c(F)c1F,hydrate,3,PUNWIH
OC(=O)CCCCCCCCC(O)=O,C(Cc1ccncc1)c1ccncc1,cocrystal,2,TACBAC
NC1=CC=CC=C1C(O)=O,OC(=O)C=CC(O)=O,failed,0,
[NH3]c1ccc(cc1)N(=O)=O,I[I]I,hydrate,3,NUQTEZ
O=S(=O)([O])SS(=O)(=O)[O],CN(C)C(=[N](C)C)C(N(C)C)=[N](C)C,hydrate,3,OTOZUU
[NH3]N,O=C1ON=C([N]1)C1=NON=C1NNC1=NON=C1C1=NOC(=O)[N]1,salt,1,DAXCAJ
OC(=O)c1ccc(Cl)cc1,OC(=O)c1ccccc1SSc1ccccc1C(O)=O,solvate,3,BEPCAE
OC(=O)C1=CC=CC=C1O,CC1=CC(=CC=C1)C(O)=O,failed,0,
CC(=NO)C(C)=NO,Cc1nc2ccc(cc2nc1C)C(=O)c1ccccc1,cocrystal,2,AYINUT
O=C(C1CCC2=C(C1)[NH]=CN2)N1CCOc2ccccc12,OC(C(O)C(=O)[O])C(O)=O,salt,1,TUKJAK
O=S(=O)([O])CCS(=O)(=O)[O],[NH3]c1c(cccc1C(C)C)C(C)C,hydrate,3,IDOQEY
NC(=O)C1=CC=CC=N1,OC(=O)C1=NC=CN=C1,failed,0,
C1=CC=C2C(=C1)C=CC1=C2C=CC2=CC=CC=C12,C1=CC=C2C(=C1)C=CC1=CC=CC=C21,failed,0,
Nc1cccc2c(N)cccc12,c1ccc2nc3ccccc3nc2c1,hydrate,3,AJEZAR
CC1=NC=CN1,NC(=O)C1=CN=CC=C1,failed,0,
OC(=O)COc1ccc(OCC(O)=O)cc1,O1C(=NN=C1c1ccncc1)c1ccncc1,cocrystal,2,YECJAS
CC[N]1=CN(CC2=CC(=O)Oc3ccc4ccccc4c23)C=C1,F[P](F)(F)(F)(F)F,salt,1,COFGUD
CC1=CC(=O)[N]S(=O)(=O)O1,CC1(O)CCC2C3CCC4CC5=C(CC4(C)C3CCC12C)C=[NH]N5,salt,1,EYAYUA
OC(C(O)C(=O)[O])C(=O)[O],CC12C[NH]3CC(C)(N1O)N(O)C(C)(C3)N2O,hydrate,3,WUJSEA
N#CC(C#N)=C1C=CC(C=C1)=C(C#N)C#N,Clc1ccc([NH]=Nc2c([O])ccc3ccccc23)cc1,cocrystal,2,CIKLEP
CN(C)C(=[NH2])N=C(N)N,CC(=O)[O],salt,1,OJOSUC03
[NH3]CC1(CCCCC1)CC(=O)[O],OC(=O)c1cc(cc(c1)C(O)=O)C(O)=O,hydrate,3,AVILUN
Cc1ccc(Cl)c(Nc2ccccc2C(=O)[O])c1Cl,[NH3]C(CO)(CO)CO,solvate,3,TERLEK
Clc1ccc(cc1)C1CC[NH]2CC1C(=O)C2,CC1(C)C2CCC1(CS(=O)(=O)[O])C(=O)C2,salt,1,XALWIQ
CC(CCC=C(C)C)CC(=O)[O],OC(C1CC2CC[NH]1CC2C=C)c1ccnc2ccccc12,hydrate,3,OGANER
OC(=O)C1=CC=CC=C1O,CC1=CC=C(C=C1)[N+](=O)[O-],failed,0,
C1=CC=C(C=C1)C(C1=CC=CC=C1)C1=CC=CC=C1,ClC1=CC=C(Cl)C=C1,failed,0,
COc1cc(cc(c1)c1c2ccccc2[n](C)c2ccccc12)c1cccc(n1)c1cc(OC)cc(c1)c1c2ccccc2[n](C)c2ccccc12,F[P](F)(F)(F)(F)F,solvate,3,SOYFOF
NC(=O)N1C2=CC=CC=C2C=CC2=CC=CC=C12,OCC(O)=O,failed,0,
C1CCC2OCCOCCOC3CCCCC3OCCOCCOC2C1,NC(=S)C(N)=S,cocrystal,2,AJUXOS
Fc1c(F)c(I)c(F)c(F)c1I,CC(O)=C(C(C)=O)c1ccncc1,cocrystal,2,XIPSEW
[H]([OH2])[OH2],O=C1NC(=O)c2cc3c(cccc3S(=O)(=O)[O])cc12,hydrate,3,ZIVZIP
CC1=CC=[N+]([O-])C=C1,BrC1=CC=C(Br)C=C1,failed,0,
Oc1ccc(cc1)c1ccc(O)cc1,CN(C)C=CC(=O)c1cc(cc(c1)C(=O)C=CN(C)C)C(=O)C=CN(C)C,cocrystal,2,GUSRER
OCC(O)=O,CN1C(=C(O)C2=CC=CC=C2S1(=O)=O)C(=O)NC1=CC=CC=N1,failed,0,
Nc1cccc(c1)C(O)=O,O=C1OC(=O)c2ccc3C(=O)OC(=O)c4ccc1c2c34,solvate,3,DIBVEQ
CC(NCCN1CCOCC1)=CC(=O)c1ccccc1,Fc1c(F)c(I)c(F)c(F)c1I,cocrystal,2,BENKAK
C1CC2=CC=CC3=C2C1=CC=C3,O1C2=CC=CC=C2C2=CC=CC=C12,failed,0,
CC1=C([N+](=O)[O-])C(=C(C=C1[N+](=O)[O-])[N+](=O)[O-])C,CC1=CC=C(C=C1)[N+](=O)[O-],failed,0,
NS(=O)(=O)c1ccc(cc1)N(=O)=O,C1COCCN(CCOCCOCCN(CCO1)Cc1ccccc1)Cc1ccccc1,cocrystal,2,WEMQAH
O=N(=O)c1ccc([O])cc1,C[N]1=C(N)NC(=O)C1,salt,1,RIGHUO
CC1=NC(=CN1)[I]c1ccccc1,CC(=O)[O],salt,1,UMIWUK
[NH3]C1CCCCC1,COC1(COP(=O)([O])OC1)OC,hydrate,3,VIVQOH
NC(=O)C1=CC=C(C=C1)[N+](=O)[O-],NC(N)=O,failed,0,
N1C2=C3C=CC(=N3)c3ccccc3C3=CC=C(N3)C3=NC(=C4C=CC=CC4=C1C=C2)C=C3,N1C2=CC=C1c1ccccc1C1=NC(=C3NC(=C4C=CC=CC4=C4C=CC2=N4)C=C3)C=C1,cocrystal,2,QUGPOZ
OC(=O)c1c(F)c(F)c(Br)c(F)c1F,N#Cc1ccccc1C=Cc1ccc(cc1)C=Cc1ccccc1C#N,cocrystal,2,SAHJUJ
CC1CC2C3CCC4=CC(=O)C=CC4(C)C3(F)C(O)CC2(C)C1(O)C(=O)CO,Oc1cccc(O)c1,cocrystal,2,BEGKUX
NC1=[NH]C(=O)NC=C1Br,O=N(=O)[O],hydrate,3,ETECEO
NC(=O)C1=CC(=CC=C1)F,OC(=O)C1=CN=CC=C1,failed,0,
NC(=O)Nc1ccc(O)c(c1)C(O)=O,Cc1ccncc1,cocrystal,2,IVORUI
CN1C(=O)N(C)C(=C(C1=O)c1cc(Cl)c(cc1N(=O)=O)N(=O)=O)[O],Nc1cc[nH]cc1,hydrate,3,DOQCUJ
FC(F)(F)S(=O)(=O)[O],CC(C)N1C(=C(C)[N](=C1P(C#N)C1=[N](C(C)C)C(=C(C)N1C(C)C)C)C(C)C)C,salt,1,UPEMEI
COc1ccc(cc1)c1cc(C(=O)[O])c2cc(Cl)ccc2n1,CN(C)c1cc[nH]cc1,salt,1,REMYEP
OC1=CC=CC2=C1N=CC=C2,N#CCCC#N,failed,0,
BrC1=CC=C(Br)C=C1,CC1=CC=[N+]([O-])C=C1,failed,0,
CN1C=NC2=C1C(=O)N(C)C(=O)N2C,CC1=CC(=CC=C1)C(N)=O,failed,0,
Oc1ccc(cc1)C(=O)[O],[NH2]1CCCCC1,salt,1,PIPHBZ
OC(=O)C(=O)[O],Oc1ccc(C=[NH]c2ccccc2)c(O)c1,hydrate,3,ZOTLEC
O=S(=O)([O])[O],[NH3]C1=C(N)NNC1=[NH2],hydrate,3,HACTOX
O=S(=O)([O])c1cc(c2ccc3c4c(ccc1c24)c(cc3S(=O)(=O)[O])S(=O)(=O)[O])S(=O)(=O)[O],CC[n]1ccc(cc1)C(c1cc[n](CC)cc1)=C(c1cc[n](CC)cc1)c1cc[n](CC)cc1,hydrate,3,FASSUR
COc1cc(C=O)ccc1O,c1ccc2nc3ccccc3nc2c1,cocrystal,2,MAHKAJ
C[N]1=CN(C2OC(COP(O)(=O)[O])C(O)C2O)C2=C1C(=O)NC(=N2)N,[NH3]C(CC1=CNc2ccccc12)C(=O)NC(CCC(O)=O)C(=O)[O],hydrate,3,SEKXIP
CC1(C)CC(C(=O)NCS(=O)(=O)[O])C(C)(C)N1[O],c1ccc(cc1)[P](c1ccccc1)(c1ccccc1)c1ccccc1,salt,1,ZADHEV
I[I]I,CN1C=C[N](=C1CO)C,salt,1,AFIQOX
FC(F)(F)S(=O)(=O)[O],Cc1ccccc1c1c[n](Cc2ccccc2)cc(c1)c1ccccc1C,salt,1,VIVTUQ
CCCCN(CCCC)C=O,Nc1ccc(cc1)S(=O)(=O)N=C1NC=CS1,cocrystal,2,KAWZAN
FC(F)(F)S(=O)(=O)[O],CN1CC[N]23CCN(C)P12(OC(=C)c1ccccc1)N(C)CC3,salt,1,JUHTIS
OC(CC(=O)[O])C(=O)[O],[NH3]Cc1cccc(Cl)c1,hydrate,3,TEWXOI
OC1=CC=C(O)C=C1,CC1=CC=CC=C1C(N)=O,failed,0,
[O]N1N=NN=C1C1=NON=C1N=NC1=NON=C1C1=NN=NN1[O],[NH4],hydrate,3,NUJMAI
O=N(=O)c1cc(c([O])c(c1)N(=O)=O)N(=O)=O,C[N]1=C(C)N(CN2C=C[N](=C2C)C)C=C1,solvate,3,WINQAM
NC(=O)C1=CC=CC=C1[N+](=O)[O-],NC(=O)C1=CN=CC=C1,failed,0,
CC1[NH2]CCCC1,CC1CCCCN1C(=O)[O],salt,1,XISWEE
O=N(=O)[O],O=N(=O)c1c2NC=[NH]c2cc2[NH]=CNc12,hydrate,3,JEXRIQ
N#CC(C#N)=C1C=CC(C=C1)=C(C#N)C#N,c1cc(ccn1)C=Cc1ccncc1,cocrystal,2,BUKXOU
CC(=Cc1ccccc1)C=C1SC(=S)N(CC(O)=O)C1=O,CC1=CC(=O)N(N1)c1ccccc1,cocrystal,2,CEHYIB
[NH3]C(C)c1ccccc1,FC(F)(F)c1ccccc1C1C(CC1c1ccccc1)C(=O)[O],solvate,3,CELWEY
NC1=NC(=O)N(C=C1F)C1CSC(CO)O1,Nc1ccc(cc1)C(O)=O,hydrate,3,TUVNEG
CC[NH]1CCC[NH2]CCC[NH2]CCC1,FC(F)(F)S(=O)(=O)[O],salt,1,KAQHIV
N#Cc1ccc(cc1)C#N,C#Cc1ccc(cc1)C#C,cocrystal,2,RUXMON
OC(=O)c1cccc(c1)C(=O)[O],N#Cc1ccc(C[n]2ccc(cc2)c2cc[n](Cc3ccc(cc3)C#N)cc2)cc1,hydrate,3,SOKVIB
[NH3]C(C(O)=O)c1cccc2ccccc12,CC1(C)C2CCC1(CS(=O)(=O)[O])C(=O)C2,solvate,3,LIMCET
Cc1nc2ccccc2nc1C,CC(=NO)C(C)=NO,cocrystal,2,FEQPOJ
C[NH](C)C(C)C(O)c1ccccc1,Cc1cccc(c1)C(=O)[O],salt,1,VAVLUC
NC(=[NH2])SCc1ccccc1,O=N(=O)c1cccc(c1)S(=O)(=O)[O],salt,1,YOCRUE
NC(=O)c1cc[nH]cc1,CC(=O)C(=O)[O],salt,1,SOXSAD
O=C([O])c1ccccc1N(=O)=O,[NH3]Cc1ccccc1,salt,1,HUKHUR
OC1=CC=C(O)C=C1,NC(=O)C1=CC=CC=C1[N+](=O)[O-],failed,0,
OC1=CC=C(O)C=C1,NC(=O)C1=CC=C(F)C=C1,failed,0,
N1C=[NH]C=C1,OC(=O)c1cc(C(O)=O)c(cc1C(O)=O)C(=O)[O],salt,1,HUHSIM
Cl[P](Cl)(Cl)(Cl)(Cl)Cl,ClP(Cl)(N=P(c1ccccc1)(c1ccccc1)c1ccccc1)=[N]=P(c1ccccc1)(c1ccccc1)c1ccccc1,salt,1,BOXCOH
COC(=O)c1cc(OCCCN2C=C(COc3cc(cc(c3)C(=O)OC)C(=O)OC)N=N2)cc(c1)C(=O)OC,c1cc2nc(c1)c1ccc(cc1)c1ccc(cc1)c1ccc(cc1)c1ccc(cc1)c1ccc2cc1,solvate,3,BOBHAE
NC(=[NH2])c1cccc2c3cccc(C(N)=[NH2])c3c12,O=C([O])c1ccc(cc1)C(=O)[O],hydrate,3,QEWCAY
OC(=O)C(=O)Nc1ccc(NC(=O)C(=O)[O])cc1,CN(C)C(=[NH2])NC(N)=[NH2],hydrate,3,XAJXAL
Cc1ccc(cn1)c1ncc(Cl)cc1c1ccc(cc1)S(C)(=O)=O,OC(=O)CCCCCCC(O)=O,hydrate,3,VAGSUU
c1ccccc1,CC(=O)C1=C(O)C(=C2C3C(CCCCCCCC3=O)ON2C1=O)c1ccc(O)cc1,solvate,3,LEHFUA
c1ccc(cc1)[P](c1ccccc1)(c1ccccc1)c1ccccc1,O=N(=O)c1ccc(cc1)N1P(=S)([S])N(c2ccc(cc2)N(=O)=O)P1(=S)[S],salt,1,YEQKAG
OC1=CC=C(O)C=C1,OC(=O)C1=CC=C(C=C1)[N+](=O)[O-],failed,0,
C[NH](C)Cc1c2ccccc2cc2ccccc12,O=C([O])C#CC(=O)[O],solvate,3,CEJMIO
OC(=O)C=CC(=O)[O],COC(=O)NC1=[NH]c2cc(ccc2N1)C(=O)c1ccccc1,salt,1,VEVPUJ
[NH3]O,NC1=NC(=NO1)C1=NON=C1[N]N(=O)=O,hydrate,3,CUFRON
OC(=O)C1=CN=CC=C1,CC1=CC=C(C=C1)C(N)=O,failed,0,
OC(=O)CCSCCC(O)=O,NC(=O)C1=CC=C(N)C=C1,failed,0,
OC(=O)CNC(=O)C(=O)NCC(=O)[O],[NH4],hydrate,3,XOXNUU
CN1CC(=O)NC1=[NH2],ClCC(=O)[O],salt,1,ZANYOE
CC1(C)C2CCC1(C)C(C2)=NNC1=NC(O)(C(F)(F)F)C(F)(S1)C(F)(F)F,c1ccccc1,cocrystal,2,TUWVAI
Cc1nc(C)c(C)nc1C,Oc1ccc2ccc(O)cc2c1,hydrate,3,CEXLAW
CC[N](CC)(CC)Cc1ccccc1Br,OC(CC(c1ccccc1Br)S(=O)(=O)[O])c1ccccc1,salt,1,XOBVOC
C1COCCOCCOCCO1,O=S=O,cocrystal,2,XEGBET
SP1(=S)Oc2ccc3ccccc3c2c2c(O1)ccc1ccccc21,Cc1ccc(C)cc1,cocrystal,2,SOYCOY
Oc1cccc2C3C[NH](CC(C3)C[n]12)Cc1ccc(I)cc1,O=[Cl](=O)(=O)[O],hydrate,3,KINCAO
O=P1([O])OP(=O)([O])OP(=O)([O])OP(=O)([O])OP(=O)([O])OP(=O)([O])O1,[NH3]CCN(CC[NH3])CC[NH3],hydrate,3,ABEQIH
O=C(C=Cc1ccc(cc1)N(=O)=O)[N]1=NN([O])c2ccccc12,OC(=O)C(F)(F)F,cocrystal,2,LOGZIR
C[N](C)(N)CC[N](C)(C)N,O=N(=O)[O],salt,1,JOPNEH
COC(=O)C1=CC=C(C=C1)C(=O)OC,OC(=O)C1=CC=CC=C1,failed,0,
COC(=O)C1CCC(=O)N1C(C)C(=O)NC1C(CCC(C)C21CCC(=C2)C)C(C)C,c1ccccc1,cocrystal,2,WEMVUJ
CCCC[N](CCCC)(CCCC)CCCC,OC(CSS(=O)(=O)[O])(C(F)(F)F)C(F)(F)F,salt,1,ULOCAA
OC(=O)CCCC(O)=O,COC(=O)NC1=Nc2ccc(cc2N1)C(=O)c1ccccc1,cocrystal,2,VEVPOD
ClC1=C(Cl)C(=O)C(=C(C#N)C1=O)C#N,c1ccc2c(c1)nnc1ccccc21,cocrystal,2,ZPHCYQ
NN1C(=[NH2])NN=C1C1=NNC(=[NH2])N1N,[O]N1N=NN=C1C1=NN=NN1[O],hydrate,3,TOSBOU
[S]C1=NN=C(SSC2=NN=C([S])S2)S1,Nc1[nH]cccc1,hydrate,3,UPAXIT
CC(C)(C)c1cc(Nc2ccc3ccccc3c2c2c(Nc3cc(cc(c3O)C(C)(C)C)C(C)(C)C)ccc3ccccc23)c(O)c(c1)C(C)(C)C,Cc1ccccc1,solvate,3,JIWLEK
NC1=NN=NN1,O=C1NC(=O)NC(=O)N1,hydrate,3,QAGDEK
c1ccc(cc1)N1C=[N](c2ccccc2)C(=N1)c1ccccc1,FP1(=S)OP(=S)([S])c2cccc3cccc1c23,salt,1,UWIVON
CCCCCCCC(O)=O,COC1=CC=CC(=C1)C(N)=O,failed,0,
OC(=O)c1ccccc1O,NC(=O)c1ccccc1O,cocrystal,2,AQEJEO
CC[N](CC)(CC)Cc1ccccc1,O=S(=O)([O])c1cccc(c1)P(c1ccccc1)c1ccccc1,hydrate,3,RUKYUR
O=[N+]([O-])C1=CC(=CC=C1)[N+](=O)[O-],CC1=C(C=C(C=C1)[N+](=O)[O-])[N+](=O)[O-],failed,0,
CCOC(=O)c1cc(CNc2cc(cc(c2)C(=O)OCC)C(=O)OCC)cc(c1)C(=O)OCC,C1CCCOCCOCCOCCOCCOCCOCC1,cocrystal,2,RUKGIP
O=C([O])c1cc(cc(c1)N(=O)=O)N(=O)=O,Nc1[nH]c(N)nc(N)c1,hydrate,3,KOCJAR
C1CC2=CC=CC3=C2C1=CC=C3,O=C(C1=CC=CC=C1)C(=O)C1=CC=CC=C1,failed,0,
c1ccncc1,COC1CCC23CC42CCC2(C)C(CCC2(C)C4CCC3C1(C)C)C(C)CC(O)C=C(C)C(O)=O,cocrystal,2,GOWBIG
Fc1c(F)c(I)c(F)c(F)c1I,[C]#Nc1ccc(cc1)N#[C],cocrystal,2,BIDJAD
CCCCN1C(=O)c2c(C#Cc3ccccc3)c3C(=O)N(CCCC)C(=O)c3c(C#Cc3ccccc3)c2C1=O,Cc1ccc(C)cc1,cocrystal,2,NOCTAB
[NH3]CCCC,CCCCCCCCCCCCC#CC#CCCCCCCCCC(=O)[O],salt,1,TUVWUF
OC(=O)c1cc(cc(c1)C(O)=O)C(O)=O,O=C1C=CNC=C1,cocrystal,2,QIVBAA
OC(=O)CC(=O)[O],[NH3]c1ccc(Cl)cc1,salt,1,XAZQIA
[NH3]C(CC1=CNc2ccc(O)cc12)C(=O)[O],O=C1CC(=O)NC(=O)N1,cocrystal,2,MUYTEG
Oc1cccc(O)c1C(=O)[O],C(Cc1cc[nH]cc1)c1cc[nH]cc1,salt,1,DUNSIQ
c1ccccc1,Cc1ccc(cc1)C1=C(c2ccc(C)cc2)c2c3ccc(C)cc3c3cc(C)ccc3c2N1Cc1ccccc1,cocrystal,2,ZEGHOL
CN1C(=O)CN=C(c2ccccc2)c2cc(Br)ccc12,OC(O)C(Cl)(Cl)Cl,cocrystal,2,BAZCLH
CN(C)c1cc[n](cc1)I([n]1ccc(cc1)N(C)C)c1ccccc1,FC(F)(F)S(=O)(=O)[O],salt,1,VENZEV
NC1=CC=CC=C1C(O)=O,NC(=O)C1=CC=CC=C1,failed,0,
O=C1NC(=O)C=C1,OC(=O)C1=CC=CC=C1O,failed,0,
CCC[N](CCC)(CCC)CCC,O=C([O])c1ccc(cc1)c1ccc(cc1)C(=O)[O],hydrate,3,WOQWEE
O1N=C(N=C1C1=NN=N[N]1)C1=NOC(=N1)C1=NN=N[N]1,[NH3]O,hydrate,3,WIBXOY
OP(O)(=O)CP(=O)(CP(O)(=O)[O])CP(O)(=O)[O],CCCC[N](CCCC)(CCCC)CCCC,hydrate,3,SIWGEO
O=C([O])COCC(=O)[O],[NH3]CC[NH3],hydrate,3,FOHSUT
O=C1C=CCC2CCCN2C(=O)C=CCC2CCCN12,Oc1c(F)c(F)c(F)c(F)c1F,cocrystal,2,IYAXIQ
COC1=CC(=CC(=C1)OC)C(O)=O,OC(=O)C1=CC=C(C=C1)C#N,failed,0,
CS(=O)(=O)[O],CCCCCCOC(=O)[NH]=C(N)c1ccc(NCC2=Nc3cc(ccc3N2C)C(=O)N(CCC(=O)OCC)c2ccccn2)cc1,salt,1,JIHLIZ
CC(CCC(N)=O)C1CCC2C3C(O)CC4CC(O)CCC4(C)C3CC(O)C12C,Cc1cccc(Cl)c1,cocrystal,2,VIZPEA
FC(F)(F)S(=O)(=O)[O],CN1C2=NC(=NSC2=C(Cl)C2=C1N=C(N=[S]2)c1ccccc1)c1ccccc1,salt,1,YAPWIW
OC(=O)C1=CC=CC=C1O,COC1=CC=C(C=C1)C(O)=O,failed,0,
O=C([O])c1ccccn1,[NH2]1CCNCCNCC[NH2]CCNCCNCC1,hydrate,3,DAQYAW
CC(C)[NH2]C(C)C,FC(F)(F)C(F)(F)C(=O)[O],salt,1,VUPTUW
c1cc(ccn1)c1ccncc1,CC1c2cc(C(C)c3cc(C(C)c4cc(C(C)c5cc1c(O)cc5O)c(O)cc4O)c(O)cc3O)c(O)cc2O,cocrystal,2,QOQDIJ
O=N(=O)[O],N#CC(=Cc1cc[n](Cc2ccccc2)cc1)c1ccccc1,salt,1,VAQJEF
Cc1c[nH]cc(C)c1,ClC1=C([O])C(=O)C(=C([O])C1=O)Cl,hydrate,3,CECQOT
FP(F)(=O)[O],N(c1ccccc1)C1=N[N](=CN1c1ccccc1)c1ccccc1,salt,1,REKSAF
Nc1cc(ccc1C(=O)[O])N(=O)=O,[NH3]N,hydrate,3,TALVIO
CC(C)C1=[NH]C(=CC(=O)N1)C,OC(=O)c1cc(cc(c1[O])N(=O)=O)N(=O)=O,hydrate,3,VABZIJ
NC(=O)c1cccnc1,OC(=O)CC(O)(CC(O)=O)C(O)=O,cocrystal,2,CUYXUQ
CSC1=Nc2cc(Oc3cccc(Cl)c3Cl)c(Cl)cc2N1,OC(=O)c1cc(cc(c1)N(=O)=O)N(=O)=O,solvate,3,CARTIA
O=S(=O)([O])[O],[NH3]c1cccc(c1)S(N)(=O)=O,hydrate,3,QOYXIO
[NH3]C1CN(CC21CC2)c1c(F)cc2C(=O)C(=CN(C3CC3F)c2c1Cl)C(O)=O,OC(=O)C=CC(=O)[O],hydrate,3,LUVDIR
CC(=O)NC1=CC=C(O)C=C1,NC(=O)C1=CN=CC=C1,failed,0,
C1=CC=C(C=C1)N=NC1=CC=CC=C1,O=C(C1=CC=CC=C1)C(=O)C1=CC=CC=C1,failed,0,
NC(=O)CCC(N)=O,C1=NC=CC(=C1)C1=CC=NC=C1,failed,0,
C1=CC=C2C(=C1)C=CC1=C2C=CC2=CC=CC=C12,N1C2=CC=CC=C2C2=CC=CC=C12,failed,0,
OC1=CC=C(C=C1)[N+](=O)[O-],C(C1=CC=CC=C1)C1=CC=CC=C1,failed,0,
CC1=C(C(=NN1)C)C1=C(C)NN=C1C,Oc1cccc(O)c1,cocrystal,2,EBIMIM
CCC1(CC)C(=O)NC(=O)[N]C1=O,CN(C)C(=[NH2])N=C(N)N,solvate,3,ZEWYOT
OC(=O)C(=O)[O],[NH3]C=CC12C=C(CC)CCC1N(C)c1ccccc21,solvate,3,IHUGAV
CN(C)c1ccc2nc3ccc(cc3[s]c2c1)N(C)C,OS(=O)(=O)[O],salt,1,KIDHEN
Nc1[nH]c(N)nc(N)n1,O[PH]([O])[O],hydrate,3,VAGTIH
c1ccccc1,CC(C)N(C(C)C)C(=O)C(=O)c1ccc(cc1)C(=O)N(C)C(C)C(O)c1ccccc1,cocrystal,2,NAJBOQ
NN1C(=[NH]N=C1c1ccc(O)cc1)c1ccc(O)cc1,OC(=O)c1cc(ccc1O)S(=O)(=O)[O],salt,1,VIMGEH
NC1=C(C#N)C(c2ccc(Cl)cc2)C2(SC(=O)NC2=O)C(c2ccc(Cl)cc2)C1(C#N)C#N,CCNCC,solvate,3,LUKJEH
CC1(C)C2CC1C1=C(C2)SC2=C(SC(S2)=C2SC3=C(SCCS3)S2)S1,N#CC(C#N)=C1C=CC(C=C1)=C(C#N)C#N,cocrystal,2,SUVFUL
S=C1Nc2ccccc2S1,II[S]=C1Nc2ccccc2S1,cocrystal,2,CEHPUC
C[NH2]C,[H](OC(=O)CN1C(=O)c2ccc(cc2C1=O)C(=O)[O])OC(=O)CN1C(=O)c2ccc(cc2C1=O)C(=O)[O],hydrate,3,WITZOP
O=P([O])([O])c1ccccc1,NC(N)=[NH2],hydrate,3,BACDOY
Oc1cc(cc(O)c1O)C(=O)[O],N1C=C[NH]=C1C1=[NH]C=CN1,hydrate,3,KOLVAJ
OC1=CC2=CC=CC=C2C=C1,O=[N+]([O-])C1=CC(=CC=C1)[N+](=O)[O-],failed,0,
OC(=O)C1=C(O)C2=CC=CC=C2C=C1,COC1=CC2=C(C=C1)N(C(=C2CC(O)=O)C)C(=O)C1=CC=C(Cl)C=C1,failed,0,
O=C1C(=O)c2ccccc2c2ccccc12,N1c2ccccc2c2ccc3c(Nc4ccccc34)c12,cocrystal,2,XIJJOT
NC(N)=O,Cc1ccc2ccc(C)nc2n1,cocrystal,2,IDELIO
COc1cc(Cc2cnc(N)nc2N)cc(OC)c1OC,COc1ccc([nH]n1)[N]S(=O)(=O)c1ccc(N)cc1,cocrystal,2,QASHEX
FC(F)(F)Cc1ccc(CN2CC[NH2]CCCN(CC[NH2]CCC2)Cc2ccc(CC(F)(F)F)cc2)cc1,CC(=O)[O],solvate,3,NABVEV
OC(=O)C(F)(F)F,CC(C)CC(NC(=O)C(C)C(C)NC(=O)C(C)C(N)C(C)C)C(C)C(=O)OCc1ccccc1,hydrate,3,GOYHEH
[NH3]Cc1cccc2ccccc12,O=S(=O)([O])c1ccc2ccccc2c1,salt,1,OHOXAN
O=N(=O)C1=NNC(=N1)[O],C[NH2]C,salt,1,QAKFAK
COC1=CC=CC(=C1)C(O)=O,CC1=CC2=C(C=C1C)N(CC(O)C(O)C(O)CO)C1=NC(=O)NC(=O)C1=N2,failed,0,
COC1=CC=CC=C1C(O)=O,CC1=NC=C(CO)C(=C1O)CO,failed,0,
CS(=O)(=O)[O],CN(C)c1cc[n]2cc3Cc4ccccc4c3c(c3ccccc3)c2c1,hydrate,3,TATZUK
O=C([O])C1=CC=CS1,Cc1[nH]c(N)nc(C)c1,salt,1,XOMZIK
COC1=CC=CC=CC1=O,CC1(C)OC(C(O1)C(O)(c1ccccc1)c1ccccc1)C(O)(c1ccccc1)c1ccccc1,cocrystal,2,FEMMAM
Cc1c(C)c(C)c(C)c(C)c1C,N#Cc1cc(C#N)c(cc1C#N)C#N,cocrystal,2,CYBHMB
O=N(=O)[O],NN1C(=[NH]N=C1C1=N[NH]=C(N)N1)N,hydrate,3,YATGEJ
NC1=NC(=NN1C1=N[N]N=N1)N(=O)=O,NC(N)=[NH2],hydrate,3,FOXJOT
O=N(=O)NCCNN(=O)=O,NN1C(=NN2C(=NN=C12)N)N,cocrystal,2,ONIHEB
Cc1cc[n]2CCc3c(C)c(C)c4CC[n]5ccc6ccccc6c5c4c3c2c1,FC(F)(F)S(=O)(=O)[O],solvate,3,AKOHIT
C1CCC2N=C(NC2C1)C1=CC=CS1,COC(C(O)=O)(c1ccccc1)C(F)(F)F,solvate,3,UTUHUN
OC(=O)C(=O)[O],[NH3]CCCC,hydrate,3,IGUNED
OC(=O)C=CC(O)=O,O=N(=O)c1ccc2ncccc2c1,cocrystal,2,UDACOV
C1COCCOCCOc2ccccc2OCCOCCO1,NC(=O)c1cccnc1,cocrystal,2,CIPHAL
OCC(O)C1OC(=O)C(=C1O)O,NC(=O)C1=CC=C(N)C=C1,failed,0,
FC(F)(F)S(=O)(=O)[O],C[N]1=NN(O)c2ccccc12,salt,1,LUGFIE
O=C([O])c1cc(cc(c1)N(=O)=O)N(=O)=O,C(CN1C=[NH]c2ccccc12)OCCN1C=[NH]c2ccccc12,hydrate,3,CIXLUS
OC(=O)CCCCCCCC(O)=O,C(N1C=CN=C1C1=NC=CN1CC1=CC=CC=C1)C1=CC=CC=C1,failed,0,
NC1=CC=C(C=C1)C(O)=O,NC(=O)C1=CC=CC=C1,failed,0,
C(N(CC1=[NH]c2ccccc2N1)CC1=[NH]c2ccccc2N1)C1=[NH]c2ccccc2N1,O=N(=O)c1cc(c([O])c(c1)N(=O)=O)N(=O)=O,solvate,3,PAXZOF
O=C(OCCCCCCCC[n]1ccccc1)c1ccc(nc1)c1ccc(cn1)C(=O)OCCCCCCCC[n]1ccccc1,Cc1ccc(cc1)S(=O)(=O)[O],salt,1,LIJZAH
O=C1CCCC(=O)N1,Nc1nc(N)nc(N)n1,cocrystal,2,REGKIX
CC1=C(C=C(C=C1)[N+](=O)[O-])[N+](=O)[O-],OC1=C(C=C(C=C1[N+](=O)[O-])[N+](=O)[O-])[N+](=O)[O-],failed,0,
COc1ccc2c[n](C)c3c4cc5OCOc5cc4ccc3c2c1OC,FC(F)(F)S(=O)(=O)[O],solvate,3,OKAMUJ
OC(C#CC#CC(O)(c1ccccc1)c1ccccc1Cl)(c1ccccc1)c1ccccc1Cl,CN(C)C(=O)C(=O)c1ccccc1,cocrystal,2,GIMKIW
Fc1c(I)c(F)c(I)c(F)c1I,c1ccc2c(c1)c(C=Cc1cccnc1)c1ccccc1c2C=Cc1cccnc1,cocrystal,2,VEBMUO
CC12CCC3C(CCc4cc(O)ccc34)C1CCC2(O)C#C,Cc1nc(C)c(C)nc1C,hydrate,3,NOTDOS
O=[N+]([O-])C1=CC(=CC=C1)[N+](=O)[O-],OC(=O)C1=CC(=CC=C1)[N+](=O)[O-],failed,0,
OC(=O)C1=CC(=CC(=C1)[N+](=O)[O-])[N+](=O)[O-],COC1=CC=C(C=C1)C(O)=O,failed,0,
CCC1(CC)C(=O)NC(=O)NC1=O,CN(C)P(=O)(N(C)C)N(C)C,cocrystal,2,BARHMP
COC1=CC=CC(=C1)C(N)=O,NC(=O)C1=CN=CC=C1,failed,0,
O=C([O])c1cccc(c1)C(=O)[O],NC(=[NH2])c1ccc(cc1)C(N)=[NH2],hydrate,3,ZEFSUB
OC(=O)CCC(=O)[O],Fc1ccc(cc1)C(N1CC[NH](CC1)CC=Cc1ccccc1)c1ccc(F)cc1,salt,1,LESVEM
O=C(c1ccccc1)c1ccncc1,IN1C(=O)CCC1=O,cocrystal,2,SECYAD
O=C[O],Cc1cc(C)cc(NC(N)=NC(N)=[NH]c2cc(C)cc(C)c2)c1,salt,1,QUPSIE
OC(=O)CCSCCC(O)=O,COC1=CC=CC=C1C(N)=O,failed,0,
Cc1cc(C)c(c(C)c1)S(=O)(=O)[O],CC[n]1ccc2cc(C=Cc3ccc(cc3)N(C)C)ccc2c1,salt,1,EHAJEF
FC(F)(F)S(=O)(=O)[N]S(=O)(=O)C(F)(F)F,CN1C(=[N](C)C(=C1C)C)C,salt,1,EJIVAV
Oc1cccc(O)c1,CC(C)CCCC(C)C1CCC2C(CCCC12C)=CC=C1CC(O)CCC1=C,cocrystal,2,IMIWAF
NC(=O)c1nc(F)cnc1O,NC(=O)c1ccccc1O,cocrystal,2,QOQNIX
C1=NC=CC(=C1)C1=CC=NC=C1,CC1=CC=C(C=C1)C(N)=O,failed,0,
[NH2]1CC[NH2]CC1,OC(=O)c1cccc(c1C(=O)[O])N(=O)=O,hydrate,3,QEDLEU
CCCCCCCC(O)=O,OC(=O)C1=CC(=CC=C1)F,failed,0,
OC(=O)c1ccc(cc1)C(O)=O,O1C(=NN=C1c1ccncc1)c1ccncc1,cocrystal,2,NANQOJ
CC1(C)C2CCC1(C)C(=O)C2,CC(N)(CO)CO,failed,0,
OC(=O)CCCCC(O)=O,Cc1ccc(cc1)c1nc(N)nc(N)n1,solvate,3,SABBEF
OC(=O)C1CCC(=O)N1,CN1C(=C(O)C2=CC=CC=C2S1(=O)=O)C(=O)NC1=CC=CC=N1,failed,0,
OP(O)(=O)CCCCP(O)(=O)[O],[nH]1ccc(cc1)c1ccncc1,hydrate,3,OBOZIP
Clc1ccc2N(C3CC[NH](CCCN4C(=O)Nc5ccccc45)CC3)C(=O)Nc2c1,O=C([O])CCCCC(=O)[O],hydrate,3,KEXLIM
OC(=O)CNC(=O)NCC(O)=O,O=C(NCc1ccncc1)NCc1ccncc1,cocrystal,2,CAJRIP
NC(=O)C1=CC=CC=C1N,NC(N)=O,failed,0,
c1ccc(cc1)c1c2ccccc2c(c2ccccc2)c2ccccc12,Fc1c(F)c(Br)c(F)c(F)c1Br,cocrystal,2,FONVEN
NC1=CC=CC2=CC=CC=C12,OC(=O)C1=CC=CC=C1,failed,0,
Oc1c(ccc2ccccc12)C(=O)[O],OCC[NH2]CCO,salt,1,EXISOW
[O][N]1=C(C(=NO1)N=[N]=[N])C1=NN=N[N]1,NN1C(=NN2C(=[NH]N=C12)N)N,hydrate,3,QIYNOE
[nH]1ccc(cc1)C=Cc1cc[nH]cc1,OC(=O)C1CC(CC(C1)C(=O)[O])C(O)=O,salt,1,EJUZAK
Nc1ccc(N)cc1,Oc1ccc2cc(O)ccc2c1,cocrystal,2,SARDOE
CC1=NC(=NC(=C1)C)NS(=O)(=O)C1=CC=C(N)C=C1,OC(C(O)C(O)=O)C(O)=O,failed,0,
Oc1c(cc(c([O])c1N(=O)=O)N(=O)=O)N(=O)=O,[N]=[N]=NC1=[NH]C=CN1,hydrate,3,TEDFAL
OC(c1ccccc1)(c1ccccc1)c1ccccc1,Nc1cc(cc(N)c1N(=O)=O)N1CCOCC1,cocrystal,2,KOXTAU
[NH3]C(CO)C(O)=O,O=S(=O)([O])c1cccc2c1cccc2S(=O)(=O)[O],hydrate,3,GUQBUR
c1ccc2cc3ccccc3cc2c1,O=C1c2ccc(cc2C(=O)c2cc(ccc12)N(=O)=O)N(=O)=O,cocrystal,2,TECSAV
Cc1ccc(NC(=O)Nc2c[nH]ccc2)c(C)c1,O=N(=O)[O],hydrate,3,PIHLOI
CC1=C(C=CC=C1[N+](=O)[O-])[N+](=O)[O-],CC1=CC=C(N)C=C1,failed,0,
[NH2]1CC[NH2]CC1,OC(CC(=O)[O])C(=O)[O],hydrate,3,TEWXEY
N#CC(C#N)=C1C=CC(C=C1)=C(C#N)C#N,CCCCN1C=C(C(=O)NC1=O)C1=CSC(S1)=C1SC2=C(OCCO2)S1,cocrystal,2,ZEFWAK
OC(=O)CC(=CC(O)=O)C(O)=O,OC(=O)C1=CC(=CC=C1)F,failed,0,
[nH]1ccc(cc1)c1cc[nH]cc1,OP(O)(=O)CCCCCCCCP(O)(=O)[O],salt,1,ULIJIK
NC1=NC=C(Br)N=C1Br,OC(=O)CCCCCCCC(O)=O,failed,0,
CN1C(=C(O)C2=CC=CC=C2S1(=O)=O)C(=O)NC1=CC=CC=N1,OC(=O)C=CC1=CC=CC=C1,failed,0,
COc1cc(cc(OC)c1O)C(O)=O,NC(=O)c1cnccn1,cocrystal,2,XEFFAT
C1CSCCS1,OC(=O)c1c(F)c(F)c(I)c(F)c1F,cocrystal,2,HIZQOY
Nc1[nH]c(N)nc(N)c1,Clc1ccc(cn1)C(=O)[O],hydrate,3,KOCHIX
CC1=NC=C(CO)C(=C1O)CO,OC(=O)C1=CC=CC=C1O,failed,0,
O=N(=O)[C](C1=NN=C(O1)[C](N(=O)=O)N(=O)=O)N(=O)=O,[NH4],hydrate,3,KAWTOU
CC[NH2]CC,[O]N1N=NN=C1C1=NN=NN1[O],salt,1,MUHKAE
F[P](F)(F)(F)(F)F,C[n]1ccccc1c1ccc(F)cc1F,salt,1,JEMGEQ
O=C([O])[O],[NH2]=C(NCCCCCCNC(=N)NC(=[NH2])Nc1ccc(Cl)cc1)NC(=N)Nc1ccc(Cl)cc1,hydrate,3,AMASIS
CCOC12N(N=C3C(c4ccccc4C3=C1C(=O)c1ccccc21)=C1C(=O)c2ccccc2C1=O)c1ccc(OC)cc1,Cc1ccccc1,hydrate,3,MUKLOT
OC(=O)CC(O)(CC(O)=O)C(O)=O,CC(=O)Nc1ccc(O)cc1,cocrystal,2,AMUBAM
OC(C(=O)[O])c1ccc(F)cc1,[NH3]C(C(O)c1ccccc1)c1ccccc1,salt,1,MOXXAB
O=C1[N]S(=O)(=O)c2ccccc12,NC1=[NH]C=CS1,hydrate,3,DOWNIP
OC(=O)C=CC(=O)[O],COc1cc(Cc2c[nH]c(N)nc2N)cc(OC)c1OC,salt,1,CURSAL
O=C([O])CCC(=O)[O],CC(C)Oc1ccccc1N1CC[NH](CC1)Cc1cccc(c1)C(=O)N1CCCCC1,solvate,3,PUTFAL
CCOc1ccc(cc1)C=Cc1cccc[n]1C,Clc1ccc(cc1)S(=O)(=O)[O],hydrate,3,IKATUK
Oc1ccc(cc1)N=Nc1ccccc1C(=O)[O],CN(C)c1cc[nH]cc1,salt,1,DUJLEA
CN1C=NC2=C1C(=O)N(C)C(=O)N2C,COC1=CC=CC(=C1)C(N)=O,failed,0,
CN1C(=C(O)c2ccccc2S1(=O)=O)C(=O)Nc1ccccn1,NS(=O)(=O)c1cc(C(O)=O)c(NCC2=CC=CO2)cc1Cl,cocrystal,2,SARQUB
OC(=O)c1c(F)c(F)c(F)c(F)c1F,Cc1cc(C)cc(NC(=O)C(=O)Nc2cc(C)cc(C)c2)c1,cocrystal,2,NIPVOY
COC1CCC23CC[NH](Cc4cc(OC)c(OC)c(O)c24)C3C1,O=N(=O)c1cc(c([O])c(c1)N(=O)=O)N(=O)=O,salt,1,HIPPIC
OS(=O)(=O)[O],CSC(=[NH2])NN=Cc1ccc(O)c2ccccc12,hydrate,3,ESOTIR
OC(=O)C1=CC=CC=C1O,CCCCCCCC(O)=O,failed,0,
O=[Cl](=O)(=O)[O],[nH]1ccc(cc1)c1ccc(cc1)c1cc[nH]cc1,salt,1,MEBBAA
COc1ccc(cc1)N1C(c2ccc(C)cc2)C2(C(=O)N(C)C32CCCCC3)C1=O,CN(=O)=O,cocrystal,2,KOMVUH
Oc1ccc(O)cc1,COc1ccc(cc1)C=NCCN=Cc1ccc(OC)cc1,cocrystal,2,TICKEV
c1cc(ccn1)c1ccncc1,NS(=O)(=O)c1cc(C(O)=O)c(NCC2=CC=CO2)cc1Cl,cocrystal,2,BOKHAM
Clc1cc(ccc1C(=O)[O])N(=O)=O,Cc1cc[nH]c(N)c1,salt,1,JOTYAV
C1=CC=C(C=C1)C1=CC=CC=C1,ClC1=CC=C(Cl)C=C1,failed,0,
CN1C(=O)N(C)C2=C(NC=N2)C1=O,OC(=O)c1ccc2ccccc2c1O,cocrystal,2,KIGLIW
[S]C#N,COc1ccc2cc3[n](CCc4cc5OCOc5cc34)cc2c1OC,salt,1,UCADAD
CN1C=NC2=C1C(=O)N(C)C(=O)N2C,NC(=O)C1=CC(=CC=C1)N,failed,0,
NC1=NC=C(Br)N=C1Br,OC(=O)CCCC(O)=O,failed,0,
CC1COc2c3ccccc3c(cc2c2cccc3cccc(C(=[NH2])N1)c23)c1c(O)cccc1O,O=C[O],salt,1,KAJTAS
NC(=O)C1=CC=CC=C1,OC(=O)C1=CC=C(O)C=C1,failed,0,
COC1=CC(=CC(=C1)OC)C(O)=O,OC(=O)C1=CC(=CC(=C1)[N+](=O)[O-])[N+](=O)[O-],failed,0,
OC(=O)C=CC(O)=O,COC1=CC=CC=C1C(O)=O,failed,0,
OCC(O)C1OC(=O)C(=C1O)O,OC(=O)C1=CC=CC=C1F,failed,0,
Fc1c(F)c(F)c2C#CC#Cc3c(F)c(F)c(F)c(F)c3C#CC#Cc2c1F,c1ccc2C#CC#Cc3ccccc3C#CC#Cc2c1,cocrystal,2,WUVVUE
[NH3]C1(CCCC1C(=O)[O])C(O)=O,[NH3]C1(CCCC1C(O)=O)C(=O)[O],hydrate,3,SUHHOS
CC(C)(C)[P](=O)c1ccccc1,CC(C(O)=O)c1ccccc1,cocrystal,2,CABTEG
Brc1cnc2c(c1)C(=O)c1cc(Br)cnc21,BrC1=C(Br)C(=O)NC1=O,cocrystal,2,DAMSAM
OC(=O)c1ccc(cc1)C(O)=O,NC(=O)c1cnccn1,cocrystal,2,YEQGUA
Fc1c(I)c(F)c(I)c(F)c1I,C1CSCCS1,cocrystal,2,ZARBED
[NH3]c1cccc(Cl)c1C,O=P1([O])OP(=O)([O])OP(=O)([O])OP(=O)([O])OP(=O)([O])OP(=O)([O])O1,hydrate,3,PIXWEA
Nc1cccc(n1)C#Cc1cccc(c1)C#Cc1cccc(N)n1,OC(=O)c1cccc(c1)C(O)=O,cocrystal,2,NUHMEI
CC(CCCC(O)=O)CC(O)=O,OC(=O)CCCCCCCCC(O)=O,failed,0,
[nH]1ccc(cc1)c1ccccc1,Oc1c(Cc2c(O)c(cc3ccccc23)C(=O)[O])c2ccccc2cc1C(=O)[O],solvate,3,WOSHOD
[NH3]C(C(N)=O)c1ccccc1,CC(CC(=O)[O])C(O)=O,salt,1,TOJMIR
Cc1ccc(cc1)S(=O)(=O)[O],CCCCCC[N]1=CN(C)C=C1,salt,1,MAPPEA
OC(=O)C1=CC=C(F)C=C1,OC(=O)CCSCCC(O)=O,failed,0,
Fc1c(F)c(I)c(F)c(F)c1I,Nc1ncc(Br)nc1Br,cocrystal,2,PAMLUM
OC(C(O)C(O)=O)C(O)=O,CC(c1ncncc1F)C(O)(CN1C=NC=N1)c1ccc(F)cc1F,cocrystal,2,IFUVAK
C1CCC([S]2c3ccccc3Sc3ccccc23)C(C1)[S]1c2ccccc2Sc2ccccc12,O=[Cl](=O)(=O)[O],solvate,3,WEMHOL
C(Cc1ccncc1)Cc1ccncc1,OC(=O)c1cccnc1Nc1cccc(c1)C(F)(F)F,cocrystal,2,QELFEW
O=C([O])CC1=CSc2ccccc12,[NH3]C(C(O)c1ccccc1)c1ccccc1,solvate,3,QOSWOM
[NH2]=C1NC(=O)NC=C1F,O=C1[N]S(=O)(=O)c2ccccc12,salt,1,SIJXEQ
O=N(=O)[N]N(=O)=O,N[C](N)N1N=C(N)N=C1N,salt,1,YOPDEN
NC(=O)C1=CC=C(C=C1)[N+](=O)[O-],OC(=O)CC(=CC(O)=O)C(O)=O,failed,0,
c1ccccc1,CC(C)c1cc2c(cc3c(CCCC3(C)C)c2cc1O)C(C)=O,cocrystal,2,JICJOU
COc1ccc2cc3[n](CCc4cc(OC)c(OC)cc34)cc2c1OC,Nc1ccc(O)c(c1)C(=O)[O],salt,1,BIRFAN
Nc1ccccc1,S=P(c1ccccc1)(c1ccccc1)c1cccc2cc3ccccc3cc12,cocrystal,2,BARXAX
NC(N)=[NH2],NC(=N)[C](N(=O)=O)N(=O)=O,salt,1,XODDUQ
CC(=O)NC1=NN=C(S1)S(N)(=O)=O,OC(=O)C1=CC=CC=C1,failed,0,
C[N](C)(C)C,FC(F)(F)C(F)(F)S(=O)(=O)[N]S(=O)(=O)C(F)(F)C(F)(F)F,salt,1,XEFCES
I[I]I,[NH3]C(C)C(O)=O,salt,1,RELKEB
FC(F)(F)C(=O)[O],FC(F)(F)c1ccc(NC(=O)C2(CC(C=C)C3[NH2]CCC23)C(=O)Nc2ccc(cc2)C(F)(F)F)cc1,salt,1,JEXHUS
[NH3]N,O=N(=O)[CH]N(=O)=O,salt,1,YIRDAG
CN1C(=O)N(C)C2=C(NC=N2)C1=O,OC(=O)c1ccc(F)c(c1)N(=O)=O,cocrystal,2,ZEKPIR
O=C1CC=CC=CC=C1,OC(C#CC#CC(O)(c1ccccc1)c1ccccc1Cl)(c1ccccc1)c1ccccc1Cl,cocrystal,2,TAFDIN
NC(=[NH2])c1cccc2cc3cccc(C(N)=[NH2])c3cc12,O=C([O])CC12CC3CC(C1)CC(C3)(CC(=O)[O])C2,hydrate,3,VEKZES
OC(=O)C=CC(O)=O,NC(=O)CN1CCCC1=O,failed,0,
CC(=O)NC1=CC=C(O)C=C1,CCC1(C(=O)NC(=O)NC1=O)C1=CC=CC=C1,failed,0,
OC(=O)CCCCCCC(O)=O,CC(C(C)C(O)=O)C(O)=O,failed,0,
ON=Cc1ccc(cc1)N(=O)=O,C1COCCOCCOCCOCCOCCO1,hydrate,3,CEHHAY
Oc1cccc(O)c1,[O]n1ccc(cc1)C1=NN=C(O1)c1ccn([O])cc1,cocrystal,2,WAJVOU
C[N]1=C(Sc2ccccc12)C=Cc1ccc(O)cc1,F[P](F)(F)(F)(F)F,hydrate,3,REYYED
[NH3]O,O=N(=O)[N]C1=NN=NN1C1=N[N]N=N1,hydrate,3,DEJDUU
c1ccc(cc1)[P](c1ccccc1)(c1ccccc1)c1ccccc1,CCCN1C(=O)c2c(C#N)c(C#N)c3C(=O)N(CCC)C(=O)c4c(C#N)c(C#N)c(C1=O)c2[c]34,solvate,3,QIQMOV
OC(=O)CCCCCCCCC(O)=O,OC(=O)CCCC(O)=O,failed,0,
Oc1ccc(cc1)C1(CCCCC1)c1ccc(O)cc1,[O][n]1cccc2ccccc12,cocrystal,2,SIPSIU
O=[Cl](=O)(=O)[O],O=C(Nc1c[nH]ccc1)OCCOCCOC(=O)Nc1c[nH]ccc1,hydrate,3,QABPAM
O=N(=O)c1cc(c([O])c(c1)N(=O)=O)N(=O)=O,C[NH](C)CCCN1c2ccccc2CCc2ccc(Cl)cc12,salt,1,DUNGAV
NC(=O)C1=CC=C(O)C=C1,OCC(O)C1OC(=O)C(=C1O)O,failed,0,
OC(=O)c1cc(O)ccc1O,O=C1CN(CC2N1CCc1ccccc21)C(=O)C1CCCCC1,solvate,3,AVEHIV
F[P](F)(F)(F)(F)F,COc1ccc2C3CCC4(C)[NH](CCCC4C3CCc2c1)CCc1ccccn1,salt,1,EJULEA
OC(=O)C1=CC(=CC=C1)[N+](=O)[O-],CC1=CC2=C(C=C1C)N(CC(O)C(O)C(O)CO)C1=NC(=O)NC(=O)C1=N2,failed,0,
C1[NH]2CN3CN1CN(C2)C3,CC(C)c1cc(C(C)C)c(C(=O)c2ccc(cc2)C(=O)[O])c(c1)C(C)C,salt,1,TUVROU
[NH3]Cc1ccccc1,COc1cc(ccc1O)C(=O)[O],salt,1,DOXJUY
c1ccc2nccnc2c1,Fc1c(F)c(I)c(F)c(F)c1I,cocrystal,2,WIGVAM
O=P(c1ccccc1)(c1ccccc1)c1ccccc1,Oc1ccc2ccccc2c1c1c(O)ccc2ccccc12,cocrystal,2,UMETEL
NC(=O)C1=CC=CC=C1[N+](=O)[O-],NC(CCC(O)=O)C(O)=O,failed,0,
Cc1ncc(C[N]2=CSC(=C2C)CCOP(O)(O)=O)c(N)n1,O=N(=O)[O],hydrate,3,COYBAV
[NH3]C(C)c1ccccc1,O=C([O])Cc1cccc(c1)N(=O)=O,salt,1,XOHHEJ
OC(=O)C1=C(O)C=CC(=C1)O,CC(=O)NC1=CC=C(O)C=C1,failed,0,
CC(N)(CO)CO,CC1(C)C2CCC1(C)C(=O)C2,failed,0,
CC1=CC=C(C=C1)C(N)=O,CC1=NC=C(CO)C(=C1O)CO,failed,0,
CC1=[NH]c2ccccc2N1,O=S(=O)([O])[O],salt,1,JUFJUR
CC1=[NH]c2ccccc2N1,O=C([O])CC1SC(=O)NC1=O,hydrate,3,RISNUG
COC1=CC2=C(C=C1)N(C(=C2CC(O)=O)C)C(=O)C1=CC=C(Cl)C=C1,OC(=O)C1=CC=CC=C1O,failed,0,
OC1=CC=C(O)C=C1,NC1=CC=CC(=C1)C(O)=O,failed,0,
C[N](C)=C(N)N,O=P(c1ccccc1)(c1ccccc1)c1cccc(c1)S(=O)(=O)[O],hydrate,3,GELDEH
C1=NC=CC(=C1)C1=CC=NC=C1,NC(=O)CCC(N)=O,failed,0,
[nH]1ccc(cc1)c1cc[nH]cc1,O=[Cl](=O)(=O)[O],salt,1,CIZRIM
NC(CCC(O)=O)C(O)=O,OC(=O)C1=CC(=CC=C1)F,failed,0,
NC(=[NH2])C(O)(O)C(N)=[NH2],O=S(=O)([O])[O],hydrate,3,XIRTIF
CC(C)(C)C1=NN2C(=C(C#N)c3nc(N)c4ccccc4c23)NC1=O,c1ccncc1,cocrystal,2,YABHES
CC1=CC=C(C=C1)C(O)=O,NC(CCC(O)=O)C(O)=O,failed,0,
OC(=O)c1ccc(O)cc1,O=C(C=CC=Cc1ccc2OCOc2c1)N1CCCCC1,cocrystal,2,DOQNAC
OC(=O)C(O)=O,c1cnccn1,cocrystal,2,GUDSUV01
CN1CC[NH]2CCCc3cccc(CCC[NH](CC1)CCN(C)CC2)c3[O],O=[Cl](=O)(=O)[O],salt,1,TEZNOB
OC(=O)CC(O)=O,CC(=O)NC1=NN=C(S1)S(N)(=O)=O,failed,0,
OC1=C(Cl)C(=O)C(=C(Cl)C1=O)O,O=C([O])c1[nH]c2ccccc2cc1,hydrate,3,FEHMAJ
c1ccccc1,O(c1ccccc1)c1c2ccccc2c(c2ccccc2)c2ccccc12,cocrystal,2,KUXZEK
Cc1ccccc1,O=C(Cc1ccc(cc1N(=O)=O)N(=O)=O)N(c1ccccc1)C1=CC(=O)C=CC1=O,cocrystal,2,GECYAQ
CN1[N](=C(O)C=C1C)c1ccccc1,O=[Cl](=O)(=O)[O],hydrate,3,MOLXIW
Cc1ccc(cc1)S(=O)(=O)[O],Cc1ccc(cc1)S(=O)(=O)N1C2C[NH]3CC(C2)CC1C3,salt,1,JEXMIL
CN(=O)=O,O=C1CN(N=CC2=CC=C(O2)c2ccc(cc2)N(=O)=O)C(=O)N1,cocrystal,2,GEYNEH
CC(C)N1C(C2=C[N](=CN2c2c(cccc2C(C)C)C(C)C)c2c(cccc2C(C)C)C(C)C)C(C)(C)CC1(C)C,FC(F)(F)S(=O)(=O)[O],solvate,3,MISGUT
O=S(=O)([O])c1c2COCCOCCOCCOCCOCCOCCOCCOCc1ccc2,[OH3],hydrate,3,JAGMAF
CC1(C)C(C=C(Cl)c2ccc(Cl)cc2)C1C(=O)OC(C#N)c1ccc(F)c(Oc2ccccc2)c1,Cc1ccc2cc(C)ccc2c1,cocrystal,2,JOJVAF
CC1(C)OC(C(O1)C(O)(c1ccc(F)cc1)c1ccc(F)cc1)C(O)(c1ccc(F)cc1)c1ccc(F)cc1,Cc1cccnc1,cocrystal,2,NODCER
OC(C(O)C(=O)[O])C(=O)[O],Nc1[nH]c(N)nc(N)n1,hydrate,3,TECFUD
[nH]1c[nH]c2ccccc12,[H](OC(=O)COc1cccc(c1)C(O)=O)OC(=[O])COc1cccc(c1)C(O)=O,salt,1,OCAKEJ
[NH3]C(Cc1[nH]c[nH]c1)C(=O)[O],OC(=O)CCCC(=O)[O],salt,1,ADAVUW
NC(N)=[NH2],Nc1ccc(cc1)S(=O)(=O)N=C1SC=C[N]1,hydrate,3,GEKKEQ
O=S(=O)([O])c1cccc2c1cccc2S(=O)(=O)[O],C(CCN1C=[NH]C=C1)CN1C=[NH]C=C1,hydrate,3,YUMRAB
CCCCC[NH2]c1c(O)c(ccc1[O])C(=O)OC,CCCCCNc1c(O)ccc(c1O)C(=O)OC,cocrystal,2,BIZPUZ
NC(=O)c1ccc(O)cc1,OC(=O)C=CC(O)=O,hydrate,3,GESCIS
COc1cccc(C(O)C[NH](C)C)c1OC(C)C,OC(=O)C(OC(=O)c1ccccc1)C(OC(=O)c1ccccc1)C(=O)[O],hydrate,3,WALFAQ
OC(=O)C1=CN=CC=C1,OC(=O)C1=CC=CC=C1O,failed,0,
OCCS(=O)(=O)[O],NC(=[NH2])c1ccc(C=Cc2ccc(cc2)C(N)=[NH2])cc1,hydrate,3,STILAM
OC(=O)C=CC(=O)[O],C[NH](C)CC=C=C1c2ccccc2C=Cc2ccccc12,salt,1,PYCHMA
COC1=CC2=C(C=C1)N(C(=C2CC(O)=O)C)C(=O)C1=CC=C(Cl)C=C1,OC(=O)C(O)=O,failed,0,
OC(C(O)C(=O)[O])C(O)=O,[NH3]C1CN(CC1OC)C(=O)OC(C)(C)C,salt,1,JUYFUE
C1C[NH]=C(CCC2=[NH]CCN2)N1,O=C([O])C#CC(=O)[O],hydrate,3,NEVXUH
OP(O)(=O)[O],Cc1cc[nH]c2ccccc12,salt,1,JIDPUL
OC(=O)c1ccccc1O,NC1=Nc2ccc(Br)cc2S1,cocrystal,2,CIXMED
COc1cc(Cc2c[nH]c(N)nc2N)cc(OC)c1OC,O=C([O])c1cccc(n1)C(=O)[O],hydrate,3,NATHEW
O=N(=O)C1=C([N]N=N1)[C](N(=O)=O)N(=O)=O,NNC(N)=[NH2],salt,1,NOPQES
O=C([O])c1cc(cc(c1)N(=O)=O)N(=O)=O,Clc1ccccc1C(N1C=[NH]C=C1)(c1ccccc1)c1ccccc1,solvate,3,UCAXUV
Fc1c(I)c(F)c(I)c(F)c1I,O=C(c1ccccc1)c1ccccn1,cocrystal,2,WEBZIQ
Cc1ccc(cc1)S(=O)(=O)[O],C[n]1ccc(C)cc1,salt,1,MUVZUY
CC1OC1P(O)(=O)[O],[NH3]C(CO)(CO)CO,salt,1,ROPMUH
Oc1cc(O)cc(O)c1,O=C(C=Cc1ccncc1)C=Cc1ccncc1,hydrate,3,APAMEK
CC1(CS(=O)(=O)[O])C2CCC1(C)C(=O)C2Br,CCN(C)(=[OH])c1ccccc1,salt,1,MEANBC10
OC(=O)CCCCCCC(O)=O,C(N1C=CN=C1C1=NC=CN1CC1=CC=CC=C1)C1=CC=CC=C1,failed,0,
OC(=O)C1=CC=CC=C1[N+](=O)[O-],CCCCCCCC(O)=O,failed,0,
OC(C(O)C(=O)[O])C(O)=O,Fc1ccc(cc1)C1CC2[NH2]C(CC2)C1COc1ccc2OCOc2c1,salt,1,FIYSIQ
CC(C(=O)[O])c1ccc(c(F)c1)c1ccccc1,[NH3]C(C)c1ccccc1,salt,1,KIDPAR
COc1cc2N3C4C5C(CC3=O)OCC=C3C[NH]6CCC4(C6CC53)c2cc1OC,OCC(NC(=O)c1cc(cc(c1)N(=O)=O)N(=O)=O)C(=O)[O],hydrate,3,CENKUD
Fc1c(F)c(I)c(F)c(F)c1I,O=C1C(=O)c2cccnc2c2ncccc12,cocrystal,2,EXIFEX
OC(C(O)C(=O)[O])C(O)=O,C1c2ccccc2C(C[N]21Cc1ccccc1C(C2)(c1ccccc1)c1ccccc1)(c1ccccc1)c1ccccc1,solvate,3,KOBMEX
[NH3]C(C(=O)[O])C(C)(C)C,OO,hydrate,3,OJOCOH
OC(=O)CCC1=CC=C(O)C=C1,CN1C(=C(O)C2=CC=CC=C2S1(=O)=O)C(=O)NC1=CC=CC=N1,failed,0,
C1=NC=CC(=C1)C1=CC=NC=C1,BrC1=CC=C(Br)C=C1,failed,0,
OC(=O)c1cccc(c1C(=O)[O])N(=O)=O,[nH]1ccccc1,salt,1,HICNEQ
NC(NC1=N[N]N=N1)=NN(=O)=O,[NH2]=C1NC2NC(NC2N1)=NN(=O)=O,hydrate,3,FOZLIQ
OC(=O)C=CC(O)=O,OC(=O)C1=CC(=CC=C1)F,failed,0,
Oc1ccc(O)c(c1)C(=O)[O],CCN1C=C(C(O)=O)C(=O)c2cnc(nc12)N1CC[NH2]CC1,salt,1,RIFFAR
[NH3]CCCCCC[NH3],O=P1([O])OP(=O)([O])OP(=O)([O])OP(=O)([O])O1,hydrate,3,GATZEH
Oc1ccc(CCC(=O)c2c(O)cc(O)cc2O)cc1,NNC(=O)c1ccncc1,cocrystal,2,CIMDUB
Oc1ccc(cc1)c1ccc(cc1)N(=O)=O,O=N(=O)c1cc[n]([O])cc1,cocrystal,2,RIDPEZ
[NH2]1CC[NH2]CC1,O=C([O])c1ccc(nc1)C(=O)[O],hydrate,3,YIFMUW
[NH3]C1CCCCC1NC(=O)OCc1ccccc1,OC(C(O)C(=O)[O])C(O)=O,salt,1,VODHEC
CN(C)C1=[NH]C(C)(C)C(=S)S1,O=N(=O)c1cc(c([O])c(c1)N(=O)=O)N(=O)=O,salt,1,ATZOPI
OC(=O)C=CC(=O)[O],[NH3]C1CCc2c(cccc12)C#N,salt,1,BOSQUZ
OC(C(O)C(=O)[O])C(O)=O,[NH2]1CCCC1,hydrate,3,XOJQUK
Fc1c(F)c(I)c(F)c(F)c1I,COc1cc(C(=O)Nc2ccncc2)c(OC)cc1C(=O)Nc1ccncc1,cocrystal,2,ROWDEP
OC(=O)CCCCCCCC(O)=O,CC(C)(CC(O)=O)C(O)=O,failed,0,
C1CCN(C1)c1cc[nH]cc1,O=C([O])C#C,salt,1,PEBPER
COC1=CC(=CC(=C1)OC)C(O)=O,CC1=C(C)C=C(C=C1)C(O)=O,failed,0,
Clc1ccc(cc1)C1=C(C#N)C(=O)NC(=C1C#N)[O],[NH2]1CCOCC1,salt,1,SICQOM
CC(C)(CC(O)=O)C(O)=O,OC(=O)CCCC(O)=O,failed,0,
C1=CC=C2C=CC=CC2=C1,NCCCCCCN,failed,0,
COC1=CC2=C(C=C1)N(C(=C2CC(O)=O)C)C(=O)C1=CC=C(Cl)C=C1,NC(N)=O,failed,0,
CC(C)(C)c1cc(cc(c1)C(C)(C)C)C(O)C1=CN(N=N1)c1cc(cc(c1)C(C)(C)C)C(C)(C)C,C1CCOc2ccc(CCCc3cccc(n3)c3cccc(CCCc4ccc(OC1)cc4)n3)cc2,cocrystal,2,FIXQUB
O=C([O])c1ccc(cc1)N(=O)=O,[NH4],hydrate,3,VIWYEH
Clc1ccccc1,N1C2=CC=C1C(=C1C=CC(=N1)C(=C1NC(=C(c3ccccc3)C3=CC=C(C2c2ccccc2)N3c2ccccc2)C=C1)c1ccccc1)c1ccccc1,cocrystal,2,TASFUO
O=S(=O)([O])[O],CC1=CC(=O)NC(=[NH2])N1,hydrate,3,SOJRUG
O=P1([O])OP2(=O)OP(=O)([O])OP(=O)(O1)O2,c1ccc(cc1)P(=[N]=P(c1ccccc1)(c1ccccc1)c1ccccc1)(c1ccccc1)c1ccccc1,salt,1,UQOSUQ
O=C([O])c1ccc(C=Cc2ccc(cc2)C(=O)[O])cc1,[NH3]CCCCCC,salt,1,QODQEJ
C(NCC1=Nc2ccccc2N1)C1=[NH]c2ccccc2N1,O=[Cl](=O)(=O)[O],salt,1,KESJUO
Cc1ccc(O)c(c1)N1C=N[N](=C1)c1ccccc1,O=[Cl](=O)(=O)[O],salt,1,SOPJOY
O=S(=O)([O])c1cccc2c1cccc2S(=O)(=O)[O],C[N](C)=C(C)O,salt,1,UFUDEH
F[P](F)(F)(F)(F)F,C1CC[N]2=CN(Cc3cccc4cc5cccc(CN6C=[N](C1)c1ccccc61)c5nc34)c1ccccc21,solvate,3,RENYUG
C1COCCOCCOCCOCCOCCO1,N1C=NC=N1,cocrystal,2,ZIJQOY
CC(=O)c1ccncc1,Nc1ccc(CO)cc1,cocrystal,2,UHEVIN
NS(=O)(=O)c1ccc(Br)cc1,O=C1CCCCN1,cocrystal,2,NUMJOW
CC1=C2C=CC=C(C)C2=CC=C1,CC1=CC2=C(C=C1)C=C(C)C=C2,failed,0,
[nH]1ccccc1c1ccccn1,OC(=O)c1cc(ccc1O)S(=O)(=O)[O],hydrate,3,RUCDIE
Nc1ccc(cc1)S(=O)(=O)Nc1ncccn1,c1cc(ccn1)C#Cc1ccncc1,cocrystal,2,TICROO
Br[Br]Br,Nc1cc[n](cc1Br)c1ncc(Br)c(N)c1Br,salt,1,YOFLUD
N1C=CN=C1,N1C=NC=N1,failed,0,
NC(=O)C1=CC=CC=C1,NC(=O)C1=CC=C(F)C=C1,failed,0,
OC(=O)C1=CC=C(C=C1)[N+](=O)[O-],OC1=CC=C(O)C=C1,failed,0,
C1=CC=C(C=C1)C1=CC=CC=C1,C(C1=CC=CC=C1)C1=CC=CC=C1,failed,0,
OC(=O)C1=CC=C(C=C1)[N+](=O)[O-],CC1=CC2=C(C=C1C)N(CC(O)C(O)C(O)CO)C1=NC(=O)NC(=O)C1=N2,failed,0,
CC(C)N1C(=CC2=[N](C)c3ccccc3N2C(C)C)N(C)c2ccccc12,FC(F)(F)S(=O)(=O)[O],solvate,3,SIFDAO
COC1=CC=C(C=C1)C(O)=O,OC(=O)C1=CC(=CC(=C1)[N+](=O)[O-])[N+](=O)[O-],failed,0,
OC(C(O)=O)c1ccccc1,CCOC(=O)C(O)c1ccccc1,cocrystal,2,ESAFIP
OC(Cc1ccccc1)C(O)=O,CC1(O)CCC2C3CCC4CC5=C(CC4(C)C3CCC12C)C=NN5,solvate,3,VOPFAJ
CN1C=NC2=C1C(=O)N(C)C(=O)N2C,NC(=O)C1=CC=C(F)C=C1,failed,0,
O=N(=O)c1ccc(cc1)N1C=[N](Cc2c3ccccc3cc3ccccc23)c2ccccc12,F[P](F)(F)(F)(F)F,salt,1,BEXYOU
CCN1C=C(C(O)=O)C(=O)c2cc(F)c(cc12)N1CC[NH](C)CC1,CS(=O)(=O)[O],hydrate,3,MATMAV
Oc1c(cc(c([O])c1N(=O)=O)N(=O)=O)N(=O)=O,[NH3]c1ccccc1OC,salt,1,ULIQEM
C1CN(CCO1)[P](O[P](N1CCOCC1)(N1CCOCC1)N1CCOCC1)(N1CCOCC1)N1CCOCC1,FC(F)(F)S(=O)(=O)[O],salt,1,GANJIO
Nc1cc[nH]cc1,O=C1c2ccccc2C(=O)[C]1c1c2ccccc2cc2ccccc12,hydrate,3,ENODAN
C[P]1(C)c2ccccc2[P](C)(C)[P]1(F)(F)(F)F,F[P](F)(F)(F)(F)F,salt,1,LUJJEI
Oc1ccc2ccccc2c1c1c(O)ccc2ccccc12,Cc1cncc(C)c1,cocrystal,2,XEYMAP
[NH3]N,O=N(=O)N=C1N[N]C(=N1)N(=O)=O,hydrate,3,CAZDOY
O=C1c2cccc(c2C(=O)c2cccc(c12)S(=O)(=O)[O])S(=O)(=O)[O],NC(N)=[NH2],hydrate,3,HELJUF
[O]N1=C2C=CC=CC2=N([O])c2ccccc12,N#CC(C#N)=C(C#N)C#N,cocrystal,2,NUCQEH
OC(C(O)C(=O)[O])C(O)=O,CN(C)c1cc[nH]cc1,hydrate,3,PIHSOO
OC(C(O)=O)c1ccccc1Cl,CCC(N1CCCC1=O)C(N)=O,cocrystal,2,OFEYUX
OC1=CC=CC(=C1)C=O,OC1=CC=CC=C1[N+](=O)[O-],failed,0,
COC1=C(O)C=CC(=C1)C=CC(=O)CC(=O)C=CC1=CC(=C(O)C=C1)OC,OC(=O)C1=CC=CC=C1O,failed,0,
O=C([O])c1ccccc1,[nH]1ccc(cc1)C1=NN=C(O1)c1ccncc1,salt,1,IKAJAG
CC1=CC2=CC=CC=C2C=C1,C1=CC=C2C=CC=CC2=C1,failed,0,
OC(=O)C(O)=O,CC1=CC=C(C=C1)C(O)=O,failed,0,
OC1=C(C=C(C=C1[N+](=O)[O-])[N+](=O)[O-])[N+](=O)[O-],O=[N+]([O-])C1=CC(=CC(=C1)[N+](=O)[O-])[N+](=O)[O-],failed,0,
OC(=O)C1=CC=C(F)C=C1,OC(CC(O)=O)C(O)=O,failed,0,
OC(=O)C=CC(O)=O,OC(=O)C1=CC=C(O)C=C1,failed,0,
Oc1ccccc1,CC(=O)N1N=C(CC1c1ccc2ccc3cccc4ccc1c2c34)c1ccccc1,cocrystal,2,DILSOI
CC[N](CC)(CC)CC,O=N(=O)C1=C[N]C=N1,salt,1,MEHXAZ
N(N=Cc1ccccc1)c1cc([nH]c(c1)c1ccccn1)c1ccccn1,F[P](F)(F)(F)(F)F,hydrate,3,EFIPOZ
Oc1ccccc1C(=O)[O],C[NH]1CCN(CC1)C1=Nc2ccccc2NC2=C1C=C(C)S2,salt,1,EFEDIG
c1ccccc1,Cc1cc(cc(C)c1O)C(c1ccc(cc1)N(=O)=O)c1cc(C)c(O)c(C)c1,cocrystal,2,KEBTUH
OC(=O)C1=CC=CC=C1[N+](=O)[O-],OC(=O)C(O)=O,failed,0,
Fc1c(I)c(F)c(I)c(F)c1I,C(N1C=CN=C1C1=NC=CN1Cc1cccnc1)c1cccnc1,cocrystal,2,EFUFOC
NC1=CC=C(O)C=C1,CC(=O)NC1=CC=C(O)C=C1,failed,0,
[O]n1ccn([O])cc1,NC(=O)N1c2ccccc2C=Cc2ccccc12,cocrystal,2,VIGGUO
FC(F)(F)S(=O)(=O)[O],CCC1=C(C)[P]N2N1P(P1N3N([P]C(=C3CC)C)C(=C1C)CC)C(=C2CC)C,salt,1,TIRDUX
Cc1[nH]c(C)ccc1,O=C[O],solvate,3,KARGAO
OC(=O)C1=CC=C(C=C1)[N+](=O)[O-],OC(=O)CC(=CC(O)=O)C(O)=O,failed,0,
C1=CC=C2C(=C1)C=CC1=CC=CC=C21,CC1=C(C)C=C(C)C(=C1)C,failed,0,
C[NH2]CC(O)c1ccc(O)cc1,O=C([O])CCC(=O)[O],salt,1,ZOTSOT
COc1ccc(COC2C3CCC(O)(C(O)CC4C(=C)CCC(O)C4(C)C2=O)C3(C)C)cc1,c1ccccc1,cocrystal,2,MOCNOH
Fc1c(F)c(I)c(F)c(F)c1I,c1cc(ccn1)C=Cc1ccncc1,cocrystal,2,QIHCAL
CC1=CC2=C(C=C1C)N(CC(O)C(O)C(O)CO)C1=NC(=O)NC(=O)C1=N2,OC(=O)C1=CC(=CC=C1)O,failed,0,
OC(=O)c1cc(cc(c1)N(=O)=O)N(=O)=O,Oc1c(Br)cc(Br)cc1C=Nc1cccnc1,cocrystal,2,ZEXHUI
S(Sc1ccncc1)c1ccncc1,OC(=O)COc1ccc(OCC(O)=O)cc1,cocrystal,2,AWUQUF
O=C([O])c1ccc(cc1)C(=O)[O],CC[NH]1CCN(CC1)c1cc2N(C=C(C(O)=O)C(=O)c2cc1F)C1CC1,hydrate,3,MELPUS
OC(CCl)C[P](c1ccccc1)(c1ccccc1)c1ccccc1,FC(F)(F)S(=O)(=O)[O],salt,1,MEQMEE
OC(C(=O)[O])c1ccccc1,[NH3]C(C(O)c1ccccc1)c1ccccc1,solvate,3,KOTNOY
CC(C)(C)[NH]1CCCN1C(C)(C)C,Cc1ccc(cc1)S(=O)(=O)[O],salt,1,AJEQOV
FC(F)(F)S(=O)(=O)[N]S(=O)(=O)C(F)(F)F,OC(c1ccccc1[PH](c1ccccc1)c1ccccc1C(O)(C(F)(F)F)C(F)(F)F)(C(F)(F)F)C(F)(F)F,salt,1,LOCYIO
COc1cc(C=CC(O)=O)ccc1O,FC1=CNC(=O)NC1=O,hydrate,3,EROBEV
O=S(=O)([O])c1ccc(cc1)c1ccc(cc1)S(=O)(=O)[O],[NH3]C(C)C,solvate,3,KEYSAJ
C1=NC=CN=C1,IC1=CC=C(I)C=C1,failed,0,
O=C1NC(=O)[C](C(=O)N1)N(=O)=O,C[N](C)(C)C,salt,1,MOWJOY
NC1=CC=C(C=C1)[N+](=O)[O-],OC1=CC=C(C=C1)[N+](=O)[O-],failed,0,
OC(=O)C1=CC=CC=C1,OC1=CC=C(C=C1)[N+](=O)[O-],failed,0,
ON1N=NN=C1C1=NN=NN1O,NN1C=CN=N1,cocrystal,2,UTEJAG
C1CN2CCN1CC2,IC#CI,cocrystal,2,MASWEK
[NH3]C(CC1=C[NH]=CN1)C(=O)[O],O=[Cl](=O)(=O)[O],salt,1,BOWJUT
O=N(=O)c1cc2N=S=Nc2c(c1)N(=O)=O,Nc1cccc2N=S=Nc12,cocrystal,2,VANSOV
CC1(C)C2CCC1(C)C(=O)C2,OC1=C(C=C(C=C1)[N+](=O)[O-])[N+](=O)[O-],failed,0,
NC1=CC=CC=C1C(O)=O,OCC(O)C1OC(=O)C(=C1O)O,failed,0,
OCCCCCCO,NC(N)=O,cocrystal,2,OTIYUM
Cc1ccccc1,OC(=O)c1cc(cc2C(=O)Oc3cc(ccc3c12)N(=O)=O)N(=O)=O,hydrate,3,VEMSEL
OC(=O)CCCCCC(O)=O,CC(C)(CC(O)=O)C(O)=O,failed,0,
OC(=O)CCCCCCCC(O)=O,CC(CCCC(O)=O)CC(O)=O,failed,0,
Nc1ccc(cc1)S(=O)(=O)Nc1ccc(Cl)nn1,Cc1ccncc1,cocrystal,2,JOKYAM
OC(=O)c1cc(cc(c1[O])N(=O)=O)N(=O)=O,[NH3]c1cccc(c1)C(O)=O,salt,1,ZAJHEX
COC1(COP(=O)([O])OC1)OC,[OH3],hydrate,3,VIVQUN
CCCC[P](CCCC)(CCCC)CCCC,Br[Br]Br,salt,1,AZAXAD
OC(=O)c1ccccc1S(=O)(=O)[O],[NH4],salt,1,AHCABS
NC(=O)C1=CN=CC=C1,CC(C(O)=O)C1=CC(=CC=C1)C(=O)C1=CC=CC=C1,failed,0,
O=N(=O)[N]N1C=CN=N1,NC(=[NH2])Nc1nnc(NC(N)=[NH2])nn1,salt,1,HIZTIU
CC(=O)NC1=CC=C(O)C=C1,C1=NC=CN=C1,failed,0,
O=N(=O)c1ccc(cc1)S(=O)(=O)[O],COc1ccc(C=CC=Cc2cc[n](C)cc2)cc1,salt,1,GURTUL
OC(=O)C1=CN=CC=C1,NC(=O)C1=CC=C(N)C=C1,failed,0,
CC(C)c1cccc(C(C)C)c1O,NC(=O)c1ccncc1,cocrystal,2,XOJYEC
O=N(=O)[O],NC1=[NH]C2CCCCC2N1,salt,1,VIWHES
Clc1cccc(c1)C(=O)[O],[NH3]CCc1ccc(O)cc1,salt,1,MEDCIJ
OC(=O)CCCCCCCCC(O)=O,Cc1cccc2SC(=Nc12)N,cocrystal,2,UKITUG
[NH3]F,FC(F)(F)S(=O)(=O)[O],salt,1,TANZUH
Oc1ccc(Br)cc1C=Nc1cccnc1,OC(=O)c1ccc(Cl)cc1,cocrystal,2,ZEXHES
CC(=O)NC1=CC=CC=C1,O=[N+]([O-])C1=CC(=CC=C1)[N+](=O)[O-],failed,0,
OS(=O)(=O)[O],Nc1[nH]cccc1N(=O)=O,hydrate,3,SEQBOF
ClC1=CC=CC=C1Cl,C1=CC=C2C=CC=CC2=C1,failed,0,
OC(=O)CCCCCCCCCCC(O)=O,OC(=O)CCCCCCCCC(O)=O,failed,0,
COc1ccc(cc1)C1=[NH]C(=C(N1)c1ccccc1)c1ccccc1,O=N(=O)c1cc(c([O])c(c1)N(=O)=O)N(=O)=O,hydrate,3,BEWGUJ
C1=CC2=C3C(=C1)C=CC1=CC=CC(=C31)C=C2,C1=CC=C2C(=C1)C=CC1=C2C=CC2=CC=CC=C12,failed,0,
OC(c1ccccc1)=C(C=C(C#N)C(=O)c1ccccc1)C#N,C1CCNCC1,cocrystal,2,UBIKUN
OC1=C(Cl)C(=O)C(=C(Cl)C1=O)[O],Cc1c[nH]c(cc1)c1ccc(C)cn1,salt,1,UWUJUS
c1ccc2nc3ccccc3cc2c1,OC(=O)c1ccc(cc1)C(O)=O,cocrystal,2,GAHFIF
OC(C1=CC=CC=C1)C(=O)C1=CC=CC=C1,OC1=CC(=CC=C1)O,failed,0,
Oc1cccc(O)c1,O=C1C=CC(=O)C=C1,cocrystal,2,BZQRES
[NH3]C(C(O)c1ccccc1)c1ccccc1,OC(CCc1ccccc1)C(=O)[O],solvate,3,GAGPEN
CN1C(=C(O)C2=CC=CC=C2S1(=O)=O)C(=O)NC1=CC=CC=N1,OC(C(O)C(O)=O)C(O)=O,failed,0,
N1C2=CC=CC=C2SC2=CC=CC=C12,OC1=CC2=CC=CC=C2C=C1,failed,0,
C(Cc1ccncc1)c1ccncc1,COc1ccc(cc1)C1=COc2cc(O)cc(O)c2C1=O,cocrystal,2,CANPUG
[NH3]c1ccc(cc1)N=Nc1ccccc1,OC(=O)c1cc(cc(c1)N(=O)=O)C(=O)[O],hydrate,3,KIWWIX
FC(F)(F)S(=O)(=O)[O],C[N](C)=CO,salt,1,BURWAP
C1=CC=C2C(=C1)C=CC1=C2C=CC2=CC=CC=C12,C1=CC2=CC3=CC=CC=C3C=C2C=C1,failed,0,
Cc1ccc(Nc2c(cc(cc2N(=O)=O)N(=O)=O)N(=O)=O)cc1,Cc1ccccc1,cocrystal,2,WOGZEY
O=C(NCc1ccncc1)C(=O)NCc1ccncc1,Fc1c(F)c(I)c(F)c(I)c1F,cocrystal,2,POWJIX
NC1=CC=C(C=C1)[N+](=O)[O-],OC1=CC=C(O)C=C1,failed,0,
OC(=O)c1cccc(O)c1O,[O]c1ccc2ccccc2c1C=[NH]c1ccccc1,cocrystal,2,ZOTHOI
CC1=CC(=O)N(N1)c1ccccc1,CC1=NN(C(=C1)O)c1ccccc1,cocrystal,2,PMPZOL
O=N(=O)c1ccc(Cc2cc[nH]cc2)cc1,Oc1ccc(cc1C(=O)[O])N(=O)=O,salt,1,NUQRAT
CC(C)(C)c1ccc(cc1)C(=O)[O],[NH3]CCC[NH3],hydrate,3,XIZPEB
CC(C)(CC(O)=O)C(O)=O,OC(=O)CCCCCCCCC(O)=O,failed,0,
COc1ccc(CCNC(=O)COc2cccc3cccnc23)cc1,Oc1cccc2c(O)cccc12,hydrate,3,VULTIG
N#Cc1ccccc1,N#CC(C#N)=C1C2=NSN=C2C(C2=NSN=C12)=C1C2=NSN=C2C(=C(C#N)C#N)C2=NSN=C12,cocrystal,2,NEXPEL
Cc1ccncc1,C(CNC1(c2ccccc2)c2ccccc2Oc2ccccc12)NC1(c2ccccc2)c2ccccc2Oc2ccccc12,cocrystal,2,AXUBED
C[N](C)(C)CC(O)=O,OC(=O)C=CC(=O)[O],salt,1,NASQED
N1C2=CC=CC=C2C2=CC=CC=C12,OC1=CC=C(C=C1)[N+](=O)[O-],failed,0,
NC(=O)CN1CCCC1=O,OC(=O)c1ccc(O)cc1,cocrystal,2,DAVPEW
OC(=O)C1(CCC1)C(=O)[O],[NH3]CCCCCCCCCCCCCC,salt,1,TOKVAR
S1c2ccccc2N(c2ccccn2)c2ccccc12,Cl,hydrate,3,RUHHIO
Oc1cccc(c1)C(=O)[O],CCN1C=C(C(O)=O)C(=O)c2cc(F)c(nc12)N1CC[NH2]CC1,hydrate,3,LENBOZ
CCCC=CC(O)=O,NC(=O)c1ccncc1,cocrystal,2,AJAKAX
Cc1cc2c(cc1C(=C)c1ccc(cc1)C(O)=O)C(C)(C)CCC2(C)C,Cc1nc(C)c(C)nc1C,cocrystal,2,OJALOD
OC(=O)c1cccc(C(=O)[O])c1c1c(cccc1C(=O)[O])C(O)=O,C1CN2CC[NH]1CC2,hydrate,3,HISQIL
OP(O)(=O)[O],[NH3]c1ccccc1I,salt,1,EBECIA
CC(=O)NC1=CC=CC=C1,OC(=O)CCC(O)=O,failed,0,
C1=CC2=CC3=CC=CC=C3C=C2C=C1,C1CC2=CC=CC3=C2C1=CC=C3,failed,0,
NC1=CC(=CC=C1)O,NC(N)=O,failed,0,
CCCCCC[N]1=CN(C)C=C1,Cc1ccc(cc1)S(=O)(=O)[O],salt,1,MAPPEA
O=C1OC(=O)c2cc3C(=O)OC(=O)c3cc12,c1cc2cccc3c4cccc5cccc(c(c1)c23)c45,cocrystal,2,PERPML
O=C1CCCCCN1,NS(=O)(=O)c1cc2c(NCNS2(=O)=O)cc1Cl,cocrystal,2,NOLCEZ
[NH2]=C1Nc2ccccc2N1,O=C([O])c1ccc2cc(ccc2c1)C(=O)[O],hydrate,3,SEHSUX
ClC1=CC=C(Cl)C=C1,C1=CC=C2C=CC=CC2=C1,failed,0,
O=C(CNC(=O)C(c1ccccc1)c1ccccc1)NCC(=O)OCC(c1ccccc1)c1ccccc1,O=C1NCc2cccc(CNC(=O)c3ccc(cc3)C(=O)NCc3cccc(CNC(=O)c4ccc1cc4)c3)c2,solvate,3,GAFKEE
Ic1ccncc1,OC(=O)C(O)(c1ccccc1)c1ccccc1,cocrystal,2,TITXAZ
COC(=O)C[n]1cccc(C)c1,F[P](F)(F)(F)(F)F,salt,1,VICVEL
O=C1NC=[NH]c2ccccc12,O=N(=O)c1cc(c([O])c(c1)N(=O)=O)N(=O)=O,salt,1,OWIXAU
[NH3]Cc1ccc(cc1)S(N)(=O)=O,CCC(=O)[O],salt,1,UDEPUS
Cc1cc(C)nc(N)n1,Cc1cc(O)cc(O)c1,cocrystal,2,EWANOG
Nc1ccc(cc1)C(O)=O,NC(=O)c1ccccc1O,cocrystal,2,RIPXOG
[NH3]C(C)CO,OC(C(O)C(=O)[O])C(O)=O,hydrate,3,GISWUB
NC1=CC(=CC=C1)N,NC1=CC=C(N)C=C1,failed,0,
O=C1C=CC(=O)C=C1,Oc1ccccc1I,cocrystal,2,GAPWEZ
OC(c1ccccc1)(c1ccccc1)C(O)(c1ccccc1)c1ccccc1,O=C(N1CCCCC1)C(=O)c1ccccc1,cocrystal,2,XOBGUR
[OH3],OC(CCCCC(O)(P(O)(O)=O)P(O)(=O)[O])(P(O)(O)=O)P(O)(=O)[O],hydrate,3,HUNBUN
N#Cc1ccncc1,Cc1cc(O)cc(O)c1,cocrystal,2,EWANAS
C1CNCCN1,Oc1ccccc1,cocrystal,2,HIBFED
CP(C)(C)=C1c2ccccc2c2ccccc12,Cc1ccccc1,cocrystal,2,ZUHVAB
[NH4],NC1=C(C(=O)C(=C1N(=O)=O)[O])N(=O)=O,hydrate,3,PAYKUZ
OC(=O)CCCCCC(=O)[O],C[NH2]Cc1ccc(cc1)C1=C2CCNC(=O)c3cc(F)cc(N1)c23,salt,1,HESLAW
NS(=O)(=O)[O],Cc1c[nH]c(N)cc1,salt,1,OZESUJ
OC(=O)c1cc(C(=O)[O])c(cc1C(=O)[O])C(O)=O,COc1ccc2cc3[n](CCc4cc5OCOc5cc34)cc2c1OC,salt,1,SOXFIX
[NH3]C=CC12C=C(CC)CCC1N(C)c1ccccc21,OC(=O)C(=O)[O],solvate,3,IHUGAV
OP(=O)[O],C1CN2CC[NH]1CC2,salt,1,IKIHEP
Cc1ccccc1,COc1ccc2nccc(C(O)C3CC4CCN3CC4C=C)c2c1,hydrate,3,KAMDAD
O=S(=O)([O])[O],NC1=C2NC=NC2=[NH]C(=O)N1,hydrate,3,IGUSUH10
CN1C(=C(O)c2ccccc2S1(=O)=O)C(=O)Nc1ccccn1,Cc1ccccc1C(O)=O,cocrystal,2,CEKLEL
O=C1C=CC(=O)c2ccccc12,Oc1ccc(O)cc1,cocrystal,2,NPQHRQ
IC1=CC=C(I)C=C1,O=C(C1=CC=CC=C1)C1=CC=NC=C1,failed,0,
Fc1c(F)c(F)c(C#Cc2c(F)c(F)c(C#Cc3c(F)c(F)c(F)c(F)c3F)c(F)c2F)c(F)c1F,c1ccc(cc1)C#Cc1ccc(cc1)C#Cc1ccccc1,cocrystal,2,BEWYOS
[NH3]Cc1ccccc1,O=C([O])c1ccccc1N(=O)=O,salt,1,HUKHUR
COc1cc2Cc3cc(OCC4=NC=CN4C)c(OC)cc3Cc3cc(OCC4=NC=CN4C)c(OC)cc3Cc2cc1OCC1=NC=CN1C,Nc1cc(cc(c1)C(O)=O)C(O)=O,hydrate,3,IWAFAQ
OC1=C(Cl)C(=O)C(=C(Cl)C1=O)[O],Cc1[nH]c2c(O)cccc2cc1,salt,1,TASLUY
CN(C)c1ccncc1,Fc1ccc(I)c(F)c1F,cocrystal,2,CUPJUT
O=[I](=O)(=O)[O],CC(C)N[P](NC(C)C)(NC(C)C)NC(C)C,salt,1,ROSFIR
[NH3]CCCC,O=C([O])c1ccc2C#Cc3ccccc3C#Cc3ccc(cc3C#CC#Cc2c1)C(=O)[O],salt,1,AZAWEF
Cc1c(Nc2ccccn2)cccc1Nc1ccccn1,c1ccc2nc3ccccc3nc2c1,cocrystal,2,QARXIR
OC(=O)CCC(O)=O,COC1=CC2=C(C=C1)N(C(=C2CC(O)=O)C)C(=O)C1=CC=C(Cl)C=C1,failed,0,
O=C1N([I]N2C(=O)c3ccccc3S2(=O)=O)S(=O)(=O)c2ccccc12,CCCC[N](CCCC)(CCCC)CCCC,salt,1,DIQWIM
c1cc(ccn1)c1ccncc1,Oc1cccc(Cl)c1Cl,cocrystal,2,GIYYAS
COc1cc2N3C4C5C(CC3=O)OCC=C3C[NH]6CCC4(C6CC53)c2cc1OC,Oc1ccc2cc(ccc2c1c1c(O)ccc2cc(ccc12)C(=O)[O])C(=O)[O],hydrate,3,CUNQUY
O1c2ccccc2O[P]231(Oc1ccccc1O2)Oc1ccccc1O3,CN(C)C=[OH],solvate,3,FUNREM
NC(=O)[O],[NH4],salt,1,ACARBM
OC1COC2C(O)COC12,NS(=O)(=O)c1cc2c(NCNS2(=O)=O)cc1Cl,cocrystal,2,OBAFIK
[NH2]1CC[NH2]CC1,CC(C(=O)[O])c1ccc(cc1)C=C1CCCCC1=O,salt,1,FIXZUL
Cc1[nH]cccc1,Cc1cc(c(N)cc1Cl)S(=O)(=O)[O],hydrate,3,BIRFEP
OC(=O)CCCC(O)=O,CC(=O)OC1CCC2(C)C3CCC4(C)C(CC=C4c4cccnc4)C3CC=C2C1,cocrystal,2,SUTQOQ
O=C1C=CC(=O)C=C1,Oc1ccc(Br)cc1,cocrystal,2,BNQBRP
Br[Br]Br,BrP(=[N]=P(Br)(c1ccccc1)c1ccccc1)(c1ccccc1)c1ccccc1,salt,1,WETBAC
CCCCCCCCCCCCNC(=O)C1=Nc2cc3OCCOCCOCCOCCOCCOc3cc2[N]C1=O,CCCC[N](CCCC)(CCCC)CCCC,hydrate,3,BAXJES
CCNC1=CC=C(C=C1)[N+](=O)[O-],N(C1=CC=CC=C1)C1=CC=CC=C1,failed,0,
COC1=CC=CC(=C1)C(O)=O,NC(N)=O,failed,0,
O=N(=O)C1=C([N]N=N1)[C](N(=O)=O)N(=O)=O,[NH4],salt,1,NOPPOB
CCC[N]12CN3CN(CN(C3)C1)C2,I[I]I,salt,1,ZOYBIY
[NH2]1CCOCC1,Clc1cc(Cl)cc(OCC(=O)[O])c1,salt,1,VUXNIN
OC(=O)c1cc(cc(c1)N(=O)=O)N(=O)=O,Cc1cc(Br)ccc1N,cocrystal,2,TODBIA
c1ccc(cc1)[P](C=P(c1ccccc1)(c1ccccc1)c1ccccc1)(c1ccccc1)c1ccccc1,O=P([O])Nc1ccccc1,salt,1,NEDZOP
Oc1ccc2[nH]cccc2c1,O=C([O])c1cc(cc(c1)N(=O)=O)N(=O)=O,salt,1,NAYCOH
Cc1cc(C)c([N]2=CSC3=C2CCCC3)c(C)c1,O=[Cl](=O)(=O)[O],salt,1,DADTUZ
Oc1ccccc1C(c1cc(O)c(O)c(O)c1)c1ccccc1O,c1cc(ccn1)C=Cc1ccncc1,hydrate,3,MEFLOZ
CCC1(CC)C(=O)NC(=O)NC1=O,Nc1nc(Nc2cccc(c2)C(F)(F)F)nc(Nc2cccc(c2)C(F)(F)F)n1,solvate,3,PIYHEK
[NH3]CCCC(C)C1CCC2C3C(O)CC4CC(O)CCC4(C)C3CCC12C,CC(CCCNC(=O)[O])C1CCC2C3C(O)CC4CC(O)CCC4(C)C3CCC12C,hydrate,3,UNIXEV
C[N](C)(C)CC(N)=O,[S]c1ccccc1,salt,1,SODJOK
FC(F)(F)C(=O)[O],CCCC(=O)CC1[NH2]C(CC1)C(=O)OC,salt,1,OVIMAJ
O=N(=O)c1cc[n]([O])cc1,Oc1ccc(cc1)C=Cc1ccc(cc1)N(=O)=O,cocrystal,2,RIDQIE
Clc1c(Cl)c(Cl)c([O])c(Cl)c1Cl,[NH2]1CCOCC1,hydrate,3,GOJNIC
CC(C)(C)C1=NC(=C(S1)c1ccnc(N)n1)c1cccc(NS(=O)(=O)c2c(F)cccc2F)c1F,OC(=O)C=CC(O)=O,solvate,3,ZOYXOD
OC(=O)c1cc2ccccc2cc1O,c1cc(ccn1)c1ccncc1,cocrystal,2,GEHROB
OC1=C(C=C(C=C1)[N+](=O)[O-])[N+](=O)[O-],CC(=O)NC1=CC=CC=C1,failed,0,
OC(=O)c1ccc(O)cc1,Cc1ccnc2N(C3CC3)c3ncccc3C(=O)Nc12,cocrystal,2,POZCOZ
CC1=NC=C(CO)C(=C1O)CO,NC(=O)C1=CC=CC=C1O,failed,0,
[NH3]c1cccc(O)c1,OC(=O)c1ccccc1C(=O)[O],salt,1,QUBSAI
OC(=O)C(OC(=O)c1ccccc1)C(OC(=O)c1ccccc1)C(=O)[O],Clc1ccc(cc1)C(OC1C[NH2]C1)c1cccnc1Cl,solvate,3,KULQOY
O=[Cl](=O)(=O)[O],Nc1[nH]c(N)c(c(NNc2nc(N)[nH]c(N)c2N(=O)=O)n1)N(=O)=O,hydrate,3,YIRCUB
CCOC1=CC=C(NC(C)=O)C=C1,CCC1(C(=O)NC(=O)NC1=O)C1=CC=CC=C1,failed,0,
CCCCCCCC(O)=O,NC1=CC=C(C=C1)C(O)=O,failed,0,
NC1=NN[N]C1=C1N=NN=N1,[NH4],hydrate,3,UMEYOC
O=C1NCC[NH2]CC[NH2]CCNC(=O)c2cccc(n2)C(=O)NCC[NH2]CC[NH2]CCNC(=O)c2cccc1n2,O=C([O])CCCC(=O)[O],hydrate,3,LODHOC
NC(=O)CN1CCCC1=O,OC(C(O)=O)c1ccccc1,cocrystal,2,XOZSOV
[NH2]1CC[NH2]CC1,CCOC1=Nc2cccc(C(=O)[O])c2N1Cc1ccc(cc1)c1ccccc1C1=NOC(=O)[N]1,hydrate,3,XEFZOA
[NH3]C(CC1=CNc2ccccc12)C(O)=O,O=N(=O)c1cc(c([O])c(c1)N(=O)=O)N(=O)=O,solvate,3,TPTPCM
CCN1C=C(C(O)=O)C(=O)c2ccc(C)nc12,Oc1ccccc1c1ccccc1,cocrystal,2,DIYZES
[NH2]1CC[NH2]CC1,[NH3]C(C)(P(O)(=O)[O])P(O)(=O)[O],hydrate,3,FAHBUN
CC1=CC(=CC=C1)C(N)=O,OCC(O)C1OC(=O)C(=C1O)O,failed,0,
Oc1ccc(O)cc1,[NH3]C(C(=O)NC1C2SCC(=C(N2C1=O)C(=O)[O])C)C1=CCC=CC1,hydrate,3,VOQLAO
[NH3]CCC[NH3],Clc1cccc(Cl)c1Nc1ccccc1CC(=O)[O],solvate,3,ZOTFIB
C1=CC=C2C(=C1)C=CC1=CC=CC=C21,C1CC2=CC=CC3=C2C1=CC=C3,failed,0,
NC(=O)c1ccncc1,CN(C)c1cccc(c1)C(O)=O,cocrystal,2,LUNMIQ
c1ccncc1,Oc1ccc(N2C(=O)c3ccccc3C2=O)c(c1)C(O)=O,cocrystal,2,KEBLAG
O=N(=O)c1cc(c([O])c(c1)N(=O)=O)N(=O)=O,C[NH](C)c1cccc2cccc(N(C)C)c12,salt,1,TIXHAJ
OC1=CC=CC=C1[N+](=O)[O-],NC(=O)C1=CC=CC=C1,failed,0,
C1CC2=CC=CC3=C2C1=CC=C3,CC1=CC2=C(C=C1)C=CC(=C2)C,failed,0,
O=S(=O)([O])c1ccc2ccccc2c1,[NH3]CCCCCCCCCCCCCCCC,salt,1,PAQXAK
CN1c2ccccc2N=C1c1cncc(c1)C1=Nc2ccccc2N1C,OC(=O)c1cc(C(O)=O)c(cc1C(O)=O)C(O)=O,hydrate,3,QUCVUH
O=S(=O)([O])c1ccc(c2ccccc12)c1ccc(c2ccccc12)S(=O)(=O)[O],NC(N)=[NH2],solvate,3,VAWMEM
C(Cc1ccncc1)c1ccncc1,OC(=O)c1cc(O)cc(O)c1,cocrystal,2,VEFVIM
O=N(=O)c1cc(c([O])c(c1)N(=O)=O)N(=O)=O,[NH3]CCOCC[NH3],salt,1,XETWEY
O=[Cl](=O)(=O)[O],CCN1C(Sc2ccccc12)=C(I)C1=[N](C)c2ccc(I)cc2C1(C)C,salt,1,OBUHUP
CN1N=NC2=C(N=CN2C1=O)C(N)=O,OC(=O)c1cc(O)ccc1O,solvate,3,TOFPUD
NC(=O)C1=CN=CC=C1,N1C=CC2=CC=CC=C12,failed,0,
OC(=O)C1CC(CC(C1)C(O)=O)C(O)=O,NC(=O)c1ccncc1,cocrystal,2,JAWWEK
FC(F)(F)S(=O)(=O)[O],CC(C)c1cccc(C(C)C)c1N1CC[N](=C1C)c1c(cccc1C(C)C)C(C)C,solvate,3,JENTOO
OC1=C(C=C(C=C1)[N+](=O)[O-])[N+](=O)[O-],N1C2=CC=CC=C2C2=CC=CC=C12,failed,0,
COC(C)(C)C,CN1CCN(CC1)C1=Nc2ccccc2NC2=C1C=C(C)S2,hydrate,3,MICHOX
OC(=O)CCSCCC(O)=O,NC(=O)C1=CC(=CC=C1)[N+](=O)[O-],failed,0,
COc1ccc2cc(ccc2c1)C(C)C(O)=O,O=C([O])C1[NH2]CCC1,cocrystal,2,QIMBAS
CC(C)(CO)CO,CC1(C)C2CCC1(C)C(=O)C2,failed,0,
F[P](F)(F)(F)(F)F,Brc1ccccn1[I]n1ccccc1Br,salt,1,EFOBEK
O=N(=O)[O],O=C(Nc1cccc2ccc[nH]c12)c1ccc(cc1)N(=O)=O,salt,1,JOWLUE
Fc1c(F)c(F)c(I)c(F)c1F,c1ccc2nc3ccccc3cc2c1,cocrystal,2,XOHWOH
N#CC(C#N)=C1C=C(Cc2ccccc2)C(C=C1Cc1ccccc1)=C(C#N)C#N,S1C=CSC1=C1SC=CS1,cocrystal,2,GAXXOS
O=NC1=C([O])NC(=O)NC1=O,C1C[N]2(CCN=CC2)CC=[NH]1,hydrate,3,PELDOB
[NH3]N,NN1C(=NN=C1C1=NON=C1[N]N(=O)=O)N,hydrate,3,XOZSUD
Oc1c[nH]ccc1,ClC1=C([O])C(=O)C(=C([O])C1=O)Cl,salt,1,ACOJOU
NC(=O)C1=CC=CC=C1,NC(=O)C1=CC=CC=C1[N+](=O)[O-],failed,0,
[NH3]CCCCCC[NH3],O=C([O])c1cc(C(=O)[O])c(cc1C(=O)[O])C(=O)[O],hydrate,3,OZATAM
CC12CCC3C(CCC4=C3C=CC(=C4)O)C1CCC2O,OC(=O)C1=CC2=CC=CC=C2C=C1O,failed,0,
CCOc1ccccc1C(N)=O,OC(=O)c1ccccc1O,cocrystal,2,REHSAA
C[NH]1CCC[NH2]Cc2cccc(C[NH2]CCC1)c2N1C=CC=CC1=O,Cc1ccc(cc1)S(=O)(=O)[O],salt,1,COKLAQ
[NH4],CCOP(=O)([O])Cc1ccc(CP(=O)([O])OCC)cc1,hydrate,3,IPAROI
O=S(=O)([O])[O],[NH3]C(C)c1ccccc1,salt,1,NOKCEX
CSc1ccccc1C=NC1=C(N)N(C)C(=O)N(C)C1=O,CN1C(=O)N(C)c2nc3N(C)C(=O)N(C)C(=O)c3nc2C1=O,cocrystal,2,LEDXOJ
Fc1c(F)c(I)c(F)c(F)c1I,N1C=CN=C1c1ccccn1,cocrystal,2,ZOGTUM
OC(=O)Cc1ccc(CC(O)=O)cc1,CC(C)(C)C(=O)Nc1ccc(cn1)c1ccc(NC(=O)C(C)(C)C)nc1,cocrystal,2,WERHAD
CN1C(=C([O])c2ccccc2S1(=O)=O)C(=O)Nc1ccccn1,N1C=[NH]C=C1,solvate,3,SOHWAP
CC(C)COc1cc[nH]cc1NC(=O)c1cc(C(=O)Nc2cnccc2OCC(C)C)c(OCC(C)C)cc1OCC(C)C,OC(=O)C=CC(=O)[O],salt,1,HIVXAO
Oc1cccc(O)c1,CN1c2cccc(n2)N(C)c2cccc(n2)N(C)c2cccc(n2)N(C)c2cccc1n2,cocrystal,2,VIKVAN
O=[Cl](=O)(=O)[O],[S]1C=CSC1=CC1=CC=C(S1)C=C1SC=CS1,salt,1,PUQDOU
Cc1ccc(C=[NH]C(C)(C)C)c(OCCCC=C)c1,O=[Cl](=O)(=O)[O],salt,1,QERJEG
OC1=CC=CC=C1[N+](=O)[O-],NC1=CC2=CC=CC=C2C=C1,failed,0,
OC(=O)c1cc(ccc1O)S(=O)(=O)[O],NC(N)=[NH2],salt,1,ETIGAP
Cc1ccc(cc1)S(=O)(=O)[O],COc1cc(ccc1O)C=Cc1cc[n](C)cc1,hydrate,3,TOHGIG
Cc1[nH]cccc1,OC(=O)c1cc2ccccc2c(Cc2c(O)c(cc3ccccc23)C(=O)[O])c1O,solvate,3,BEVXAD
O=N(=O)[O],[NH3]c1ccc(cc1)S(=O)(=O)c1ccc([NH3])cc1,hydrate,3,JELTUS
OC(=O)c1cc(Br)cc(Br)c1O,Brc1cncc(Br)c1,cocrystal,2,RAVXOE
COC1=CC=CC=C1C(O)=O,OC(=O)C(O)=O,failed,0,
Cc1cc(C)nc(N)n1,OC(=O)C=Cc1ccccc1,cocrystal,2,DAYWAC
Fc1c(F)c(c(F)c(F)c1I)c1c(F)c(F)c(I)c(F)c1F,Cc1ccnc(c1)c1cc(C)ccn1,cocrystal,2,OZEBUT
Nc1ccc(Sc2ccc(N)cc2)cc1,Oc1ccc(Sc2ccc(O)cc2)cc1,cocrystal,2,FIDMAH
O=N(=O)[O],CC1(C)CCCC2(C)C1CCC1=C2C(O)CC2(C)C3C[NH]=C(N)NC3(C)CCC12C,salt,1,BESFIR
CCCCCCCC(O)=O,CN1C(=C(O)C2=CC=CC=C2S1(=O)=O)C(=O)NC1=CC=CC=N1,failed,0,
[OH3],OC(=O)c1ccc(c2ccc(cc2S(=O)(=O)[O])C(O)=O)c(c1)S(=O)(=O)[O],hydrate,3,YEFSUA
CC=CC=CC(=O)[O],CCc1[nH]c(N)nc(N)c1c1ccc(Cl)cc1,salt,1,WAGFOD
O=N(=O)c1cc(cc(c1)N(=O)=O)N(=O)=O,Nc1ccc(I)cc1,cocrystal,2,IANNOB
NC(=O)C1=CC=CC=C1,NC(=O)C1=CC=C(O)C=C1,failed,0,
[NH3]CCC1=CNc2ccc(O)cc12,O=N(=O)c1cc(c([O])c(c1)N(=O)=O)N(=O)=O,hydrate,3,SERPIC
COC1=CC=C(C=C1)C(N)=O,NC(=O)C1=CN=CC=C1,failed,0,
Cc1ccc(cc1)S(O)(=O)=O,COc1cc(OC)nc(N)n1,hydrate,3,MOCCUE
c1ccc2cc3cc4ccccc4cc3cc2c1,N#CC(C#N)=C1C=CC(C=C1)=C(C#N)C#N,cocrystal,2,HIGPUJ
Cc1cccc(C)c1,N1C2=CC=C1C(=C1C=CC(=N1)C(=C1NC(=C(c3ccccc3)C3=NC(=C2c2ccccc2)C=C3)C=C1)c1ccccc1)c1ccccc1,cocrystal,2,SEMNIH
[NH3]C(CC1=CNc2ccccc12)C(O)=O,O=C([O])c1c(cc(cc1N(=O)=O)N(=O)=O)N(=O)=O,salt,1,FERNEZ
O=C([O])c1ccccc1N(=O)=O,[NH2](Cc1ccccc1)Cc1ccccc1,salt,1,PEQKEC
ON=Cc1c(F)c(F)c(I)c(F)c1F,c1cc(ccn1)N=Nc1ccncc1,cocrystal,2,PETNIN
NC1=[NH]c2cc(Cl)ccc2O1,O=[Cl](=O)(=O)[O],salt,1,FAFNIL
Cc1ccccc1,NC1=Nc2ccc(O)cc2N1c1ccc(Cl)cc1,cocrystal,2,TIWZEG
CN1C(=C([O])c2ccccc2S1(=O)=O)C(=O)Nc1[nH]cccc1,Cc1ccc(cc1)C(O)=O,cocrystal,2,CEKPOZ
NC(N)=O,COC1=CC=CC=C1C(O)=O,failed,0,
OC(=O)c1cc2CCc3ccc(CCc1cc2C(=O)[O])cc3,[NH3]C(C)c1ccccc1,salt,1,LUDWIQ
OCC(O)C1OC(=O)C(=C1O)O,OC(=O)C1=CC=CC=C1[N+](=O)[O-],failed,0,
Oc1ccccc1C(=O)[O],[NH2]=C1NC(=O)N(C=C1)C1CSC(CO)O1,hydrate,3,GAXFUI
OC(=O)CC1=CC=CC=C1NC1=C(Cl)C=CC=C1Cl,CC1=CC(=NN1)C,failed,0,
Nc1[nH]ccc(N)n1,OC(=O)c1cc(ccc1O)S(=O)(=O)[O],hydrate,3,ZOWXAO
O=[Cl](=O)(=O)[O],CCC1=C(C)NC(=C1C)C(C)=C1[NH]=C(C)C(=C1C)CC,salt,1,GOCJOZ
NC1=N[N](=NC2=C1C(=N[N]2)N(=O)=O)[O],[NH4],hydrate,3,NAZVET
Nc1[nH]cccc1,Clc1cc(ccc1C(=O)[O])N(=O)=O,salt,1,WOPDAI
N1C2=CC=CC=C2SC2=CC=CC=C12,CC1=NC=CN1,failed,0,
NC(=O)c1ccncc1,Cc1cc(O)cc(O)c1,cocrystal,2,EWAQID
O=C(NCc1[nH]cccc1)c1cccc(c1)C(=O)NCc1[nH]cccc1,OC(=O)c1cc(C(=O)[O])c(cc1C(=O)[O])C(O)=O,salt,1,WUXYIY
Brc1ccc(CC(=O)[O])cc1,[NH3]C(C)c1ccccc1,salt,1,XOHSEU
O=C([O])C(=O)[O],[NH2]1CCOCCOCC[NH2]CCOCCOCC1,hydrate,3,QEVLIM
NC(CCC(O)=O)C(O)=O,OC(=O)C1=CC=CC=C1[N+](=O)[O-],failed,0,
CC(C(O)=O)C1=CC(=CC=C1)C(=O)C1=CC=CC=C1,OC(=O)CCC(O)=O,failed,0,
c1cc2cccc3c4cccc5cccc(c(c1)c23)c45,N#Cc1cc(C#N)c(cc1C#N)C#N,cocrystal,2,REHMUM
OC(=O)C1(CCC1)C(=O)[O],[NH3]C(C)(C)C,salt,1,UMOXUS
Nc1ncc(Br)cc1Br,OC(=O)C=CC(O)=O,cocrystal,2,LADDEB
O=N(=O)c1cc(cc(c1)N(=O)=O)N(=O)=O,CN1C(=Nc2c3ccccc3c3ccccc3c12)c1cccc(c1)c1cccc(n1)c1cccc(c1)C1=Nc2c3ccccc3c3ccccc3c2N1C,solvate,3,VOHCUQ
CCN1C=C(C(O)=O)C(=O)c2cc(F)c(cc12)N1CC[NH2]CC1,O=C([O])C=CC(=O)[O],hydrate,3,VELRIQ
NC(=[NH2])NC(N)=O,C[N]N(=O)=O,salt,1,QONSIX
c1ccc(cc1)C=Cc1ccccc1,Fc1c(F)c(I)c(F)c(F)c1I,cocrystal,2,GUFNOM
CC1=CC=C(C=C1)C(O)=O,OC(=O)CC(=CC(O)=O)C(O)=O,failed,0,
[NH3]Cc1ccc(C[NH3])cc1,O=[Cl](=O)(=O)[O],hydrate,3,FEPDEN
[nH]1ccccc1N=Nc1ccccc1,O=[Cl](=O)(=O)[O],salt,1,ODUYER
Cc1ccccc1,C1CC(N2P3Oc4ccc5ccccc5c4c4c(OP2N3C2CCCc3ccccc23)ccc2ccccc42)c2ccccc2C1,cocrystal,2,OFEDOU
c1ccccc1,Cc1cc(C)c(c(C)c1)c1c2cccc3C#CC#Cc4cccc5c4cc4c(cccc4c5c4c(C)cc(C)cc4C)C#CC#Cc4cccc1c4cc23,cocrystal,2,YONGUG
O=N(=O)c1cc(cc(c1)N(=O)=O)C#N,CN(C)c1ccccc1,cocrystal,2,REDDAF
C(N1C=CN=C1C1=NC=CN1Cc1ccncc1)c1ccncc1,FC(F)(I)C(F)(F)C(F)(F)C(F)(F)C(F)(F)C(F)(F)C(F)(F)C(F)(F)I,cocrystal,2,DUJJUP
OC(=O)CCCCCCCCC(O)=O,CC(C(C)C(O)=O)C(O)=O,failed,0,
CCOC(=O)C(C)n1cc[n](C)c1,FC(F)(F)S(=O)(=O)[N]S(=O)(=O)C(F)(F)F,salt,1,IZUZAE
OC(=O)c1cc(F)cc(F)c1,CN1C(=O)N(C)C2=C(NC=N2)C1=O,cocrystal,2,OPUMUJ
CCCC[N](CCCC)(CCCC)CCCC,O=C([N]NC(=S)Nc1cccc2ccccc12)c1cc(cc(c1)N(=O)=O)N(=O)=O,hydrate,3,ZESQOF
NC1=CC(=CC(=C1)N)C(O)=O,NC1=CC=C(C=C1)C(O)=O,failed,0,
S1SN=[S]=N1,FC(F)(F)S(=O)(=O)[O],solvate,3,THFSCN
CC1(C)CCCC(C)(C)N1N=O,OC(C1OC2(CCCCC2)OC1C(O)(c1ccccc1)c1ccccc1)(c1ccccc1)c1ccccc1,cocrystal,2,RUPFOY
OP(=O)([O])[O],[NH3]CCC[NH](C)C,hydrate,3,EXOFOM
Nc1[nH]c(N)nc(N)n1,O=C([O])C=C([n]1ccc(cc1)C#N)C(=O)[O],hydrate,3,TEKWOY
OC(=O)CCCCCCCCCCCC(O)=O,C1N2CN3CN1CN(C2)C3,cocrystal,2,LAYGOL
O=S(=O)(N[N]1=CC2=C(CCCC2)S1)c1ccccc1,O=[Cl](=O)(=O)[O],salt,1,TUQZEK
OC(=O)C1=CC=CC=C1O,OC(=O)C1=CC=C(C=C1)[N+](=O)[O-],failed,0,
[nH]1cccc2cccnc12,OC(=O)C=CC(=O)[O],salt,1,XATJOT
OC(=O)C1=CC=C(O)C=C1,OC(=O)C=CC(O)=O,failed,0,
FC(F)(F)S(=O)(=O)[O],CC(C#Cc1cccc(Br)c1)[N](C)(C)C,salt,1,KAZNAD
Cc1ccc(cc1)S(=O)(=O)[O],CC1[NH2]CC[NH2]C1,hydrate,3,NOTXAX
Oc1ccc2C3c4ccc(O)cc4C(c2c1)c1cc(O)ccc31,c1cc(ccn1)c1ccncc1,solvate,3,XUYKEI
O=C([O])C=CC(=O)[O],[NH2]1CCC[NH2]Cc2ccc(C[NH2]CCC[NH2]CCC[NH2]Cc3ccc(C[NH2]CCC1)cc3)cc2,hydrate,3,VEVSAR
CCCCCCCC(O)=O,OC(=O)C1=CC=C(C=C1)[N+](=O)[O-],failed,0,
[NH2]1CCN2CC[NH2]Cc3cccc(OCC[NH](CCOc4cccc(C1)c4)CCOc1cccc(C[NH2]CC2)c1)c3,O=[Cl](=O)(=O)[O],hydrate,3,XAHHIZ
Cc1c[n]([O])cc(C)c1,OO,cocrystal,2,YAFYUD
CN1C=NC2=C1C(=O)NC(=O)N2C,OC(=O)c1cccc(O)c1O,hydrate,3,HOWKUC
OC1(C#C)c2cccc(Cl)c2C(O)(C#C)c2cccc(Cl)c12,NC1CCCCCCC1,cocrystal,2,WARVAN
CC1=[NH]C=CN1,OC(C(O)C(=O)[O])C(O)=O,salt,1,KODVEG
Nc1ccc(cc1)S(=O)(=O)[O],[NH3]O,salt,1,HORHUR
OS(=O)(=O)c1cccc2c1cccc2S(=O)(=O)[O],[NH2]1CCCNCC1,salt,1,FIVFOI
NC(N)=O,COC1=CC=C(C=C1)C(O)=O,failed,0,
NC(=O)C1=CN=CC=C1,NC1=CC=CC(=C1)C(O)=O,failed,0,
N(C1=CC=CC=C1)C1=CC=CC=C1,OC1=CC=CC2=CC=CC=C12,failed,0,
Oc1c(cc(c(O)c1N(=O)=O)N(=O)=O)N(=O)=O,CN1C=CC=C1,cocrystal,2,SOQDIN
Oc1ccc(cc1)C(C(c1ccc(O)cc1)c1ccc(O)cc1)c1ccc(O)cc1,CN1SC(=CC1=O)Cl,cocrystal,2,NOKVAK
C(Cc1ccncc1)c1ccncc1,Oc1ccc(cc1)S(=O)(=O)c1ccc(O)cc1,cocrystal,2,LIPXEN
CC(C)c1cccc(C(C)C)c1[N]1=C(C2=[N](C)c3ccccc3N2C)C(C)(C)CC1(C)C,FC(F)(F)S(=O)(=O)[O],solvate,3,IYETIR
O=N(=O)c1cc(c([O])c(c1)N(=O)=O)N(=O)=O,Cc1ccc(cc1)C1=C2[NH]=C(C=C2)C(=C2NC(=C(C3=[NH]C(=C(C4=CC=C1N4)c1ccc(C)cc1)C=C3)c1ccc(C)cc1)C=C2)c1ccc(C)cc1,solvate,3,POYGAP
CS(=O)(=O)[N]S(C)(=O)=O,NC1=[NH]N=CS1,salt,1,LONRUB
O=N(=O)c1ccccc1,C1COc2ccccc2Oc2cc3ccccc3cc2Oc2ccccc2OCCOCc2cccc(CO1)n2,cocrystal,2,SIVRIY
OC(=O)c1cccc(c1C(=O)[O])N(=O)=O,N1N=[NH]c2ccccc12,hydrate,3,TEMBOF
[OH3],O=S(=O)([O])C(S(=O)(=O)[O])S(=O)(=O)[O],salt,1,AXIZUE
c1cc(ccn1)C=Cc1ccncc1,OC(=O)c1ccc(C(O)=O)c2ccccc12,hydrate,3,OPEKAW
OS(=O)(=O)[O],[nH]1ccccc1,salt,1,LIDYOM
OC(=O)c1ccc2C(=O)OC(=O)c3ccc(C(O)=O)c1c23,c1cc(ccn1)c1ccncc1,cocrystal,2,PUHFAA
O=C([O])c1ccc(cc1)C(=O)[O],Nc1[nH]cc(Cl)cc1,salt,1,KOJFEX
NC1=[NH]c2ccccc2S1,Clc1cc(Cl)c(OCC(=O)[O])cc1Cl,salt,1,XAPXER
Fc1c(F)c(F)c2c(F)c(F)c(F)c(F)c2c1F,c1ccc2cc3ccccc3cc2c1,cocrystal,2,ECUTUR
OC1=CC=CC2=CC=CC=C12,N(C1=CC=CC=C1)C1=CC=CC=C1,failed,0,
c1ccccc1,O=C(Nc1ccccc1)NC(=Nc1ccccc1)c1ccccc1,cocrystal,2,KUGCUK
OC(=O)CCSCCC(O)=O,NC(=O)C1=CC(=CC=C1)N,failed,0,
CC1CC2C3CCC4=CC(=O)C=CC4(C)C3(F)C(O)CC2(C)C1(O)C(=O)CO,Oc1ccccc1O,cocrystal,2,HAYBAO
OC(=O)C(O)=O,NC(=O)C1=CC=CO1,cocrystal,2,FURAOX
[NH2]=C1NC(=O)NC=C1F,Oc1cc(O)cc(c1)C(=O)[O],hydrate,3,SERRIT
Cc1cc(C)nc(NS(=O)(=O)c2ccc(N)cc2)n1,OC(=O)c1cc(C(O)=O)c(cc1C(O)=O)C(O)=O,cocrystal,2,FEVKUO
Cc1[nH]c(C)ccc1,OC(=O)c1cc(ccc1O)S(=O)(=O)[O],hydrate,3,CIQTEC
Nc1ccc(cc1)C(O)=O,COc1ccc2N(C(=C(CC(=O)OCC(O)=O)c2c1)C)C(=O)c1ccc(Cl)cc1,cocrystal,2,WIXDUE
NC(=O)C1=CC=C(N)C=C1,COC1=CC2=C(C=C1)N(C(=C2CC(O)=O)C)C(=O)C1=CC=C(Cl)C=C1,failed,0,
COC1=C(OC)C=C2CC(=O)N(CCCN(C)CC3CC4=CC(=C(OC)C=C34)OC)CCC2=C1,NC(=O)C1=CN=CC=C1,failed,0,
OC1=CC=CC(=C1)[N+](=O)[O-],N1C2=CC=CC=C2C2=CC=CC=C12,failed,0,
COC1=CC2=C(C=C1)N(C(=C2CC(O)=O)C)C(=O)C1=CC=C(Cl)C=C1,OC(=O)CC(O)(CC(O)=O)C(O)=O,failed,0,
[NH3]C(C)C,COc1ccc(cc1)P(=S)([S])NC(C)C,salt,1,VIJGIE
Nc1ccccc1C(=O)[O],NC1=[NH]CCS1,salt,1,VAPLIH
Cc1cccnc1,Oc1ccc2ccccc2c1c1c(O)ccc2ccccc12,cocrystal,2,QOYKUK
O=C([O])c1ccccc1C(=O)[O],[NH3]CCCCCC[NH3],hydrate,3,CIZZIU
CC1[NH2]CC[NH2]C(C)(C)CC(C)[NH2]CC[NH2]C(C)(C)C1,OP(=O)([O])c1ccccc1,hydrate,3,CUTXOE
C[NH2]C1CCC(c2ccc(Cl)c(Cl)c2)c2ccccc12,O=C([O])C1=Cc2ccccc2OC1=O,salt,1,VAHHEU
CC1=C(C)C=C(C)C(=C1)C,C1=CC=C2C=CC=CC2=C1,failed,0,
O=N(=O)C1=NN(C2=NN=N[N]2)C2=C1N(N=C2N(=O)=O)C1=NN=N[N]1,[NH3]N,salt,1,YUJRUT
FC(F)(F)S(=O)(=O)[O],CC1CCC2C(C)(C)C3CC12CCC3(C)[PH2]C1(C)CCC23CC1C(C)(C)C2CCC3C,salt,1,DUNPUA
OC(=O)CNC(=O)C(=O)NCC(O)=O,O=C(NCc1cccnc1)NCc1cccnc1,cocrystal,2,CAJQIO
CC(C)OP(=O)(OC(C)C)c1cc(ccn1)[P](c1ccccc1)(c1ccccc1)c1ccccc1,FC(F)(F)S(=O)(=O)[O],salt,1,NOCMUN
OCC(O)C1OC(=O)C(=C1O)O,NC(=O)C1=CC=CC=C1N,failed,0,
OC(=O)C1=CC=CC=C1I,OC(=O)C1=CC=CC=C1[N+](=O)[O-],failed,0,
OC1=CC=C(O)C=C1,NC(=O)C1=CC=C(N)C=C1,failed,0,
C1CC2=CC=CC3=C2C1=CC=C3,COC1=C(O)C=CC(=C1)C=O,failed,0,
NNC(=O)C1=C(N)N(Cc2ccccc2)N=N1,C1COCCOCCOCCOCCOCCO1,cocrystal,2,MUJFOM
O=C([O])c1c[nH]ccc1,NC1=Nc2ccc(OC(F)(F)F)cc2S1,cocrystal,2,NAQPON
O=C([O])c1cccnc1,[NH2]1CC[NH2]CC1,hydrate,3,UVUXER
OC(=O)C1=CC=C(F)C=C1,CN1C=NC2=C1C(=O)N(C)C(=O)N2C,failed,0,
OC(C1OC2(CCCC2)OC1C(O)(c1ccccc1)c1ccccc1)(c1ccccc1)c1ccccc1,COC(=O)CC(C)O,cocrystal,2,JOFSOM
CN1C=CC=C1,Oc1c(cc(c(O)c1N(=O)=O)N(=O)=O)N(=O)=O,cocrystal,2,SOQDIN
C#C,c1ccccc1,cocrystal,2,ELIQIZ02
N1C2=CC=CC=C2C2=CC=CC=C12,C1=CC2=CC3=CC=CC=C3C=C2C=C1,failed,0,
O=S(=O)([O])[O],Cc1ccc[nH]c1N,hydrate,3,AYAXAB
OC(=O)c1ccc(O)cc1,NC(=O)c1ccccc1O,cocrystal,2,EGIQAO
FC(F)(F)S(=O)(=O)[O],CC(C)N(C(C)C)P1(=O)C2=[N](C)C=CN2c2ccccc2N2C=C[N](=C12)C,solvate,3,CUKKEA
C(C1=CC=CC=C1)C1=CC=CC=C1,OC1=CC=CC(=C1)[N+](=O)[O-],failed,0,
COc1ccc2cccc(CC[NH]=C(C)O)c2c1,O=S(=O)([O])c1ccccc1,salt,1,VEFMOL
O=N(=O)c1cc(c([O])c(c1[O])N(=O)=O)N(=O)=O,[NH3]NC(=O)NN,salt,1,BAHPIK
OC(=O)c1cnccn1,OC(=O)c1cc(O)c(O)c(O)c1,hydrate,3,JOXBEF
OC(=O)C(O)=O,OC(=O)C1=CC=CC=C1F,failed,0,
Cc1cccnc1N,CC1=CC=CN(C1=O)C(=NO)C(C)=NO,cocrystal,2,DOCWUN
Clc1ccc2OC(=O)Nc2c1,OC(=O)C1=Cc2ccccc2N1,cocrystal,2,JEYKEH
Cc1cc(C)cc(c1)C1C2CCCC(Br)C2[n]2ccccc12,Br[Br]Br,salt,1,WULDAJ
NC1=CC=C(C=C1)C(O)=O,NC1=CC=C(C=C1)S(=O)(=O)NC1=NC=CS1,failed,0,
OC(=O)c1cccc(Br)c1,Ic1cccnc1,cocrystal,2,CERGAL
FC(F)(F)S(=O)(=O)[O],C1CCN(C1)[P](O[P](N1CCCC1)(N1CCCC1)N1CCCC1)(N1CCCC1)N1CCCC1,salt,1,NUKPAK
c1cc(ccn1)c1ccncc1,Oc1ccc2C3c4ccc(O)cc4C(c2c1)c1cc(O)ccc31,solvate,3,XUYKEI
FC(F)(F)S(=O)(=O)[O],Nc1cc[nH]c2cc(Cl)ccc12,salt,1,VOMVOM
II,CN1N=NN=C1SSC1=NN=NN1C,cocrystal,2,WURGAS
Cc1cc(C)c([S])c(C)c1,CC[N](CC)(CC)CC,salt,1,SONGIP
NC1=[NH]N=C(N1[N]N(=O)=O)c1cnc(cn1)C1=NN=C(N)N1[N]N(=O)=O,[NH4],hydrate,3,OMUYUT
C[NH]1CCN2C(C1)c1ccccc1Cc1cccnc21,OC(=O)C=CC(=O)[O],salt,1,APALIN
[NH2]1CCCC1C1=[NH]c2ccccc2N1,O=N(=O)[O],salt,1,YOTXAH
C1COCC[NH](CCOCCOCC[NH](CCO1)CCC1=CNc2ccccc12)CCC1=CNc2ccccc12,F[P](F)(F)(F)(F)F,salt,1,OCADAX
N1C=[NH]C=C1,O=C([O])c1ccccc1,salt,1,HEPXUW
[NH3]C(C)c1cccc(OC)c1,OC(C(=O)[O])c1ccccc1,salt,1,HIYREN
[NH3]c1ccccc1N,O=[Cl](=O)(=O)[O],hydrate,3,KAJGUY
[nH]1ccccc1c1[nH]cccc1,[NH3]C(C)(P(O)(=O)[O])P(O)(=O)[O],hydrate,3,VIPWOH
C=C(C(c1ccccc1)P(=O)(c1ccccc1)c1ccccc1)P(=O)(c1ccccc1)c1ccccc1,OC(=O)C(OC(=O)c1ccccc1)C(OC(=O)c1ccccc1)C(O)=O,solvate,3,QAKDOW
Oc1c(Cl)c(Cl)c(Cl)c(Cl)c1Cl,O=C([O])C[n]1ccccc1,hydrate,3,HOMXUC
ClC1=C([O])C(=O)C(=C([O])C1=O)Cl,[nH]1ccc(cc1)C=NN=Cc1cc[nH]cc1,solvate,3,BEBJIC
CCCC[N](CCCC)(CCCC)CCCC,OC(=O)c1cc(cc(c1)C(=O)[O])C(O)=O,hydrate,3,IBANUV
C[NH2]CC(O)=O,OC(C(O)C(=O)[O])C(O)=O,salt,1,GUKSIO
c1ccccc1,COC(=O)c1cccc(c1)N1CC(O)C(NC(=O)OCC2c3ccccc3c3ccccc23)C1=O,cocrystal,2,EHUQII
[NH3]CCC[NH3],OP(=O)([O])[O],hydrate,3,KIFZII
COC1=CC=C(C=C1)C(O)=O,NC(CCC(O)=O)C(O)=O,failed,0,
Ic1ccc(cc1)c1ccc(I)cc1,S1C=C(SC1=C1SC=C(S1)c1ccncc1)c1ccncc1,cocrystal,2,RAQYOB
CC(=O)NC1=CC=C(O)C=C1,CN1C=NC2=C1C(=O)NC(=O)N2C,failed,0,
CC1=CC2=C(C=C1C)N(CC(O)C(O)C(O)CO)C1=NC(=O)NC(=O)C1=N2,OC(=O)C1=CC(=CC=C1)[N+](=O)[O-],failed,0,
CCCCCCN1C=C(C#Cc2cccnc2)C(=NC1=O)N,CCCCCCN1C(=NC2=C1N=C(N)NC2=O)C#Cc1cccnc1,solvate,3,UKALIE
Nc1cnccn1,Fc1c(F)c(I)c(F)c(F)c1I,cocrystal,2,PAMLIA
OCC1CC2CC[NH]1CC2C=C,Cc1ccc(cc1)S(=O)(=O)[O],hydrate,3,SAHCAG
CC1=C[NH]=CN1,O=C([O])C(=O)[O],hydrate,3,VURDOC
NC(=O)C1=CC=CC=C1[N+](=O)[O-],OC(=O)CCSCCC(O)=O,failed,0,
OC(=O)CCl,CC1=CC=C(C=C1)C(O)=O,failed,0,
N#CC(C#N)=C1C=CC(C=C1)=C(C#N)C#N,COc1ccc2Nc3c(C)c4ccncc4c(C)c3c2c1,solvate,3,GEZKIF
OC1=C(C=C(C=C1)[N+](=O)[O-])[N+](=O)[O-],CC1(C)C2CCC1(C)C(=O)C2,failed,0,
[NH4],O=C1C=CC=C2C3CC(CN(C3)C(=S)[S])CN12,hydrate,3,EKAGAZ
CN1c2ccccc2[N](=C1c1ccc(C)cc1)C,O=N(=O)[O],hydrate,3,ONIQIO
O1C(=NN=C1c1cccnc1)c1cccnc1,OC(=O)c1cccc(c1)C(O)=O,cocrystal,2,NANQAV
Clc1ccc2c(NC(CC2=C2CCN(C2=O)c2ccccc2)C(=O)[O])c1,C[NH2]CC(O)C(O)C(O)C(O)CO,salt,1,HUTMAK
O=N(=O)C1=N[N]C(=N1)N(=O)=O,[nH]1ccccc1,hydrate,3,MOSFOR
OC(=O)C1=CN=CC=C1,CC1=CC=C(C=C1)C(O)=O,failed,0,
O=N(=O)[O],CCC(=O)N(C1CC[NH](CCc2ccccc2)CC1C)c1ccccc1,solvate,3,PEPNPR01
OC(=O)c1ccccc1O,O=C(NCCON(=O)=O)c1cccnc1,cocrystal,2,CUWFIM
CC1OC(=O)C(C)OC1=O,CC(=O)NC1=CC=C(O)C=C1,failed,0,
F[P](F)(F)(F)(F)F,C[n]1ccc(NC(=O)c2cccc(n2)C(=O)Nc2cc[n](C)cc2)cc1,salt,1,XIJPEO
CC(C)C1=CC(=[NH]N1)C(C)(C)C,OC(=O)c1cc(C(O)=O)c(cc1C(=O)[O])C(=O)[O],salt,1,ZEBCUH
Cc1cc(CNC(N)=[NH2])c(O)c(CNC(N)=[NH2])c1,O=S(=O)([O])[O],hydrate,3,SUXYUF
OC(=O)C1=CC=C(C=C1)[N+](=O)[O-],CN1C=NC2=C1C(=O)N(C)C(=O)N2C,failed,0,
O=N(=O)C(=C1N[N]N=N1)N(=O)=O,COC(N)=[NH2],salt,1,OGOYUH
OC(=O)c1c[nH]ccc1,O=N(=O)c1cc(c([O])c(c1)N(=O)=O)N(=O)=O,salt,1,SATLUV
CCCCC1=Cc2[nH]cccc2C1=NNc1ccccc1,O=N(=O)c1cc(c([O])c(c1)N(=O)=O)N(=O)=O,salt,1,PAHFOW
[NH3]CC[NH2]CCO,O=S(=O)([O])[O],hydrate,3,HETHAQ
CN(C)C(ON1N=Nc2c(C)ccnc12)=[N](C)C,F[P](F)(F)(F)(F)F,salt,1,ELEJUD
Oc1ccc(cc1)c1ccc(O)cc1,CC(=O)C1CCC2C3CCC4=CC(=O)CCC4(C)C3CCC12C,cocrystal,2,XUGXEF
CCC(N1CCCC1=O)C(N)=O,OC(=O)c1ccc(O)cc1O,cocrystal,2,XOGMUD
OC(=O)C1=CC(=CC=C1)[N+](=O)[O-],O=[N+]([O-])C1=CC(=CC=C1)[N+](=O)[O-],failed,0,
OC1=CC=C(O)C=C1,NC1=CC=C(C=C1)C(O)=O,failed,0,
FC(F)(F)C(=O)[O],CC1CCC(C(C1)OC(=O)C1[NH](C(C)c2ccccc2)C2CC1C=C2)C(C)(C)c1ccccc1,solvate,3,EZEMIG
C1CCC2N=Cc3cccc(C=NC4CCCCC4N=Cc4cccc(C=NC5CCCCC5N=Cc5cccc(C=NC2C1)c5)c4)c3,Cc1cccc(C)c1,cocrystal,2,MANPUQ01
COc1ccc([I]c2ccccc2C(=C)c2ccccc2)cc1,Cc1ccc(cc1)S(=O)(=O)[O],salt,1,LUXKAT
I[I]I,N[n]1ccccc1,salt,1,ZALVOB
c1ccc(cc1)[P]12[n]3ccccc3c3cccc([n]13)c1cccc[n]21,FC(F)(F)S(=O)(=O)[O],solvate,3,VIFZES
O=S(=O)([O])[O],NC(=[NH2])N1CCc2ccccc2C1,salt,1,JUKWAN
O=N(=O)c1cc(c([O])c(c1)N(=O)=O)N(=O)=O,Cc1ccccc1OCC[NH](CCOc1ccccc1C)CCOc1ccccc1C,salt,1,EMIWON
C[P](C)(C)C,[O]C#P,salt,1,UVEJIQ
S=P(c1ccccc1)(c1ccccc1)c1c2ccccc2c(c2ccccc12)P(=S)(c1ccccc1)c1ccccc1,Cc1ccccc1,cocrystal,2,FODSID
OC(C(=O)[O])c1ccccc1,COc1ccc2CC3[NH2]CCC3c2c1,salt,1,YADBOU
Oc1cc(O)c2CC(OC(=O)c3cc(O)c(O)c(O)c3)C(Oc2c1)c1cc(O)c(O)c(O)c1,CN1C=NC2=C1C(=O)N(C)C(=O)N2C,hydrate,3,RUNDUA
C1=CC=C2C(=C1)C=CC1=CC=CC=C21,C1=CC=C2C=CC=CC2=C1,failed,0,
CC(C)COc1ccc(cc1C#N)C1=NC(=C(S1)C(O)=O)C,NC(=O)c1cccnc1,cocrystal,2,HIQQIJ
c1cc(ccn1)C#CC#Cc1ccncc1,CC1c2cc(C(C)c3cc(C(C)c4cc(C(C)c5cc1c(O)cc5O)c(O)cc4O)c(O)cc3O)c(O)cc2O,solvate,3,DOHROI
F[C](S(=O)(=O)c1ccccc1)S(=O)(=O)c1ccccc1,CCCC[N](CCCC)(CCCC)CCCC,salt,1,KUJPEL
CCCCCCCCOc1ccc2c(SC3=C2Sc2cc(OCCCCCCCC)ccc32)c1,FC1=C(F)C(C(=C(F)C1=C(C#N)C#N)F)=C(C#N)C#N,cocrystal,2,GAYNUT
C1COCCOc2cccc3c(OCCOCCOCCOCCOc4cccc5c(OCCOCCO1)cccc45)cccc23,O=C1N(CC#C)C(=O)c2ccc3C(=O)N(CC#C)C(=O)c4ccc1c2c34,cocrystal,2,NUDHOJ
OCC(O)C1OC(=O)C(=C1O)O,NC(=O)C1=CC=C(C=C1)[N+](=O)[O-],failed,0,
CC1c2cc(C(C)c3cc(C(C)c4cc(C(C)c5cc1c(O)c(O)c5O)c(O)c(O)c4O)c(O)c(O)c3O)c(O)c(O)c2O,[O]c1ccc2ccccc2c1N=[NH]c1ccccn1,solvate,3,DOQDEU
c1ccc2nc3ccccc3cc2c1,CC(C)c1c(O)c(O)c(C=O)c2c(O)c(c(C)cc12)c1c(C)cc2c(C(C)C)c(O)c(O)c(C=O)c2c1O,cocrystal,2,RAGSID
CC1=CC2=CC=CC=C2C=C1C,CC1=CC2=C(C=C1)C=C(C)C=C2,failed,0,
OC(CC(O)=O)C(O)=O,COC1=CC=C(C=C1)C(O)=O,failed,0,
Oc1ccccc1C(=O)[O],[NH3]CCC(=O)NC(CC1=CNC=[NH]1)C(=O)[O],hydrate,3,HAXXEM
OC(=O)c1c(F)c(F)c(F)c(F)c1F,c1ccc(cc1)C#CC#Cc1ccccc1,cocrystal,2,UKOKUA
Cc1cccc(Nc2ccccc2C(O)=O)c1C,COc1cc2ncnc(Nc3ccc(F)c(Cl)c3)c2cc1OCCCN1CCOCC1,hydrate,3,VUSJOL
CC1=Cc2c(C)cc[c]3Oc4ccccc4c3c2O1,O=[Cl](=O)(=O)[O],solvate,3,YOLNES
OC(=O)CCCC(O)=O,NC(=O)C1=CC=C(N)C=C1,failed,0,
OC(=O)[O],CN(C)C(=O)N(C)CC[NH]=C(N(C)C)N(C)C,salt,1,IQAQAT
Oc1ccccc1C=NCCN1CC[NH2]CC1,CC(=O)[O],hydrate,3,PEJGIY
c1cc(ccn1)c1ccncc1,OC(=O)CC(C(O)=O)c1ccccc1,cocrystal,2,TUCNIR
N#Cc1ccc2N(N3c4ccc(cc4c4cc(ccc34)C#N)C#N)c3ccc(cc3c2c1)C#N,C=C,cocrystal,2,OYEJAG
[NH2](CC1=[NH]c2ccccc2N1)CC1=Nc2ccccc2N1,O=S(=O)([O])[O],salt,1,WAWGEH
COC(=O)CC(C)O,OC(C1OC2(CCCC2)OC1C(O)(c1ccccc1)c1ccccc1)(c1ccccc1)c1ccccc1,cocrystal,2,JOFSOM
N(c1nnc(NC2=NN=N[N]2)nn1)C1=NN=N[N]1,NC(N)=[NH2],hydrate,3,LIXTES
[NH3]CC(=O)NCC(O)=O,OP(=O)[O],salt,1,LABSOW
COC(=O)C1CC[NH2]C1c1ccccc1,OC(=O)C(=O)[O],hydrate,3,FAHQUB
CN1C(=O)NC2=C(N(C=CC=[N](C)Cc3ccccc3)c3cc(C)c(C)cc3N2C)C1=O,O=[Cl](=O)(=O)[O],solvate,3,MIPHIX
FC(F)(F)C(=O)[O],OCC([NH2]CC1C2C(C(C1c1ccccc21)N(=O)=O)c1ccc(Br)cc1)Cc1ccccc1,solvate,3,JEVWEP
NC(=O)C1=CN=CC=C1,COC1=CC=CC=C1C(O)=O,failed,0,
Cc1cccc(C)c1N1C=C[N](=P1)c1c(C)cccc1C,FC(F)(F)S(=O)(=O)[O],salt,1,JISRIN
Cc1cc(cc(C)c1O)C(c1[nH]cccc1)c1cc(C)c(O)c(C)c1,[H](F)[F],salt,1,PEJQOL
OC(=O)C1=CC=CC=C1O,CC1=CC=CC=C1C(N)=O,failed,0,
CN1C=NC2=C1C(=O)N(C)C(=O)N2C,Oc1ccc2C(=O)C(=C(Oc2c1)c1ccc(O)c(O)c1)O,cocrystal,2,JOQGED
[NH2]1CCCOc2ccccc2C[NH2]CCCOc2ccccc2C1,O=N(=O)[O],salt,1,NUVTUT
BrC(Br)(Br)N(=O)=O,CN(C)c1ccc(cc1)N(C)C,cocrystal,2,SIMZEV
[S]C#N,C1C[NH]2CC[NH]1CC2,hydrate,3,ZITMUO
OC(CC(O)=O)C(O)=O,CC1=CC=CC=C1C(N)=O,failed,0,
FC(F)(F)C(=O)[O],CC1(C)COC(=O)C1OC(=O)C12C=C[NH]=C(N)N3C(CCC13)CC2=O,salt,1,KUXRAY
OC(=O)C1=CC(=CC=C1)O,O=C1CCC(=O)N1,failed,0,
[NH4],[H](OC(=O)Cc1cc(CC(O)=O)cc(CC(=O)[O])c1)[O]C(=O)Cc1cc(CC(O)=O)cc(CC(=O)[O])c1,salt,1,VAFBUA
NC(=O)C1=CC=CC=C1[N+](=O)[O-],CC1=NC=C(CO)C(=C1O)CO,failed,0,
OC(=O)c1c(F)c(F)c(F)c(F)c1F,CN1C(=O)N(C)C2=C(NC=N2)C1=O,cocrystal,2,OPUMAP
OCC[NH](CCO)CCO,OC(=O)C=CC(=O)[O],salt,1,QOZXEK
[NH3]CCCCCCCCCCCC,BrC1=C([O])C(=O)c2ccccc2C1=O,salt,1,OBEXUQ
Cl[I](Cl)(Cl)Cl,C[N](C)(C)c1ccccc1,salt,1,PITSEU
NC(=[NH2])c1cccc2cc3cccc(C(N)=[NH2])c3cc12,O=C([O])c1ccc(cc1)C(=O)[O],hydrate,3,QEWBUR
OC(=O)C1=CC=C(Cl)C=C1,OC(=O)C1=CC=C(O)C=C1,failed,0,
CC(C)NC([S])=C(C#N)C(N)=O,CC(C)NC1=C(C#N)C(=[S]S1)NC(C)C,hydrate,3,NIZLAK
CC1=CC(=CC=C1)C(N)=O,NC(N)=O,failed,0,
Oc1ccc(Br)cc1,CCCCC(Cl)(CCCC)C(=O)NNc1ccc(C)cc1,cocrystal,2,HOHRUR
OC(=O)c1cc(C(O)=O)c(cc1C(O)=O)C(=O)[O],[NH3]CC[NH3],hydrate,3,TECMIY
NS(N)(=O)=O,CN(C)P(=O)(N(C)C)N(C)C,hydrate,3,CEJPIU
C1CC2=CC=CC3=C2C1=CC=C3,CC1=CC2=CC=CC=C2C=C1,failed,0,
c1cc(ccn1)c1ccncc1,Cc1c(O)cccc1O,cocrystal,2,UBUHOQ
CCCCCCCCCCCCCCS(=O)(=O)[O],c1cc[n](cc1)c1ccccc1,hydrate,3,GEWLUS
NC1=CC(=CC(=C1)N)C(O)=O,COC1=CC(=CC(=C1)OC)C(O)=O,failed,0,
F[P](F)(F)(F)(F)F,C=CCN1C(C([N](=C1c1ccccc1)CC=C)c1ccccc1)c1ccccc1,salt,1,OCIWIH
c1ccc(cc1)C#Cc1c2ccccc2cc2ccccc12,Fc1c(F)c(F)c2c(F)c(F)c(F)c(F)c2c1F,cocrystal,2,AXOSAK
CC(=O)Nc1ccc(O)cc1,c1cc(ccn1)C=Cc1ccncc1,solvate,3,WIGCAS
O=N(=O)[O],NN1N=C(C(=[NH2])N=C1N)N(=O)=O,hydrate,3,BEPFOV
COC1=CC=CC=C1C(N)=O,NC(CCC(O)=O)C(O)=O,failed,0,
[NH3]C(C)C,Fc1c(F)c(F)c(C(=O)[O])c(c1F)C(=O)[O],salt,1,QIYJOY
C[N](C)=C(N)N=C(N)N,CC(=O)Oc1ccccc1C(=O)[O],hydrate,3,FOJZUC
O=C([O])c1ccccn1,CCc1[nH]c(N)nc(N)c1c1ccc(Cl)cc1,salt,1,BOJGEN
Oc1ccc2ccccc2c1c1c(O)ccc2ccccc12,c1ccc2nc3ccccc3nc2c1,cocrystal,2,QOBVEJ
NC(=O)c1cnccn1,Oc1cc(O)c2C(=O)C(=C(Oc2c1)c1ccc(O)c(O)c1)O,hydrate,3,VIHJII
O=C1[N]S(=O)(=O)c2ccccc12,Cc1[nH]cc(CO)c(CO)c1O,salt,1,VULVUV
[NH3]CCCC[NH3],O=C([O])CCC(=O)[O],salt,1,DILYOO
FC(F)(F)S(=O)(=O)[O],CN(C)c1ccccc1[PH](C12CC3CC(CC(C3)C1)C2)C12CC3CC(CC(C3)C1)C2,solvate,3,ZIYJOJ
FC(F)(F)C(=O)[O],CC1(C)CCCC(C)(C)[NH]1O,salt,1,TAFPEZ
C1=CC=C2C(=C1)C=C1C=CC3=C4C(=CC=C3)C=CC2=C14,C1=CC2=CC3=CC=CC=C3C=C2C=C1,failed,0,
c1cnccn1,S=C1NC(=S)NC(=S)N1,cocrystal,2,FOSFAX
CC(C)(C)N1[N](C2CCC1CC2)c1ccccc1,O=N(=O)[O],salt,1,TITPIV
C1CN2CCN3CCCN4CCN(C1)C2C34,Fc1c(F)c(F)c(c(I)c1F)c1c(F)c(F)c(F)c(c1F)c1c(F)c(F)c(F)c(F)c1I,cocrystal,2,WUNFIX
COc1cccc(OC)c1C(=O)[O],COc1ccc(cc1)C(N)=[NH2],salt,1,GAPJEO
CN(C)c1ccc(cc1)C#Cc1cc[n](C)cc1,Cc1cc(C)c(c(C)c1)S(=O)(=O)[O],solvate,3,ACAHUK
CC1=CC=C(C=C1)C(N)=O,CN1C=NC2=C1C(=O)N(C)C(=O)N2C,failed,0,
FC(F)(C(=O)NCC(=O)[O])C(F)(F)C(=O)NCC(=O)[O],[NH2]1CCOCCOCC[NH2]CCOCCOCC1,hydrate,3,QEVKOR
Oc1ccc(cc1)C(c1ccc(O)cc1)=C(c1ccc(O)cc1)c1ccc(O)cc1,CC1=NC=CN1,cocrystal,2,HEZKIJ
CN(C)Cc1ccccc1,IN1C(=O)CCC1=O,cocrystal,2,IBOZUY
Cc1cc(C)nc(N)n1,OC(=O)c1cccc(F)c1F,cocrystal,2,XOJNAM
C1CNC(NC1)c1ccc2ccc3ccc(nc3c2n1)C1NCCCN1,c1ccccc1,cocrystal,2,VALSEK
Fc1cc(C=Cc2c(F)c(F)c(F)c(F)c2F)c(F)cc1C=Cc1c(F)c(F)c(F)c(F)c1F,N#CC(=Cc1ccccc1)c1ccc(cc1)C(=Cc1ccccc1)C#N,cocrystal,2,QOBZUC
NC(=O)c1cccnc1,COc1cc(OC)cc(C=Cc2ccc(O)cc2)c1,cocrystal,2,BETLEV
OCC(O)C1OC(=O)C(=C1O)O,CC1=CC(=CC=C1)C(O)=O,failed,0,
NC1=NC(=O)NC=C1,FC1=CNC(=O)NC1=O,cocrystal,2,CYTFUR
[NH3]Cc1ccc(C[NH3])cc1,CC=CC=CC(=O)[O],salt,1,ODEBEE
CC(C)=NNC(=O)c1ccncc1,OC(=O)c1cccc(O)c1,hydrate,3,SAYPIT
OC(=O)C(Cl)Cl,OC(=O)CCl,failed,0,
CC(=O)NC1=CC=C(O)C=C1,OC1=CC(=CC=C1)O,failed,0,
OC(=O)CC1=CC=CC=C1NC1=C(Cl)C=CC=C1Cl,N1C=CC=N1,failed,0,
[nH]1ccc(cc1)C=Cc1cc[nH]cc1,OC(=O)c1ccc(cc1)S(=O)(=O)[O],hydrate,3,CIXDAQ
Oc1cccc(O)c1O,CC1=NC=C(N1CCO)N(=O)=O,cocrystal,2,KUDRUZ
[nH]1cccc2ccc3ccc[nH]c3c12,I[I]I,hydrate,3,WULSED
O=C1N(Cc2c[nH]ccc2)C(=O)c2cccc3cccc1c23,O=[Cl](=O)(=O)[O],salt,1,WICBEQ
OC(C#Cc1ccccc1)(C(=O)[O])C(F)(F)F,[NH3]C(C)c1cccc2ccccc12,solvate,3,USOMOF
COc1ccccc1OCC[NH2]CC(O)COc1cccc2Nc3ccccc3c12,OC(=O)C=CC(=O)[O],hydrate,3,LOVGOW
Cc1[nH]c(N)nc(C)c1,O=C([O])C12COP(=O)(OC1)OC2,salt,1,QUYFEW
CC(C(C)C(O)=O)C(O)=O,OC(=O)CCCCCCCC(O)=O,failed,0,
C[n]1cc([O])n2N=C([O])NC(=O)c12,N1C=[NH]C=C1,hydrate,3,QASYIT
CC(C)(C)c1cc2Cc3cc(cc(Cc4cc(cc(Cc5cc(cc(Cc(c1)c2O)c5O)C(C)(C)C)c4[O])C(C)(C)C)c3O)C(C)(C)C,CC[N](C)(CC)CC,salt,1,AGEYIX
O=N(=O)c1cc(c([O])c(c1[O])N(=O)=O)N(=O)=O,N[NH]=C(N)N,hydrate,3,BAHPEG
OC(=O)CCl,OC(=O)C1=CC=CC=C1,failed,0,
OC(=O)C1=CC=C(O)C=C1,OC1=CC=C(O)C=C1,failed,0,
COC1=C(O)C=CC(=C1)C(O)=O,COC1=CC2=C(C=C1)N(C(=C2CC(O)=O)C)C(=O)C1=CC=C(Cl)C=C1,failed,0,
OC(=O)CCC(=O)C(=O)[O],CCC12CCC[NH]3CCC4=C(C13)N(c1ccccc41)C(O)(C2)C(=O)OC,salt,1,VINCOA
OC(=O)CSSCC(O)=O,N1C2=CC=C1C(=C1C=CC(=N1)C(=C1NC(=C(c3ccncc3)C3=NC(=C2c2ccncc2)C=C3)C=C1)c1ccncc1)c1ccncc1,solvate,3,QIPKOP
Cc1cc(C)cc(C)c1,Fc1c(F)c(F)c(Sc2nc(Sc3c(F)c(F)c(F)c(F)c3F)nc(Sc3c(F)c(F)c(F)c(F)c3F)n2)c(F)c1F,cocrystal,2,KEDPIT
C1CCC([S]2c3ccccc3Sc3ccccc23)C(CC1)[S]1c2ccccc2Sc2ccccc12,O=[Cl](=O)(=O)[O],salt,1,HABBES
O=[Cl](=O)(=O)[O],CC1=N[N](C)(C)CC1,salt,1,LALWEB
OC(=O)C1(CCC1)C(=O)[O],[NH3]CCCCCCCCCCCCC,salt,1,TOKTUJ
COc1ccc(cc1)P(=S)([S])OC1CC2CCC1(C)C2(C)C,[NH3]C(C)(C)C,solvate,3,ZUCTOI
NC(N)=O,COC1=CC2=C(C=C1)N(C(=C2CC(O)=O)C)C(=O)C1=CC=C(Cl)C=C1,failed,0,
COC1=CC2=C(C=C1)N(C(=C2CC(O)=O)C)C(=O)C1=CC=C(Cl)C=C1,NC(=O)C1=CC=C(N)C=C1,failed,0,
c1cc(ccn1)c1ccc(cc1)c1ccc(cc1)c1ccncc1,OC(=O)c1ccc(C(O)=O)c(c1)c1cc(cc(c1)C(O)=O)C(O)=O,cocrystal,2,UXEGOV
[NH3]NC(=O)C1=NNC(=[NH2])N1,O=N(=O)[O],hydrate,3,FIPMAV
Oc1ccc(cc1)C=Cc1ccc(cc1)N(=O)=O,Cc1cc[n]([O])cc1,cocrystal,2,RIDKUK
O=N(=O)C1=N[N]C(=C1N(=O)=O)N(=O)=O,NC1=[NH]C(=NN1)N,salt,1,GACNUV
[NH2]1CCCNCC[NH2]CCCNCC1,Oc1cccc(c1)C(=O)[O],hydrate,3,EMIRUN
O=S(=O)([O])[O],[NH3]NC(=S)N[NH3],salt,1,TCHYZS
CN(=O)=O,CCC1(C(=O)NC(=O)NC1=O)c1ccccc1,cocrystal,2,EPUDAW
OC(=O)c1cc(O)c(O)c(O)c1,CC1=CNC(=O)NC1=O,hydrate,3,FEYNUW
OC(=O)C=CC(=O)[O],[NH3]C(CC1=C[NH]=CN1)C(=O)[O],hydrate,3,TENVUF
[NH4],O=C([O])C1(CC1)C(=O)[O],salt,1,JUBPUR
COc1cc(Cc2c[nH]c(N)nc2N)cc(OC)c1OC,O=C([O])c1ccccc1,salt,1,CESRUN
CN1C(=C(O)C2=CC=CC=C2S1(=O)=O)C(=O)NC1=CC=CC=N1,COC1=C(O)C=CC(=C1)C=CC(O)=O,failed,0,
NC1=NC2=NN=NN2N=C1[C](N(=O)=O)N(=O)=O,[NH4],hydrate,3,QECQAT
NC(=O)C1=CC=C(F)C=C1,OC1=CC=C(O)C=C1,failed,0,
OC(=O)C1=CC=C(C=C1)C#N,NC1=CC(=CC(=C1)N)C(O)=O,failed,0,
S(Sc1ccncc1)c1ccncc1,Nc1ccccc1C(O)=O,cocrystal,2,OCAMUC
OC(=O)c1cc(O)c(O)c(O)c1,O=C1CCC(=O)N1,hydrate,3,DUNCUM
Cc1ccc(cc1)S(=O)(=O)[O],CCCCCCCC[P](c1ccccc1)(c1ccccc1)c1ccccc1,solvate,3,KEDVEV
[nH]1ccccc1,COc1c(O)c2C(=O)Oc3c(OC)c([O])cc4C(=O)Oc(c1OC)c2c34,salt,1,ILUCIB
Nc1[nH]cccc1,Oc1ccc(cc1)C(=O)[O],salt,1,IGAMUZ
CCOC(=O)CC1C[NH]2CCC3=C(Nc4ccccc34)C2CC1C(=O)OCC,FC(F)(F)C(=O)[O],salt,1,SUFXAV
CC1(C)C(CCC1(C)C(O)=O)C(=O)[O],[NH3]C(C(N)=O)c1ccccc1,hydrate,3,TOJNEO
OP(O)(=O)[O],[NH2]1CCC(CC1)Cc1ccccc1,salt,1,CAHSUA
NC1=CC=CC=C1[N+](=O)[O-],NC1=CC=C(C=C1)C(O)=O,failed,0,
CC1=CC(=O)NC(=N1)N,NC1=NC(=O)NC=C1F,hydrate,3,MECXOJ
[H]1O2CCOCCO1CCOCC2,Cl[P](Cl)(Cl)(Cl)(Cl)Cl,salt,1,IMUSIT
[NH4],O=N(=O)N=C1N[N]C(=N1)N(=O)=O,hydrate,3,CAZCOX
CN(C)C1=CC=C(S1)C1=CC=C(S1)c1cc[n](C)cc1,Cc1ccc(cc1)S(=O)(=O)[O],salt,1,FAKBIC
Oc1c(c(O)c(c([O])c1N(=O)=O)N(=O)=O)N(=O)=O,C1C[NH]=C2NN=NN2N1,salt,1,NOLFEB
NC1CCCC1,OC1(C#C)c2cccc(Cl)c2C(O)(C#C)c2cccc(Cl)c12,cocrystal,2,LERVIO
OC(=O)C1=CC=CC=C1,OC(=O)C1=CC(=CC(=C1)[N+](=O)[O-])[N+](=O)[O-],failed,0,
OC1=CC(=CC=C1)O,NC1=CC(=CC=C1)O,failed,0,
NC(=O)C1=CC=CC=C1,OC1=CC=CC(=C1)[N+](=O)[O-],failed,0,
COC1=CC=CC(=C1)C(N)=O,C1=NC=CC(=C1)C1=CC=NC=C1,failed,0,
O=C1CCCC1,Oc1cc2c(cc1O)c1cc(O)c(O)cc1c1cc(O)c(O)cc21,hydrate,3,QODQIJ
O=N(=O)[O],[NH3]C(Cc1ccc(O)c(c1)N(=O)=O)C(O)=O,salt,1,VIGBUI
COc1cc(ccc1O)C(O)=O,NC1=NC(=O)NC=C1F,hydrate,3,JEDRUJ
C1CC2=C(C1)SC(S2)=C1SC=CS1,N#CC(C#N)=C1C=CC(C=C1)=C(C#N)C#N,cocrystal,2,MYFLTC
OC(=O)C1=CC=CC=C1O,COC1=C(O)C=CC(=C1)C=CC(=O)CC(=O)C=CC1=CC(=C(O)C=C1)OC,failed,0,
CN1C(=O)N(C)C2=C(NC=N2)C1=O,COc1cc(OC)cc(C=Cc2ccc(O)cc2)c1,solvate,3,HURPOC
NC(=O)C1=CN=CC=C1,COC1=CC=C(C=C1)C(O)=O,failed,0,
OC(C(O)C(=O)[O])C(O)=O,[NH3]CCC1(C)C(=O)N(C)c2ccc(OC)cc12,hydrate,3,WEHKOJ
C[NH2]C(C)c1ccccc1,Cc1ccc(cc1)C(=O)OC(C(OC(=O)c1ccc(C)cc1)C(=O)[O])C(=O)[O],hydrate,3,ELEKOY
OC(=O)c1cccc(n1)C(O)=O,NC(=O)c1ccncc1,hydrate,3,MELYEI
ClC1=CC=C(Br)C=C1,CCCCCCCCCCCCCCO,failed,0,
OC(=O)c1ccccc1O,CCN1C=CC(=O)NC1=O,cocrystal,2,IZAHEZ
CC(=O)Nc1cccnc1,Fc1c(F)c(I)c(F)c(F)c1I,cocrystal,2,TOJBAW
CC1=CC=[N+]([O-])C=C1,IC1=CC=C(I)C=C1,failed,0,
O=N(=O)C1=CC=CC2=NSN=C12,NC1=CC=CC2=NSN=C12,cocrystal,2,KODXUY
O=C([O])c1ccc(cc1N(=O)=O)N(=O)=O,Oc1c[nH]ccc1,salt,1,IDUNOK
CSC(=C1C(=O)OC(C)(C)OC1=O)C1=C([O])OC(C)(C)OC1=O,CC[NH](CC)CC,salt,1,IYUCIO
c1ccccc1,CN1C=CN(C)C1=Pc1ccccc1,cocrystal,2,WEBYUA
ClCC(=O)[O],OC(C1[NH2]CCCC1)c1cc(nc2c1cccc2C(F)(F)F)C(F)(F)F,salt,1,OJELEX
CCCCCCCC(O)=O,NC(=O)C1=CC=C(F)C=C1,failed,0,
FC(F)(F)S(=O)(=O)[O],CC[N](C)(CC)OC1CCC(O)CC1,salt,1,VAYGIM
OC(=O)C1=CC=CC=C1,OC(=O)C1=CC=C(Cl)C=C1,failed,0,
NC(=O)C1=CC(=CC=C1)N,CC1=NC=C(CO)C(=C1O)CO,failed,0,
Clc1ccc2Oc3ccccc3N=C(N3CC[NH2]CC3)c2c1,OC(C(O)C(=O)[O])C(=O)[O],salt,1,KIYLUD
OC(=O)CCCC(O)=O,OC(=O)CCCCCCCCC(O)=O,failed,0,
[NH3]C1CCc2c(cccc12)C#N,Ic1ccc(cc1)C(=O)[O],salt,1,BOSSAH
CCN1C=C(C(O)=O)C(=O)c2cc(F)c(cc12)N1CC[NH2]CC1,OC(=O)C=CC(=O)[O],hydrate,3,VELROW
Nc1ccc(C(O)=O)c(O)c1,NC(=O)c1cccnc1,cocrystal,2,OFUYIZ
c1ccccc1,OC(CN=Cc1ccccc1O)C(=O)Nc1ccccc1,cocrystal,2,WARKUW
OC(C(=O)[O])c1ccccc1,[NH3]C1C2CC3CC(C2)CC1(CO)C3,salt,1,VUXCAU
NS(=O)(=O)C1=NNC(=[NH2])S1,CS(=O)(=O)[O],salt,1,OXUVUZ
CC(N)c1ccccc1,CC(=O)OCC1OC(O)C(OC(C)=O)C(OC(C)=O)C1OC(C)=O,cocrystal,2,SESSIS
CN1C(=C(O)C2=CC=CC=C2S1(=O)=O)C(=O)NC1=CC=CC=N1,NC1=CC=CC=C1C(O)=O,failed,0,
CN(C)c1cccc(c1)C(O)=O,OC(=O)c1ccc(cc1)N(=O)=O,cocrystal,2,ASAYEY
OC(=O)C1=CC=C(F)C=C1,CC1=NC=C(CO)C(=C1O)CO,failed,0,
OC(=O)c1ccc(cc1)N=Nc1ccc(cc1)C(O)=O,C(Cc1ccncc1)Cc1ccncc1,cocrystal,2,SOTZIO
O=C1C=CC(=O)C=C1,Cc1ccccc1O,cocrystal,2,GAPWID
Cc1c[nH]cc(C)c1,OC(=O)c1cc2ccccc2c(Cc2c(O)c(cc3ccccc23)C(=O)[O])c1O,solvate,3,TAPDEV
C[N]1=CN(Cc2ccccc2P(c2ccccc2)c2ccccc2)C=C1,F[P](F)(F)(F)(F)F,salt,1,XIQFAH
NC(=O)C1=CN=CC=C1,CCC(F)(F)C1=CC(=NC2=C1C(=C(S2)C(N)=O)N)N1CCC(CC1)S(C)(=O)=O,failed,0,
COc1ccc(O)c(c1)C(C)(C)C,NC(=O)N1c2ccccc2C=Cc2ccccc12,cocrystal,2,HEDYIC
c1cc(ccn1)c1ccncc1,OC(=O)CSc1ncccc1C(O)=O,cocrystal,2,WAFFUG
OC(=O)C1=CC(=CC=C1)F,OC(=O)C1=CC=CC=C1O,failed,0,
II,[O][n]1ccnc2ccccc12,cocrystal,2,KORTOD
ON=Cc1cc[nH]cc1,OC(=O)C(=O)[O],salt,1,COSDUK
NC(=O)C1=NC=CN=C1,OC(=O)CCCCCC(O)=O,failed,0,
N#CC1=C([N]C=N1)C#N,CN1C=NC2=C(N=CN2)C1=[NH2],hydrate,3,ZOYBEY
CC1=C(C=C(C=C1)[N+](=O)[O-])[N+](=O)[O-],NC1=CC2=CC=CC=C2C=C1,failed,0,
Oc1ccc(cc1)C=CC(=O)[O],Clc1ccccc1C(N1C=[NH]C=C1)(c1ccccc1)c1ccccc1,salt,1,UGEHIZ
COC1=CC(=CC(=C1)OC)C(O)=O,NC1=CC(=CC(=C1)N)C(O)=O,failed,0,
Clc1cc(Cl)c(Cl)c(I)c1Cl,c1cc(ccn1)C=Cc1ccncc1,cocrystal,2,OGEDAJ
OC(=O)c1c(F)c(F)c(c(F)c1F)C(=O)[O],Cc1[nH]cccc1,salt,1,LOQWUM
COC1=CC=C(C=C1)C(N)=O,NC(N)=O,failed,0,
[NH2]1CCCCC1c1cccnc1,CC(C)OP(=O)([S])OC(C)C,salt,1,KOKFIZ
[S]C#N,[NH3]C1CCCCC1,salt,1,TOZBAN
Nc1[nH]c(N)nc(N)n1,O=N(=O)[C](N(=O)=O)N(=O)=O,solvate,3,SIGFIY
[NH3]NC(=O)C([NH3])Cc1ccc(O)cc1,O=S(=O)([O])[O],salt,1,VAGHIV
CCC(N1CCCC1=O)C(N)=O,CC(C)(CC(O)=O)C(O)=O,cocrystal,2,XOGMIR
FC(F)(F)S(=O)(=O)[N]S(=O)(=O)C(F)(F)F,CCCCCCCCCCCCCCCCCC[N]1=CN(C)C=C1,salt,1,YOKQIA
CCOP(=O)([O])Nc1ccccc1,CC[NH2]CC,salt,1,IGASUF
COC(C(=O)OCC[n]1ccccc1)c1ccc(cc1)C(C)(C)C,F[P](F)(F)(F)(F)F,salt,1,LEJYEH
OCC(O)C1OC(=O)C(=C1O)O,CC1=CC(=CC=C1)C(N)=O,failed,0,
O=C1C2=CC=CC=C2C2=CC=CC=C12,O1C2=CC=CC=C2C2=CC=CC=C12,failed,0,
CCN1CCN(CC1)c1cc2N(C=C(C(O)=O)C(=O)c2cc1F)C1CC1,COc1cc(C=O)ccc1O,cocrystal,2,WEGFUN
OC(O)C(O)=O,c1ccc2nccnc2c1,cocrystal,2,XIFQEJ
O=[Cl](=O)(=O)[O],Nc1[nH]ccc(N)n1,salt,1,FUQYEX
C(Cc1ccncc1)c1ccncc1,OC(=O)c1cc(F)c(F)c(F)c1,cocrystal,2,BOWJUU
O=C([O])c1cc(C(=O)[O])c(cc1C(=O)[O])C(=O)[O],[NH3]Cc1ccccc1,hydrate,3,EZOCUU
OC(=O)c1cc(O)ccc1O,NNC(=O)c1ccncc1,cocrystal,2,BUVQER
O=N(=O)c1ccc(c(c1)N(=O)=O)S(=O)(=O)[O],COC[P](c1ccccc1)(c1ccccc1)c1ccccc1,salt,1,VEWMET
OC(=O)C(=O)[O],COCCc1ccc(OCC(O)C[NH2]C(C)C)cc1,salt,1,TILNEL
Nc1[nH]cccc1,O=P([O])(c1ccccc1)c1ccccc1,hydrate,3,MUCJOK
BrC1=CC=C(Br)C=C1,O=C(C1=CC=CC=C1)C1=CC=NC=C1,failed,0,
NC1=CC=CC(=C1)C(O)=O,CN1C=NC2=C1C(=O)N(C)C(=O)N2C,failed,0,
O=C1NC(=O)NP(=O)([O])N1,[NH4],salt,1,FAPMAK
[H]1OC(=O)c2cc3C(=O)[O][H]OC(=O)c3cc2C(=O)[O]1,[NH2]1CCC(CC1)CCCC1CC[NH2]CC1,hydrate,3,WOVWEJ
O=P([O])(c1ccccc1)c1ccccc1,NC(=[NH2])c1ccc(cc1)C(N)=[NH2],hydrate,3,DAQCEE
CC1=C(C=C(C=C1[N+](=O)[O-])[N+](=O)[O-])[N+](=O)[O-],OC1=C(C=C(C=C1[N+](=O)[O-])[N+](=O)[O-])[N+](=O)[O-],failed,0,
CCN(C(=O)N(CC)C1=CC=CC=C1)C1=CC=CC=C1,CCNC1=CC=C(C=C1)[N+](=O)[O-],failed,0,
CN(C)[P](ON1N=Nc2ccccc12)(N(C)C)N(C)C,F[P](F)(F)(F)(F)F,salt,1,AKESAK
COC1=CC=CC(=C1)C(O)=O,CCCCCCCC(O)=O,failed,0,
[NH3]C(CC[S](C)CC(O)=O)C(=O)[O],O=N(=O)c1cc(c(c(c1)N(=O)=O)S(=O)(=O)[O])N(=O)=O,salt,1,CXMETN10
CN(=O)=O,CC12CCC3C(CCc4cc(O)ccc34)C1CCC2(O)C#C,cocrystal,2,VOBNIK
O=S([O])[O],NNC(N)=[NH2],hydrate,3,HIVVUF
OC1(C#Cc2c3ccccc3c(C#CC3(O)c4ccccc4c4ccccc34)c3ccccc23)c2ccccc2c2ccccc12,Cc1cccnc1C,cocrystal,2,LUPQAQ
COC1=CC=CC=C1C(N)=O,CCCCCCCC(O)=O,failed,0,
OC1=CC=CC(=C1)C=O,OC1=CC2=CC=CC=C2C=C1,failed,0,
CCCCN1C=C[N](=C1)C,CCc1cc(cc(CC)c1N=C(C)C(C)=Nc1c(CC)cc(cc1CC)S(=O)(=O)[O])S(=O)(=O)[O],hydrate,3,DOWXOD
[NH3]C1C(O)Cc2ccccc12,O=C([O])c1ccc2cc3ccccc3cc2c1,hydrate,3,GUMVOA
COC1=CC=C(C=C1)C(N)=O,NC(=O)C1=CC=CC=C1,failed,0,
N1N=CN=N1,N1C=NC=N1,failed,0,
[NH3]CCN1CC[NH2]CC1,O=S(=O)([O])[O],salt,1,XEXZEF
C(Cc1ccncc1)c1ccncc1,Oc1ccc(I)cc1,cocrystal,2,IXUXUW
O=N(=O)[O],COc1ccccc1OCC[NH2]CC(O)COc1cccc2Nc3ccccc3c12,hydrate,3,LOVGAI
O=N(=O)[O],CCCCNC(=O)N1N=CNC1=[NH2],salt,1,TOMCOQ
CCCOC(=O)c1c2ccccc2cc2ccccc12,OC(C#CC#CC(O)(c1ccccc1)c1ccccc1)(c1ccccc1)c1ccccc1,cocrystal,2,USAFIE
C1COCCOCCOCCOCCOCCO1,CN(S(C)(=O)=O)S(=O)(=O)c1ccccc1,cocrystal,2,TUJKOY
CC1(CS(=O)(=O)C2CC(=O)N2C1C(=O)OC(c1ccccc1)c1ccccc1)N=[N]=[N],c1ccccc1,cocrystal,2,CERNET
Cc1ccc(cc1)S(=O)(=O)[O],N#[N]c1ccc(cc1)C#N,salt,1,EFUXEJ
FC(F)(F)S(=O)(=O)[O],Fc1ccc2Oc3ccc(F)cc3[I]c2c1,salt,1,OVUCEQ
Oc1ccc2ccc(O)c(c2c1)c1c(O)ccc2ccc(O)cc12,O=C([O])C1[NH2]CCC1,cocrystal,2,JOKLEC
Brc1cncc(Br)c1,OC(=O)c1cc(Br)cc(Br)c1O,cocrystal,2,RAVXOE
CC1=CC=CC=C1C(O)=O,C1=NC=CC(=C1)C1=CC=NC=C1,failed,0,
NC(=O)C1CC[NH2]CC1,OC(=O)c1cccc(n1)C(=O)[O],solvate,3,DEKXIC
N#Cc1cc(C#N)c(cc1C#N)C#N,COc1ccc(cc1)C1=NN(C(C1)c1c2ccccc2cc2ccccc12)C(C)=O,cocrystal,2,JALDIM
CN1C(=C(O)C2=CC=CC=C2S1(=O)=O)C(=O)NC1=CC=CC=N1,OCC(O)=O,failed,0,
CCN1C=C(C(O)=O)C(=O)c2ccc(C)nc12,CC(C)(C)c1cc(O)ccc1O,cocrystal,2,DIYYOB
FC(F)(F)S(=O)(=O)[O],CC(C)c1cc(C(C)C)c([I]c2ccc(C)c(C)c2)c(c1)C(C)C,salt,1,JUZXAF
COc1ccc(cc1)C(O)=O,COc1cc(OC)nc(N)n1,cocrystal,2,NEBXID
[NH2](c1ccccc1)c1ccccc1,O=[Cl](=O)(=O)[O],salt,1,LEKKOF
CC(=C)C1CCC2(CO)CCC3(C)C(CCC4C5(C)CCC(O)C(C)(C)C5CCC34C)C12,OCc1ccccc1,cocrystal,2,QIWQAS
OC(=O)CC(=O)[O],[NH3]C(CCCNC(N)=[NH2])C(=O)[O],hydrate,3,MUPNUG
F[P](F)(F)(F)(F)F,CN1C(=[N](C)C(=C1c1cc[n](C)cc1)Br)C,salt,1,LASWAH
FC1=CNC(=O)NC1=O,CN1C=CC(=NC1=O)N,cocrystal,2,FURMCY
O=C1NC(=O)NC(=O)N1,c1cc(ccn1)C=Cc1ccncc1,cocrystal,2,HADKUT
CC(C)C1=C(C)N(C)N(c2ccccc2)C1=O,OC(=O)c1cc(O)cc(O)c1,cocrystal,2,YACRAY
OC1=C(Cl)C(=O)C(=C(Cl)C1=O)O,Cc1nc(C)c(C)nc1C,cocrystal,2,WATREP
O=N(=O)C1=N[N]C(=N1)C1=NN=N[N]1,[NH4],hydrate,3,HIFTUP
[NH3]CC(=O)[O],OC(=O)c1cc(cc(c1)C(O)=O)C(O)=O,hydrate,3,GLYTMS
COC(C)(C(=O)[O])c1cccc2ccccc12,[NH3]C(C)c1ccccc1,salt,1,IRONIN
OC(=O)CCCC(O)=O,NC1=NC=C(Br)N=C1Br,failed,0,
O=CNCC(=O)[O],NC1=[NH]C(=O)NC=C1,salt,1,CYTFGL
C[NH](C)c1cccc2cccc(N(C)C)c12,Cc1ccc(cc1)S(=O)(=O)Nc1c(cc(c2c(cc(c([N]S(=O)(=O)c3ccc(C)cc3)c12)N(=O)=O)N(=O)=O)N(=O)=O)N(=O)=O,salt,1,KICBED
O=C([O])CCC1=NC(=C(O1)c1ccccc1)c1ccccc1,[NH2]1CC[NH2]CC1,salt,1,OJUQUH
NC1=CN=C(Br)C=N1,OC(=O)CCCCCCCCCCC(O)=O,failed,0,
C[NH]1CCN(CC1)C1=Nc2ccccc2NC2=C1C=C(C)S2,Nc1ccc(cc1)C(=O)[O],hydrate,3,HIRZEP
Cc1cccc(Nc2ccccc2C(O)=O)c1C,Clc1cccnc1,cocrystal,2,UZUZAS
C1=CC=C2C=CC=CC2=C1,OC1=CC=CC=C1[N+](=O)[O-],failed,0,
NNC(=[NH2])NN,N1=N[N]C(=N1)C1=NN=N[N]1,hydrate,3,SATTOY
OC1=CC2=CC=CC=C2C=C1,OC1=CC=CC2=CC=CC=C12,failed,0,
CC1=C(C)C=C(C=C1)C(O)=O,COC1=CC(=CC(=C1)OC)C(O)=O,failed,0,
c1ccc2ncccc2c1,OC(=O)c1ccc(C(O)=O)c2c(ccc(C(O)=O)c12)C(O)=O,cocrystal,2,QUTMOI
[NH3]C(C)(C)C,Cc1cccc(Nc2ccccc2C(=O)[O])c1C,salt,1,TEQCEA
NC1=NC(=O)NC=C1F,NC1=NC(=CC(=O)N1)N,solvate,3,MECVUN
O=C1CC2=CC=CC=C2CO1,CC(=O)NC1=CC=C(O)C=C1,failed,0,
OCC([NH]=C(c1ccccc1O)c1ccccc1[O])C(=O)[O],C[N](C)(C)C,solvate,3,QOQNOA
COC1=CC=C(C=C1)C(O)=O,NC(=O)C1=CN=CC=C1,failed,0,
[NH2]1CC[NH2]CC1,O=N(=O)c1ccc([O])c(c1)N(=O)=O,hydrate,3,UFAZAC
O=N(=O)C1=N[N]N=N1,NN1C(=[NH2])NN=C1C1=NNC(=[NH2])N1N,hydrate,3,TOSCEL
OC(=O)C1=CC=CC=C1O,NC1=CC=CC(=C1)C(O)=O,failed,0,
COC1=CC=CC=C1C(N)=O,CC1=CC2=C(C=C1C)N(CC(O)C(O)C(O)CO)C1=NC(=O)NC(=O)C1=N2,failed,0,
CC(=O)[O],CC(C)(C)[NH2]CC=C(c1ccccc1)c1cccc(c1)C(N)=O,salt,1,AKUVIO
O=[Cl](=O)(=O)[O],C1CC2Sc3cccc[n]3C2O1,salt,1,FIRLOK
CCCC[N](CCCC)(CCCC)CCCC,ClC1=CC=CC2=NC(=CN12)C(=O)[N]C1=Nc2ccccc2S1,hydrate,3,WEDJOI
O=C1c2ccccc2C(=O)c2c(Oc3c4ccccc4cc4ccccc34)cccc12,c1ccccc1,cocrystal,2,RUFGUU
OP(O)(=O)[O],[NH2]1CCOCCOCC[NH2]CCOCCOCC1,hydrate,3,REZNEP
CC(=O)c1c(ccc2cccc(O)c12)C(C)(C)C,CN(C)c1ccncc1,cocrystal,2,XISPOH
O=N(=O)[O],NC(=O)CN1C=C[N](=C1)c1ncccn1,salt,1,OHIKAS
Nc1cc[nH]cc1,Cc1ccc(cc1)C(=O)[O],hydrate,3,SOLGIL
CC(=O)OC1=CC=CC=C1C(O)=O,CCC1(C(=O)NC(=O)NC1=O)C1=CC=CC=C1,failed,0,
OC(=O)CC1=CC=CC=C1,OC(=O)C(Cl)Cl,failed,0,
CCCC1=CC(=O)NC(=S)N1,OC(=O)c1cc(O)ccc1O,cocrystal,2,OKEYOV
NC(=O)C1=CC=CC=N1,NC(=O)N1C2=CC=CC=C2C=CC2=CC=CC=C12,failed,0,
CC[N]1c2ccccc2N(CC)c2ccccc12,I[I]I,salt,1,HETPZI
OC1=CC=CC2=CC=CC=C12,ClC1=C(Cl)C=C(Cl)C(=C1)Cl,failed,0,
OC(=O)c1ccc(cc1N1C(=O)c2ccc3C(=O)N(C(=O)c4ccc(C1=O)c2c34)c1cc(ccc1C(O)=O)C(=O)[O])C(=O)[O],C[NH2]C,solvate,3,TEGCAN
C1=CC2=CC3=CC=CC=C3C=C2C=C1,CC1=C(C=C(C=C1[N+](=O)[O-])[N+](=O)[O-])[N+](=O)[O-],failed,0,
CC1=CC(=C(C=C1)[N+](=O)[O-])[N+](=O)[O-],C1C2=CC=CC=C2C2=CC=CC=C12,failed,0,
NC(=O)c1ccc(cc1)N(=O)=O,COc1cccc(C=Nc2ccc(cc2)C(O)=O)c1O,cocrystal,2,ZOTLIG
NC1=NC(=O)NC=C1F,NC(N)=O,cocrystal,2,POCWUD
CC(=O)NC1=CC=C(O)C=C1,CC1OC(=O)C(C)OC1=O,failed,0,
Cc1ccc(cc1)S(=O)(=O)[O],[NH3]C(C(C)O)C(O)=O,hydrate,3,MESTEM
OC(=O)C=CC(=O)[O],CC(C)(C)[NH2]CC1=CC=C(I)O1,salt,1,GARZAD
[NH4],Oc1ccc(cc1)N=Nc1cccc(c1)S(=O)(=O)[O],salt,1,KOKDOH
CN(C)C(N)=[N](C)C,CCC(C1OC(CC)(CC1C)C1CCC(O)(CC)C(C)O1)C(=O)C(C)C(O)C(C)CCc1ccc(C)c(O)c1C(=O)[O],solvate,3,QURQIE
FC(F)(F)C(=O)[O],COc1ccc(c2cc(C)cc(OC)c12)c1c(O)cc2CC(C)[NH2]C(C)c2c1OC,solvate,3,NOWKES
CC1=CC2=CC=CC=C2C=C1,C1CC2=CC=CC3=C2C1=CC=C3,failed,0,
[NH3]c1ccc(OCC)cc1,OP(O)(=O)[O],salt,1,XOLDOU
CC1=CC=C(C=C1)C(O)=O,OC(=O)C1=CC=CC=C1O,failed,0,
Fc1c(F)c(I)c(F)c(F)c1I,Cc1cccc(c1)C(N)=S,cocrystal,2,KUWPOJ
CC1SC2=C(SC1C)SC(S2)=C1SC2=C(SC(C)C(C)S2)S1,FC1=C(F)C(C(=C(F)C1=C(C#N)C#N)F)=C(C#N)C#N,cocrystal,2,QODKUR
Cc1cncc(C)c1,NC(N)=O,cocrystal,2,JOLCOE
[NH3]c1cc(C(C)C)c(OP(O)(=O)[O])c(c1)C(C)C,c1cnc2c(c1)ccc1cccnc21,hydrate,3,JANVIG
OC(=O)c1cc(O)cc(O)c1,[NH3]CC(=O)[O],hydrate,3,UCEMEV
[NH3]CC,OC(C(O)C(=O)[O])C(=O)[O],hydrate,3,UHISOW
OC(=O)CCC(=O)[O],[NH2]1CCCCC1,salt,1,RIXVAZ
O=C(C1=CC=CC=C1)C(=O)C1=CC=CC=C1,NC1=CC=CC=C1[N+](=O)[O-],failed,0,
OC(=O)C=CC(O)=O,COC1=CC2=C(C=C1)N(C(=C2CC(O)=O)C)C(=O)C1=CC=C(Cl)C=C1,failed,0,
N1C=NC=N1,N1C=CN=C1,failed,0,
ClC1=C([O])C(=O)C(=C([O])C1=O)Cl,Cc1[nH]ccc(C)c1,hydrate,3,CECQEJ
CCNc1nc(NC(C)C)[nH]c(SC)n1,FC(F)(F)C(=O)[O],salt,1,ETUCII
OC(C(O)C(=O)[O])C(=O)[O],NC(=[NH2])NC(N)=[NH2],salt,1,PUNPIY
O=C(Nc1ccc(cc1)C1(CCCC1)C#N)c1cccnc1NCc1cc[nH]cc1,CS(=O)(=O)[O],solvate,3,JEDTUK
C[NH]1CCOCC1,OC(=O)c1cc(ccc1O)S(=O)(=O)[O],hydrate,3,OMUXIE
[NH3]O,[O]N1N=NC(=N1)C1=NN=NN1[O],hydrate,3,LUKCEB
[NH3]c1cccc(Cl)c1Cl,OP(O)(=O)[O],salt,1,MIKPOM
O=N(=O)[N]c1nnc(nn1)[N]N(=O)=O,[NH4],salt,1,BIYPIM
OC(=O)C1CC(C(CC1C(O)=O)C(=O)[O])C(O)=O,C(Cc1ccncc1)c1cc[nH]cc1,hydrate,3,GIVYES
O=N(=O)[O],[nH]1ccccc1c1cc(nc(c1)c1[nH]cccc1)c1[nH]cccc1,salt,1,IRESII
OC(=O)C1=CC(=CC=C1)F,OC(=O)C1=CN=CC=C1,failed,0,
C[NH](C)c1cccc2cccc(N(C)C)c12,OC(=O)c1ccc(cc1)C(=O)[O],hydrate,3,JIVJIL
CC(C)CC1=CC=C(C=C1)C(C)C(O)=O,CCCCCCCCCCCC(O)=O,failed,0,
NC(=O)C1=CC=C(O)C=C1,OC(=O)CC(=CC(O)=O)C(O)=O,failed,0,
OCc1ccccc1,CC(CC(O)=O)C1CCC2C3CCC4CC(O)CCC4(C)C3CC(O)C12C,cocrystal,2,SUQBUB
CC(CCC(N)=O)C1CCC2C3C(O)CC4CC(O)CCC4(C)C3CC(O)C12C,CC1CCCCC1O,cocrystal,2,QAZFAZ
COc1cccc(OC)c1C1=CC(=O)c2ccccc2O1,Oc1c(cc(cc1N(=O)=O)N(=O)=O)N(=O)=O,cocrystal,2,WUPTIK
F[P](F)(F)(F)(F)F,C[NH](C)c1ccccc1N(C)C,salt,1,LENFAL
[NH3]c1ccccc1N,Oc1c(cc(cc1N(=O)=O)N(=O)=O)C(=O)[O],salt,1,PIDCAI
BrC1=CC=C(Br)C=C1,C1=CC=C(C=C1)C1=CC=NC=C1,failed,0,
[NH3]C(C)C,O=P([O])(Oc1ccccc1)Oc1ccccc1,salt,1,OFESID
OCc1ccccn1,CCC1c2cc(C(CC)c3cc(C(CC)c4cc(C(CC)c5cc1c(O)cc5O)c(O)cc4O)c(O)cc3O)c(O)cc2O,hydrate,3,EMUBIX
CC1=NC=CN1,CCCCCCCCCCCCO,failed,0,
C[NH]=C1c2c3OCCOCCOCCOCCOc4cccc(C(=O)c2ccc3)c14,O=[Cl](=O)(=O)[O],solvate,3,UNITIX
NC(CCC(O)=O)C(O)=O,NC(=O)C1=CC=C(C=C1)[N+](=O)[O-],failed,0,
CC[NH](CC)CC,ClC(Cl)(Cl)C1OC(=O)c2ccccc2OP1(=O)[O],salt,1,NALYUU
OC1(CC[NH](CCCC(=O)c2ccc(F)cc2)CC1)c1ccc(Cl)cc1,O=C1[N]S(=O)(=O)c2ccccc12,salt,1,YANMUW
OC(CC(=O)[O])(CC(=O)[O])C(=O)[O],Nc1[nH]cccc1,salt,1,JIGJER
OC(CC(O)=O)C(O)=O,CC1=CC(=CC=C1)C(O)=O,failed,0,
O=C1CN(CC2N1CCc1ccccc21)C(=O)C1CCCCC1,OC(=O)CCCCC(O)=O,cocrystal,2,TELCAQ
CC1(C)C2CCC1(CS(=O)(=O)[O])C(=O)C2,C1CC[NH](CC1)CP(c1ccccc1)c1ccccc1,salt,1,JUTNAP
OC(=O)c1ccccc1C(=O)[O],C[NH]1CCN(CC1)c1c(F)cc2C(=O)C(=CN(CCF)c2c1F)C(O)=O,hydrate,3,KERLUS
O=C(NCc1cccnc1)NCc1cccnc1,IC#CC#CI,solvate,3,WANPAD
Nc1c(O)cc(c2ccccc12)S(=O)(=O)[O],C(Cc1cc[nH]cc1)Cc1ccncc1,hydrate,3,RULGEN
Oc1ccccc1C=Nc1cccnc1,Fc1c(F)c(I)c(F)c(F)c1I,cocrystal,2,ODIQOK
NC(N)=[NH2],N#C[N]c1nc(nc(n1)[N]C#N)[N]C#N,hydrate,3,CEKGOP
CN1C(=O)N(C)C(=C(C(c2ccc(cc2)N(=O)=O)C2=C(O)c3ccccc3OC2=O)C1=O)[O],[NH2]1CCCCC1,salt,1,XATWEY
OC(=O)c1ccccc1O,CC(O)CN1C=NC2=C1C(=O)N(C)C(=O)N2C,hydrate,3,DUPXIY
[NH3]C1CCCCC1,O=P([O])(Oc1ccc2ccccc2c1)OP(=O)([O])Oc1ccc2ccccc2c1,salt,1,NAPYPX10
CN(C)[S](N(C)C)C(F)(F)F,[S]C(N1C=CC=N1)(N1C=CC=N1)N1C=CC=N1,salt,1,QOGCEU
OC(=O)c1cc(Cl)cc(Cl)c1,CCOc1ccccc1C(N)=O,cocrystal,2,GEQXIL
C1=CC=C(C=C1)C(C1=CC=CC=C1)C1=CC=CC=C1,C1=CC=C2C=CC=CC2=C1,failed,0,
[NH3]Cc1ccccc1,Clc1ccc(OCC(=O)[O])cc1,hydrate,3,UGULUF
[nH]1c2ccccc2cc2ccccc12,ClCC(=O)[O],salt,1,MUSQAV
FC(F)(F)S(=O)(=O)[N]S(=O)(=O)C(F)(F)F,CC1(C)CCCC(C)(C)[N]1=O,salt,1,TUFPER
O=C1CC(=O)NC(=O)N1,OC1Cc2c(O)cc(O)cc2OC1c1ccc(O)c(O)c1,hydrate,3,FADFEZ
O=C1OC(CN1C(CCN1CCOCC1)c1ccccc1)Cc1ccccc1,OC(C(O)C(O)=O)C(O)=O,hydrate,3,XAJNEB
Oc1ccc(cc1)C(=O)[O],O=C1C=CCC2C3CCC[NH]4CCCC(CN12)C34,hydrate,3,GEZPIO
O1c2ccnc3ccc4Oc5ccnc6ccc1c(c56)c4c23,Fc1c(F)c(I)c(F)c(F)c1I,cocrystal,2,LEFTAV
O=N(=O)c1cc(cc(c1)N(=O)=O)N(=O)=O,Oc1cccc2cccnc12,cocrystal,2,HQUNBZ
O=C1NN=C([N]1)N(=O)=O,NC1=NN2C(=[NH]N=C2N1)N,hydrate,3,ORUYIM
C[N]1(CCCCC1)CC(=O)[O],OC(C(O)C(O)=O)C(O)=O,cocrystal,2,POGWUE
O=P1([O])OP(=O)([O])OP(=O)([O])OP(=O)([O])OP(=O)([O])OP(=O)([O])O1,[NH3]c1ccc(C)cc1C,hydrate,3,OKIBUF
ClCC(=O)[O],Cc1[nH]c(N)nc(C)c1,salt,1,FUHKEZ
O=C([O])C1=Nc2ccccc2NC1=O,N1C=[NH]C=C1,hydrate,3,CUJREG
CCC(=O)Nc1ccccc1C(=O)[O],CCc1[nH]c(N)nc(N)c1c1ccc(Cl)cc1,salt,1,AZOQAI
Clc1cccc(Cl)c1Nc1ccccc1CC(=O)[O],[NH3]CCN,hydrate,3,LULSAP
FC(F)(F)S(=O)(=O)[O],CC(C)N1C(=C(C)[N](=C1P=C(N(C)C)c1ccccc1)C(C)C)C,salt,1,ZIJXOJ
CC1c2cc(C(C)c3cc(C(C)c4cc(C(C)c5cc1c(O)cc5O)c(O)cc4O)c(O)cc3O)c(O)cc2O,N#CC(=Cc1ccncc1)c1ccc(cc1)c1ccncc1,solvate,3,MIXGUZ
OC(=O)C1=CC=CC=C1O,OC(=O)C1=CC(=CC=C1)O,failed,0,
Cc1ccc(cc1)C(=O)NC(Cc1ccccc1)C(O)=O,OC(=O)C(Cc1ccccc1)NC(=O)c1ccc(Cl)cc1,cocrystal,2,KOLCOH
Cc1c(O)cccc1O,Cc1nc(C)c(C)nc1C,cocrystal,2,JUNXAU
OC(=O)CCSC1=CC(=O)C(=O)c2ccccc12,c1ccc2ncccc2c1,cocrystal,2,AYIJUP
F[P](F)(F)(F)(F)F,C[n]1ccc(cc1)C#N,salt,1,ODORIL
NC(=O)C1=CC(=CC=C1)F,OC(=O)CCSCCC(O)=O,failed,0,
OC(=O)CCSCCC(O)=O,CC1=CC=CC=C1C(N)=O,failed,0,
Fc1c(F)c(c(F)c(F)c1Br)C(=O)[O],N1C(=[NH]C(=C1c1ccccc1)c1ccccc1)c1ccccc1,salt,1,FIBNOV
CC1=C(C=C(C=C1)[N+](=O)[O-])[N+](=O)[O-],OC1=C(C=C(C=C1)[N+](=O)[O-])[N+](=O)[O-],failed,0,
[NH3]Cc1ccccc1C,CC=CC=CC(=O)[O],salt,1,ASOPED
COC1=CC=C(C=C1)C(O)=O,CC1=NC=C(CO)C(=C1O)CO,failed,0,
O=N(=O)c1cc(c([O])c(c1)N(=O)=O)N(=O)=O,C[N]1=CN(CCCN2C(=O)c3ccc4C(=O)N(CCCN5C=C[N](=C5)C)C(=O)c5ccc(C2=O)c3c45)C=C1,salt,1,SEKCUJ
C[NH2]C(C)C(O)c1ccccc1,OC(C(=O)[O])c1c2ccccc2cc2ccccc12,hydrate,3,KITLUV
c1cc2cccc3c4cccc5cccc(c(c1)c23)c45,ClC1=CC(=NC#N)C(=CC1=NC#N)Cl,cocrystal,2,VOQCIQ
C1N2CN3CN1CN(C2)C3,OC(=O)c1cccc(c1)C(O)=O,hydrate,3,MIPVIQ
NC1=NC(=O)NC=C1F,C[NH](C)CC(=O)[O],cocrystal,2,RESZEY
[NH3]CC(=O)NCC(O)=O,O=S(=O)([O])c1ccc2cc(ccc2c1)S(=O)(=O)[O],hydrate,3,HIBBUP
NC(=O)N1c2ccccc2C=Cc2ccccc12,Nc1ccc(C(O)=O)c(O)c1,hydrate,3,FAYXUB
O=N(=O)c1cc(cc(c1)N(=O)=O)N(=O)=O,Clc1ccccc1,cocrystal,2,IPINOK
Oc1cccc(O)c1,CN1C=CC(=O)C(=C1C)O,cocrystal,2,ZATGOU
CC(=O)C1CCC2C3CCC4=CC(=O)CCC4(C)C3CCC12C,OC(=O)c1cc(O)c(O)c(O)c1,solvate,3,ZIZBOD
O=[Cl](=O)(=O)[O],Cc1cccc(C)c1NC(=O)Nc1c[nH]ccc1,salt,1,PIHMAV
CC(C(C)C(O)=O)C(O)=O,OC(=O)CCCC(O)=O,failed,0,
[NH3]CC[NH3],O=C([O])CNC(=O)c1ccc(cc1)C(=O)NCC(=O)[O],hydrate,3,DIRBOX
O=S(=O)([O])c1ccccc1,[NH3]c1ccc(cc1)c1ccccc1,salt,1,NIXBUV
I[I]I,C[NH](C)CCC[NH](C)C,salt,1,RACNUE
CN1C(=O)N(C)C2=C(NC=N2)C1=O,OC(=O)c1cc(ccc1O)c1ccc(F)cc1F,cocrystal,2,OPOGAD
Nc1[nH]cccc1,O=C([O])c1cccnc1,salt,1,QEQVIS
NC(=S)NN=Cc1[nH]cccc1,O=[Cl](=O)(=O)[O],salt,1,ADOKIN
Cc1ccccc1,OC1CC(c2ccc(Cl)cc2)C2(C1C(=O)c1ccccc1)C(=O)N(Cc1ccccc1)c1ccccc21,cocrystal,2,UQUVUA
O=C([O])c1ccc2ccccc2n1,[NH3]C(C)(C)CO,salt,1,YENWAT
CN1C=NC2=C1C(=O)NC(=O)N2C,CC(=O)C1CCC2C3CCC4=CC(=O)CCC4(C)C3CCC12C,failed,0,
COc1ccc(C=CC=Cc2cc[n](C)cc2)cc1,O=N(=O)c1ccc(cc1)S(=O)(=O)[O],salt,1,GURTUL
Fc1c(F)c(F)c(I)c(I)c1F,FC(F)(F)C1=CNC(=S)C=C1,cocrystal,2,ATAGAG
Oc1ccc(O)cc1,CCCCN(CCCC)C(=O)c1ccc(cc1)C(=O)N(CCCC)CCCC,cocrystal,2,QIGPIJ
OC(=O)CCCCCC(O)=O,CC(C(C)C(O)=O)C(O)=O,failed,0,
COc1ccc(CN2C=Cc3c(C)c4C(=O)C=CC(=O)c4c4cccc2c34)cc1,O=C1C=CC(=O)C=C1,cocrystal,2,FUZHIT
OC(=O)c1ccc(cc1)C(=O)[O],C[NH](C)c1cccc2cccc(N(C)C)c12,hydrate,3,JIVJIL
C1CCC2[NH](C1)CC1CC2C[N]2=C(CCCC12)c1ccccc1,O=[Cl](=O)(=O)[O],salt,1,JAHXAR
O=N(=O)c1cc(c([O])c(c1)N(=O)=O)N(=O)=O,CCc1[nH]c(N)nc(N)c1c1ccc(Cl)cc1,solvate,3,QOVQAU
N1C=Cc2cccnc12,Fc1c(F)c(F)c(F)c(F)c1F,cocrystal,2,PIZPUN
[S]1C=CSC1=C1SC=CS1,CC1(C)CC(CC(C)(C)N1[O])C(=O)NCCS(=O)(=O)[O],hydrate,3,CEBXAJ
c1ccc2N=C3C=CC=CC3=Nc2c1,II,cocrystal,2,PHNAZI
OC(=O)C1=NC=CN=C1,NC(=O)C1=CN=CC=C1,failed,0,
OC1=C(Cl)C(=CC=C1)Cl,OC1=C(Cl)C=C(Cl)C=C1,failed,0,
COC(=O)C(CSC(=S)[N]S(=O)(=O)c1ccccc1)=Cc1ccccc1N(=O)=O,c1ccc(cc1)[P](c1ccccc1)(c1ccccc1)c1ccccc1,salt,1,YUHGOA
CN(C)C1=C(C)N(C)N(C2=CC=CC=C2)C1=O,CCOC1=CC=C(NC(C)=O)C=C1,failed,0,
NC(=O)C1=CC(=CC=C1)N,OC(=O)CCSCCC(O)=O,failed,0,
BrSc1[s]nsn1,Br[Br]Br,salt,1,BEMLIO
Nc1[nH]cnc2NC=Nc12,OC(=O)C=CC(=O)[O],hydrate,3,RIGMIE
CC=CC=CC(=O)[O],[NH3]C(C)c1cccc2ccccc12,salt,1,ASONEB
NC(=O)c1ccncc1,OCC(O)C1OC(=O)C(=C1O)O,cocrystal,2,OXOHAM
[NH3]c1cccc2c(O)cccc12,OC(=O)c1cc(cc(c1[O])N(=O)=O)N(=O)=O,hydrate,3,HIDVUM
Cc1cc(C)nc(NS(=O)(=O)c2ccc(N)cc2)n1,OC(=O)c1ccccc1O,cocrystal,2,GEYSAE
Fc1c(F)c(I)c(F)c(F)c1I,Cc1cc(C)c(cc1C#Cc1ccccn1)C#Cc1ccccn1,cocrystal,2,UXATUL
O=[Cl](=O)(=O)[O],CN1N=NN=C1N1C=[N](C)C=N1,salt,1,LERXUC
[NH3]CC[NH2]CCC[NH3],OP(=O)([O])[O],hydrate,3,EDOJAI
OC1=CC2=CC=CC=C2C=C1,N1C2=CC=CC=C2SC2=CC=CC=C12,failed,0,
OC(CC(O)=O)C(O)=O,NC(=O)C1=CC=CC=C1[N+](=O)[O-],failed,0,
O=C([O])c1c[nH]ccc1,COc1ccc(cc1O)C1CC(=O)c2c(O)cc(O)cc2O1,cocrystal,2,RUWHEX
CCN1C=C(C(O)=O)C(=O)c2cc(F)c(nc12)N1CC[NH2]CC1,O=C([O])c1cccc(c1)C(=O)[O],hydrate,3,WEQRIX
Nc1[nH]nc(c(N)n1)c1cccc(Cl)c1Cl,Oc1ccc(O)c(c1)C(=O)[O],salt,1,ZIJZEB
C1=CC=C2C=CC=CC2=C1,CC1=CC2=CC=CC=C2C=C1,failed,0,
NC(=O)C1=CC=CC=C1O,OC1=CC=C(C=C1)[N+](=O)[O-],failed,0,
O=C([O])c1cccnc1,NC1=[NH]C(=O)NC=C1,hydrate,3,DUZNIW
OP(=O)([O])CC(=O)[O],[NH4],salt,1,TERNEJ
OC(C(=O)[O])c1ccccc1,[NH3]C(C)c1cccc(OC)c1,salt,1,WELXUG
Cc1cccc(Nc2ccccc2C(O)=O)c1C,Cc1ccncc1,cocrystal,2,UZUZEW
O=N(=O)c1cc(c(c(c1)N(=O)=O)S(=O)(=O)[O])N(=O)=O,NC(N)=[NH2],salt,1,NOGKOJ
[NH3]CC[NH2]CC[NH3],OC(=O)c1c(C(O)=O)c(C(=O)[O])c(C(=O)[O])c(C(O)=O)c1C(=O)[O],hydrate,3,NUFQAH
Fc1c(F)c(I)c(F)c(F)c1I,CCCCCc1ccc(cc1)C#Cc1ccccn1,cocrystal,2,QOVQIE
OC(=O)C1=CC=CC=C1,NC(=O)C1=CC=C(O)C=C1,failed,0,
CC(=O)[O],CC1=NN(C(C1)c1ccc(C)cc1)C(N)=[NH2],solvate,3,MOPPEM
OC(=O)c1c(F)cccc1F,CC1=NN=C2CN=C(c3ccccc3)c3cc(Cl)ccc3N12,cocrystal,2,EZIDUN
OC(=O)CCCCC(O)=O,O=C(Nc1cccnc1)C1C(C(C1c1cccnc1)C(=O)Nc1cccnc1)c1cccnc1,cocrystal,2,XADXUY
CC(C(=O)[O])c1cccc(C)c1,[NH3]C1C(O)Cc2cc3ccccc3cc12,salt,1,QAHYAA
CC(=O)NC1=NN=C(S1)S(N)(=O)=O,OC(=O)C1=CC=CC=C1O,failed,0,
[O]N1N=NN=C1C1=NN=N[N]1,[NH3]N,salt,1,QUDPOW
NC(N)=O,OC(=O)C(O)=O,cocrystal,2,UROXAM
OC1=CC=CC=C1[N+](=O)[O-],CC1(C)C2CCC1(C)C(=O)C2,failed,0,
c1cc(ccn1)c1ccncc1,Oc1ccc(cc1)C(c1ccc(O)cc1)c1ccc(O)cc1,cocrystal,2,EJEVUK
NC(=O)c1ccccn1,COc1ccc2cc(ccc2c1)C(C)C(O)=O,cocrystal,2,SAJCOY
CN1CC(=O)[NH]=C1N,O=C([O])C=Cc1ccccc1,salt,1,EROHOJ
Cc1cc(C)c2ccc(N)[nH]c2n1,COc1cc(cc(OC)c1OC)C(=O)[O],hydrate,3,SEBKIW
OC(=O)C1=CC=CC=C1,NC1=CC=CC2=CC=CC=C12,failed,0,
CC(=O)NC(CCC(O)=O)C(O)=O,c1ccc(C=Cc2ccccn2)nc1,cocrystal,2,CEBCOF
NS(=O)(=O)c1cc2c(NC=NS2(=O)=O)cc1Cl,C1N2CN3CN1CN(C2)C3,solvate,3,VEKBAR
O=C([O])C=CC(=O)[O],COc1cc(N)c(Cl)cc1C(=O)CCC1CC[NH](CCNS(=O)(=O)c2ccc(N)c(Br)c2)CC1,solvate,3,UNABOC
c1ccc(cc1)N1c2ccccc2C(=C1c1ccccc1)N=NC1=C(N(c2ccccc2)c2ccccc12)c1ccccc1,N#CC(C#N)=C1C=CC(C=C1)=C(C#N)C#N,cocrystal,2,TEWKUB
c1ccc2nccnc2c1,Cc1cc(O)cc(O)c1,cocrystal,2,EWAREA
OC(=O)c1cc(cc(c1)N(=O)=O)N(=O)=O,c1ccc2ncccc2c1,cocrystal,2,XEBFOA
NC1=CC=C(N)C=C1,OC1=CC=CC=C1[N+](=O)[O-],failed,0,
Cc1[nH]c2nc(N)ccc2c(C)c1,Cc1ccc(cc1)S(=O)(=O)[O],hydrate,3,REJJOI
[NH3]N,O=N(=O)N=C1[N]N=CN1N1C=N[N]C1=NN(=O)=O,salt,1,HIZCUS
N1N=C(N=C1c1ccccn1)c1ccccn1,Oc1ccc(O)cc1,cocrystal,2,RUVVAF
NC#N,C1COCCOCCOCCOCCOCCO1,cocrystal,2,CENHAE
[NH3]C(Cc1ccccc1)C(=O)[O],[NH3]C(CC)C(=O)[O],cocrystal,2,POVYEF
OC1(CC=C)C2C=CC1C1CC3C(CC21)C1C=CC3C1(O)CC=C,N,cocrystal,2,JIWCIF
N1C=[NH]C=C1,O=C([O])c1ccc(cc1)C(=O)[O],salt,1,HILSAX
NC(=O)C1=CN=CC=C1,NC(N)=NC1=NC(=CS1)CSCCC(N)=NS(N)(=O)=O,failed,0,
CS(=O)(=O)[O],C[NH](C)C(C)C(O)c1ccccc1,salt,1,IVUNIX
C(Oc1cc[nH]cc1)C(COc1cc[nH]cc1)(COc1cc[nH]cc1)COc1cc[nH]cc1,ClC1=C([O])C(=O)C(=C([O])C1=O)Cl,solvate,3,AJAMIJ
C(N1C=CN=C1C1=NC=CN1CC1=CC=CC=C1)C1=CC=CC=C1,OC(=O)CCCCCCCCC(O)=O,failed,0,
CCN1C=Nc2c(N)[nH]cnc12,O=C([O])CCC(=O)[O],solvate,3,YUPPIL
C1CN2CCN1CC2,Nc1c(F)c(F)c(I)c(F)c1F,cocrystal,2,BOLZEL
c1ccc(cc1)[P](c1ccccc1)(c1ccccc1)c1ccccc1,O=C1CCC(=O)N1I[Br]IN1C(=O)CCC1=O,solvate,3,WEZBEI
OC(=O)CC(O)(CC(=O)[O])C(O)=O,CCOc1cc(N)c(Cl)cc1C(=O)NCC1C[NH](CCO1)Cc1ccc(F)cc1,salt,1,LUWQAY
OC1=CC=C(C=C1)[N+](=O)[O-],OC(=O)C1=CC=CC=C1,failed,0,
c1cc(ccn1)N=Nc1ccncc1,CC(=O)NC1=NN=C(S1)S(N)(=O)=O,cocrystal,2,GUXTAX
Fc1c(F)c(F)c(I)c(I)c1F,Cc1cc(C)c(N#[C])c(C)c1,cocrystal,2,ZUTKOR
CC1=C(C)C=C(C=C1)C(O)=O,NC1=CC=C(C=C1)C(O)=O,failed,0,
OC(=O)CC=CC(=O)[O],[NH4],salt,1,CARVIA
NC(=O)C1=CC=C(F)C=C1,CC1=NC=C(CO)C(=C1O)CO,failed,0,
CC1=C(C=C(C=C1)[N+](=O)[O-])[N+](=O)[O-],N1C2=CC=CC=C2C2=CC=CC=C12,failed,0,
N1=N[N]N=N1,NN1C=NN2C(=[NH]N=C12)N,salt,1,DAXSEE
[NH3]NC(=O)N[NH3],[O]N1N=NN=C1C1=NN=N[N]1,hydrate,3,QUDPIQ
N#CC(C#N)=C(C#N)C#N,Cc1c(C)c(C)c(C)c(C)c1C,cocrystal,2,VEQQUE
OC(=O)c1cc(O)c(O)c(O)c1,O=C1CCC(=O)N1,solvate,3,DUNDEX
OCC(O)C1OC(=O)C(=C1O)O,NC(=O)C1=CC=CC=C1O,failed,0,
C[N]1=C(C)N(CC(C)=C)C=C1,F[P](F)(F)(F)(F)F,salt,1,NOMNAH
OC(=O)CCCCCCC(O)=O,NC1=CN=C(Br)C=N1,failed,0,
c1cc(ccn1)c1ccncc1,OC(=O)C1CC(C(CC1C(O)=O)C(O)=O)C(O)=O,cocrystal,2,VUZMEJ
Cc1ccc(cc1)S(=O)(=O)[O],COC1=C(OC)C2=CC3=[NH]C(=CC4=C(OC)C(=C(N4)C4=[NH]C(=CC5=C(OC)C(=C(N5)C=C1N2)OC)C(=C4OC)OC)OC)C(=C3OC)OC,salt,1,OHOREK
[NH4],O=N(=O)[N]c1c(c([N]N(=O)=O)c(c([N]N(=O)=O)c1N(=O)=O)N(=O)=O)N(=O)=O,hydrate,3,NAYJOQ
c1ccc2cc3cc4cc5ccccc5cc4cc3cc2c1,C1c2cc3ccccc3cc2Cc2cc3ccccc3cc12,cocrystal,2,HULKOO
OC(=O)C=CC(O)=O,COC1=CC=CC(=C1)C(O)=O,failed,0,
NC(=O)C1=CN=CC=C1,CC1=CC=CC=C1C(N)=O,failed,0,
[NH4],[O]N1C=NN=N1,salt,1,VAYFOU
OC1=C(C(=S)N(C=C1C(=O)[O])C1CC1)C(=C1SC(=NN1c1ccc(Cl)cc1)c1ccccc1)N(=O)=O,CC[NH](CC)CC,salt,1,UMEPEK
Oc1ccc(cc1)C=Cc1ccc(cc1)N(=O)=O,O=N(=O)c1cc[n]([O])cc1,cocrystal,2,RIDQIE
Brc1ccccc1CC(=O)[O],[NH3]C(C)c1ccccc1,salt,1,XOHRAP
Fc1c(F)c(F)c(C=Cc2ccc(cc2)C=Cc2c(F)c(F)c(F)c(F)c2F)c(F)c1F,c1ccc(cc1)C#Cc1c2ccccc2c(C#Cc2ccccc2)c2cc3ccccc3cc12,cocrystal,2,QASVUF
C[NH]1C(CCCO)CC2CCCCC12,OC(C(O)C(=O)[O])C(O)=O,salt,1,DIFMOU
CN(C)c1ccc(C=CC2=[N](C)c3ccccc3S2)cc1,Cc1ccc(cc1)S(=O)(=O)[O],hydrate,3,ZODJIO
CC1=C(C)C=C(C)C(=C1)C,C1=CC=C(C=C1)C1=CC=CC=C1,failed,0,
Nc1ccc(cc1)N(=O)=O,OC1=C(Cl)C(=O)C(=C(Cl)C1=O)O,cocrystal,2,NAMZOT
CC(C(C)C(O)=O)C(O)=O,OC(=O)CCCCCCCCC(O)=O,failed,0,
COC(=O)C12C[NH](Cc3cccc(n3)C(O)=O)CC(C1O)(C(N(Cc1[nH]cccc1)C2c1ccccn1)c1ccccn1)C(=O)OC,FC(F)(F)C(=O)[O],solvate,3,YUQYOB
NC(=O)C1=CC=CC=C1N,OC1=CC=C(O)C=C1,failed,0,
OC(=O)c1cccc(c1)N(=O)=O,NC(N)=NS(=O)(=O)c1ccc(N)cc1,cocrystal,2,MIGGES
Nc1c(Cl)c(Cl)nc(C(=O)[O])c1Cl,NC(N)=[NH2],salt,1,GUPICL10
OC(=O)C1=CC(=CC=C1)O,OC(=O)C1=CC=C(O)C=C1,failed,0,
ClC1=C(Cl)C=C(Cl)C(=C1)Cl,OC1=CC2=CC=CC=C2C=C1,failed,0,
OC(=O)C1=CC=CC=C1Cl,OC(=O)C1=CC=C(Cl)C=C1,failed,0,
OC(=O)C(O)=O,OC(=O)C1=CC=C(C=C1)[N+](=O)[O-],failed,0,
OC(=O)CC(O)=O,OC(=O)C1=CC=CC=C1O,failed,0,
Cc1c(C)c(C#N)c(C)c(C)c1C#N,Fc1c(F)c(I)c(F)c(F)c1I,cocrystal,2,HUMLOQ
NC(N)=[NH2],O=C1NC(=O)[N]C(=O)N1,salt,1,MOPYEV
[O]N1N=NC(=N1)C1=NN([O])N=N1,NNC(N)=[NH2],salt,1,FERFEP
Nc1cc[nH]cc1,Clc1cc(ccc1C(=O)[O])N(=O)=O,hydrate,3,EFASOV
[NH3]N,O1N=C2N=N[N]C2=N1,hydrate,3,PORKIU
O=C(Nc1c[nH]ccc1)OCCOCCOC(=O)Nc1c[nH]ccc1,O=[Cl](=O)(=O)[O],hydrate,3,QABPAM
CC(C)c1cccc(C(C)C)c1N1C=C[N](=C1)c1c(cccc1C(C)C)C(C)C,O=[Cl](=O)(=O)[O],salt,1,KIDKUG
ClC1=C([O])C(=O)C(=C([O])C1=O)Cl,CC1=CNC=[NH]1,salt,1,JAXMEB
OC(=O)CCCCC(O)=O,NC(=O)c1cccnc1,cocrystal,2,NUKYIC
Oc1c2C3CC(c4cc5ccccc5cc34)c2c(O)c2C3CC(c4cc5ccccc5cc34)c12,N#Cc1cc(C#N)c(cc1C#N)C#N,cocrystal,2,UBEVAY
CN1C=NC2=C1C(=O)N(C)C(=O)N2C,NC1=CC=C(C=C1)C(O)=O,failed,0,
NC(=O)Nc1ccccc1,OC(=O)c1c(cc(cc1N(=O)=O)N(=O)=O)N(=O)=O,cocrystal,2,NEMTOO
[NH4],CC1CC2CCC=CC2(C1)C(=O)[O],salt,1,POJFAV
Cc1cc(C)c(c(C)c1)c1cc(c2ccc3c(cc(c4ccc1c2c34)c1c(C)cc(C)cc1C)c1c(C)cc(C)cc1C)c1c(C)cc(C)cc1C,c1ccccc1,cocrystal,2,TUYQOU
c1cnc2c(c1)ccc1cccnc21,NC(=S)Nc1ccc(F)cc1,cocrystal,2,VIHKUU
CC(C)NC(=[NH]C(C)C)N(Cc1ccccc1)Cc1ccccc1,O=C([O])N(Cc1ccccc1)Cc1ccccc1,salt,1,SEPTEQ
COC1=CC=CC(=C1)C(O)=O,OCC(O)C1OC(=O)C(=C1O)O,failed,0,
C1=CC=C(C=C1)C(C1=CC=CC=C1)C1=CC=CC=C1,OC1=CC=CC=C1[N+](=O)[O-],failed,0,
OC(=O)C1=CN=CC=C1,NC1=CC=CC(=C1)C(O)=O,failed,0,
OC(=O)c1ccc(F)c(F)c1F,NC(=O)c1ccncc1,cocrystal,2,PIRPEN
CC(C)C(C)C=CC(C)C1CCC2C(CCCC12C)=CC=C1CC(O)CCC1=C,CC(C)C1CCC(C)CC1O,hydrate,3,CEXVOU
S=C1NC(=S)NC(=S)N1,c1cnccn1,cocrystal,2,FOSFAX
CC1=CC(=CC=C1)C(O)=O,CC1=NC=C(CO)C(=C1O)CO,failed,0,
OO,Cc1c[n]([O])cc(C)c1,cocrystal,2,YAFYUD
NC(=O)C1=CN=CC=C1,NC1=CC=CC=C1[N+](=O)[O-],failed,0,
OC(=O)c1ccccc1,C1COCCOCCOc2cc(C=Cc3ccncc3)ccc2OCCOCCO1,cocrystal,2,ROVQAX
OC(C(O)C(O)=O)C(O)=O,CN1C(=C(O)C2=CC=CC=C2S1(=O)=O)C(=O)NC1=CC=CC=N1,failed,0,
C[N](C)(C)C,S=C([S])[S],solvate,3,THCFMD
Oc1ccc(c(O)c1)C(=O)[O],[NH4],hydrate,3,VERTOC
Cc1ccc2ccc3ccc(C)nc3c2n1,OC(=O)c1ccccc1,cocrystal,2,DUTSOB
CCCCC(Cl)(CCCC)C(=O)NNc1ccc(C)cc1,Oc1ccc(Br)cc1,cocrystal,2,HOHRUR
C(N1C=CN=C1C1=NC=CN1CC1=CC=CC=C1)C1=CC=CC=C1,OC(=O)CCC(O)=O,failed,0,
OO,O=C([O])c1[nH]cccc1,cocrystal,2,ANINES
N1[NH]=CC=C1,O=N(=O)c1cc(c([O])c(c1)N(=O)=O)N(=O)=O,hydrate,3,SASKOO
OC(C(O)C(=O)[O])C(O)=O,Fc1ccc(cn1)C1CC2[NH2]C1CCC2,hydrate,3,GIWTEN
OC(=O)C1=CC=CC=C1,COC1=CC=C(C=C1)C(O)=O,failed,0,
c1cnccn1,OC(C(O)C(O)=O)C(O)=O,cocrystal,2,ANOLIZ
COc1cc2N3C4C5C(CC3=O)OCC=C3C[NH]6CCC4(C6CC53)c2cc1OC,OCC(O)C(=O)[O],hydrate,3,QANJIZ
C1=CC=C(C=C1)C1=CC=CC=C1,CC1=C(C)C=C(C)C(=C1)C,failed,0,
COc1ccc2cc3[n](CCc4cc5OCOc5cc34)cc2c1OC,Clc1cccc(Cl)c1Nc1ccccc1CC(=O)[O],solvate,3,HUCNAX
COc1ccc(cc1)S(N)(=O)=O,[O]n1ccc(cc1)c1ccn([O])cc1,cocrystal,2,IWEREI
O=C1OC2(CCCCC2)OC(=O)C1=C[C]1C(=O)OC2(CCCCC2)OC1=O,C[NH2]C,salt,1,BIFVIY
NC1=CC2=CC=CC=C2C=C1,CC1=C(C=C(C=C1)[N+](=O)[O-])[N+](=O)[O-],failed,0,
c1ccc2nc3ccccc3nc2c1,Fc1c(F)c(I)c(F)c(F)c1I,cocrystal,2,JAYGEZ
Cc1ccc(cc1)N(=O)=O,COC(C(OC)C(O)(c1ccccc1)c1ccccc1)C(O)(c1ccccc1)c1ccccc1,cocrystal,2,BIMZOP
CC(C)C(C)C(O)C(=O)C(C)C1CCC2C3COC(=O)C4CC(O)C(O)CC4(C)C3CCC12C,CC(C)C(C)C(=O)C(O)C(C)C1CCC2C3COC(=O)C4CC(O)C(O)CC4(C)C3CCC12C,solvate,3,COSRUY
OC(=O)CCSCCC(O)=O,CC1=CC(=CC=C1)C(O)=O,failed,0,
NC(=O)N1C2=CC=CC=C2C=CC2=CC=CC=C12,OC(CC(O)=O)C(O)=O,failed,0,
O=S(=O)([O])c1ccccc1,[NH3]c1ccc(cc1)N(=O)=O,salt,1,ADIZIA
N1N=CN=N1,N1N=CC=N1,failed,0,
OC(=O)CCSCCC(O)=O,COC1=CC=C(C=C1)C(O)=O,failed,0,
CC(C)=CCCC(C)=CC1=Nc2ccc(Br)cc2N1,CC(C)=CCCC(C)=CC1=Nc2cc(Br)ccc2N1,cocrystal,2,LIQLEG
CCN(CC)CC(=O)NC1=C(C)C=CC=C1C,OC1=CC=CC=C1C(=O)OC1=CC=CC=C1,failed,0,
OC(C1CC2CC[NH]1CC2C=C)c1cc[nH]c2ccccc12,Cc1ccc(cc1)S(=O)(=O)[O],hydrate,3,VELWUF
C=CN1CCCC1=O,COc1cc(cc(OC)c1OC)C(=O)NC12C=C(C(C)=O)C(C)(CC1N1CCCC1=O)OC2=O,cocrystal,2,XAJTUB
CC(C)(Oc1ccc2ccccc2c1)C(=O)[O],CC(C)[NH2]C(C)C,salt,1,JAVNUS
NC(N)=O,OC1=CC=CC2=CC=CC=C12,failed,0,
C1=CC2=CC3=CC=CC=C3C=C2C=C1,N1C2=CC=CC=C2C2=CC=CC=C12,failed,0,
C1COCCOCCOCCOCCOCCO1,Nc1ccc(cc1N(=O)=O)N(=O)=O,cocrystal,2,BAKHIE
CC1SC2=C(SC1C)SC(S2)=C1SC2=C(SC(C)C(C)S2)S1,N#CC(C#N)=C1C=CC(C=C1)=C(C#N)C#N,cocrystal,2,QODKIF
CCCC[N](CCCC)(CCCC)CCCC,[H](Oc1ccc(cc1)C(C)(C)c1ccc(O)cc1)[O]c1ccc(cc1)C(C)(C)c1ccc(O)cc1,salt,1,XADXOR
OC(=O)c1ccc(O)cc1O,NC(=O)c1cnccn1,cocrystal,2,NEFFEM
NC(N)=O,NC1=CC=CC(=C1)C(O)=O,failed,0,
O=N(=O)c1cc(c([O])c(c1)N(=O)=O)N(=O)=O,N[C](N)=S,salt,1,UGUKIS
O=N(=O)[O],C[NH2]C(C)C(O)c1ccccc1,salt,1,FIRJEY
C1Cc2c([nH]c(c3CCc4cccnc4c23)c2ccccc2)c2ncccc12,O=[Cl](=O)(=O)[O],hydrate,3,TEWBEC
c1cc(ccn1)c1ccncc1,CCCC1c2cc(C(CCC)c3cc(C(CCC)c4cc(C(CCC)c5cc1c(O)cc5O)c(O)cc4O)c(O)cc3O)c(O)cc2O,solvate,3,FOTKOQ
[NH3]N,O=N(=O)N=C1[N]C(=NN1C(N(=O)=O)(N(=O)=O)N(=O)=O)N(=O)=O,hydrate,3,KEFQUK
[NH2](Cc1[nH]cccc1)Cc1[nH]cccc1,FC(F)(F)S(=O)(=O)[O],hydrate,3,PEJZEK
C1=CC=C2C(=C1)C=CC1=CC=CC=C21,O=[N+]([O-])C1=CC(=CC=C1)[N+](=O)[O-],failed,0,
CC(C)(c1ccc(O)cc1)c1ccc(O)cc1,c1ccc2ncccc2c1,cocrystal,2,MAFQIU
c1ccc2c(c1)ccc1ccccc21,Fc1c(Br)c(F)c(Br)c(F)c1Br,cocrystal,2,QEVWOG
O=C([O])Cc1ccccc1,COc1ccc2nccc(C(O)C3CC4CC[NH]3CC4C=C)c2c1,hydrate,3,TUZCUO
NC(=O)c1c[nH]ccc1,OC(=O)CCC(=O)C(=O)[O],hydrate,3,WASCIG
NC(=O)c1cccnc1,CC(C)Cc1ccc(cc1)C(C)C(O)=O,cocrystal,2,SOGLAC
C1C[NH]2CCCN3CCCN(C1)CCCN(CCC2)CCC3,OCC(=O)[O],salt,1,XIYWEH
CC1=CC=C(N)C=C1,O=[N+]([O-])C1=CC=C(C=C1)[N+](=O)[O-],failed,0,
OC(CC(O)=O)C(O)=O,CC(=O)NC1=CC=C(O)C=C1,failed,0,
Ic1ccc(cc1)N=Cc1ccccc1N(=O)=O,Fc1c(I)c(F)c(I)c(F)c1I,cocrystal,2,LOHSIO
C1[NH]2CN3CN1CN(C2)C3,Clc1cc(ccc1C(=O)[O])N(=O)=O,salt,1,ECOVUQ
OC(=O)C[NH](CC(=O)[O])CC(=O)[O],[nH]1cccc2ccc3cccnc3c12,hydrate,3,RERFID
Cc1[nH]c2c(O)cccc2cc1,OC1=C(Cl)C(=O)C(=C(Cl)C1=O)[O],salt,1,TASLUY
Oc1c(O)c(Cl)c(Cl)c(Cl)c1Cl,O=P(c1ccccc1)(c1ccccc1)c1ccccc1,hydrate,3,CUWKAG
OO,OC(c1[nH]c2ccccc2cc1)S(=O)(=O)[O],cocrystal,2,BIPZAF
FC1=C(F)C(C(=C(F)C1=C(C#N)C#N)F)=C(C#N)C#N,CCCCCCCCCCc1ccc2c(SC3=C2Sc2cc(ccc32)c2cccc(C)c2)c1,cocrystal,2,HESVAG
OC(=O)CCCC(O)=O,NC1=CN=C(Br)C=N1,failed,0,
Cl[I]Cl,CCCCCCCCCCCCCCCC[N](C)(C)C,salt,1,HDCMAI
O=C[O],[NH2]1CCOCCOCC[NH2]CCOCCOCC1,hydrate,3,BAWCAD
[NH4],CCS(=O)(=O)CCN1C(=NC(C1=O)=N(=O)[O])C,salt,1,CEPSOF
CC1=CC=C(C=C1)C(N)=O,C1=NC=CC(=C1)C1=CC=NC=C1,failed,0,
C[N](C)(O)c1ccc(cc1)N(=O)=O,Clc1cccc(c1)C(=O)[O],salt,1,YOXMEG
[NH3]C(C)c1ccccc1,O=C([O])c1cccc2ccccc12,salt,1,ENOBOZ
COc1cccc(c1)C(=O)[N]C1=Nc2cc(C)c(C)cc2N1,CCCC[N](CCCC)(CCCC)CCCC,salt,1,WEDROP
OC(CC(O)=O)C(=O)[O],Fc1ccc(F)c(c1)C1[NH2]CCC1,solvate,3,ABAMAV
[O]N1N=NC(=N1)C1=NN=NN1[O],NN1C(=NN2C(=[NH]N=C12)N)N,hydrate,3,LUKDAY
NC(=[NH2])Nc1nnc(NC(N)=[NH2])nn1,O=N(=O)[C](N(=O)=O)N(=O)=O,hydrate,3,RIDKOF
CC(=O)SC1CC2=CC(=O)CCC2(C)C2CCC3(C)C(CCC43CCC(=O)O4)C12,O=C1NS(=O)(=O)c2ccccc12,hydrate,3,UDEFAO
OC(=O)C=CC(=O)[O],COc1cc2CC(CC3CC[NH](CC3)Cc3ccccc3)C(=O)c2cc1OC,hydrate,3,IGIXAA
II,CC(C)Sc1cc(SC(C)C)c(SC(C)C)cc1SC(C)C,cocrystal,2,REBZON
OC1=CC=CC=C1[N+](=O)[O-],C1=CC=C(C=C1)C1=CC=CC=C1,failed,0,
CCC1CC(=C(C1)C(=O)OC(C)(C)C)C(=O)[O],[NH3]C(C)c1ccccc1,salt,1,GOZDAA
[NH3]C,O=C([O])c1ccc(C=Cc2ccc(cc2)C(=O)[O])cc1,hydrate,3,QODPUY
CC[NH2]CC,O=C1N(C(=O)c2ccc3C(=O)N(C(=O)c4ccc1c2c34)c1ccc(cc1)S(=O)(=O)[O])c1ccc(cc1)S(=O)(=O)[O],hydrate,3,FUBCIR
COC(C)(C)C,Cc1ccc2NC(=O)C(C3N(c4ccccc4)C4(C(=O)Nc5ccc(C)cc45)C(=C3Nc3ccccc3)C(=O)OC(C)(C)C)c2c1,cocrystal,2,XIYNAX
C1CC2=CC=CC3=C2C1=CC=C3,CC1=C(C=CC=C1[N+](=O)[O-])[N+](=O)[O-],failed,0,
IC1=CC=C(I)C=C1,ClC1=NC(=CC=C1)Cl,failed,0,
O=C1NC(=O)C=C1,CC1=CC(=CC(=O)O1)OCc1ccccc1,cocrystal,2,QUBQAF
CCCCCCCC(O)=O,NC(=O)C1=CC(=CC=C1)[N+](=O)[O-],failed,0,
Cc1ccc(cc1)S(=O)(=O)[O],[NH2]1CCN2CC[NH2]CC3=CC=C(C[NH2]CCN(CC[NH2]CC4=CC=C(C1)S4)CC[NH2]CC1=CC=C(C[NH2]CC2)S1)S3,hydrate,3,CUTKAE
N1[NH]=CC=C1,OC(=O)c1c(F)c(F)c(c(F)c1F)C(=O)[O],salt,1,LORBAY
OC(=O)c1ccc(cc1)N(=O)=O,CN1N=NC2=C(N=CN2C1=O)C(N)=O,hydrate,3,JIRHUR
O=C1NC(=O)[C](C(=O)N1)N(=O)=O,CCC[N](CCC)(CCC)CCC,hydrate,3,MOWJUE
[NH2]1CC[NH2]CCC1,O=C([O])c1ccc(cc1)N(=O)=O,salt,1,BAFMUU
Cc1c(O)cccc1O,Nc1ccncc1,cocrystal,2,NUQLES
FC(F)(F)S(=O)(=O)[O],CN(c1ccccc1)C(=O[P]#[N]c1c(cc(cc1C(C)(C)C)C(C)(C)C)C(C)(C)C)N(C)c1ccccc1,salt,1,EKOCOW
CC1(C)CCCC21CC[NH]1CCC(C21)N(=O)=O,O=[Cl](=O)(=O)[O],salt,1,NPOLZP10
OP(O)(O)=O,C[N]1(CCOCC1)CC(=O)[O],cocrystal,2,UFETEE
OC(=O)C1=CC(=CC=C1)[N+](=O)[O-],CCCCCCCC(O)=O,failed,0,
NC1=CC=C(C=C1)S(=O)(=O)NC1=NC=CS1,CCOC(=O)C1=CC=C(N)C=C1,failed,0,
[NH3]C1C(O)Cc2ccccc12,CCC(C(=O)[O])c1ccccc1,salt,1,KAPYEF
[NH3]C(CC1=CNC=N1)C(=O)NCC(=O)[O],[NH3]C(CC1=CN=CN1)C(=O)NCC(=O)[O],hydrate,3,NAYJOM
N#CC1=C([N]C=N1)C#N,CC[N](CC)(CC)CC,salt,1,MEHWUS
Oc1ccc(O)cc1,NC(=O)N1c2ccccc2C=Cc2ccccc12,cocrystal,2,ABOQUF
[NH3]CCC(O)=O,O=C1NC(=O)C=C(N1)C(=O)[O],salt,1,ILIZIP
Oc1ccccc1O,c1ccc(nc1)C1C(C(C1c1ccccn1)c1ccccn1)c1ccccn1,cocrystal,2,FORLIJ
CCCCCCCCCCCCCCCCCC(O)=O,OC(=O)CCCCC(O)=O,failed,0,
[NH3]CCc1ccc(O)c(O)c1,OC1=C([O])C(=O)C1=O,salt,1,ATOMAY
FC(F)(F)S(=O)(=O)[O],CC(C)[N](=COC=[N](C(C)C)C(C)C)C(C)C,salt,1,NEMGOB
OC(=O)C=CC(O)=O,OC(=O)C1=CC(=CC=C1)[N+](=O)[O-],failed,0,
OC(=O)C=Cc1ccccc1,CCCC1=CC(=O)NC(=S)N1,cocrystal,2,OKEYIP
[NH3]C1C(O)Cc2ccccc12,O=C1C(=O)C(=C1[O])[O],hydrate,3,BEPDAE
Nc1ccc(Cc2ccc(N)cc2)cc1,COc1cc(ccc1O)C(O)=O,cocrystal,2,QOQJOX
CN1C(=O)C(=C(N)N=C1NCCN(Cc1[nH]cccc1)Cc1[nH]cccc1)N=O,O=[Cl](=O)(=O)[O],hydrate,3,TIHNIL
OC(=O)CCCCCCCC(O)=O,OC(=O)CCCCCC(O)=O,failed,0,
[I](C#Cc1ccccc1)c1ccccc1,FC(F)(F)S(=O)(=O)[O],salt,1,NEZTIX
OC(=O)C(O)=O,OC(=O)C1=CC=CC=C1O,failed,0,
CC1(O)CCC2C3CCC4CC5=C(CC4(C)C3CCC12C)C=NN5,OC(Cc1ccccc1)C(O)=O,solvate,3,VOPFAJ
Cc1ccc(cc1)C(=O)[O],Cc1ccc(Sc2ccccc2N2CC[NH2]CC2)c(C)c1,salt,1,ELIZAC
[NH3]c1ccc(cc1)C(O)=O,COC(=O)c1c(Br)c(Br)c(Br)c(Br)c1C(=O)[O],solvate,3,YEHZES
NC1=C(N=C(C(=[NH2])N1[O])N(=O)=O)N(=O)=O,N1C=NC=N1,solvate,3,FIWBOG
NC(=[NH2])c1cccc(c1)C(N)=[NH2],O=C([O])c1ccccc1C(=O)[O],hydrate,3,ZEFTOW
C1=CC=C2C=CC=CC2=C1,N1C=CC2=CC=CC=C12,failed,0,
OC(C(O)C(O)C(O)=O)C(O)C(O)=O,CC(=O)NC1=NC2=C(OC3=NC=NC(=C3)C3=CC=C(C=C3)C(F)(F)F)C=CC=C2S1,failed,0,
NC1=NC2=C(N=CN2COCCO)C(=O)N1,OC(=O)CCCC(O)=O,cocrystal,2,RIGDES
N#CC(C#N)=C1C=CC(C=C1)=C(C#N)C#N,CSc1cc2Sc3cc(SC)c(SC)cc3Sc2cc1SC,cocrystal,2,SUBQIP
COc1ccc(cc1)C(O)=O,CC1=NC=C(N1CCOC(=O)c1ccccc1)N(=O)=O,cocrystal,2,DOGBIN
CC1=NNC(=O)N(C1)N=Cc1c[nH]ccc1,Oc1cccc(C(=O)[O])c1O,salt,1,APUWIU
NC1=CC=CC=C1C(O)=O,CC(=O)NC1=NN=C(S1)S(N)(=O)=O,failed,0,
O=C([O])c1ccccc1N(=O)=O,[NH3]C12CC3CC(CC(C3)C1)C2,salt,1,XEHHAU
OC1C[NH2]CCC1,O=[Cl](=O)(=O)[O],salt,1,ETIZOZ
OCC(O)C1OC(=O)C(=C1O)O,OC(=O)C1=CC=C(F)C=C1,failed,0,
OC(CC(O)=O)C(O)=O,NC1=CC=CC(=C1)C(O)=O,failed,0,
C(C[P](c1ccccc1)(c1ccccc1)c1ccccc1)[P](c1ccccc1)(c1ccccc1)c1ccccc1,O=S(=O)([O])OOS(=O)(=O)[O],hydrate,3,IWUWAA
FC(F)(F)S(=O)(=O)[O],[NH3]C(C)(C)Cc1ccccc1C(C(=O)OC)C1(OC(=O)C2C3CCC(C3)C12)C(=O)OC,solvate,3,UMEBAS
N1C=CN=C1,Cc1ccncc1NC(=O)Nc1cnccc1C,hydrate,3,KAXJAW
c1ccccc1,C1SCc2cc(CSCc3cc1cc(c3)C1=CC=C(S1)C1=CC=CS1)cc(c2)C1=CC=C(S1)C1=CC=CS1,cocrystal,2,VONTEY
CN(C)c1ccc(cc1)C#Cc1ncccn1,Fc1c(F)c(I)c(F)c(I)c1F,cocrystal,2,PUZHIE
OC(=O)c1cccc2Oc3cncc(Oc4c(Oc5cncc(Oc12)n5)cccc4C(O)=O)n3,c1ccncc1,cocrystal,2,ZAYHAK
CC1=C(C=CC=C1[N+](=O)[O-])[N+](=O)[O-],NC1=CC=CC2=CC=CC=C12,failed,0,
C1=CC2=CC3=CC=CC=C3C=C2C=C1,OC1=C(C=C(C=C1)[N+](=O)[O-])[N+](=O)[O-],failed,0,
O=N(=O)C1=N[N]C(=N1)C1=C(C(=N[N]1)N(=O)=O)N(=O)=O,NC(N)=[NH2],hydrate,3,NOLSAM
OC1=CC=C(O)C=C1,COC1=CC=CC(=C1)C(N)=O,failed,0,
NC1=NNC(=[NH2])N1,OC(=O)CC(=O)[O],salt,1,CIGGAC
C1COCCOCCOCCOCCOCCO1,N,cocrystal,2,KATLAT
CC1=CC=CC=C1C(N)=O,OC(CC(O)=O)C(O)=O,failed,0,
O=N(=O)c1cccc(c1)S(=O)(=O)[O],[nH]1ccccc1c1ccccn1,salt,1,PUJLIQ
CC1=CC2=C(C=C1C)N(CC(O)C(O)C(O)CO)C1=NC(=O)NC(=O)C1=N2,NC(=O)C1=CC=C(F)C=C1,failed,0,
NC1=NC(=O)N(C=C1F)C1CSC(CO)O1,COc1cc(ccc1O)C(O)=O,cocrystal,2,AFIXOG
CC(CCCC(O)=O)CC(O)=O,OC(=O)C1=CC=CC=C1,failed,0,
OC(=O)CC(=CC(O)=O)C(O)=O,COC1=CC=CC(=C1)C(N)=O,failed,0,
Fc1c(F)c(I)c(F)c(I)c1F,S=P(c1ccccc1)(c1ccccc1)c1ccccc1,cocrystal,2,ITEYIS
CC(=O)NC1=CC=C(O)C=C1,O=C1CC2=CC=CC=C2CO1,failed,0,
Cc1cccc(C)c1,COc1cc(OC)c(Cc2ccc(Cc3c(OC)cc(OC)cc3OC)c3ccccc23)c(OC)c1,cocrystal,2,ZOHMIV
BrC1C2CC(C(Br)c3nc4ccccc4cc23)c2cc3ccccc3nc12,c1ccccc1,cocrystal,2,ODAFEE
C(C(C(Cc1ccccc1)c1ccccc1)c1ccccc1)c1ccccc1,c1ccc(cc1)C=Cc1ccccc1,cocrystal,2,ZEVXEG
Brc1ccc2NC(=O)CON=C(c3ccccc3)c3cc(Br)ccc3NC(=O)CON=C(c3ccccc3)c2c1,c1ccccc1,cocrystal,2,OKOBOF
N#CCCC#N,ClC1=CC=C(Br)C=C1,failed,0,
CC1CC2OC(=O)C3CCCC(C23CO)C21CC(OC2=O)C1=COC=C1,c1ccncc1,cocrystal,2,XUKSUR
[nH]1ccc(cc1)c1cc[nH]cc1,OP(O)(=O)[O],salt,1,PATTOU
OC(=O)CCC(O)=O,CC(=O)NC1=CC=CC=C1,failed,0,
FP(=O)([O])OP(F)(=O)[O],CN(C)c1cc[nH]cc1,salt,1,HUSCAZ
Cc1ccc(cc1)c1nc(N)nc(N)n1,O=C1CCCC(=O)N1,cocrystal,2,POCPIH
N1C=CN=C1,CC(=O)NC1=CC=C(O)C=C1,failed,0,
CCOP(=O)(OCC)C(NC(c1ccccc1)c1c(O)ccc2ccccc12)c1ccccc1,c1ccccc1,cocrystal,2,NUBZOA
COc1ccc2c(Nc3c(C)[nH]ccc23)c1,O=S(=O)([O])[O],hydrate,3,UKUZUW
Cc1cc(Cc2cc(C)cc(c2O)C(C)(C)C)c(O)c(Cc2cc(C)cc(Cc3cc(C)cc(c3O)C(C)(C)C)c2[O])c1,CC[NH](CC)CC,solvate,3,WOBLOO
CC[N]1=C(c2ccccc2)c2cc(N)ccc2c2ccc(N)cc12,Nc1ncnc2N(C=Nc12)C1OC(COP(=O)([O])OC2C(O)C(OC2CO)N2C=C(I)C(=O)NC2=O)C(O)C1O,hydrate,3,ETHIUA10
[nH]1ccc(cc1)C(c1cc[nH]cc1)=C(c1cc[nH]cc1)c1cc[nH]cc1,O=C([O])C(=O)[O],hydrate,3,CERPEY
F[P](F)(F)(F)(F)F,C1CCC[n]2ccc(cc2)c2ccn(CCCCCCCn3ccc(cc3)c3cc[n](CCC1)cc3)cc2,solvate,3,FUSFIK
NC(=O)N1C2=CC=CC=C2C=CC2=CC=CC=C12,OC(CC(O)=O)C(O)=O,failed,0,
O=C1NC(=O)C(C(=O)N1)(c1ccccc1)c1ccccc1,CC(C)(C)Nc1nc(N)nc(NC(C)(C)C)n1,cocrystal,2,PIYFAE
Cc1cc(C)c(c(C)c1)S(=O)(=O)[O],[NH2]=S1CCSCCSCC1,salt,1,LUTCAE
C[NH2]C(C)C(O)c1ccccc1,CC(C)CC(CN(=O)=O)C(=O)[O],salt,1,CURFOM
C1COCCOCCOCCOCCOCCO1,Fc1ccc(cc1)S(=O)(=O)NS(=O)(=O)c1ccc(F)cc1,hydrate,3,YIZCIT
CC1(C)C2CCC1(C)C(=O)C2,CC(C)(CO)CO,failed,0,
FC(F)(F)S(=O)(=O)[O],CN1N2CN3C[N](C)(C2)N(C)P1(=S)N3C,salt,1,YEQCED
NC(=O)C1=CC=CC=C1,NC(=O)C1=CN=CC=C1,failed,0,
NC(=O)C1=CC=CC=C1N,OCC(O)C1OC(=O)C(=C1O)O,failed,0,
ON1N=NN=C1C1=NN=NN1[O],NNC(N)=[NH]N,hydrate,3,ZIBCOE
O=C1CCCN1,COC1=CC=C(C=C1)C(O)=O,failed,0,
O=P1([O])OP(=O)([O])OP(=O)([O])OP(=O)([O])OP(=O)([O])OP(=O)([O])O1,[NH3]c1cccc(C)c1,salt,1,CIMKUE
C1CCOCC1,Nc1ccc(cc1)C(c1ccc(N)cc1)(c1ccc(N)cc1)c1ccc(N)cc1,cocrystal,2,ZIQWEF
I[I]I,C[n]1ccc(cc1)C#N,salt,1,IKILEV
[NH3]N,S=C1N[N]C(=S)S1,salt,1,KOWVAW
OCC(O)C1OC(=O)C(=C1O)O,COC1=CC=CC=C1C(N)=O,failed,0,
c1cnc2c(c1)ccc1cccnc21,Oc1ccc2ccccc2c1c1c(O)ccc2ccccc12,cocrystal,2,NUBBAN
NC(=O)C1=CN=CC=C1,CC1=CC=C(C=C1)C(N)=O,failed,0,
c1ccccc1,CCOC(=O)C(NC(=O)OCc1ccccc1)(C#N)C1=C(N(Cc2ccccc2Br)N=N1)c1ccccc1,cocrystal,2,ZOHZEF
OC(=O)CCCCC(O)=O,CN1C(=C(O)c2ccccc2S1(=O)=O)C(=O)NC1=NC=C(C)S1,cocrystal,2,FAKJOS
Cc1nc(C)c(C)nc1C,CC12CCC3C(CCc4cc(O)ccc34)C1CCC2(O)C#C,hydrate,3,NOTDOS
IC1=CC=C(I)C=C1,C1=NC=CN=C1,failed,0,
N#Cc1ccc(cc1)C(C1=CC=CN1)=C1[NH]=CC=C1,FC(F)(F)S(=O)(=O)[O],salt,1,TIXLIW
O=C1NS(=O)(=O)C2=CC=CC=C12,CC(=O)NC1=CC=C(O)C=C1,failed,0,
O=S(=O)([O])[O],O=C(Nc1c[nH]ccc1)OCCOC(=O)Nc1c[nH]ccc1,hydrate,3,QUMFOU
COc1ccc2cccc(CC[NH]=C(C)O)c2c1,CS(=O)(=O)[O],hydrate,3,VEFNAY
OC(=O)C1=CN=CC=C1,NC(=O)C1=CC(=CC=C1)N,failed,0,
OC(=O)c1nccnc1C(O)=O,NC(N)=O,cocrystal,2,NUHYOE
CC1=C(C=C(C=C1[N+](=O)[O-])[N+](=O)[O-])[N+](=O)[O-],OC1=CC=CC(=C1)C=O,failed,0,
C1COCCOCCOCCOCCOCCO1,Nc1c(F)c(F)c(C(O)=O)c(F)c1F,hydrate,3,PUNXII
I[I]I,Cc1ccc(cc1)S(=O)(=O)OC1=C(C)Sc2[n]1c(c(I)c1ccccc21)c1ccccc1,salt,1,YUDHUD
NC(=O)C1=CC=C(F)C=C1,NC(=O)C1=CN=CC=C1,failed,0,
CC[NH]1CCN(CC1)c1cc2N(C=C(C(O)=O)C(=O)c2cc1F)C1CC1,O=C([O])c1cccnc1,solvate,3,CUWTAS
O=N(=O)c1ccc(cc1)S(=O)(=O)[O],COc1ccc(cc1)C=Cc1ccc2c[n](C)ccc2c1,hydrate,3,GURWAU
CC1=NC2=NC=NN2C(=C1)C1CCC[NH](C1)Cc1cc(F)c(Cl)c(F)c1,OC(C(O)C(=O)[O])C(O)=O,solvate,3,HOLPAD
C1COCCOCCOCc2[nH]c(COCCOCCOCCO1)ccc2,O=[Cl](=O)(=O)[O],hydrate,3,DONMOI
O=S(=O)([O])c1ccccc1,OC1(CC[NH](CCCC(=O)c2ccc(F)cc2)CC1)c1ccc(Cl)cc1,salt,1,HOYYOL
CC1(C)OC(C(O1)C(O)(c1ccccc1)c1ccccc1)C(O)(c1ccccc1)c1ccccc1,Cc1cccnc1,cocrystal,2,TAMKOK
O=[Cl](=O)(=O)[O],C1COCCOCCOCc2[nH]c(COCCOCCO1)ccc2,hydrate,3,DONMIC
CC1(C)NC(=O)c2ccccc2NC(=O)c2ccccc2NC1=O,c1ccncc1,cocrystal,2,XETJUC
I[I]I,S=C1N(CC[N]2=C1Sc1ccccc21)c1ccccc1,salt,1,XEYYIN
O=C1CNC(=O)CN1,OC(=O)C#C,cocrystal,2,AJAGEX
CS(=O)(=O)[O],CCCN1C(=O)C(=C(O)c2ccccc12)C(=O)NCC[NH](CC)CC,salt,1,OPILIJ
FC(F)(F)c1cccc(Nc2ccccc2C(=O)[O])c1,[NH3]CCc1ccccc1,salt,1,ORACES
Cc1ccc2cc(C)ccc2c1,BrC(Br)(Br)Br,cocrystal,2,RERBIA
[NH2]1CC[NH2]CC1,O=S(=O)([O])[S],hydrate,3,AROWUA
OC(=O)CC(=C)C(=O)[O],COc1cc(C)[nH]c(N)n1,hydrate,3,VAQSUC
OC(=O)C1=CC=CC=C1O,OC(=O)CC(O)=O,failed,0,
CC1=CC(=[NH]N1)C1=C(C)[N]N(C1=O)c1ccccc1,CC1=CC(=NN1)C1=C(C)NN(c2ccccc2)C1=O,hydrate,3,DOJBIQ
[NH3]c1ccc(Cc2ccc([NH3])cc2)cc1,COc1cc(cc(OC)c1O)C(=O)[O],hydrate,3,QOQJUD
FC1=C(F)C(C(=C(F)C1=C(C#N)C#N)F)=C(C#N)C#N,c1cc2cccc3c4cccc5cccc(c(c1)c23)c45,cocrystal,2,NUSZUY
O=[N+]([O-])C1=CC=C(C=C1)[N+](=O)[O-],C1C2=CC=CC=C2C2=CC=CC=C12,failed,0,
[NH2]=C(O)c1ccccc1O,O=N(=O)[O],salt,1,ZIMCEF
S=C1Nc2ccccc2N1,Fc1c(F)c(F)c(I)c(I)c1F,cocrystal,2,NUSCAG
[NH3]CCCCCC,O=C([O])c1c2ccccc2cc2ccccc12,salt,1,BIMDUX
CC(O)C(=O)[O],[NH3]C(C)c1ccccc1,salt,1,MUPNIU
CC1=CC=C(C=C1)C(N)=O,CC1=CC2=C(C=C1C)N(CC(O)C(O)C(O)CO)C1=NC(=O)NC(=O)C1=N2,failed,0,
NS(=O)(=O)c1ccccc1,C1COCCOCCOCCOCCOCCO1,cocrystal,2,VAVLUZ
Nc1nc(N)nc(N)n1,ClC1=CNC(=O)NC1=O,hydrate,3,KIMRAC
OC(=O)c1ccccc1Nc1cccc(c1)C(F)(F)F,O=C1NC=CC=C1,cocrystal,2,ZIQFAI
NC(N)=[NH2],O=N(=O)c1cc2N([O])N=Nc2c(c1)N(=O)=O,salt,1,XADBAI
Cc1ccc(OC2=C(CCC3C4CCCN5CCCC(CN23)C45)C=O)cc1,Cc1ccc(O)cc1,cocrystal,2,GAPPOF
C(COCCOc1ccccc1CN1C=C[N](=C1)Cc1ccccc1)OCCOc1ccccc1CN1C=C[N](=C1)Cc1ccccc1,F[P](F)(F)(F)(F)F,salt,1,TIDQEF
CN1C=[NH]C=C1,NC(=O)NC(=O)C(=O)[O],salt,1,MIMXUR
Cc1ccc(C)c(c1)[NH]1CC[NH2]CC1,OS(=O)(=O)[O],hydrate,3,RUTTIL
F[P](F)(F)(F)(F)F,CC1[S]C2=C(SC1C)SC(S2)=C1SC=CS1,salt,1,AWUZUQ
[NH3]C,O=C1C(=O)C(=C1[O])[O],salt,1,JARHAO
OC(=O)C1=Cc2ccccc2OC1=O,Nc1ccc(cc1)C(O)=O,cocrystal,2,TOFDIF
Fc1cc(F)c(F)c(Br)c1F,c1cc(ccn1)c1ccncc1,cocrystal,2,POVZUY
NC1=CC(=CC=C1)N,OC1=CC2=CC=CC=C2C=C1,failed,0,
[NH3]C(C)c1ccccc1,O=C([O])C(CCc1ccccc1)c1ccccc1,salt,1,RAHLIV
c1ccc2nc3ccccc3nc2c1,Oc1cc(O)cc(Cl)c1,cocrystal,2,CEXVAG
COC1=C(O)C=CC(=C1)C=CC(=O)CC(=O)C=CC1=CC(=C(O)C=C1)OC,OC(C(O)C(O)=O)C(O)=O,failed,0,
NC1=NN=C(O1)C1=NC(=N[N]1)N(=O)=O,[NH4],salt,1,HEVPOR
FC1=C(F)C(C(=C(F)C1=C(C#N)C#N)F)=C(C#N)C#N,S1C=CC=C1C1=CC=C(S1)C1=CC=C(S1)C1=CC=CS1,cocrystal,2,ZIRPOI
FC(F)(F)S(=O)(=O)[O],CCCC1=[N](CCc2ccccc2)N=NN1CCc1ccccc1,salt,1,CAQBEE
OCC(O)C1OC(=O)C(=C1O)O,COC1=CC=C(C=C1)C(O)=O,failed,0,
CC(CCC(N)=O)C1CCC2C3C(O)CC4CC(O)CCC4(C)C3CC(O)C12C,CCCCCO,cocrystal,2,QAYWET
CC[NH2]CC,Fc1ccc(cc1)C1=C(SSC2=C(c3ccc(F)cc3)[C](C#N)C(=O)NC2=O)C(=O)NC(=O)[C]1C#N,solvate,3,XACBOU
[NH3]C(CC)C(=O)[O],[NH3]C(C(C)CC)C(=O)[O],cocrystal,2,FITJAT
O=[N+]([O-])C1=CC=C(C=C1)[N+](=O)[O-],C1=CC=C2C(=C1)C=CC1=CC=CC=C21,failed,0,
CN1C(=O)N(C)C2=C(NC=N2)C1=O,CC(=O)C1CCC2C3CCC4=CC(=O)CCC4(C)C3CCC12C,failed,0,
C1CN2CCN1CC2,IC(I)I,cocrystal,2,XIVRED
NC(=[NH2])SC1=CNc2ccccc12,O=N(=O)[O],salt,1,RITCED
Clc1ccccc1C(N1C=[NH]C=C1)(c1ccccc1)c1ccccc1,OC(=O)c1ccc(C(=O)[O])c(c1)C(O)=O,salt,1,UCAXEF
Cc1ccc(Nc2ccc3cc(ccc3c2)S(=O)(=O)[O])cc1,CCCC[P](CCCC)(CCCC)CCCC,salt,1,NUZDUJ
OC(=O)COc1ccc(Cl)cc1Cl,CCOc1ccccc1C(N)=O,cocrystal,2,GEDDAY
Cc1ccc(Sc2ccccc2N2CC[NH2]CC2)c(C)c1,Cc1ccc(cc1)S(=O)(=O)[O],hydrate,3,IKEKOB
OC(=O)C1=C(O)C=CC2=CC=CC=C12,CC(=O)C1CCC2C3CC=C4CC(O)CCC4(C)C3CCC12C,failed,0,
c1cc(ccn1)C=Cc1ccncc1,OC(=O)c1cccc(F)c1F,cocrystal,2,BOVVOZ
CC(=O)OC1C=CC=CCC=CCCC[N]23CC4CC5(CCCCCCCCCCN6CCC4C2(C1OC(C)=O)C56)C3O,CC(=O)[O],solvate,3,SAZRAM
[NH3]C(C(=O)NC(C(=O)[O])c1ccccc1)c1cccc2ccccc12,COC(=O)C(O)c1ccccc1,hydrate,3,MAVVEK
Fc1c(F)c(F)c(F)c(F)c1F,COc1cccc2c(OC)cccc12,cocrystal,2,ITUBEH
O=C1CCC(=O)N1,OC(=O)C1=CC=CC=C1O,failed,0,
NC(=O)C1=CC(=CC=C1)N,NC(CCC(O)=O)C(O)=O,failed,0,
NC(=O)N1C2=CC=CC=C2C=CC2=CC=CC=C12,ON=C(CCC(O)=O)C(O)=O,failed,0,
C1COCCOCCNCCOCCOCCN1,ON=Cc1ccccc1O,cocrystal,2,GOBZEC
C1=CC=C2C=CC=CC2=C1,OC1=CC=C(C=C1)[N+](=O)[O-],failed,0,
OC1=CC=CC(=C1)C=O,O=[N+]([O-])C1=CC(=CC=C1)[N+](=O)[O-],failed,0,
OC1=C([O])C(=O)C1=O,OC(=O)C[N]12CCC(CC1)CC2,salt,1,PEDQOG
O=N(=O)C1=NNC=C1C1=C([N]N=C1N(=O)=O)N(=O)=O,[NH3]N,salt,1,FUFCUH
NC1=CC=CC=C1C(O)=O,NC(N)=O,failed,0,
CCC1(C(=O)NC(=O)NC1=O)C1=CC=CC=C1,CC(=O)OC1=CC=CC=C1C(O)=O,failed,0,
CC1=C(CCCl)C(=O)N2C=CC=CC2=[NH]1,O=N(=O)c1cc(c([O])c(c1)N(=O)=O)N(=O)=O,salt,1,DUCZUX
OC1=C(C=C(C=C1[N+](=O)[O-])[N+](=O)[O-])[N+](=O)[O-],O=C(C1=CC=CC=C1)C1=CC=CC=C1,failed,0,
CCc1ccc(Cc2cccc(c2)C2OC(CO)C(O)C(O)C2O)cc1,O=C([O])C1[NH2]CCC1,hydrate,3,NAZGIG
Cc1ccc(cc1)S(=O)(=O)N1CCC(CC1Cc1ccccc1)CC(=O)[O],COc1cc2N3C4C5C(CC3=O)OCC=C3C[NH]6CCC4(C6CC53)c2cc1OC,hydrate,3,SEMKOL
Cc1ccc(C)cc1,OC(c1ccccc1)(c1ccccc1)c1ccc(cc1)c1ccc(cc1)C(O)(c1ccccc1)c1ccccc1,cocrystal,2,KUVXII
NC(=O)N1C2=CC=CC=C2C=CC2=CC=CC=C12,OC(=O)CC(O)(CC(O)=O)C(O)=O,failed,0,
O=C([O])C(=O)[O],CC(C)NC(=O)NS(=O)(=O)c1c[nH]ccc1Nc1cccc(C)c1,salt,1,MEGRID
OC(CC(O)=O)C(O)=O,COC1=CC=CC(=C1)C(O)=O,failed,0,
OC(=O)c1cc(O)ccc1O,O=C1CC2(CCCCC2)CN1,cocrystal,2,GAXSAB
Nc1ccc(cc1)C(O)=O,CNC1=Nc2ccc(Cl)cc2C(=N([O])C1)c1ccccc1,cocrystal,2,KEWCAU
[NH3]C(CC1=C[NH]=CN1)C(O)=O,O=C1C=Cc2cc(cc(c2C1=NNc1ccccc1)S(=O)(=O)[O])S(=O)(=O)[O],hydrate,3,ZUCQOD
N#CC(C#N)=C(C#N)C#N,c1cc2cccc3ccc(c1)c23,cocrystal,2,VAQTOW
COC1=CC=CC(=C1)C(N)=O,OCC(O)C1OC(=O)C(=C1O)O,failed,0,
OO,O=S(=O)([O])c1c[nH]ccc1,cocrystal,2,BIPZEJ
[NH3]CCCCCC[NH3],OC(=O)C1=NNC(=C1)C(=O)[O],salt,1,LIGKET
FC(F)(F)S(=O)(=O)[O],CC(C)(C)C(=O)CN1[P]OC(=C1)C(C)(C)C,salt,1,CAYZAE
CCC=C1CN2C(=Nc3ccccc23)CSc2ccccc12,OC(=O)C=CC(O)=O,cocrystal,2,RIXBOS
OC1=CC=C(O)C=C1,COC1=C(O)C=CC(=C1)C=CC(=O)CC(=O)C=CC1=CC(=C(O)C=C1)OC,failed,0,
OC(=O)C1OCCOCCOC(C(OCCOCCOC1C(O)=O)C(O)=O)C(O)=O,[NH3]C(CC)C(O)=O,hydrate,3,HOSMOS
CC(N)(CO)CO,CC(C)(CO)CO,failed,0,
Nc1ncccn1,OC(=O)CSCc1ccccc1,cocrystal,2,KOXFIQ
I[I]I,CC(=O)C[S]1CCSCC1,salt,1,MESPAF
COc1cc2N3C4C5C(CC3=O)OCC=C3C[NH]6CCC4(C6CC53)c2cc1OC,OCC(NC(=O)c1ccc(cc1)N(=O)=O)C(=O)[O],hydrate,3,XUYZAT
NC(N)=O,OC(=O)c1ccccc1C(O)=O,cocrystal,2,NUHYIY
OC(=O)c1ccc(O)c(O)c1,NC(=O)CN1CC(O)CC1=O,cocrystal,2,ZEBXOV
O=[N+]([O-])C1=CC(=CC=C1)[N+](=O)[O-],C1=CC2=CC3=CC=CC=C3C=C2C=C1,failed,0,
OC(=O)CC(=CC(O)=O)C(O)=O,OC(=O)C1=CC=CC=C1O,failed,0,
COC1=C(O)C=CC(=C1)C=O,O=[N+]([O-])C1=CC(=CC=C1)[N+](=O)[O-],failed,0,
Nc1[nH]ccnc1,ClC(Cl)(Cl)C(=O)[O],salt,1,ADEYOA
OC(=O)c1cccc(O)c1,c1cc(ccn1)C=Cc1ccncc1,cocrystal,2,HONWAJ
O=C(Nc1cc[nH]cc1)c1cccc(c1)C(=O)Nc1ccncc1,OC(=O)c1cc(cc(c1)C(=O)[O])C(O)=O,hydrate,3,VAPPUB
S1C=CSC1=C1SC=CS1,N#CC1=NSN=C1C#N,cocrystal,2,PETBUP
NC1=CC=CC(=C1)C(O)=O,OC(=O)C1=CC=CC=C1O,failed,0,
OC(=O)C1=CC=CC=C1,OC(=O)C1=CC=C(Br)C=C1,failed,0,
O=[N+]([O-])C1=CC(=CC(=C1)[N+](=O)[O-])[N+](=O)[O-],OC1=C(C=C(C=C1[N+](=O)[O-])[N+](=O)[O-])[N+](=O)[O-],failed,0,
FC(F)(F)S(=O)(=O)[O],CN1C(=C(C)[N](=C1C1[NH]2C1C(C)(C)CC2(C)C)C)C,salt,1,ZUSHAZ
Nc1ccc(cc1)S(=O)(=O)N=C1NC=CS1,OC(=O)c1ccc(cc1)N(=O)=O,cocrystal,2,FIZFUR
COc1ccc2cc3[n](CCc4cc5OCOc5cc34)cc2c1OC,N#N=[N],solvate,3,UCACUW
[NH3]O,N1=N[N]N=N1,hydrate,3,ROFRAI
O=C1CN(CC2N1CCc1ccccc21)C(=O)C1CCCCC1,OC(=O)c1cc(cc(c1)N(=O)=O)N(=O)=O,cocrystal,2,AVEJET
OC1=CC=C(O)C=C1,OC(=O)C1=CC=CC=C1F,failed,0,
Cc1[nH]c(N)nc(C)c1,Oc1cc(cc(O)c1O)C(=O)[O],salt,1,SEVHUZ
CN(C)c1ccc(cc1)C=Cc1ccc2ccccc2[n]1C,COc1ccc(cc1)S(=O)(=O)[O],hydrate,3,LIWCAW
OC1=C(C=C(C=C1[N+](=O)[O-])[N+](=O)[O-])[N+](=O)[O-],CC1(C)C2CCC1(C)C(=O)C2,failed,0,
Cc1ccccc1,Cc1ccccc1S(=O)(=O)Nc1cccc2NC=Cc12,cocrystal,2,OXIHUB
Fc1c(I)c(F)c(I)c(F)c1I,N1C=CN=C1c1cccnc1,cocrystal,2,ZOGTAS
OC(=O)c1cc(C(O)=O)c(cc1C(O)=O)C(=O)[O],[S]1C=CSC1=C1SC=CS1,solvate,3,NIBVEA
NC(=O)CCC(N)=O,NNC(=O)C1=CC=NC=C1,failed,0,
Cc1c[nH]c(N)cc1,Cc1cccc(c1)C(=O)[O],salt,1,JOPWOC
NC(=S)C1CCCCC1,O=S(c1ccccc1)c1ccccc1,cocrystal,2,ENAGEG
NC(=O)C1=CC=CC=C1,NC1=CC=CC=C1N,failed,0,
FC(F)(F)C1=NNC(=C1c1ccccc1)C#N,FC(F)(F)C1=C(c2ccccc2)C(=NN1)C#N,hydrate,3,DINFEP
[nH]1ccccn1,OC1=C(Cl)C(=O)C(=C(Cl)C1=O)[O],salt,1,WOGWUL
O=C([O])c1ccccc1C(=O)[O],[NH3]CCNCC[NH3],salt,1,QAMPEZ
CN1CCN(C)C1=O,Nc1ccc(cc1)S(=O)(=O)N=C1NC=CS1,cocrystal,2,KAWTIP
CC1=C(C=C(C=C1[N+](=O)[O-])[N+](=O)[O-])[N+](=O)[O-],CC1=C(C=C(C=C1)[N+](=O)[O-])[N+](=O)[O-],failed,0,
O=[Cl](=O)(=O)[O],COc1cc2N3C4C5C(CC3=O)OCC=C3C[NH]6CCC4(C6CC53)c2cc1OC,hydrate,3,KEKJAM
CC1=C(C=C(C=C1)[N+](=O)[O-])[N+](=O)[O-],O=[N+]([O-])C1=CC(=CC=C1)[N+](=O)[O-],failed,0,
[NH3]C(C)c1ccccc1,O=C([O])C1C2CCCCC=CC12,salt,1,FEMGEJ
CN1C(=CN=C1C1=NC=C(C=C(C#N)C(=O)[O])N1C)C=C(C#N)C(=O)[O],[NH2]1CCCCC1,hydrate,3,TASZAR
CCOC(=O)c1cc(O)c(O)c(O)c1,CC1=NC=C(N1CCO)N(=O)=O,cocrystal,2,ABITAK
CN1CCCC1=[OH],BrBr[Br],salt,1,MIVJUW
COc1ccc2cc3[n](CCc4cc5OCOc5cc34)cc2c1OC,CCCCCCCCCCCCCCCC(=O)[O],hydrate,3,IYAXEM
Fc1c(F)c(F)c2c(F)c(F)c(F)c(F)c2c1F,Cc1cccc(C)c1N=S=Nc1c(F)c(F)c2c(F)c(F)c(F)c(F)c2c1F,cocrystal,2,NEMHOC
C(Nc1[nH]cccc1)c1cccc(CNc2[nH]cccc2)c1,O=N(=O)[O],salt,1,EBUGIT
OC(=O)C(O)=O,O=C1NCCN1,cocrystal,2,UHADAJ
OC(C(O)C(O)C(=O)[O])C(O)C(=O)[O],[NH3]Cc1cccc(C[NH3])c1,hydrate,3,FOYRUH
[NH3]C(CC(F)P(=O)(OCC)OCC)Cc1ccccc1,OC(=O)C(=O)[O],hydrate,3,ZUDKIU
OC(=O)C1CC(CC(C1)C(O)=O)C(O)=O,c1cnc2c(c1)ccc1cccnc21,solvate,3,GUTSAP
Cc1ccc(cc1)S(=O)(=O)[O],[NH3]c1cccc(Cl)c1,salt,1,YAGNIF
[NH3]C,CC1(C)COP(=O)([O])OC1c1ccccc1Cl,hydrate,3,IGIXUU
CC1=CC=C(N)C=C1,CC1=C(C=CC=C1[N+](=O)[O-])[N+](=O)[O-],failed,0,
N1C2=CC=CC=C2C2=CC=CC=C12,OC1=C(C=C(C=C1)[N+](=O)[O-])[N+](=O)[O-],failed,0,
Oc1cc(O)c2C(=O)C(=C(Oc2c1)c1cc(O)c(O)c(c1)S(=O)(=O)[O])O,[NH4],solvate,3,EVIJUO
FC(F)(F)S(=O)(=O)[O],COc1ccc(cc1)N1C=[N](c2ccc(OC)cc2)C(=C1c1ccc(C)cc1)Cc1ccccc1,salt,1,VUDSIY
Oc1ccc2ccccc2c1c1c(O)ccc2ccccc12,O=C1CCCC=C1,cocrystal,2,GASGAJ
c1cc(ccn1)c1ccncc1,OC(=O)c1ccc(Nc2cc(Nc3ccc(cc3)C(O)=O)cc(Nc3ccc(cc3)C(O)=O)c2)cc1,solvate,3,YISPAU
OC(C(=O)[O])c1ccccc1,[NH3]C1CC(O)C2OC(C)(C)OC12,salt,1,JUDCOC
Fc1c(I)c(F)c(I)c(F)c1I,Cc1cc(c(C)cc1c1ccncc1)c1ccncc1,cocrystal,2,UTURAF
CC(=O)[O],FC(F)(F)c1ccc(CN2CC[NH2]CCCN(CC[NH2]CCC2)Cc2ccc(cc2)C(F)(F)F)cc1,solvate,3,SOBNAB
CC=CC=CC(=O)[O],Nc1[nH]c(N)ccc1,hydrate,3,VIRKOA
C[NH]1CCN(CCNC2=NC(=C(N=O)C(=O)N2C)N)CC[NH](C)CCN(CCNC2=NC(=C(N=O)C(=O)N2C)N)CC1,O=[Cl](=O)(=O)[O],hydrate,3,JODSII
CC(=O)C1CCC2C3CCC4=CC(=O)CCC4(C)C3CCC12C,FC1=C(F)C2=C(C(=C1F)F)C(=C(F)C(=C2F)F)F,failed,0,
ON=Cc1c(F)c(F)c(Br)c(F)c1F,CN1c2ccccc2N=C1c1ccncc1,cocrystal,2,VITKIT
Brc1ccc(Br)c2nc3C4Cc5cc6c(Br)ccc(Br)c6nc5C4Cc3cc12,Cc1ccccc1,cocrystal,2,WUHNES
CCOC(=O)CCN(C(=O)c1ccc2N(C)C(=Nc2c1)C[NH2]c1ccc(cc1)C#N)c1ccccn1,OC(=O)C=CC(=O)[O],salt,1,KOYDAF
Oc1c(F)c(F)c(F)c(F)c1F,Cc1cc(C)c(NC(=O)C(=O)Nc2c(C)cc(C)cc2C)c(C)c1,cocrystal,2,NIPVAK
OC(=O)C(=O)[O],CCOCCN1C(=Nc2ccccc12)C1CC[NH](CC1)CCc1ccc(cc1)C(C)(C)C(O)=O,hydrate,3,ZAWJOA
OC(=O)C1=CN=CC=C1,NC(=O)C1=CC=CC=C1N,failed,0,
CC1CCc2ccc3ccccc3c2C1NC(=O)c1cc(cc(c1)N(=O)=O)N(=O)=O,CC(NC(=O)C(C)(C)C)c1ccc(Br)cc1,solvate,3,YAXDOR
OC(=O)CCC(O)=O,OC(=O)CC(O)=O,failed,0,
O=[Cl](=O)(=O)[O],O=N(=O)c1ccc(C[P](N2CCCCC2)(N2CCCCC2)N2CCCCC2)cc1,salt,1,NBMPHB
NC(=O)C1=CN=CC=C1,CC(=O)OC1=CC=CC=C1C(=O)NC1=NC=C(S1)[N+](=O)[O-],failed,0,
Nc1[nH]cccc1,OC(=O)c1cc(cc(c1)S(=O)(=O)[O])C(O)=O,hydrate,3,URAGUR
Oc1cccc2C(=O)c3cc(cc(O)c3C(=O)c12)C(=O)[O],COc1cc2ncnc(Nc3ccc(F)c(Cl)c3)c2cc1OCCC[NH]1CCOCC1,hydrate,3,RONPOD
NS(=O)(=O)c1cc2c(NCNS2(=O)=O)cc1Cl,Nc1ccc(cc1)C(O)=O,cocrystal,2,PIRLUZ
CC(C)c1cccc(C(C)C)c1N1C=[N](C(=CC1=O)C)c1c(cccc1C(C)C)C(C)C,FC(F)(F)S(=O)(=O)[O],salt,1,WUZLAG
O=N(=O)C1=NN([O])C(=N1)C1=NN=NN1[O],[NH4],hydrate,3,XAZYUW
CN1c2ccccc2Oc2cc3Oc4ccccc4N(C)c3cc12,N#CC(C#N)=C1C=CC(C=C1)=C(C#N)C#N,solvate,3,OCIQAS
NC1=CC=CC2=CC=CC=C12,CC1=CC(=C(C=C1)[N+](=O)[O-])[N+](=O)[O-],failed,0,
[NH3]CC[NH3],N1N=NN=C1c1ccc(cc1)C1=NN=N[N]1,hydrate,3,EXIKOM
O=N(=O)c1cc(c([O])c(c1)N(=O)=O)N(=O)=O,C[NH2]C1CCCCC1,salt,1,FETRAA
CCOC(=O)C1=CC=C(N)C=C1,NC1=CC=C(C=C1)S(=O)(=O)NC1=NC=CS1,failed,0,
Ic1cccc(c1)C(=O)[O],[NH3]C(C)c1ccccc1,salt,1,KOFMUO
NC1=CC=C(C=C1)C(O)=O,OC(=O)CCSCCC(O)=O,failed,0,
OC1=CC=C(C=C1)[N+](=O)[O-],C1=CC=C2C=CC=CC2=C1,failed,0,
Brc1cccc(C=CC(=O)[O])c1,[NH3]CCCC,salt,1,JEQBEN
CCNC(=[NH]CC)c1cccc2cc3cccc(C(NCC)=[NH]CC)c3cc12,O=C([O])CC12CC3CC(C1)CC(C3)(CC(=O)[O])C2,hydrate,3,IBIDUV
[NH3]Cc1ccc(Cl)cc1,OC(=O)C1=NNC(=C1)C(=O)[O],salt,1,XOVVEJ
C[N]1=C(N)N(N)C(=N1)N,N1=N[C](N=N1)N=N[C]1N=NN=N1,hydrate,3,GOCHUC
OS(=O)(=O)[O],[NH3]c1ccc(Br)c(C)c1,salt,1,CUDCIO
COc1cc(OC)c([S](C)c2ccccc2)c(OC)c1,FC(F)(F)S(=O)(=O)[O],salt,1,ZIQLIY
OC(=O)CCCC(O)=O,Nc1ncccn1,cocrystal,2,JOYJEO
OC(=O)C(O)=O,COC1=CC=CC=C1C(O)=O,failed,0,
Nc1[nH]cnc2NC=Nc12,O=S(=O)([O])[O],hydrate,3,ADESUL
O=C([O])c1cc[nH]cc1,CN1N=NC2=C(N=CN2C1=O)C(N)=O,hydrate,3,JIRJON
NC1=CC=CC=C1C(O)=O,OC1=CC=C(O)C=C1,failed,0,
CC[NH](CC)CCCC(C)Nc1c2ccc(Cl)cc2[nH]c2ccc(OC)cc12,OC(=O)c1cc(Cl)c(Cl)cc1C(=O)[O],hydrate,3,VORDEM
[NH2]1CCN(CC1)c1cc[nH]cc1,O=[Cl](=O)(=O)[O],salt,1,JOWRAQ
Cc1cnc(C)cn1,Fc1c(F)c(Br)c(F)c(F)c1Br,cocrystal,2,OZELUD
CC1=CC2=C(C=C1)C=CC(=C2)C,CC1=CC2=C(C=C1)C=C(C)C=C2,failed,0,
C1CN2CCCc3cc(C=CC4=CC5=[N](CCC[N]6=C5C=C(C=C6)C=Cc5cc6CCCN7CCCc(c5)c67)C=C4)cc(C1)c23,F[P](F)(F)(F)(F)F,solvate,3,ANELAH
COc1cc(Cc2c[nH]c(N)nc2N)cc(OC)c1OC,O=C1CN(N=CC2=CC=C(O2)N(=O)=O)C(=O)[N]1,hydrate,3,VELFAX
C1N2CN3CN1CN(C2)C3,II,cocrystal,2,YUYNUB
O=[Cl](=O)(=O)[O],CC1=C2C=CC=CN2C(=C1c1ccccc1)C=CC=CC=C1[n]2ccccc2C(=C1c1ccccc1)C,solvate,3,KIVLOT
OC(=O)c1cccc(C(O)=O)c1c1c(cccc1C(O)=O)C(O)=O,c1ccc2nc3ccccc3nc2c1,hydrate,3,HISRIM
O=[Cl](=O)(=O)[O],[NH2]=C1NN=C2N(C=NN12)N=NN1C=NN2C(=[NH2])NN=C12,hydrate,3,DUWJEN
[NH3]N,NC1=NC([N]N1)=C1N=NN=N1,salt,1,PILJON
Nc1[nH]c(cc(N)[n]1[O])N1CCCCC1,Clc1cc(Cl)cc(c1)C(=O)[O],hydrate,3,WIYWOU
CN(C)C1=C(N(C)C)[N](=CN1c1c(C)cc(C)cc1C)c1c(C)cc(C)cc1C,FC(F)(F)S(=O)(=O)[O],salt,1,BIYBOC
OC(=O)C1=CC=CC=C1,O=C1CCCC(=O)N1,failed,0,
Cc1ccccc1,COc1ccc(cc1)C(=O)C([S](C)C)=C1C2=NON=C2C(C=C1N(=O)=O)=N(=O)[O],cocrystal,2,ZAKTIO
C1=CC=C2C(=C1)C=CC1=CC=CC=C21,OC(=O)C1=CC(=CC=C1)O,failed,0,
N#Cc1cccc(C[n]2ccc(cc2)c2cc[n](Cc3cccc(c3)C#N)cc2)c1,OC(=O)c1cc(C(=O)[O])c(cc1C(=O)[O])C(O)=O,hydrate,3,QEMVOX
CC1=C([N+](=O)[O-])C(=C(C=C1[N+](=O)[O-])[N+](=O)[O-])C,OC1=C(C=C(C=C1[N+](=O)[O-])[N+](=O)[O-])[N+](=O)[O-],failed,0,
C1CC([S]2c3ccccc3Sc3ccccc23)C(CCC=C1)[S]1c2ccccc2Sc2ccccc12,O=[Cl](=O)(=O)[O],solvate,3,HABBUI
CC1=CC2=C(C=C1C)N(CC(O)C(O)C(O)CO)C1=NC(=O)NC(=O)C1=N2,COC1=CC=CC(=C1)C(N)=O,failed,0,
CC(N1CC[N](=C1N=[N]=[N])C(C)c1ccccc1)c1ccccc1,F[P](F)(F)(F)(F)F,salt,1,QAFKAM
Oc1cccc(Cl)c1,Oc1ccc(cc1)C1(CCCCC1)c1ccc(O)cc1,cocrystal,2,HIFTEW
NC(N)=O,CC(=O)NC1=CC=C(O)C=C1,failed,0,
N(c1cc[nH]cc1)c1ccncc1,OC(=O)c1cccc(c1)C(=O)[O],salt,1,GAWROM
NC(CCC(O)=O)C(O)=O,NC(=O)C1=CC=C(O)C=C1,failed,0,
FC(F)(F)C(=O)[O],[NH3]C(C(c1ccccc1)c1ccccc1)C(=O)NC(C(c1ccccc1)c1ccccc1)C(O)=O,hydrate,3,HEGNOA
NC1=CC=CC(=C1)C(O)=O,O=C1CCCN1,failed,0,
[NH2]1CCOCC1,CC(=O)C1=C(C)NC(=C(C#N)C1c1ccccc1N(=O)=O)[S],salt,1,DAKBAS
O=N(=O)[O],CCOC(=O)c1ccccc1C(N)=[NH2],salt,1,RUYRUA
Cc1ccc(C)cc1,c1ccc(cc1)c1ccc(cc1)C(C#CC#CC(c1ccccc1)(c1ccccc1)c1ccc(cc1)c1ccccc1)(c1ccccc1)c1ccccc1,cocrystal,2,CINGEL
C[N]1=C2N(C=C1)c1ccncc1C(=C2c1ccccc1)C,FC(F)(F)S(=O)(=O)[O],salt,1,VUKGEP
OC(CN1C=[NH]C=N1)(CN1=CNC=N1)c1ccc(F)cc1F,O=N(=O)c1cc(c([O])c(c1)N(=O)=O)N(=O)=O,salt,1,KABPOU
OCc1ccccc1F,CC(CCC(O)=O)C1CCC2C3C(O)CC4CC(O)CCC4(C)C3CC(O)C12C,cocrystal,2,YUNYOV
C1COCCOCCOCCO1,CC(C)=NNC(N)=S,cocrystal,2,BERMOA
BrC1=CC=C(S1)c1ccncc1,Fc1c(F)c(I)c(F)c(F)c1I,cocrystal,2,QIZCIP
OC(=O)CCCCCCC(O)=O,CC(C(C)C(O)=O)C(O)=O,failed,0,
COc1cc(O)ccc1[NH]1CCN(CC1)C(=[NH2])Nc1cc(Cl)cc(Cl)c1,CS(=O)(=O)[O],salt,1,WUPTAF
COC(=O)CCC(C)C1CCC2C3C(O)CC4CC(O)CCC4(C)C3CC(O)C12C,Cc1ccccc1,cocrystal,2,CEDLOP
OC(=O)C(OC(=O)c1ccccc1)C(OC(=O)c1ccccc1)C(=O)[O],[NH3]C1C(O)Cc2cc3ccccc3cc12,hydrate,3,YALWAK
CC1=CC(=O)N(N1)c1ccccc1,CC(=Cc1ccccc1)C=C1SC(=S)N(CC(O)=O)C1=O,cocrystal,2,CEHYIB
O=[Cl](=O)(=O)[O],[NH2]1CCN2CCNCc3ccc(C[NH2]CCN(CCNCc4ccc(C1)cc4)CCNCc1ccc(CNCC2)cc1)cc3,hydrate,3,XOBFEA
NC(=O)C1=CC=C(O)C=C1,NC(CCC(O)=O)C(O)=O,failed,0,
O=N(=O)[N]C1=NON=C1N=[N]([O])C1=NON=C1[N]N(=O)=O,[NH3]O,hydrate,3,CIWVUB
OC(=O)C=CC(O)=O,NC(=O)C1=NC=CN=C1,failed,0,
NC(=O)C1=CC=CC=C1,COC1=CC=C(C=C1)C(N)=O,failed,0,
OC(=O)CC(O)=O,O=C(Nc1ccccn1)c1cccnc1,cocrystal,2,KAYHID
OC(=O)c1ccc(NC(=O)Nc2ccc(cc2)N(=O)=O)cc1,c1ccncc1,hydrate,3,VOKBUV
OC(=O)C1=CN=CC=C1,CC1=CC(=CC=C1)C(O)=O,failed,0,
COC1=CC=C(C=C1)C(O)=O,OC(=O)C1=CC=CC=C1,failed,0,
OC1C[NH2]C(C1)C(=O)[O],OC(C(O)C(O)=O)C(O)=O,cocrystal,2,COGKOA
OC(=O)C1=CC=CC=C1,O=C1CCC(=O)N1,failed,0,
OC(=O)c1cc(cc(c1)C(=O)[O])C(=O)[O],[NH2](Cc1ccccc1)Cc1ccccc1,solvate,3,GOFHEO
NC(=O)C1=CC=CC=C1,NC(=O)C1=CC=CC=C1N,failed,0,
NC(=O)C1=CC=CC=C1[N+](=O)[O-],NC(=O)C1=CC=CC=C1,failed,0,
CCOC(=O)C(=C[C](C#N)C(=O)OCC)C#N,COc1ccc(cc1)C(=O)C[n]1ccc(cc1)N(C)C,salt,1,YALMIL
O=C1NC(=O)C=C(N1)C(=O)[O],C(Cc1cc[nH]cc1)Cc1cc[nH]cc1,hydrate,3,VEYMIY
NC(=O)C1=CC=CC=C1O,OC(CC(O)=O)C(O)=O,failed,0,
CC(=O)N1C=C(C)N(C=C1C)C(C)=O,NC(N)=S,cocrystal,2,HEMFAJ
[NH3]C(c1ccccc1)c1ccccc1,O=C[O],salt,1,TUBCAY
CC1(C)CC(C)(C)[N](=C1)C1CCCCC1[N]1=CC(C)(C)CC1(C)C,FC(F)(F)S(=O)(=O)[O],salt,1,OJOXET
NS(=O)(=O)c1cc(C(O)=O)c(NCC2=CC=CO2)cc1Cl,CN1C=NC2=C1C(=O)N(CCCCC(C)=O)C(=O)N2C,cocrystal,2,FEFYAS
O=C1CN(N=CC2=CC=C(O2)N(=O)=O)C(=O)N1,c1cc(ccn1)c1ccncc1,hydrate,3,GEPSAX
OC(=O)C1=CC=CC=C1,OC(=O)CC1=CC=CC=C1,failed,0,
Cc1cc(O)cc(C)c1Cl,C1CN2CN3CCN(CN1C3)C2,cocrystal,2,QUFROA
CN1C(=C([O])c2ccccc2S1(=O)=O)C(=O)Nc1[nH]cccc1,OC(=O)c1ccccc1,cocrystal,2,DIKDOR
CC(=O)Nc1ccc(O)cc1,C1CN2CCN1CC2,hydrate,3,NIDPUN
O=N(=O)[O],CN(C)c1ccn([I]n2ccc(cc2)N(C)C)cc1,hydrate,3,MIYJIP
NC(N)=O,NC1=CC=CC=C1C(O)=O,failed,0,
c1ccc2cnccc2c1,Fc1c(F)c(I)c(F)c(F)c1I,cocrystal,2,WIGRIQ
OC1=CC=CC=C1[N+](=O)[O-],N1C2=CC=CC=C2C2=CC=CC=C12,failed,0,
O=C([O])C(Cc1ccccc1)NC(c1ccccc1)(c1ccccc1)c1ccccc1,[NH3]C(C)(C)C,solvate,3,PEKCIT
NC(=S)NN=Cc1cc[nH]cc1,O=C([O])c1ccc(cc1)C(=O)[O],salt,1,TOQPAT
OC(=O)c1cc(ccc1O)S(=O)(=O)[O],[NH3][NH3],hydrate,3,URIBON
N#CC1=NN=N[N]1,[NH4],salt,1,IPABEH
OC(=O)C1(CCC1)C(=O)[O],[NH2](Cc1ccccc1)Cc1ccccc1,salt,1,MEFRAR
CNC(=S)NC,Fc1c(F)c(F)c(I)c(I)c1F,cocrystal,2,ATAGIO
CC(=O)OC1=CC=CC=C1C(O)=O,CC(=O)NC1=CC=C(O)C=C1,failed,0,
CN(C)c1cc[nH]cc1,CCOc1ccc2N=C(Sc2c1)S(=O)(=O)[N]C(=O)Oc1ccccc1,salt,1,MUTDEL
OC(=O)c1cc(C(O)=O)c(cc1C(=O)[O])C(=O)[O],CC(C)C1=CC(=[NH]N1)C(C)(C)C,salt,1,ZEBCUH
[H](OC=O)[O]C=O,CCCC[N](CCCC)(CCCC)CCCC,salt,1,UZIWIK
O=C1NC=CC(=O)N1,OC(=O)c1c(F)c(F)c(C(O)=O)c(F)c1F,cocrystal,2,INONAC
CCN1C=C(C(O)=O)C(=O)c2cc(F)c(cc12)N1CC[NH2]CC1,COc1ccc2N(C(=C(CC(=O)[O])c2c1)C)C(=O)c1ccc(Cl)cc1,hydrate,3,GIMXOS
O=C([O])CCCCCC(=O)[O],OC(=O)C1=CN(C2CC2)c2cc(N3CC[NH2]CC3)c(F)cc2C1=O,hydrate,3,KEBPIU
OC(=O)CCSCCC(O)=O,OC(=O)C1=CC=C(F)C=C1,failed,0,
O=C1C(=C(C#N)C(=O)C(=C1C#N)[O])[O],[nH]1cccnc1c1[nH]cccn1,hydrate,3,EBAVUZ
OC(=O)C1=CN=CC=C1,COC1=CC=CC(=C1)C(O)=O,failed,0,
O=C(C1=CC=CC=C1)C(=O)C1=CC=CC=C1,NC1=CC(=CC=C1)[N+](=O)[O-],failed,0,
CC1=[NH]C=CN1,O=N(=O)[O],salt,1,VAMCOE
c1ccncc1,CC(=O)OC1C2C(=O)c3c(C)cc(O)c4C(=O)OCC1(C1=C2c2c(C)cc(O)c5C(=O)N(CCO)C=C(C1=O)c25)c34,cocrystal,2,RUCTUG
O=C1Nc2cccc(N3CC[NH](CC3)Cc3cccc(c3)c3ccccc3)c2O1,CS(=O)(=O)[O],salt,1,NIVTAP
OC(=O)c1cc(cc(c1)S(=O)(=O)[O])C(O)=O,[OH3],salt,1,JEJLOY
OC(=O)C=CC(O)=O,NC1=CC=C(C=C1)C(O)=O,failed,0,
Cc1ccc(cc1)C1=C(C#N)C(=O)NC(=C1C#N)[O],[NH2]1CCOCC1,salt,1,SICQEC
CC(NC(=O)c1cccc(Br)c1)c1ccccc1,CC(NC(=O)c1cccc(c1)C(F)(F)F)c1ccccc1,cocrystal,2,YAYFIR
OC(=O)c1ccc(cc1)C(O)=O,c1cc(ccn1)N=Nc1ccncc1,cocrystal,2,HOWXAV
CC1[NH2]CC[NH2]C1,Cc1ccc(cc1)S(=O)(=O)[O],hydrate,3,NOTXAX
Nc1nc(N)nc(Cl)n1,ClC1=CC(=O)NC(=O)N1,solvate,3,ZUDTAV
C1CC2=CC=CC3=C2C1=CC=C3,C1=CC=C(C=C1)C1=CC=CC=C1,failed,0,
CC[NH](CC)CC,Oc1ccc(cc1O)C(=O)[O],salt,1,WACNOF
O=C([O])C(=O)[O],C(CN1C=[NH]c2ccccc12)CN1C=[NH]c2ccccc12,hydrate,3,CIXLOM
CN(C)c1cc[nH]cc1,Oc1cc(O)cc(c1)C(=O)[O],salt,1,ZUHCAI
BrC1=CC=C(Br)C=C1,C1=NC=CN=C1,failed,0,
CN1N(C(=O)C=C1C)C1=CC=CC=C1,NC(N)=O,failed,0,
O=S(=O)([O])c1ccccc1,COc1ccc(cc1)C(C[NH](C)C)C1(O)CCCCC1,hydrate,3,DIRKEW
NC1=NC=C(Br)N=C1Br,OC(=O)CCCCCCCCCCC(O)=O,failed,0,
O=[Cl](=O)(=O)[O],Oc1c2Cc3cccc4Cc5cccc(Cc6cccc(Cc1ccc2)c6OCC(=O)NCC[NH2]CCNC(=O)COc34)c5O,hydrate,3,LAMQIA
CC1(O)CCC2CC1CCC2(C)O,Oc1ccc(O)cc1,cocrystal,2,SUFFUU
CC1CCC2C(C)C(=O)NC3OC4(C)CCC1C23OO4,OC(=O)C=Cc1ccccc1,cocrystal,2,MEZQIU
[NH3]CCCCCC[NH3],O=S1(=O)[N]C(=S)c2ccccc12,hydrate,3,QIVYUQ
O=N(=O)c1cc(c([O])c(c1)N(=O)=O)N(=O)=O,COc1ccc(cc1)C1=[NH]C(=C(N1)c1ccccc1)c1ccccc1,hydrate,3,BEWGUJ
Brc1ccccc1C(=O)[O],[NH3]C(C)c1ccccc1,salt,1,DIBBAT
CC(C)(C)C1=NN(P(N2N=C(C=C2C(C)(C)C)C(C)(C)C)c2cccc[n]2c2ccccn2)C(=C1)C(C)(C)C,FC(F)(F)S(=O)(=O)[O],solvate,3,GAVLUO
NC(=NC1=NS[n]2ccccc12)c1[nH]cccc1,FC(F)(F)S(=O)(=O)[O],salt,1,HIZCUQ
NC(N)=[NH2],O=N(=O)N=C1N[N]C(=N1)CC1=NC(N[N]1)=NN(=O)=O,hydrate,3,LIJNAW
NC(=O)c1cccnc1,OC(C(O)C(O)=O)C(O)=O,cocrystal,2,DOSDEY
OCC(O)C1OC(=O)C(=C1O)O,OC(=O)C1=CC(=CC=C1)F,failed,0,
CC[N](CC)(CC)CC,CC(C)(C)C1=NC2=NC(=NC3=C2C(=N1)N=C([N]3)C(C)(C)C)C(C)(C)C,solvate,3,URIDEF
[OH3],COC1(COP(=O)([O])OC1)OC,hydrate,3,VIVQUN
CCC(=O)c1ccccc1,CC(CCC(O)=O)C1CCC2C3C(O)CC4CC(O)CCC4(C)C3CC(O)C12C,cocrystal,2,POZPUP
[NH3]CC(C)C,CC(C)(C)C1=NC(=C(S1)c1ccnc(N)n1)c1cccc([N]S(=O)(=O)c2c(F)cccc2F)c1F,hydrate,3,ZOYYOE
OC(=O)C(OC(=O)c1ccccc1)C(OC(=O)c1ccccc1)C(=O)[O],COc1cc2CC[NH]3CCCC3c2cc1OC,solvate,3,TAWCIF
COC1=CC=CC=C1C(N)=O,NC(=O)C1=CC=CC=C1,failed,0,
Oc1cc2C(=O)Oc3c(O)c(O)cc4C(=O)Oc(c1O)c2c34,NC(N)=O,cocrystal,2,ICOVIJ
Fc1c(I)c(F)c(I)c(F)c1I,c1ccc2ncccc2c1,cocrystal,2,ZEBPEF
Cc1ccc(cn1)c1ncc(Cl)cc1c1ccc(cc1)S(C)(=O)=O,O=C1CCCCCN1,hydrate,3,VAGSII
CCc1ccccc1OC(=O)c1c2ccccc2[n](C)c2ccccc12,FC(F)(F)S(=O)(=O)[O],salt,1,KUTCAE
NC1=CC=CC=C1N,NC(=O)C1=CC=CC=C1,failed,0,
CS(=O)(=O)[O],CCCC[P](CCCC)(CCCC)C(c1ccccc1O)C1=CN(C)c2ccccc12,salt,1,CAYVOQ
O=C([O])c1ccc(cc1)N(=O)=O,O=C1NCC[NH2]CC[NH2]CCNC(=O)c2cccc(n2)C(=O)NCC[NH2]CC[NH2]CCNC(=O)c2cccc1n2,solvate,3,LODHES
OC(=O)CCCCC(O)=O,C(N1C=CN=C1C1=NC=CN1CC1=CC=CC=C1)C1=CC=CC=C1,failed,0,
O=[Cl](=O)(=O)[O],C[N]1(CCCCC1)CC#N,salt,1,XUGGIR
OC(CC(O)=O)C(O)=O,OC(C(O)C(O)=O)C(O)=O,cocrystal,2,NIVYOG
[NH2]1CCOCCOCC[NH2]CCOCCOCC1,COc1cc(C=O)ccc1[O],salt,1,FUYSUN
OC(=O)C=CC(O)=O,COc1ccccc1OCCNC1=CC=C(O)N(Cc2ccc(OC)c(c2)c2cccc(Cl)c2)N1,hydrate,3,BOYGOO
O=C([O])C=Cc1ccccc1,[NH3]C(C)C,salt,1,QACBUU
NC(=O)C1=CN=CC=C1,OC1=CC2=CC=CC=C2C=C1,failed,0,
O=C1N=Cc2ccccc12,O=C1NC(=O)C2C3CC(C4N=NN(C34)c3ccccc3N(=O)=O)C12,cocrystal,2,DANLAG
CC1=CC=C(N)C=C1,O=[N+]([O-])C1=CC(=CC=C1)[N+](=O)[O-],failed,0,
FC(F)(F)C(=O)[O],COC(=O)C1=C2Nc3c(O)cccc3C32CC[N]2(O)CC(C(C)O)C1CC32,hydrate,3,PONMUE
c1cc[cH]c1,CC[N](CC)(CC)CC,salt,1,GOSYUI
O=C([O])C(OC(=O)c1ccccc1)C(OC(=O)c1ccccc1)C(=O)[O],CC1[NH2]CC(C)N(CCOC(c2ccc(F)cc2)c2ccc(F)cc2)C1,hydrate,3,SUNXUU
O=S(=O)([O])CCN(CP(c1ccccc1)c1ccccc1)CP(c1ccccc1)c1ccccc1,CC[NH](CC)CC,salt,1,TUGDAA
CCCC[P](CCCC)(CCCC)C=C[P](CCCC)(CCCC)CCCC,CC(=O)[O],solvate,3,YAPCIB
CC(O)(P(O)(=O)[O])P(O)(=O)[O],[NH3]c1ccc(cc1)C(O)=O,solvate,3,FAZQOP
CN1C=NC2=C1C(=O)N(C)C(=O)N2C,OC(=O)C1=CC(=NN1)C(O)=O,cocrystal,2,UNISUG
OC1=CC=C(O)C=C1,OC(=O)C1=CC(=CC=C1)[N+](=O)[O-],failed,0,
Cc1ccccc1OCC(=O)[O],[NH3]C(CO)(CO)CO,salt,1,XUMLUP
C1CC2=CC=CC3=C2C1=CC=C3,CC1=C(C)C=C(C)C(=C1)C,failed,0,
O=[Cl](=O)(=O)[O],NC1=[NH]N=C2N1NCNN1C(=[NH]N=C21)N,hydrate,3,WIJQIS
c1ccccc1,c1ccc(cc1)c1cc2c3ccccc3c3ccccc3c2c2c3ccccc3c3ccccc3c3ccccc3c12,cocrystal,2,VUYWEU
CNC(=S)NC,Fc1c(F)c(F)c(I)c(I)c1F,cocrystal,2,HAMMOB
c1ccccc1,N#CC(C#N)=C(C=C1C=CC=CC=C1)c1ccccc1,cocrystal,2,FEMRAS
OC1=CC=C(O)C=C1,NC1=CC=C(C=C1)[N+](=O)[O-],failed,0,
F[P](F)(F)(F)(F)F,CCN1C=C[N](=C1)Cc1c2ccccc2c(C[N]2=CN(CC)C=C2)c2ccccc12,salt,1,INILEX
FC(F)(F)S(=O)(=O)[O],Cc1ccc(cc1)S(=O)(=O)N1C2=C(N(CC[N](C)(CC2)Cc2ccccc2)Cc2ccccc2)c2ccccc12,salt,1,JOTLUD
COC1=CC=CC=C1C(N)=O,CN1C=NC2=C1C(=O)N(C)C(=O)N2C,failed,0,
CC1=CC2=C(C=C1)C=C(C)C=C2,CC1=CC2=C(C=C1)C=CC(=C2)C,failed,0,
OC1=CC2=CC=CC=C2C=C1,CC12CCC3C(CCC4=C3C=CC(=C4)O)C1CCC2O,failed,0,
NC(=O)C1=CC=CC=C1O,OC(=O)C=CC(O)=O,failed,0,
OC1=CC=C(O)C=C1,OC(=O)C1=CC=C(O)C=C1,failed,0,
Clc1ccc(cc1)S(=O)(=O)NS(=O)(=O)c1ccc(Cl)cc1,C1COCCOCCOCCOCCOCCO1,solvate,3,YINFIK
OC(=O)c1ccccc1O,CCNC(=O)NC(=O)C(=NOC)C#N,cocrystal,2,LOWQOH
OC(=O)CCCCC(O)=O,Cc1ccc(cn1)C(N)=O,cocrystal,2,LEBVOH
NC(=O)C1=CN=CC=C1,COC1=CC=CC=C1C(N)=O,failed,0,
COC(C(C)C=CC1(C2Oc3ccccc3C12)C(=O)[O])c1ccccc1Br,CN(C)c1cc[nH]cc1,salt,1,ISORUE
Cc1ccc(Nc2ccc3cc(ccc3c2)S(=O)(=O)[O])cc1,C(c1ccccc1)[P](c1ccccc1)(c1ccccc1)c1ccccc1,solvate,3,NUZDOD
Cc1ccc(cc1)S(=O)(=O)[O],OC(C1CC2CC[NH]1CC2C=C)c1cc[nH]c2ccccc12,hydrate,3,VELWUF
OC(CC(O)=O)C(O)=O,OC(=O)C1=CC=C(O)C=C1,failed,0,
Clc1c(Cl)c(c(Cl)c(Cl)c1C(=O)[O])C(=O)[O],[nH]1ccc(cc1)c1cc[nH]cc1,hydrate,3,AJIVAR
O=[Cl](=O)(=O)[O],C[N]1=NN(N=C1c1ccc(Cl)cc1)c1ccccc1,salt,1,PODFIX
O=[Cl](=O)(=O)[O],COCC1CCC[N]1=C1C2CCCC2C1(C)C,salt,1,BIJKEK
F[P](F)(F)(F)(F)F,C(N1C=C[N](=C1)Cc1ccccc1)c1ccccc1,salt,1,MOQBEA
FC(F)(F)S(=O)(=O)[O],Cc1cc[n]2CCc3c(C)c(C)c4CC[n]5ccc6ccccc6c5c4c3c2c1,solvate,3,AKOHIT
OCC[NH](CCO)CCO,N#C[C](C#N)c1ccc(cc1)[C](C#N)C#N,solvate,3,MOYCUZ
O=C1NC(=O)C(=N[O])C(=O)N1,[NH2]1CCC2=C(C1)Nc1ccccc21,hydrate,3,JIKTOQ
CC[N]1=C2C[N]34CC5=[N](CC)c6ccccc6N5[P]3(F)(F)(N2c2ccccc12)N1C(=[N](CC)c2ccccc12)C4,FC(F)(F)S(=O)(=O)[O],solvate,3,HIJHEQ
C(Cc1ccncc1)Cc1ccncc1,OC(=O)Cc1ccccc1Nc1c(Cl)cccc1Cl,cocrystal,2,LULROC
NC(=O)C1=CN=CC=C1,NC(=O)C1=CC=C(F)C=C1,failed,0,
O=N(=O)N1C2C3N(C1C1N(C(C(N3N(=O)=O)N1N(=O)=O)N2N(=O)=O)N(=O)=O)N(=O)=O,NN1C2=NON=C2C2=NON=C2C2=NON=C12,cocrystal,2,TETTAQ
OC(=O)CCCC(O)=O,COC1=CC2=C(C=C1)N(C(=C2CC(O)=O)C)C(=O)C1=CC=C(Cl)C=C1,failed,0,
Cc1ccc(Sc2ccccc2N2CC[NH2]CC2)c(C)c1,OC(=O)C=CC(=O)[O],hydrate,3,JANRID
C1=NC=CC(=C1)C1=CC=NC=C1,OC(=O)C1=CC=C(F)C=C1,failed,0,
N#Cc1cccc(C[NH]2CC[NH](CC2)Cc2cccc(c2)C#N)c1,OC(=O)c1cc(O)cc(c1)C(=O)[O],hydrate,3,VAFSEE
S=P1([S])N(c2ccccc2)P(=S)([S])N1c1ccccc1,[nH]1ccccc1,salt,1,HOXYUO
[S]1CCSc2ccc3c4SCCSc4ccc3c12,O=[Cl](=O)(=O)[O],salt,1,WENHIG
CC(C)(C)c1cc2OP(=O)([O])C=C(c3ccc(Cl)cc3)c2cc1Cl,CC[NH2]CC,hydrate,3,XESZON
CCOC(=O)C1=C(C(C(NC(=O)OC(C)(C)C)c2ccc(Br)cc2)C2=Nc3ccccc3S2)c2ccccc2O1,Cc1ccccc1,cocrystal,2,TOYYEP
Nc1[nH]cccc1,[S]C1=NN=C(SSC2=NN=C([S])S2)S1,hydrate,3,UPAXIT
Oc1ccc2C(=O)C(=C(Oc2c1)c1ccc(O)c(O)c1)O,CN1C=NC2=C1C(=O)N(C)C(=O)N2C,cocrystal,2,JOQGED
C[S](C)c1cc(C)c2cc(ccc(C)c12)C(C)C,O=[Cl](=O)(=O)[O],salt,1,EFUDIT
CC(=O)[O],N(C(Nc1ccccc1)=C(C(Nc1ccccc1)=[NH]c1ccccc1)C(Nc1ccccc1)=[NH]c1ccccc1)c1ccccc1,hydrate,3,BEJHOP
C1=CC=C2C(=C1)C=CC1=CC=CC=C21,CC1=C2C(=CC=C1)C=CC1=CC=CC(=C21)C,failed,0,
N#CCCC#N,OC1=CC=CC2=C1N=CC=C2,failed,0,
FC(F)(F)S(=O)(=O)[O],S1C(=C[N](=C1c1ccccc1)c1ccccc1)c1ccccc1,salt,1,KEZXAQ
OC(=O)c1cc(ccc1O)S(=O)(=O)[O],Nc1[nH]cnc2NC=Nc12,hydrate,3,UWAMUC
O=N(=O)C1=N[N]C(=C1C1=NN=NN1)N(=O)=O,[NH4],hydrate,3,VUSSOU
Cc1ccc(cc1)C(O)(C1OC(C)(C)OC1C(O)(c1ccc(C)cc1)c1ccc(C)cc1)c1ccc(C)cc1,Cc1ccncc1,cocrystal,2,NODCIV
BrC1=CC=C(Br)C=C1,C1=NC=CC(=C1)C1=CC=NC=C1,failed,0,
FC(F)(F)S(=O)(=O)[O],C1Cc2c(cc([n](Cc3ccccc3)c2c2ccccc12)c1ccccc1)c1ccccc1,salt,1,FUTXOH
NC(=O)N1C2=CC=CC=C2C=CC2=CC=CC=C12,NC(=O)C1=CC=CC=N1,failed,0,
FC(F)(F)C(=O)[O],CN1c2ccccc2[N](=C1C1=C(N)NC2(CCCCC2)C1=O)C,salt,1,KACPIQ
c1ccncc1,OC(c1ccccc1)(c1ccccc1)c1ccc(cc1)C(O)(c1ccccc1)c1ccccc1,cocrystal,2,HITJON
OC(=O)C1=CC(=CC=C1)O,NC(=O)C1=CC=CC=C1,failed,0,
COc1cc(C=CC(=O)[O])ccc1O,Cc1[nH]cc(CO)c(CO)c1O,hydrate,3,FEKTOH
[NH3]C(C)(P(O)(=O)[O])P(O)(=O)[O],Oc1cccc2ccc[nH]c12,hydrate,3,TIZTUT
Cc1ccccc1,O=C1OCc2ccc(nc2c2nc(ccc2COC(=O)c2ccc3ccccc3c2c2c1ccc1ccccc21)c1ccccc1)c1ccccc1,cocrystal,2,AQAFIH
CCCCCCCN1C(=O)NC(=O)c2c(N)[nH]c(N)nc12,O=C[O],solvate,3,HEYJAX
Nc1ncnc2N(C=Nc12)C1OC(CO)C(O)C1O,BrC1=CNC(=O)NC1=O,cocrystal,2,ADOSBU
OC(=O)C=CC(O)=O,NC1=CC=CC=C1C(O)=O,failed,0,
c1ccncc1,[NH3]C(Cc1ccc(I)cc1)C(=O)NC(Cc1ccc(I)cc1)C(=O)[O],hydrate,3,KUBYEO
NC(=O)C1=CC=CC=C1,COC1=CC=CC(=C1)C(N)=O,failed,0,
O=C1NS(=O)(=O)C2=CC=CC=C12,NC(N)=NC1=NC(=CS1)CSCCC(N)=NS(N)(=O)=O,failed,0,
CN(C)C(=[NH2])NC(N)=[NH2],OC(=O)C(=O)Nc1ccc(NC(=O)C(=O)[O])cc1,hydrate,3,XAJXAL
O=C1NC(=O)C(=C([O])N1)N(=O)=O,NC(N)=NC(N)=[NH]c1ccccc1,hydrate,3,PEYPUF
O=C([O])C1=Cc2ccccc2S1,[NH3]C(C(O)c1ccccc1)c1ccccc1,solvate,3,VEKZUI
Cc1cc(C)c(N2N=C(N=Nc3ccccc3)c3c(F)c(F)c(F)c(F)c23)c(C)c1,c1ccccc1,cocrystal,2,GEGFEG
Oc1cccc(O)c1,Cc1ccc(cc1)S(=O)(=O)NC(=O)NN1CC2CCCC2C1,cocrystal,2,WAQZUM
Fc1cc(F)cc(c1)C#CI,CN(C)c1ccncc1,cocrystal,2,NOGYOZ
[NH4],O=S(=O)([O])c1cccnc1,salt,1,MOBTIK
COC1=C(C=C(C=C1[N+](=O)[O-])[N+](=O)[O-])[N+](=O)[O-],OC1=C(C=C(C=C1[N+](=O)[O-])[N+](=O)[O-])[N+](=O)[O-],failed,0,
CC1(C)C2CCC1(C)C(=O)C2,C1=CC=C2C=CC=CC2=C1,failed,0,
S=C([S])[S],C[N](C)(C)C,hydrate,3,TMATCB
Clc1cccc(c1)N1CC[NH](CCCN2N=C3C=CC=CN3C2=O)CC1,Oc1c(ccc2ccccc12)C(=O)[O],hydrate,3,HILMOI
COC1=CC2=C(C=C1)N(C(=C2CC(O)=O)C)C(=O)C1=CC=C(Cl)C=C1,OC(=O)C1=CC=CC=C1,failed,0,
CC1=CC=CC(=O)N1,NS(=O)(=O)c1ccc(cc1)C(O)=O,cocrystal,2,FURXAT
OP(O)(=O)[O],NC1=[NH]c2ccc(OC(F)(F)F)cc2S1,salt,1,ZIYDOD
OC(=O)C1(CCC1)C(=O)[O],N1C=C[NH]=C1c1ccccc1,salt,1,VARHIG
CCCC1=NN(C)C2=C1N=C(NC2=O)c1cc(ccc1OCC)S(=O)(=O)N1CCN(C)CC1,Oc1cccc(O)c1,cocrystal,2,UMUXUY
NC(=[NH2])NN=CC=NNC(N)=[NH2],OC(=O)[O],hydrate,3,VIWPEZ
CC1(C)CC(=CC(C1)=C(C#N)C#N)C=Cc1ccc(cc1)N1CCCC1,CN(C)c1ccc(C=CC2=CC(CC(C)(C)C2)=C(C#N)C#N)cc1,cocrystal,2,YEPRIV
CC(c1ncncc1F)C(O)(CN1C=NC=N1)c1ccc(F)cc1F,Fc1c(F)c(I)c(F)c(F)c1I,cocrystal,2,QIGXUD
CC12CCC3C(CCC4=C3C=CC(=C4)O)C1CCC2O,OC1=CC2=CC=CC=C2C=C1,failed,0,
S1c2ccccc2c2ccccc12,O=C1C=CC(=O)C(=C1C#N)C#N,cocrystal,2,KUQWOL
Cc1ncc(C[N]2=CSC(=C2C)CCO)c(N)n1,CC1=C(C(=O)N([N]1)c1ccc(cc1)N(=O)=O)N(=O)=O,hydrate,3,THPROL
OC1=C([O])C(=O)C1=O,[NH3]Cc1[nH]cccc1,salt,1,TALVOU
OC(=O)c1cc(C(=O)[O])c(cc1C(=O)[O])C(O)=O,CN1CC(=O)[NH]=C1N,salt,1,DEYBUF
CCN1C=C(C(O)=O)C(=O)c2cc(F)c(nc12)N1CC[NH2]CC1,Oc1cccc(c1)C(=O)[O],hydrate,3,LENBOZ
O=N(=O)c1cc(c([O])c(c1)N(=O)=O)N(=O)=O,Clc1ccc(C[P](c2ccccc2)(c2ccccc2)c2ccccc2)c(Cl)c1,salt,1,YUHMIA
NC1=CC(=CC(=C1)N)C(O)=O,OC(=O)C1=CC=C(C=C1)C#N,failed,0,
OC(=O)CCCCCCC(O)=O,NC(=O)c1ccc(Br)cc1,cocrystal,2,HIQRUW
O=C1CCCN1,NC1=CC=CC(=C1)C(O)=O,failed,0,
OC(=O)c1ccccc1C(=O)[O],NC1=[NH]C(=O)N(C=C1)C1CSC(CO)O1,hydrate,3,RIBFIT
CCCC[n]1ccc(N)cc1,N#CC(C#N)=C1C=C[C](C=C1)=C(C#N)C#N,hydrate,3,OVULEX
O=C([O])CCNC(=O)Cc1ccc2ccccc2c1,[NH3]Cc1cccc2ccccc12,salt,1,WEZWOQ
CCCCCC(O)CC,CC(CCC(N)=O)C1CCC2C3C(O)CC4CC(O)CCC4(C)C3CC(O)C12C,cocrystal,2,QAYXOE
COC(=O)c1cc(O)c(O)c(O)c1,CN1C(=O)N(C)C2=C(NC=N2)C1=O,cocrystal,2,GAFTUE
O=[N+]([O-])C1=CC(=CC=C1)[N+](=O)[O-],COC1=C(O)C=CC(=C1)C=O,failed,0,
Fc1c(F)c(I)c(F)c(F)c1I,CN(C)c1cc2N(C)C3=NC(=O)NC(=O)C3=Nc2cc1C,cocrystal,2,ZEMJIO
OC(=O)CC(=CC(O)=O)C(O)=O,OC(=O)C1=CC=C(F)C=C1,failed,0,
C1=CC=C2C(=C1)C=CC1=CC=CC=C21,CC1=C(C=CC=C1[N+](=O)[O-])[N+](=O)[O-],failed,0,
OC(=O)c1ccc(cc1)N(=O)=O,C1N2CN3CN1CN(C2)C3,hydrate,3,IPEWAC
Cc1ccc2[nH]cccc2c1N,OC(=O)CC(O)=O,salt,1,MEXDAW
CC1=NC=C(CO)C(=C1O)CO,NC(=O)C1=CC=C(N)C=C1,failed,0,
Nc1ccccc1,COc1cccc(c1)C1(O)c2ccccc2Oc2ccccc12,cocrystal,2,HEBHUS
Clc1cccc(C=CC(=O)[O])c1,[NH3]Cc1ccccc1,salt,1,CEKHOQ
O=C1NC(=O)C2=CC=CC=C12,CC12CCC3C(CCC4=C3C=CC(=C4)O)C1CCC2O,failed,0,
C1=CC=C2C=CC=CC2=C1,CC1=CC2=C(C=C1)C=C(C)C=C2,failed,0,
CC[n]1ccc(cc1)c1cc[n](CC)cc1,OC(=O)c1cc(cc(c1)C(=O)[O])C(O)=O,hydrate,3,NOLNEK
NC(=[NH2])NN=CC(=NNC(N)=[NH2])c1ccccc1,O=S(=O)([O])[O],hydrate,3,TIZGOY
O=N(=O)C1=NN([O])C(=N1)C1=NC(=NN1[O])N(=O)=O,[NH4],hydrate,3,FIFXUP
[NH4],OCC(O)C1OC(O)(CC(O)C1O)C(=O)[O],hydrate,3,GAKGEE
Cc1ccnc(NS(=O)(=O)c2ccc(N)cc2)n1,C1COCCOCCOCCOCCOCCO1,solvate,3,HADNAB
OC(C(O)C(=O)[O])C(O)=O,N1C=[NH]C=C1,salt,1,ZELQUC
OC(C(=O)[O])c1ccccc1,C[NH](C)C(C)C(O)c1ccccc1,hydrate,3,VAVKAH
NC(=O)C1=CN=CC=C1,NC(=O)C1=CC=CC=C1N,failed,0,
O=N(=O)[O],C1CCCCCC(CCCCC1)OC[N]1=CN(Cc2ccccc2)C=C1,salt,1,GOMBEQ
OC(=O)C1=CC(=CC=C1)F,CCCCCCCC(O)=O,failed,0,
O=C1NC(=S)NC(=O)[CH]1,[NH4],salt,1,ERIYEK
NC(=[NH2])c1ccc(cc1)c1cccc2cc3cccc(c4ccc(cc4)C(N)=[NH2])c3cc12,O=C([O])Cc1cccc(CC(=O)[O])c1,solvate,3,VOBPEK
O=C([O])C=Cc1ccccc1,[NH3]CC[NH3],salt,1,ZECROO
CC1=C(C=C(C=C1[N+](=O)[O-])[N+](=O)[O-])[N+](=O)[O-],CC1=CC(=CC=C1)C,failed,0,
N1C2=CC=CC=C2C2=CC=CC=C12,C1=CC=C2C(=C1)C=CC1=C2C=CC2=CC=CC=C12,failed,0,
CC(C)(C)N1C=CN(C1=[NH]Cc1cccc(C[NH]=C2N(C=CN2C(C)(C)C)C(C)(C)C)n1)C(C)(C)C,FC(F)(F)S(=O)(=O)[O],solvate,3,FOSJEE
OC(=O)C1=CC=C(O)C=C1,OC(=O)C1=CC=C(Cl)C=C1,failed,0,
OC1=C(Cl)C(=O)C(=C(Cl)C1=O)O,CN1C=CC(=C2C=CN(C)C3=NSN=C23)C2=NSN=C12,cocrystal,2,NOQFUV
CC1=CC(=C(C=C1)[N+](=O)[O-])[N+](=O)[O-],C1CC2=CC=CC3=C2C1=CC=C3,failed,0,
NNC(NN)=[NH]N,N1=N[N]C(=N1)C1=NN=N[N]1,salt,1,SATTIS
NC(N)=[S]II,II,cocrystal,2,LOPQEM
NC(=O)c1ccncc1,OC(=O)C1CC1,cocrystal,2,ACOMOW
CC(=O)C1=CC(=CC=C1)O,CC(=O)NC1=CC=CC=C1,failed,0,
FC(F)(F)C(=O)[O],c1ccc2c(c1)[S](C1=CN=C3C=CC=NN13)c1ccccc21,hydrate,3,KUVQAW
CC1(C)C2CCC1(C)C(=O)C2,OC1=CC=CC(=C1)[N+](=O)[O-],failed,0,
NC(N)=[NH2],O=C([O])c1cc(cc(c1)C(=O)[O])C(=O)[O],hydrate,3,NEBPET
OC(=O)Cc1ccccc1Nc1c(Cl)cccc1Cl,Nc1ncnc2NC=Nc12,cocrystal,2,WERLAK
CN1C=CC(=O)C(=C1C)O,OC(=O)c1cc(O)ccc1O,cocrystal,2,EBONER
CCCCCCCC(O)=O,NC1=CC=CC(=C1)C(O)=O,failed,0,
FC(F)(F)CP(=O)[O],[NH3]C12CC3CC(CC(C3)C1)C2,salt,1,MOMYOG
N#CC(C#N)=C1C=CC(C=C1)=C(C#N)C#N,C1C2c3ccccc3C1c1cc3C4CC(c3cc21)c1cc2C3CC(c5cc6C7CC(c8ccccc78)c6cc35)c2cc41,solvate,3,GUQJIL
Fc1c(F)c(F)c2c(F)c(F)c(F)c(F)c2c1F,C1Cc2cccc3cccc1c23,cocrystal,2,XUNJAR
OC(=O)C=CC1=CNC=[NH]1,Oc1cccc(C(=O)[O])c1O,hydrate,3,WOBQUC
CC1=C([N+](=O)[O-])C(=C(C=C1[N+](=O)[O-])[N+](=O)[O-])C,CC1=C(C=C(C=C1[N+](=O)[O-])[N+](=O)[O-])[N+](=O)[O-],failed,0,
O=N(=O)[O],O=N(=O)c1ccccc1OCC[NH](CCOc1ccccc1N(=O)=O)CCOc1ccccc1N(=O)=O,hydrate,3,ONODIF
CC1=CC2=CC=CC(=C2C=C1)C,CC1=CC2=C(C=C1)C=C(C)C=C2,failed,0,
C1C[NH]2CC[NH]1CC2,[S]C#N,salt,1,ZITNEZ
O=C1NC(=O)C=C([O])N1,C[NH2]C,salt,1,QEPFOH
O=[N+]([O-])C1=CC(=CC=C1)[N+](=O)[O-],NC1=CC(=CC=C1)[N+](=O)[O-],failed,0,
Nc1[nH]ccnc1,Fc1c(F)c(c(F)c(F)c1I)C(=O)[O],salt,1,EPIVIJ
OC(=O)C1=C(O)C=CC(=C1)O,CC(=O)C1CCC2C3CC=C4CC(O)CCC4(C)C3CCC12C,failed,0,
c1ccc(cc1)N1c2ccccc2N=C1c1cccc(c1)N1c2ccccc2c2ccc(cc12)C(c1ccccc1)=C(c1ccccc1)c1ccccc1,O1C=CC=C1,cocrystal,2,FOXNAK
OC1=CC=CC=C1O,COC1=CC=C(O)C=C1,failed,0,
O=[Cl](=O)(=O)[O],CN(CC1=[NH]c2ccccc2N1)CC1=Nc2ccccc2N1,salt,1,KODPID
Oc1c(C[NH]2CCCCC2)cc(N=[NH]c2ccc(cc2)C#N)c2ccccc12,O=S(=O)([O])[O],solvate,3,YIPXEC
O=C1CCC(=O)N1[O],[NH3]Cc1ccc(Cl)cc1,salt,1,HXSUCB
OP(O)(=O)[O],C[NH]1CC[NH](C)CC1,salt,1,DOXJOP
CC(C(C)C(O)=O)C(O)=O,OC(=O)C1=CC=CC=C1,failed,0,
Cc1ccc(cc1)N1C(=CC2=C1C=C(N2c1ccc(C)cc1)c1c[nH]ccc1)c1c[nH]ccc1,Cc1ccc(cc1)S(=O)(=O)[O],solvate,3,GOKSAD
O=C([O])c1ccc(cc1)N(=O)=O,CC(C)C([NH2]C(C)c1ccccc1)c1ccccc1,salt,1,UHOBIC
C[N](C)=C(=[S])SCC(=O)[O],[NH2](C1CCCCC1)C1CCCCC1,hydrate,3,KUTFUA
NC(=O)C1=CC=CC=C1N,OC(=O)C1=CN=CC=C1,failed,0,
COc1cc(OC)nc(N)n1,COc1ccc(cc1)C(O)=O,cocrystal,2,NEBXID
c1ccccc1,Oc1cc(O)c2C3CC(Oc4ccccc34)(Oc2c1)c1ccc(Br)cc1,cocrystal,2,KAKYOO
Brc1ccc(cc1)C(c1ccc(Br)cc1)=C(c1ccc(Br)cc1)c1ccc(Br)cc1,c1ccccc1,cocrystal,2,LADBAW
[NH3]CCCC(C)C1CCC2C3C(O)CC4CC(O)CCC4(C)C3CC(O)C12C,CC(CCCNC(=O)[O])C1CCC2C3C(O)CC4CC(O)CCC4(C)C3CC(O)C12C,hydrate,3,UNIXIZ
O=C([O])c1ccc(C(=O)[O])c2c(ccc(C(=O)[O])c12)C(=O)[O],CN(C)c1cc[nH]cc1,hydrate,3,EZODIJ
[NH3]C(C(O)c1ccccc1)c1ccccc1,OC(C(=O)[O])c1ccccc1,solvate,3,LIQNUW
NC(=[NH2])NC(N)=O,OP(=O)[O],salt,1,CUYZEC
O=C1CCc2cc(OCCCCC3=NN=NN3C3CCCCC3)ccc2N1,OC(=O)c1ccc(O)cc1,cocrystal,2,OCIKIX
C1=CC=C2C(=C1)C=CC1=CC=CC=C21,O=[N+]([O-])C1=CC=C(C=C1)[N+](=O)[O-],failed,0,
C#Cc1ccccc1,CC(CCC(O)=O)C1CCC2C3C(O)CC4CC(O)CCC4(C)C3CC(O)C12C,cocrystal,2,GUNLEG
NC(N)=O,COC1=CC=C(C=C1)C(N)=O,failed,0,
[NH3]CCC[NH3],CCCCCCCCCCCCCCCC(=O)[O],hydrate,3,MITTOC
O=C1Oc2ccccc2c2c1ccc1ccccc21,Oc1ccccc1,cocrystal,2,WADBIM
NC1=NN=N[N]1,NNC(NN)=[NH]N,hydrate,3,DIWCOB
O=S(=O)([O])c1cccc2cc3cccc(c3cc12)S(=O)(=O)[O],[NH3]C(c1ccccc1)(c1ccccc1)c1ccccc1,solvate,3,PAFTAT
O1C2=CC=CC=C2C2=CC=CC=C12,C1C2=CC=CC=C2C2=CC=CC=C12,failed,0,
CCOc1ccccc1C(N)=O,OC(=O)c1ccc(O)c(O)c1,cocrystal,2,FENRIC
Cc1ccc2[n]3C=C(CBr)Oc3ccc2c1,Br[Br]Br,salt,1,RIHJEA
NC(=O)C1=NC=CN=C1,OC(=O)C=CC(O)=O,failed,0,
NC(N)=O,NC(=O)C1=CC=C(F)C=C1,failed,0,
O=N(=O)[O],[NH2]1CC[NH2]CC1,salt,1,METVAJ
OC(CC(O)=O)C(=O)[O],OC(C1CC2CC[NH]1CC2C=C)c1ccnc2ccccc12,hydrate,3,OFANIV
COc1cc(Cc2cnc(N)nc2N)cc(OC)c1OC,CC1(C)CC(=O)NC(=O)C1,cocrystal,2,TOSGUF
Cc1cccc(NC(=O)Nc2cccc(c2)C#N)c1,O=P(c1ccccc1)(c1ccccc1)c1ccccc1,cocrystal,2,VUWQOV
Cc1[nH]c2ccccc2cc1,O=S(=O)([O])c1cccc2c1cccc2S(=O)(=O)[O],hydrate,3,EFUZUC
O1C2=CC=CC=C2C2=CC=CC=C12,S1C2=CC=CC=C2C2=CC=CC=C12,failed,0,
OC(=O)C1=CC=CC=C1,CC1=C(C=C(C=C1)[N+](=O)[O-])[N+](=O)[O-],failed,0,
OC(=O)CCCCCCCC(O)=O,CC(C(C)C(O)=O)C(O)=O,failed,0,
CC(O)C(O)=O,CN1C(=O)N(C)C2=C(NC=N2)C1=O,failed,0,
CN1C(=C(O)C2=CC=CC=C2S1(=O)=O)C(=O)NC1=CC=CC=N1,OC(=O)C1=CC=C(C=C1)C(O)=O,failed,0,
COc1ccc2nccc(C(O)C3CC4CC[NH]3CC4C=C)c2c1,O=S1(=O)[N]C(=S)c2ccccc12,salt,1,YAJHAV
[O]N1=NN(Cc2ccccc2)c2ccccc12,ON1N=Nc2ccccc12,cocrystal,2,LEFKAK
NC(=O)C1=CC=C(N)C=C1,OC1=CC=C(O)C=C1,failed,0,
OC(=O)CC(O)(CC(O)=O)C(O)=O,CN1C(=C(O)C2=CC=CC=C2S1(=O)=O)C(=O)NC1=CC=CC=N1,failed,0,
CC(C)(C)C1=CNC(=N1)NC(=O)Nc1ccccc1,Cc1cc(C)c2ccc(NC(=O)C3CCCN3)nc2n1,cocrystal,2,EYUJEO
ClC1=C([O])C(=C(Cl)C(=O)C1=O)[O],CN(C)C(Nc1cc([NH]=C(N(C)C)N(C)C)c(NC(N(C)C)=[N](C)C)cc1[NH]=C(N(C)C)N(C)C)=[N](C)C,hydrate,3,TULSID
C1=CC=C2C=CC=CC2=C1,C1C2=CC=CC=C2C2=CC=CC=C12,failed,0,
N[n]1ccc(cc1)c1cc[n](N)cc1,O=S(=O)([O])c1ccc2c(cccc2S(=O)(=O)[O])c1,salt,1,SILSOZ
CCCCCCCCCCCCO,CC1=NC=CN1,failed,0,
Fc1ccc(cc1)C1CC2[NH2]CC1C(CC2)Oc1ccc2OCOc2c1,OC(C(O)C(=O)[O])C(=O)[O],hydrate,3,FIYSOW
O=C(NCc1ccccc1)c1c[n]([O])cc(c1)C(=O)NCc1ccccc1,O=C1NCc2ccc(OCCOCCOCCOc3ccc(CNC(=O)c4cncc1c4)cc3)cc2,hydrate,3,WURVOV
[NH3]CC[NH3],OC(=O)c1cc(cc(c1)C(=O)[O])C(=O)[O],salt,1,QIJJEB
O=C([O])c1ccc(cc1)C(=O)[O],CCC([NH2]CC[NH2]C(CC)CO)CO,salt,1,LARXIO
CC1=NC=C(CO)C(=C1O)CO,NC(=O)C1=CC(=CC=C1)N,failed,0,
NNC(=[NH2])NN,O=N(=O)C1=N[N]N=C1N(=O)=O,salt,1,OHOPOS
Nc1[nH]c(N)nc(NC2=C(N=NN2)C#N)n1,O=[Cl](=O)(=O)[O],hydrate,3,DOLQII
OC(=O)CC(NC(=O)c1ccccc1)C(=O)[O],COc1cc2N3C4C5C(CC3=O)OCC=C3C[NH]6CCC4(C6CC53)c2cc1OC,hydrate,3,VEDBUC
FC(F)(F)S(=O)(=O)[O],[H]1[N](C)(C)c2cccc3cccc(c23)N1(C)C,salt,1,CEJGUU
O=S(=O)([O])c1ccccc1,[NH3]c1ccc(cc1)c1cccc2cc3c(cccc3c3ccc([NH3])cc3)cc12,solvate,3,KIQHOJ
O=C(Nc1ccccn1)c1ccncc1,OC(=O)CCCCC(O)=O,cocrystal,2,KAYGEY
F[P](F)(F)(F)(F)F,FP12(F)c3ccccc3[P](c3ccccc3)(c3ccccc3)[C]1[P](c1ccccc1)(c1ccccc1)c1ccccc21,solvate,3,TIGRAG
NN1C(=N[N](=C1N)N)N,O=N(=O)C1=NN=N[N]1,salt,1,OWARIQ
CN(=O)=O,C1COCCOCCOCCOCCOCCO1,cocrystal,2,BIJWAS
OC(=O)C1=CC=C(C=C1)[N+](=O)[O-],OC(=O)CCSCCC(O)=O,failed,0,
C(C1=CC=CC=C1)C1=CC=CC=C1,C1=CC=C(C=C1)C(C1=CC=CC=C1)C1=CC=CC=C1,failed,0,
O=C(NCCCCCCC#N)C(=O)NCCCCCCC#N,IC#CC#CC#CI,cocrystal,2,RUFYUP
C1Cc2ccc3CC[n]4c5ccccc5c5ccccc5c4c3c2c2cccc[n]12,FC(F)(F)S(=O)(=O)[O],solvate,3,BUVXOH
Clc1ccc2c(c1)nccc2N1C=C(C[NH]2CCCCC2)N=N1,Oc1ccccc1C(=O)[O],hydrate,3,NITXAS
O=N(=O)c1ccc([O])cc1,C=CCOC(C1CC2CC[N]1(CC2C=C)Cc1c2ccccc2cc2ccccc12)c1ccnc2ccccc12,solvate,3,NEDDEF
[NH3]Cc1ccccc1N,O=N(=O)c1cc(c([O])c(c1)N(=O)=O)N(=O)=O,salt,1,EYISAI
OC1=CC=CC=C1,O=C(OC1=CC=CC=C1)OC1=CC=CC=C1,failed,0,
COP(=O)([O])C(NC(=O)c1ccc(F)cc1)c1ccc(F)cc1,[NH3]C(C)(C)C,hydrate,3,MOMSOY
COc1cc(Cc2cnc(N)nc2N)cc(OC)c1OC,CC1=CNC(=O)NC1=O,hydrate,3,TIBXUB
NC(=O)C1=CC=CC=C1,NC1=CC=CC(=C1)C(O)=O,failed,0,
O=[Cl](=O)(=O)[O],C[NH]1CCC23CCCCC2C1Cc1ccc(cc31)C(C)=O,salt,1,DIZPOR
O=[N+]([O-])C1=CC(=CC=C1)[N+](=O)[O-],OC1=C(C=C(C=C1[N+](=O)[O-])[N+](=O)[O-])[N+](=O)[O-],failed,0,
C[NH](C)CC#Cc1cccc(n1)c1cccc(n1)C#CC[NH](C)C,O=N(=O)[O],salt,1,YENXIY
N#CCCC#N,CC(C)(CO)CO,failed,0,
CC(C)C1NC(=O)C(Cc2ccc(CC3NC(=O)C(NC3=O)C(C)C)cc2)NC1=O,OC(C(F)(F)F)C(F)(F)F,cocrystal,2,MULREQ
CC(C1=C[NH]=CN1)c1cccc2ccccc12,OC(=O)C(OC(=O)c1ccccc1)C(OC(=O)c1ccccc1)C(=O)[O],salt,1,XIHPOT
OC(=O)C1=CC=CC=C1F,OC(=O)CC(=CC(O)=O)C(O)=O,failed,0,
OC(=O)C(O)=O,CC1=CC(=CC=C1)C(O)=O,failed,0,
O=C([O])CC1=CSc2ccccc12,[NH3]C(C(O)c1ccccc1)c1ccccc1,solvate,3,QOSXAZ
OC(=O)CC(O)(CC(O)=O)C(=O)[O],OC(=O)C1=CN(C2CC2)c2cc(N3CC[NH2]CC3)c(F)cc2C1=O,hydrate,3,ORUYIK
CCOc1ccccc1C(N)=O,OC(=O)c1cc(O)cc(O)c1,cocrystal,2,ODIDAJ
OC(=O)c1ccc(nc1)C(O)=O,C1COCCOCCNCCOCCOCCN1,hydrate,3,XEXFIP
NC(N)=O,OC(=O)C1=CC=C(F)C=C1,failed,0,
OC(=O)C(O)=O,CC(C)C1=C(C)N(C)N(C2=CC=CC=C2)C1=O,failed,0,
OC(=O)CC(=CC(O)=O)C(O)=O,NC(=O)C1=CC=C(O)C=C1,failed,0,
[NH3]C(CC(N)=O)C(O)=O,O=[Cl](=O)(=O)[O],salt,1,HUDJIA
OC(=O)c1cc(ccc1O)S(=O)(=O)[O],[NH2]1CCOCC1,hydrate,3,OMUXOK
CC1CNC(C)CN1,Oc1ccccc1,cocrystal,2,HIBFIH
O=N(=O)c1ccccc1,CN1C(Sc2ccccc12)=NN=C1Sc2cc3SC(=NN)N(C)c3cc2N1C,cocrystal,2,BABFIV
NC(=O)c1ccncc1,CC(C(O)=O)c1ccccc1,cocrystal,2,RONDAA
CC(=O)[O],FC(F)(F)Cc1ccc(CN2CC[NH2]CCCN(CC[NH2]CCC2)Cc2ccc(CC(F)(F)F)cc2)cc1,solvate,3,NABVEV
CCCc1c(CCC)c2N(C)c3ccccc3[n]2c2ncccc12,F[P](F)(F)(F)(F)F,salt,1,OPICUN
CC1=CC(=CC=C1)C(N)=O,CN1C=NC2=C1C(=O)N(C)C(=O)N2C,failed,0,
OC1=CC=C(C=C1)[N+](=O)[O-],NC(=O)C1=CC=CC=C1O,failed,0,
CC1=CC2=C(C=C1C)N(CC(O)C(O)C(O)CO)C1=NC(=O)NC(=O)C1=N2,NC(=O)C1=CC=CC=C1[N+](=O)[O-],failed,0,
[NH3]C1CCCCC1,COP(=O)([O])[O],hydrate,3,WEJKAA
COC(=O)c1cc(cc(c1)C(=O)OC)[n]1ccc(cc1)C=Cc1ccc(cc1)N(c1ccccc1)c1ccccc1,F[P](F)(F)(F)(F)F,solvate,3,LIDPEV
OC(=O)c1ccc(cc1)N(=O)=O,Ic1ccncc1,cocrystal,2,JAQNOF
O=C1NC(=O)C2=C(NC=[NH]2)N1,O=N(=O)[O],hydrate,3,YADJAQ
OC(=O)c1cc(c2ccccc2)c(C(O)=O)c(c1)c1ccccc1,c1cc(ccn1)c1ccncc1,cocrystal,2,PEGDAH
OC(=O)C(O)=O,NC(=O)C1=CC(=CC=C1)[N+](=O)[O-],failed,0,
CC[n]1cccc(C=Cc2ccc[n](CC)c2)c1,O=[Cl](=O)(=O)[O],salt,1,RAVMAD
O=N(=O)C1=N[N]C(=C1C1=C(C(=NN1)C1=C([N]N=C1N(=O)=O)N(=O)=O)N(=O)=O)N(=O)=O,NN1C=[NH]N=C1,hydrate,3,ESORAI
NC1=[NH]C(=O)NC=C1,OC(=O)CCC(N1C(=O)c2ccccc2C1=O)C(=O)[O],hydrate,3,CTSGLM
[NH2]=C1NC(=O)c2nc(Cl)cnc2N1,O=[Cl](=O)(=O)[O],hydrate,3,NOWJAN
Brc1cc2cc(c1)C(=O)NCc1ccc(CNC(=O)c3cc(Br)cc(c3)C(=O)NCc3ccc(CNC2=O)cc3)cc1,CCCCN(CC1=CC=CO1)C(=O)CCC(=O)N(CCCC)CC1=CC=CO1,solvate,3,UFUKIT
OC(=O)C1=CC=CC=C1,CC1=CC=CC=C1[N+](=O)[O-],failed,0,
O=C1C(=O)c2cccnc2c2ncccc12,OC(=O)COc1ccccc1C=O,cocrystal,2,TOMXEA
OC(=O)C1=CC(=CC=C1)[N+](=O)[O-],OC(=O)C=CC(O)=O,failed,0,
Oc1cc(C(c2ccccc2)c2ccccc2)c(O)cc1C(c1ccccc1)c1ccccc1,O=Cc1ccccc1,cocrystal,2,DAKCUO
c1cc2ccc3ccc4ccc5ccc6ccc1c1c2c3c4c5c61,CC1=CC(C(=CC1=C(C#N)C#N)C)=C(C#N)C#N,cocrystal,2,VOZNOP
NC1=CC=C(C=C1)C(O)=O,OC(=O)C=CC(O)=O,failed,0,
Cc1ccc(cc1)C(=O)[O],C[NH](C)C(C)C(O)c1ccccc1,salt,1,IVUSOI
OC(=O)c1cccnc1,Clc1ccc(C(CN2C=CN=C2)OCC2=C(Cl)SC=C2)c(Cl)c1,cocrystal,2,YOBTES
CS(=O)(=O)[O],NC1=NC2=NC(=[NH2])NC3=NC(=[NH2])N=C(N1)N23,hydrate,3,EMAVEU
N1[NH]=CC=C1,OP(=O)([O])c1ccccc1,salt,1,UZEPIZ
FC(F)(F)S(=O)(=O)[O],C[N]1=C(C)N(Cc2ccc(CN3C=C[N](=C3C)C)cc2)C=C1,salt,1,SABJUC
OC(=O)C(=O)[O],Fc1ccc(cc1)C(OCC[NH]1C2CCC1CC(C2)Cc1ccccc1)c1ccc(F)cc1,salt,1,MAGLIQ
O=S(=O)([O])c1cc(c2ccc3c4c(ccc1c24)c(cc3S(=O)(=O)[O])S(=O)(=O)[O])S(=O)(=O)[O],[NH3]CCCCCCCCCCC(=O)NNC(N)=[NH2],hydrate,3,EZOGOR
C[NH2]NC,O=N(=O)c1cc(c([O])c(c1)N(=O)=O)N(=O)=O,salt,1,TAPBET
c1ccccc1,COC(=O)c1ccc2C3c4ccccc4C(c4ccc(C)cc34)(c2c1)C12c3ccccc3C(c3ccc(cc13)C(=O)OC)c1cc(C)ccc21,cocrystal,2,CEDGEY
O=C1CCCN1,OC(=O)C1=CC(=CC=C1)F,failed,0,
OP(O)(=O)[O],COc1ccc2CC3[NH](C)CCC45C(Oc1c24)C(O)C=CC35,hydrate,3,QUBSEM
Fc1c(I)c(F)c(I)c(F)c1I,C1=CC=C2C(=C(C=C2c2ccncc2)c2ccncc2)C=C1,cocrystal,2,RIXPEX
O=P1(=O)[O]P(=O)(=O)[O]P(=O)(=O)[O]P(=O)(=O)[O]1,[NH3]CC[NH3],hydrate,3,VAFLAP
CC=CC=CC(=O)[O],[NH3]Cc1ccc(Cl)cc1,salt,1,ASOMIE
CC1=NC=C(CO)C(=C1O)CO,CC1=CC=C(C=C1)C(O)=O,failed,0,
O=N(=O)[O],[NH2](Cc1[nH]cccc1)Cc1[nH]cccc1,salt,1,PEJZAG
O=N(=O)C1=NNC2=C1NN=C2N(=O)=O,[O][n]1cc[n]([O])cc1,cocrystal,2,HERHAR
O=N(=O)[N]C1=C([N]N=C1N(=O)=O)N(=O)=O,NC(=[NH2])NC(N)=[NH2],hydrate,3,TATYAQ
Oc1ccc2ccccc2c1c1c(O)ccc2ccccc12,CC(C)N=C1OCOC1C1OCOC1=NC(C)C,cocrystal,2,YERBOM
NC(CCC(O)=O)C(O)=O,OC(=O)C1=CC=CC=C1O,failed,0,
OO,C[NH2]CC(=O)[O],cocrystal,2,VILFUU
CN(C)c1ccc(cc1)C1N(C(=O)CN(C1=O)c1ccc(Cl)cc1)c1ccccc1,Cc1ccccc1,cocrystal,2,TEJCIY
FC(F)(F)S(=O)(=O)[O],CC(C)N1C(=C(C)[N](=C1P(N=[N]=[N])C1=[N](C(C)C)C(=C(C)N1C(C)C)C)C(C)C)C,solvate,3,UPEMIM
CC(C)C1=C(C)N(C)N(C2=CC=CC=C2)C1=O,OC(=O)C=CC(O)=O,failed,0,
Oc1ccc(cc1)N(=O)=O,CSc1nc(NC(=O)c2ccccc2)c2NC=Nc2n1,cocrystal,2,MTBPNP
CC1=CC=C(N)C=C1,CC1=CC(=C(C=C1)[N+](=O)[O-])[N+](=O)[O-],failed,0,
[NH3]O,O=N(=O)[N]C1=NON=C1C1=NOC(=N1)C1=NC(=NO1)C1=NON=C1[N]N(=O)=O,salt,1,JIFWON
C1COC2COc3ccccc3OCC(COc3ccccc3OC2)OCCO1,Oc1cc2ccccc2cc1O,hydrate,3,CYPNPH
NC(N)=[NH]C(N)=S,O=C([O])CCC(=O)[O],salt,1,NUQRAU
Fc1c(F)c(I)c(F)c(I)c1F,O=C1NC=CC=C1,cocrystal,2,FAPKEQ
CN1C(=O)N(C)c2nncn([O])c2C1=O,CC1=Cc2ccccc2N1,cocrystal,2,WEZXUW
Cc1ccccc1OCC(=O)[O],OCC[NH](CCO)CCO,salt,1,BEVMIY
CCCN(CCC)c1ccc(C=Cc2cc[n](C)cc2)cc1,Cc1ccc(cc1)S(=O)(=O)[O],hydrate,3,IBOWEC
OS(=O)(=O)[O],c1ccc(cc1)P(=[N]=P(c1ccccc1)(c1ccccc1)c1ccccc1)(c1ccccc1)c1ccccc1,solvate,3,SUZYOB
CC1=C(C)C=C(C)C(=C1)C,C1=CC=C(C=C1)C(C1=CC=CC=C1)C1=CC=CC=C1,failed,0,
C1=CC=C2C(=C1)C=CC1=CC=CC=C21,OC(=O)C1=CC=CC=C1,failed,0,
O=N(=O)c1cc(cc(c1[O])N(=O)=O)c1cc(c([O])c(c1)N(=O)=O)N(=O)=O,CCCC[N](CCCC)(CCCC)CCCC,salt,1,WOQQUO
OCC(O)C1OC(=O)C(=C1O)O,CC1=CC=C(C=C1)C(N)=O,failed,0,
CN1CCN(C)C1=[NH]c1ccccc1N=C1N(C)CCN1C,OP(O)(=O)[O],salt,1,EMOKIB
[NH3]c1ccc(OCC[NH](CCOc2ccc([NH3])cc2)CCOc2ccc([NH3])cc2)cc1,O=N(=O)[O],hydrate,3,XOHKUC
FC(F)(F)S(=O)(=O)[O],CC1(C)[NH2]CC(c2ccccc2C1)=C(c1ccccc1)c1ccccc1,salt,1,QIGSIK
O=S(=O)([O])c1cccc(c1)P(c1ccccc1)c1ccccc1,CCCN1C=C[N](=C1)C,salt,1,APURAE
O=N(=O)C1=NNC2=C1NN=C2N(=O)=O,NN1C=NN=C1,cocrystal,2,ZUBNUH
OP(=O)([O])[O],Nc1[nH]c(N)nc(N)c1,hydrate,3,RUQWAC
CC[NH]1CCN(CC1)c1cc2N(C=C(C(O)=O)C(=O)c2cc1F)C1CC1,Oc1cccc(O)c1C(=O)[O],hydrate,3,LOGJUQ
NN1C(=NN=C1N=NC1=NN=C(N)N1N)N,NC1=[NH]N=C(N=NC2=N[NH]=C(N)N2[N]N(=O)=O)N1[N]N(=O)=O,hydrate,3,IDAXIY
Brc1ccc(cc1)S(=O)(=O)[N]S(=O)(=O)c1ccc(Br)cc1,Brc1c[nH]ccc1,salt,1,LABQIR
NC(CCC(O)=O)C(O)=O,NC(=O)C1=CC=C(F)C=C1,failed,0,
Nc1cc[nH]cc1,O=C([O])c1ccc(nc1)c1ccc(cn1)C(=O)[O],hydrate,3,EZODAB
Oc1cccc2ccc[nH]c12,OC(=O)c1cc(C(=O)[O])c(cc1C(=O)[O])C(O)=O,hydrate,3,MEPCIU
C1=CC=C2C=CC=CC2=C1,C(C1=CC=CC=C1)C1=CC=CC=C1,failed,0,
OC(=O)C1=CC=C(C=C1)[N+](=O)[O-],OC(=O)C1=CC=CC=C1O,failed,0,
O=N(=O)[O],NC(=S)NN=Cc1cc[nH]cc1,hydrate,3,HOTNIO
c1ccc2ccccc2c1,CC(=O)Nc1ccc(O)cc1,cocrystal,2,LUJSIT
CC1=NC=C(CO)C(=C1O)CO,COC1=CC=CC(=C1)C(O)=O,failed,0,
ClC1=NC(=CC=C1)Cl,IC1=CC=C(I)C=C1,failed,0,
OC(=O)CCCC(O)=O,c1cc(ccn1)C=NN=Cc1ccncc1,cocrystal,2,GULQEL
[NH3]CC[NH3],O=S([O])[O],salt,1,NEDHIQ
OC(=O)CCCCCCC(O)=O,CCCCCCCCCCCCCCCCCC(O)=O,failed,0,
[NH2]1CCN(CC1)c1ccccc1,Clc1cccc(c1)C(=O)[O],hydrate,3,HIQNOO
CC1=NC=C(CO)C(=C1O)CO,NC(=O)C1=CC=C(O)C=C1,failed,0,
COC1=CC=CC(=C1)C(N)=O,OC1=CC=C(O)C=C1,failed,0,
OC(=O)CCCCCC(O)=O,OC(=O)CCCCCCCCC(O)=O,failed,0,
Nc1[nH]c(N)nc(N)n1,NC(=O)c1cc[n](cc1)C(=CC(=O)[O])C(=O)[O],hydrate,3,TEKWIS
c1ccncc1,Oc1cc(O)c(Cl)cc1Cl,cocrystal,2,APEGEJ
[NH2]1CCOCC1,Oc1c(cc(c([O])c1N(=O)=O)N(=O)=O)N(=O)=O,salt,1,VACJAM
FC(F)(F)S(=O)(=O)[O],[NH]1=C2C=C3N(c4ccccc4)c4ccccc4N=C3C=C2N(c2ccccc2)c2ccccc12,solvate,3,TIKBIA
c1ccccc1,Cc1ccc(cc1)S(=O)(=O)NN=C1CCCC(C)(C)C2CCC(C)(O)C12,cocrystal,2,BIGNAJ
CN1C=NC2=C1C(=O)NC(=O)N2C,Nc1ccccc1C(O)=O,cocrystal,2,ZIZRUX
CCNCC,CCN(CC)C1(O)CCC1,cocrystal,2,QACVAT
C1=CC=C(C=C1)C1=CC=CC=C1,OC1=CC=CC=C1[N+](=O)[O-],failed,0,
C1=CN(C=N1)c1ccc(cc1)N1C=CN=C1,Fc1c(F)c(I)c(F)c(F)c1I,cocrystal,2,HUTYOM
Nc1ccccc1OCP12(CCl)Oc3ccccc3N1P1(CCl)(COc3ccccc3N)Oc3ccccc3N21,c1ccccc1,cocrystal,2,YISYAA
N[NH]=C1NN=CN1N,N1=N[N]N=N1,hydrate,3,NARNIH
[NH3]c1ccccc1N,OC(=O)c1cccc(n1)C(=O)[O],hydrate,3,AWUKOT
OC(=O)CCC(=O)[O],C[NH]1CCN(CC1)C1=Nc2ccccc2NC2=C1C=C(C)S2,solvate,3,PIJCUK
NC(=O)c1ccc(O)cc1,OC(=O)c1cccc(c1)C#N,cocrystal,2,LIDNUK
OC(=O)CCSCCC(O)=O,NC(=O)C1=CC(=CC=C1)F,failed,0,
Fc1ccc(cc1)[S]1CCC(=C1)I,FC(F)(F)S(=O)(=O)[O],salt,1,JIYJIO
CC12CCC3C(CCC4=C3C=CC(=C4)O)C1CCC2O,C1=CC=C2C=CC=CC2=C1,failed,0,
OC(=O)c1cc(cc(c1)C(O)=O)C(O)=O,NN1C(=NN=C1c1ccncc1)c1ccncc1,hydrate,3,NUHBAU
OP(O)(=O)[O],COc1ccc2CC3[NH](C)CCC45C(Oc1c24)C(O)C=CC35,hydrate,3,QITZOK
Cc1ccc(cc1)S(=O)(=O)[O],CC[NH]1CCN(CC1)c1cc(c2ccc(F)cc2)c2CCCCCCc2n1,salt,1,XOJNER
CC(=O)C1CCC2C3CCC4=CC(=O)CCC4(C)C3CCC12C,Oc1ccc2ccc(O)cc2c1,cocrystal,2,CUSZEW
FC(F)(F)S(=O)(=O)[O],C1CCCC2(CCC1)COC1=C3OCC4(CCCCCCC4)[N]3=CN21,salt,1,QAJYEG
Fc1c(F)c(I)c(F)c(F)c1I,OC(=O)c1ccc(cc1)N=Cc1ccccc1O,cocrystal,2,ZOTGUN
Cc1[nH]cc(C[n]2csc(CCO)c2C)c([O])[nH]1,CC1=NN(c2ccc(cc2)N(=O)=O)C(=C1N(=O)=O)[O],hydrate,3,QICRUP
C1=CC=C2C(=C1)C=CC1=C2C=CC2=CC=CC=C12,C1=CC=C2C=CC=CC2=C1,failed,0,
N#Cc1cc(C#N)c(cc1C#N)C#N,Cc1cc(cc(C)c1N)c1cc(C)c(N)c(C)c1,cocrystal,2,OJOCOI
O=[Cl](=O)(=O)[O],NN1C=NN=C1N1N=C(N)[NH]=C1N,salt,1,GEPVIK
NC(CCC(O)=O)C(O)=O,NC1=CC=C(C=C1)C(O)=O,failed,0,
Cc1ccc(cc1)S(=O)(=O)[O],C1CC[N]23CCCC(C2)C3C1,salt,1,MQNLZD10
Cc1ccc(cc1)S(=O)(=O)N1Cc2cc3CN(Cc4cc(C1)c1CCCc2cc3CCCc4c1)S(=O)(=O)c1ccc(C)cc1,Cc1ccccc1,cocrystal,2,TITMIS
OC(=O)c1ccc(cc1)C(F)(F)F,S1N=C2C(=CC=C(C3=Nc4c5ccccc5c5ccccc5c4N3c3ccccc3)C2=N1)c1ccncc1,cocrystal,2,ROSPOH
NC(N)=[NH2],O=N(=O)[N]N1N=NN=C1C1=NN=NN1[N]N(=O)=O,salt,1,REJMAX
CC(C)(C)c1cc[n](cc1)c1cc(O)c(O)cc1C(N1C=CC(=N1)C(C)(C)C)N1C=CC(=N1)C(C)(C)C,O=N(=O)[O],hydrate,3,WEQFEF
S=P12[N]P3(=S)S[P]([S])(S1)SP(=S)(S2)S3,CCC[N](CCC)(CCC)CCC,salt,1,FATSIC
CN1N=[N](C)N=C1N,[N]=[N]=[N],salt,1,YOVVIP
CC1=CC=C(C=C1)C1=CC(=NN1C1=CC=C(C=C1)S(N)(=O)=O)C(F)(F)F,OC(=O)CCCCC(O)=O,failed,0,
CC(C)=NNC(=O)c1ccncc1,OC(=O)c1cccc(O)c1,cocrystal,2,FADHUP
NC1=CC(=CC=C1)[N+](=O)[O-],O=[N+]([O-])C1=CC(=CC=C1)[N+](=O)[O-],failed,0,
Oc1cc(O)cc(c1)c1c2ccccc2cc2ccccc12,CC1=C(C)C(=O)C(=C(C)C1=O)C,cocrystal,2,REKKOH
O=N(=O)[O],O=C1N2CCCCCC2=[NH]c2ccccc12,salt,1,VAMDET
O=C(C1=CC=CC=C1)C(=O)C1=CC=CC=C1,OC(=O)C1=CC=CC=C1,failed,0,
OC(=O)C1=CC=CC=C1O,OC(=O)C1=CC=CC=C1Cl,failed,0,
N1=N[N]C(=N1)N=NC1=NN=N[N]1,NN1C(=[NH]N=C1C=CC1=N[NH]=C(N)N1N)N,hydrate,3,RAVPAI
O=[Cl](=O)(=O)[O],Clc1ccc(C[n]2ccc(cc2)c2cc(nc(c2)c2ccccn2)c2ccccn2)cc1,salt,1,FOQRAG
[NH3]C(C)c1ccccc1,COC(=O)CCC(CC(=O)[O])C=NC(C)c1ccccc1,hydrate,3,MOQZOL
CN(C)c1ccncc1,Fc1cc(F)cc(c1)C#CI,cocrystal,2,NOGYOZ
O=C1CC2OCC=C3C[NH]4CCC56C4CC3C2C5N1c1ccccc61,NC(=O)CC(NC(=O)c1cc(cc(c1)N(=O)=O)N(=O)=O)C(=O)[O],hydrate,3,RICYEJ
[NH3]Cc1ccccn1,O=C([O])c1ccc(cc1)C(=O)[O],salt,1,SOVYIM
CS(=O)(=O)[O],CCN1C=C(C(O)=O)C(=O)c2cc(F)c(cc12)N1CC[NH2]CC1,hydrate,3,OGADAF
OC(=O)CCCCCCCCCCC(O)=O,COc1cc2ncnc(Nc3cccc(c3)C#C)c2cc1OC,cocrystal,2,HELXOO
CC(C)OP(O)(=O)[O],[NH4],salt,1,NUNSAQ
C1=CC=C2C=CC=CC2=C1,ClC1=CC=C(C=C1)[N+](=O)[O-],failed,0,
O=S(=O)([O])[O],[NH3]c1cc2ccccc2cc1[NH3],salt,1,ZATMAK
OC(=O)c1cc(cc(c1)N(=O)=O)N(=O)=O,COc1cncc(c1)C#Cc1cc(C)nc(N)n1,cocrystal,2,PEQQEI
C(Cc1ccncc1)c1ccncc1,Oc1ccc(cc1)C1(c2ccc(O)cc2)c2ccccc2c2ccccc12,cocrystal,2,LAPKUJ
N#Cc1cc(C#N)c(cc1C#N)C#N,CC(C)(C)c1cc2ccc3cc(cc4ccc(c1)c2c34)C(C)(C)C,cocrystal,2,XISYUW
O=C([O])c1ccccc1,COc1cc2N3C4C5C(CC3=O)OCC=C3C[NH]6CCC4(C6CC53)c2cc1OC,hydrate,3,XEWWIG
NC1=NNC2=NC(=[NH2])N=C(N)N12,O=N(=O)C1=N[N]C(=C1N(=O)=O)N(=O)=O,hydrate,3,IFALOU
COc1cc(C=CC(=O)CC(=O)C=Cc2ccc(O)c(OC)c2)ccc1O,[O][n]1ccc(cc1)c1cc[n]([O])cc1,solvate,3,QUMDIN
C(C1=CC=CC=C1)C1=CC=CC=C1,C1=CC=C2C=CC=CC2=C1,failed,0,
COc1cccc(C=Nc2cccnc2)c1O,Fc1c(F)c(I)c(F)c(F)c1I,cocrystal,2,SEDFIT
c1ccc(cc1)[P](C=C[P](c1ccccc1)(c1ccccc1)c1ccccc1)(c1ccccc1)c1ccccc1,OC(=O)c1ccccc1S(=O)(=O)[O],hydrate,3,NOFBOD
c1cc(ccn1)C=Cc1ccncc1,OC(=O)c1ccc(O)cc1O,cocrystal,2,HUHDUK
Fc1c(I)c(F)c(I)c(F)c1I,C1CNCCN1,cocrystal,2,ODEGAJ
N1C2=CC=CC=C2C2=CC=CC=C12,C1=CC2=C3C(=C1)C=CC1=CC=CC(=C31)C=C2,failed,0,
Cc1ccccc1,c1ccc(cc1)C1(c2cccc(c2)C2(c3ccccc3)c3ccccc3c3ccccc23)c2ccccc2c2ccccc12,cocrystal,2,YUNNOL
Oc1cccc(O)c1,CC(=O)OC1CCC2(C)C3CCC4(C)C(CC=C4c4cccnc4)C3CC=C2C1,cocrystal,2,FAQLES
CC1CCNCC1,OS(=O)(=O)c1ccccc1C=Cc1ccc(cc1)c1ccc(cc1)C=Cc1ccccc1S(O)(=O)=O,hydrate,3,POWZAD
CC1=CC2=C(C=C1C)N(CC(O)C(O)C(O)CO)C1=NC(=O)NC(=O)C1=N2,NC(=O)C1=CC(=CC=C1)N,failed,0,
OC(=O)C1=CC=C(O)C=C1,OC(=O)C(O)=O,failed,0,
O=[Cl](=O)(=O)[O],CC(C)c1ccccc1N1C=[N](C(=C1C)C)c1ccccc1C(C)C,solvate,3,IYILEH
O=N(=O)c1cc(c(c(c1)N(=O)=O)S(=O)(=O)[O])N(=O)=O,CCOC(=O)C1C(=C)C2[NH](Cc3ccccc3)C1(C)C(C)(C)C(=C2C)C,salt,1,EWERAB
NC1=NC2=C([NH]=CN2)C(=O)N1,OP(O)(=O)[O],hydrate,3,RIFWUZ
c1ccccc1,OCC(NC(=O)CC(C1CC(N(C1)Cc1ccccc1)C(O)(c1ccccc1)c1ccccc1)C(F)(F)F)c1ccccc1,cocrystal,2,UMESIR
O=C1Nc2ccccc2NC1=O,OC(=O)c1cc(cc(c1)N(=O)=O)C(O)=O,hydrate,3,EVAFIR
CCCCc1c2CCc3cc4ccc[nH]c4nc3c2nc2c([O])c(cc(c12)N(=O)=O)N(=O)=O,CN1CC(=O)N=C1N,cocrystal,2,ZESFAE
CC(C)c1cccc(C(C)C)c1N1CCSC1C(=O)c1ccccc1,c1ccccc1,cocrystal,2,LOQCEC
OC(=O)c1ccc(cc1)N(=O)=O,Cc1cc(Cl)nc(N)n1,cocrystal,2,EXEYUC
O=S(=O)([O])Cc1cc(CS(=O)(=O)[O])c(CS(=O)(=O)[O])cc1CS(=O)(=O)[O],NC(N)=[NH2],salt,1,RUBQAI
CC1(C)N([O])C(=[N]([O])C1(C)C)c1ccncc1,OC(=O)C(Cl)(Cl)Cl,cocrystal,2,YOCSAL
OC(=O)C1=CC(=CC=C1)[N+](=O)[O-],OCC(O)C1OC(=O)C(=C1O)O,failed,0,
O=C([O])c1ccccc1,Nc1[nH]c(N)c(cc1)N=Nc1ccccc1,hydrate,3,KEBJOS
Cc1cc[n]([O])cc1,Oc1ccc(O)cc1,cocrystal,2,TIBZIO
Nc1ccc(cc1)N=Nc1ccc(cc1)S(=O)(=O)[O],[NH3]C(C)c1ccc(Cl)cc1,solvate,3,UZISED
O=S(=O)([O])c1ccccc1,[NH3]CCc1ccc(O)cc1,hydrate,3,MECZOL
Cc1cc(N)c(NC2=[NH]CCN2)cc1C,[N]=[N]=[N],salt,1,HUDYEK
OC(=O)C1=CC=C(Br)C=C1,OC(=O)C1=CC=CC=C1,failed,0,
N#Cc1cc(C#N)c(cc1C#N)C#N,c1ccc(cc1)c1ccccc1,cocrystal,2,BUHSIG
NC(=O)N1C2=CC=CC=C2C=CC2=CC=CC=C12,NC(=O)CO,failed,0,
CC(O)C(N)=O,NC(=O)N1C2=CC=CC=C2C=CC2=CC=CC=C12,failed,0,
Cc1ccc(Sc2ccccc2N2CC[NH2]CC2)c(C)c1,Oc1ccc(cc1)C(=O)[O],salt,1,EWAYEI
CN1N=NC2=C(N=CN2C1=O)C(N)=O,NC(=O)c1cccnc1,cocrystal,2,KIJSUT
OC(=O)CC(O)=O,CN1C(=O)N(C)C2=C(NC=N2)C1=O,cocrystal,2,XEJXAM
CCCC1=NN(C)C2=C1N=C(NC2=O)c1cc(ccc1OCC)S(=O)(=O)N1CC[NH](C)CC1,O=C1[N]S(=O)(=O)c2ccccc12,solvate,3,QEMLIE
c1cc(ccn1)c1ccncc1,Oc1ccc(cc1)S(=O)(=O)c1ccc(O)cc1,cocrystal,2,LIPWUC
O=C(C1=CC=CC=C1)C(=O)C1=CC=CC=C1,C1=CC=C(C=C1)C1=CC=CC=C1,failed,0,
F[N]12CCC(CC1)CC2,FC(F)(F)S(=O)(=O)[O],salt,1,LATZOV
CN1C(NC(=O)c2ccccc2)C=Cc2cccc(c12)N(=O)=O,c1ccccc1,cocrystal,2,POXLOG
C1=NC=CC(=C1)C1=CC=NC=C1,COC1=CC=CC(=C1)C(N)=O,failed,0,
F[P](F)(F)(F)(F)F,CN1CC[N]23CCN(C)P12(F)N(C)CC3,salt,1,RIPTUI
O=N(=O)c1ccc(cc1)S(=O)(=O)[O],CCN1C(=CC=Cc2ccc3ccccc3[n]2CC)C=Cc2ccccc12,salt,1,HATNUP
OC(=O)C1=CC(=CC=C1)O,O=C1CCCC(=O)N1,failed,0,
CC(C)c1cc(C(c2ccccc2)c2ccccc2)c(OP(O)(=O)[O])c(c1)C(c1ccccc1)c1ccccc1,CN1C=[NH]C=C1,solvate,3,HOTHAC
[NH3]NC(N)=NN(=O)=O,O=N(=O)[N]C1=NN=NN1C1=NNN=N1,hydrate,3,DEJDII
CC1=CC2=C(C=C1C)N(CC(O)C(O)C(O)CO)C1=NC(=O)NC(=O)C1=N2,CC1=CC(=CC=C1)C(N)=O,failed,0,
O=[Cl](=O)(=O)[O],[NH2]1CC[NH2]CCNCc2cc[nH]c(c2)c2cc(C[NH2]CCNCC1)ccn2,hydrate,3,UBOKEB
NC(=O)C1=CC=CC=C1O,CC1=NC=C(CO)C(=C1O)CO,failed,0,
OC(=O)CCCCCCC(O)=O,OC(=O)CCCCCCCC(O)=O,failed,0,
O=C([O])c1ccccc1,COc1ccccc1N1CC[NH](CC1)CC(O)COc1cccc2ccccc12,salt,1,WINRET
CN1N=NC(=N1)N=N[O],NNC(=[NH2])NN,salt,1,ONIKED
C(N1c2ccccc2N=C1c1ccccc1)c1ccccc1,Oc1ccc(cc1)C1(CCCCC1)c1ccc(O)cc1,cocrystal,2,EVEZOV
NC(N)=O,NC(=O)C1=CC=C(C=C1)[N+](=O)[O-],failed,0,
NC(=O)C1=CC=C(F)C=C1,CCCCCCCC(O)=O,failed,0,
CC1(C)CC(CC(C)(C)N1[O])NC(=O)CS(=O)(=O)[O],c1ccc(cc1)[P](c1ccccc1)(c1ccccc1)c1ccccc1,salt,1,ENENAM
COc1ccc2nccc(C(O)C3CC4CC[NH]3CC4C=C)c2c1,CCC(Cl)C(=O)[O],salt,1,VAZCUV
CN(C)c1cc[n](cc1)P(C)C,FC(F)(F)S(=O)(=O)[O],salt,1,DITBAK
Clc1ccc(OCC(=O)[O])c(Cl)c1,[NH3]CCC1=CNc2ccccc12,salt,1,WUFBOQ
C1[N]2=CC=CN2P(N2C=CC=[N]12)c1ccccc1,FC(F)(F)S(=O)(=O)[O],salt,1,FOBNOB
CN(c1ccc(cc1)C(O)=O)C(=O)N(C)c1ccc(cc1)C(O)=O,Nc1nc(N)nc(N)n1,hydrate,3,VAXHIN
OC(=O)CCSCCC(O)=O,OC(=O)C1=CC=CC=C1[N+](=O)[O-],failed,0,
[O]n1ccc(cc1)C(=O)[O],Nc1[nH]cccc1O,hydrate,3,HIGFUZ
CN1CCN(CC1)C1=Nc2ccccc2NC2=C1C=C(C)S2,Oc1ccccc1,cocrystal,2,WACDEN
OC(=O)C(OC(=O)c1ccccc1)C(OC(=O)c1ccccc1)C(=O)[O],[NH3]C(c1ccccc1)c1ccccc1O,hydrate,3,NABMEL
Clc1ccc2cc3OP(=O)([O])C=C(c4ccccc4)c3cc2c1,C[NH2]C,salt,1,PEKHAO
O=[Cl](=O)(=O)[O],O=S(=O)(N1C=CC=C1c1[nH]c2ccccc2cc1)c1ccccc1,solvate,3,ERIKEV
Ic1cc[nH]cc1,I[I]I,hydrate,3,ODIYOT
[nH]1cccc2ccc3ccc(N=Nc4ccccc4)nc3c12,O=[Cl](=O)(=O)[O],hydrate,3,FENGEN
NC(=O)c1ccc(O)cc1,[O]n1ccn([O])cc1,hydrate,3,VIGGIC
Cl,NC1CCCCC1Cl,cocrystal,2,YITLOF
O=[N+]([O-])C1=CC(=CC=C1)[N+](=O)[O-],OC1=CC2=CC=CC=C2C=C1,failed,0,
N#CC(C#N)=C1C=CC(C=C1)=C(C#N)C#N,N=C1N2C(=Nc3ccccc23)Sc2ccccc12,cocrystal,2,ZAYQEV
CCC1(CC)C(=O)NC(=O)NC1=O,Nc1nc(Nc2cccc(I)c2)nc(Nc2cccc(I)c2)n1,solvate,3,PIYGUZ
OC(=O)CCCC(O)=O,c1cc(ccn1)c1ccncc1,cocrystal,2,SOVDIQ
CC1CCC(=O)CC1,CC(CCC(N)=O)C1CCC2C3C(O)CC4CC(O)CCC4(C)C3CC(O)C12C,cocrystal,2,GOVQOX
CCCC(=O)c1c(O)cc(O)cc1O,c1cc(ccn1)C=Cc1ccncc1,cocrystal,2,FERYOR
OC(=O)CCCCCC(O)=O,C(Cc1ccncc1)c1ccncc1,cocrystal,2,TACDAE
c1ccc2nc3ccccc3nc2c1,BrC(Br)=C=C=C(Br)Br,cocrystal,2,FIHSOF
OC(=O)CCCCC(O)=O,CC1=NC(=NC(=C1)C)NS(=O)(=O)C1=CC=C(N)C=C1,failed,0,
[NH3]C(CC)CO,OC(C(O)C(=O)[O])C(O)=O,hydrate,3,LEHSAT
CC1=CC(=CC=C1)C(O)=O,OC(=O)C(O)=O,failed,0,
[NH3]CC[NH3],O=C([O])C[NH2]CC(=O)[O],salt,1,FOHTEE
Cc1cc(ccc1O)C1(c2ccc(O)c(C)c2)C(=O)c2ccccc2C1=O,Cc1cc(O)c(C)cc1O,cocrystal,2,NOYBOV
OC(=O)C1=CC=C(O)C=C1,CC1=CC=C(C=C1)C(O)=O,failed,0,
Cc1c(C)c(C)c(C)c(C)c1C,N#CC(C#N)=C1C=CC(C=C1)=C(C#N)C#N,cocrystal,2,CMHMBZ
Oc1cc(O)cc(O)c1,[NH3]CC1CCC(CC1)C(=O)[O],hydrate,3,GIDHIO
Fc1c(F)c(F)c(NC(=O)Nc2cc[nH]cc2)c(F)c1F,O=N(=O)[O],solvate,3,OVEBOH
OC(=O)C=CC1=CC=CS1,Nc1ccccc1N,cocrystal,2,CIWDAO
ClC1=CC(C(=CC1=C(C#N)C#N)Cl)=C(C#N)C#N,C1COC2=C(O1)SC(S2)=C1SC2=C(OCCO2)S1,cocrystal,2,ASAVUL
O=C1CCCCCCC1,Nc1ccc(cc1)S(=O)(=O)N=C1NC=CS1,cocrystal,2,KAWSEK
Clc1c(Cl)c(Cl)c([O])c(Cl)c1Cl,CN(C)c1cc[nH]cc1,hydrate,3,VIPCUS
COC1=CC2=C(C=C1)N(C(=C2CC(O)=O)C)C(=O)C1=CC=C(Cl)C=C1,OC(=O)C1=CC=C(O)C=C1,failed,0,
OC(=O)C1=CC=CC=C1,CC(CCCC(O)=O)CC(O)=O,failed,0,
OC(C1CC2CC[NH]1CC2C=C)c1ccnc2ccccc12,Oc1ccc(CC(=O)[O])cc1,hydrate,3,TUZDAV
Nc1ccc(cc1)S(=O)(=O)c1ccc(N)cc1,O=C1Nc2ccccc2S1,cocrystal,2,VOHKUA
OC(=O)CCC(O)=O,NC(=O)CN1CCCC1=O,failed,0,
CC1=CC(=[NH]N1)C,OP(=O)([O])c1ccccc1,salt,1,UZEPOF
CCOC(=O)Nc1ccc(NCc2ccc(F)cc2)cc1N,OC(=O)c1ccc(O)cc1O,cocrystal,2,YETKEQ
c1cc(ccn1)c1ccncc1,CC(=O)NS(=O)(=O)c1ccc(N)cc1,cocrystal,2,HOCCEJ
OP(O)(=O)C(c1ccccc1)P(O)(=O)[O],[nH]1ccccc1,salt,1,PUZVOW
Fc1c(I)c(F)c(I)c(F)c1I,Cc1cc(c(C)cc1c1ccncc1)c1ccc(cc1)c1cc(C)c(cc1C)c1ccncc1,cocrystal,2,UTUREJ
CC1=CC(=O)NC(=N1)N,Nc1ccc(cc1)C(O)=O,hydrate,3,LILFIY
O=[Cl](=O)(=O)[O],CCOc1ccccc1C(=[NH2])O,salt,1,ZIMCAB
O=N(=O)c1ccc(cc1)c1c2ccc(cc2:[IH]:c2cc(ccc12)N(=O)=O)N(=O)=O,[S]C#N,salt,1,BOFHUZ
Oc1cccc(c1)C(=O)[O],Nc1cc[nH]cc1,salt,1,MOYRAU
[NH2](CCCC[NH2]Cc1ccncc1)Cc1ccncc1,OC(=O)c1cc(C(=O)[O])c(cc1C(=O)[O])C(O)=O,hydrate,3,ITITOW
FC(F)(F)S(=O)(=O)[O],CCCCCCN1C([S]c2ccccc12)=CC1=C([O])C(=C1NCCO)C=C1[S]c2ccccc2N1CCCCCC,salt,1,QAPTOS
NC(=O)C1=CC=CC=C1[N+](=O)[O-],OC(=O)C=CC(O)=O,failed,0,
FC(F)(F)C(=O)[O],OC1(CCC(CC1)[NH]1CCN(CC1)CC1=CNC(=O)C=C1)c1ccccc1C(F)(F)F,solvate,3,NUQTUR
CC(=O)NC1=CC=C(O)C=C1,NC1=NC(=NC(=N1)N)N,failed,0,
O=C([O])c1ccc(cc1)C(=O)[O],C[NH](C)C(C)CN1c2ccccc2S(=O)(=O)c2ccccc12,hydrate,3,NIQPUZ
OC(=O)C=CC(O)=O,c1ccc2nccnc2c1,cocrystal,2,RUXQEG
COc1ccc(C[N](C)(C)Cc2ccc(OC)cc2)cc1,FC(F)(F)S(=O)(=O)[N]S(=O)(=O)C(F)(F)F,salt,1,MAKTEZ
Oc1ccc(Cl)cc1,CN(C)c1ccncc1,cocrystal,2,CIMMOD
CCC1=C(O)C(=O)C=CO1,NC(=O)N1C2=CC=CC=C2C=CC2=CC=CC=C12,failed,0,
O=[N+]([O-])C1=CC=C(C=C1)[N+](=O)[O-],OC1=CC=CC(=C1)C=O,failed,0,
O=[Cl](=O)(=O)[O],CC1SC2=[N](N=NN2c2ccccc2)C1c1ccccc1,salt,1,FADMON
OC(CC(O)=O)C(O)=O,NC(=O)C1=CC=CC=C1O,failed,0,
CCc1[nH]c(N)nc(N)c1c1ccc(Cl)cc1,O=C([O])c1cccnc1,hydrate,3,WAGFET
O=C([O])C1[NH2]CCC1,COc1ccc2N(C(=C(CC(O)=O)c2c1)C)C(=O)c1ccc(Cl)cc1,hydrate,3,UHEPOP
OO,[NH3]C(C(=O)[O])C(C)(C)C,hydrate,3,OJOCOH
OS(=O)(=O)[O],O=C1NC(=O)C2=C(NC=[NH]2)N1,hydrate,3,YADJEU
CS(=O)(=O)OCC1CC2CC[NH]1CC2C=C,CS(=O)(=O)[O],salt,1,WOMQOE
Cc1cccc(c1)N1C(=O)C2C(C1=O)C1(c3ccccc3)C(=O)C2(c2ccccc2)c2c3ccccc3c3ccccc3c12,Cc1ccc(C)cc1,cocrystal,2,LUBGUK
[O][n]1ccccc1SCc1ccc2ccccc2c1,Fc1c(F)c(I)c(F)c(F)c1I,cocrystal,2,KIDBAE
Fc1c(I)c(F)c(I)c(F)c1I,O=C(Nc1ccccn1)c1ccccc1,cocrystal,2,UXAQUI
OC(=O)CCCCC(O)=O,C1=CC=C2C=CC=CC2=C1,failed,0,
NC(N)=O,CC1=CC=C(C=C1)C(O)=O,failed,0,
c1ccc(cc1)[S]1c2ccccc2c2ccccc12,FC(F)(F)S(=O)(=O)[O],salt,1,JEHYII
C1=CC=C(C=C1)C(C1=CC=CC=C1)C1=CC=CC=C1,C1=CC=C2C(=C1)C=CC1=CC=CC=C21,failed,0,
OC(=O)C=CC(O)=O,c1ccc2nc3ccccc3nc2c1,cocrystal,2,WOPZUW
COC1=CC=C(C=C1)C(O)=O,OC(=O)C=CC(O)=O,failed,0,
S1C(=CC=C1C#Cc1ccncc1)C#Cc1ccncc1,Cc1cc(O)cc(O)c1,cocrystal,2,LEDBEC
Oc1ccccc1C(=O)[O],Cc1[nH]c(N)ccc1,salt,1,OLECIT
Nc1ccc2C(=O)N(CC[n]3ccccc3)C(=O)c3cccc1c23,F[P](F)(F)(F)(F)F,salt,1,DAVSUQ
CC1=CC=CC=C1[N+](=O)[O-],OC(=O)C1=CC=CC=C1,failed,0,
NC(=O)N1c2ccccc2C=Cc2ccccc12,CCc1nc(N)nc(N)c1c1ccc(Cl)cc1,solvate,3,KICWOK
NC(=O)C1=CC(=CC=C1)N,NC(=O)C1=CC=CC=C1,failed,0,
OC(C(O)C(=O)[O])C(O)=O,[NH3]C1CCCCC1C,salt,1,BIMBOP
NC(=O)C1=CN=CC=C1,OC(=O)C1=CC(=CC=C1)[N+](=O)[O-],failed,0,
OC(=O)c1ccc(cc1)C(O)=O,NNC(=O)c1ccncc1,cocrystal,2,ORAWIO
O=C([O])C12CC3CC(CC(C3)C1)C2,NC(=O)C1[NH2]CCC1,salt,1,NIJLEA
[NH3]c1ccc(cc1)N=Nc1ccccc1,O=C([O])C(=O)[O],salt,1,BOQXIO
O=C1CCCC2C3CCC[NH]4CCCC(CN12)C34,Oc1ccc(cc1O)C(=O)[O],hydrate,3,FOJHUL
Cc1ccc(c(O)c1)S(=O)(=O)[O],[OH3],hydrate,3,AYAJAM
NC(N)=O,Cc1cncc(C)n1,cocrystal,2,GIFFAF
O=C(C1=CC=CC=C1)C1=CC=CC=C1,OC1=C(C=C(C=C1[N+](=O)[O-])[N+](=O)[O-])[N+](=O)[O-],failed,0,
[NH3]NC(=O)N[NH3],O=N(=O)[N]C1=NON=C1C1=NON=C1[N]N(=O)=O,hydrate,3,CIWNON
O=N(=O)N(CC1=NN=N[N]1)CC1=NN=N[N]1,[NH4],hydrate,3,PAWDAV
C[n]1ccc(cc1)c1ccc(cc1)C(c1ccc(cc1)c1cc[n](C)cc1)=C(c1ccccc1)c1ccccc1,F[P](F)(F)(F)(F)F,salt,1,QALFUI
N#CC(C#N)=C1C=CC(C=C1)=C(C#N)C#N,C1Oc2cc3ccccc3cc2OCc2cc3COc4c(OCc3cc12)c1ccccc1c1ccccc41,cocrystal,2,XEBKIY
c1ccncc1,OC(c1ccccc1)(c1ccccc1)c1cccc(c1)N=Nc1cccc(c1)C(O)(c1ccccc1)c1ccccc1,cocrystal,2,LIGTAX
OC(=O)C1=NC=CN=C1,NC(=O)C1=CC=CC=N1,failed,0,
Nc1ncccn1,OC(=O)COc1c(Cl)cccc1Cl,cocrystal,2,RADFEI
BrC1=CC=C(Br)C=C1,CC1=NC(=C(C)N=C1C)C,failed,0,
COc1cc(OC)nc(N)n1,O=N(=O)c1ccc(cc1)N1CCNCC1,cocrystal,2,LUDMUU
Nc1[nH]cccn1,OC1=C([O])C(=O)C1=O,salt,1,RALDOX
Oc1c2Cc3cccc(Cc4cccc(Cc5cccc(Cc6cccc(Cc1ccc2)c6O)c5O)c4O)c3O,Cc1cccc(C)c1,cocrystal,2,LIRXAM
OC(=O)c1cc(C(=O)[O])c(cc1C(=O)[O])C(O)=O,N#Cc1ccccc1C=Cc1cc[nH]cc1,salt,1,TEXCIL
CCCCCCCCCCCCCCCC(O)=O,Nc1ncnc2N(N=C(c3ccc(Oc4ccccc4)cc3)c12)C1CCCN(C1)C(=O)C=C,cocrystal,2,SEWZUT
CCC1=C2NC(=C1C)C1=C(C)C(=C(N1)C=C1[NH]=C(C=C3NC(=CC4=[NH]C(=C2)C(=C4CC)C)C(=C3CC)CC)C(=C1C)CC)CC,FC(F)(F)C(=O)[O],salt,1,PAVRIN
CC1=C(C=C(C=C1[N+](=O)[O-])[N+](=O)[O-])[N+](=O)[O-],OC(=O)C1=CC=CC=C1O,failed,0,
FC(F)(F)S(=O)(=O)[O],CC(C)(C)NC1=C2COC34CCCC3(CC(=O)C=C4)[N]2=C2SC(=C(N12)c1ccccc1)c1ccccc1,salt,1,IQARIE
O=C([O])C1[NH2]CCC1,CCOc1ccc(Cc2cc(ccc2Cl)C2OC(CO)C(O)C(O)C2O)cc1,cocrystal,2,CIPVUU
N1N=CN=N1,N1C=CC=N1,failed,0,
[NH3]C(C)c1ccccc1,O=C([O])C(OC(=O)c1ccccc1)C(OC(=O)c1ccccc1)C(=O)[O],hydrate,3,ECEQEK
[NH3]C(CC(=O)[O])C(=O)[O],[NH3]C(C(O)c1ccccc1)c1ccccc1,hydrate,3,ZELBIE
[NH3]CCCCC,O=C([O])c1ccc(C=Cc2ccc(cc2)C(=O)[O])cc1,salt,1,QODQOT
CC1(C)C2CCC1(CS(=O)(=O)[O])C(=O)C2,C[N](C)(C)c1ccc(cc1)C1OC(C)(C)N=C1c1ccccc1,solvate,3,DERDIN
Oc1cccc(O)c1C(=O)[O],C[NH]1CCCC1c1cccnc1,salt,1,MAPYEL
OC(=O)c1cc(cc(c1)C(O)=O)C(O)=O,c1ccc2c(c1)ccc1ccc3ccc4ccc5ccccc5c4c3c21,cocrystal,2,ABUNAM
OC(CC(O)=O)C(O)=O,COC1=CC2=C(C=C1)N(C(=C2CC(O)=O)C)C(=O)C1=CC=C(Cl)C=C1,failed,0,
c1cc(ccn1)c1ccncc1,OC(=O)CC(O)(CC(O)=O)C(O)=O,cocrystal,2,EGUXAG
NC(=O)C(=O)[O],NNC(N)=[NH2],salt,1,UQADUN
CC1=CC2=C(C=C1C)N(CC(O)C(O)C(O)CO)C1=NC(=O)NC(=O)C1=N2,OC(=O)C1=CC=CC=C1F,failed,0,
ON1N=Nc2ccccc12,[O]N1=NN(Cc2ccccc2)c2ccccc12,cocrystal,2,LEFKAK
NN(N=NC1=NN=N[N]1)C(N)=[NH2],OP(O)(O)=O,cocrystal,2,CALMAH
Oc1cc(O)cc(O)c1,c1cc(ccn1)C=Cc1ccncc1,solvate,3,ROPHOV
Clc1c(Cl)c(Cl)c([O])c(Cl)c1Cl,Cc1[nH]c(C)cc(C)c1,salt,1,PARNAX
N#Cc1cc(C#N)c(cc1C#N)C#N,O1c2ccccc2c2c1ccc1ccccc21,cocrystal,2,FINHIX
CC1C[NH2]CCC1OC(=O)C(C)(C)C,O=C([O])C(OC(=O)c1ccccc1)C(OC(=O)c1ccccc1)C(=O)[O],salt,1,LOFSUX
O=P(c1ccccc1)(c1ccccc1)c1ccccc1,O=C(Nc1cccc(c1)C#N)Nc1cccc(c1)C#N,cocrystal,2,BULHOH
Clc1ccc(COC(CN2C=[NH]C=C2)c2ccc(Cl)cc2Cl)c(Cl)c1,OC(=O)C=CC(=O)[O],salt,1,EVATIH
Nc1c2ccccc2[nH]c2ccccc12,Fc1ccc(cc1)C(=O)[O],hydrate,3,LETSEK
Oc1ccc(C=Cc2cc(O)cc(O)c2)c(O)c1,O=C([O])C1[NH2]CCC1,hydrate,3,YUYDAA
CN1c2ccccc2C(C)(C)C1=C(N=Nc1ccccc1)C1=[N](C)c2ccccc2C1(C)C,O=[Cl](=O)(=O)[O],salt,1,EZUDAE
NC(N)=NC(N)=[NH2],O=C([O])C(=O)[O],hydrate,3,PUNQAR
CC(CCC(=O)[O])C1CCC2C3CCC4CC(O)CCC4(C)C3CC(O)C12C,[NH3]C,solvate,3,JAQYUV
[NH3]N,O=N(=O)[N]C1=NON=C1[N]N(=O)=O,hydrate,3,ZACSUU
OC(=O)C1=CC=CC=C1F,OC(=O)C1=CC=CC=C1O,failed,0,
NC(=S)c1ccccn1,c1cc(ccn1)c1ccncc1,cocrystal,2,KIPHEA
CC1=CC2=C(C=C1C)N(CC(O)C(O)C(O)CO)C1=NC(=O)NC(=O)C1=N2,COC1=CC=CC=C1C(O)=O,failed,0,
S=P1(NCC2[NH2]CCC2)Oc2ccccc2c2ccccc2O1,FC(F)(F)C(=O)[O],salt,1,IRAKUI
Oc1ccc(cc1)S(=O)(=O)[O],[NH3]C(CO)C(O)=O,salt,1,TIXGOW
[NH2]1CCCCC1,O=C([O])c1ccc(cc1)N(=O)=O,salt,1,NELTAZ
Cc1cc(C)nc(n1)c1nc(C)cc(C)n1,Fc1c(F)c(I)c(F)c(F)c1I,cocrystal,2,EXIFIB
FC(F)(F)C1=[NH]c2ccccc2N1,OS(=O)(=O)[O],salt,1,OCEHUB
OC(=O)c1ccccc1,CN1CCN(C)C1=Nc1ccccc1N=C1N(C)CCN1C,cocrystal,2,FEBCIZ
F[P](F)(F)(F)(F)F,CC(C)N(C)C=[N](C(C)C)C(C)C,salt,1,HUXTUR
Fc1c(F)c(F)c(F)c(F)c1F,Clc1ccc(cc1)C(=O)Nc1cccc(c1)C#C,cocrystal,2,FEYTAH
CC(C)C(NC(=O)OC(C)(C)C)C(O)C(O)C1CCCN1,Cc1ccccc1,hydrate,3,EYASUS
CCOP(=O)([O])C1CC(=O)N([O])C1=O,[NH2](C1CCCCC1)C1CCCCC1,solvate,3,VACYEE
[NH3]C(C(O)c1ccccc1)c1ccccc1,ClC1=C(Sc2ccccc12)C(=O)[O],solvate,3,LOFJEX
OC(=O)C1=CC=C(F)C=C1,OC(=O)C(O)=O,failed,0,
OC(CC(O)=O)C(O)=O,NC(=O)c1cccnc1,cocrystal,2,HUDYAJ
OC(=O)C1=CC(=CC=C1)[N+](=O)[O-],OC(=O)C1=CC=CC=C1O,failed,0,
CC(C)C1NCc2c3ccccc3c(CNC(C(C)C)C(=O)NCCNC1=O)c1ccccc21,CC(C)C1NCc2c3ccccc3c(CNC(C(C)C)C(=O)NC(C)CNC1=O)c1ccccc21,solvate,3,MAJTAU
[nH]1ccccc1c1ccc(cc1)c1[nH]cccc1,O=S(=O)([O])CCS(=O)(=O)[O],salt,1,HEMRIE
CN1C(=C(O)C2=CC=CC=C2S1(=O)=O)C(=O)NC1=CC=CC=N1,COC1=C(O)C=CC(=C1)C=O,failed,0,
OC(=O)CCCC(O)=O,CC1=NC(=NC(=C1)C)NS(=O)(=O)C1=CC=C(N)C=C1,failed,0,
Cc1ccc(cc1)C1=CC(=NN1c1ccc(cc1)S(N)(=O)=O)C(F)(F)F,NC(=O)N1c2ccccc2C=Cc2ccccc12,cocrystal,2,FOVDUT
Cc1ccc(cc1)N1c2ccccc2c2ccccc12,N#Cc1cc(C#N)c(cc1C#N)C#N,cocrystal,2,TUHQUL
CC(=O)Oc1ccccc1C(=O)[O],COc1ccc(cc1)C1Sc2ccccc2N(CC[NH](C)C)C(=O)C1OC(C)=O,hydrate,3,GAJKEK
[NH3]CCCCCCCCCCCCCCC,O=S(=O)([O])c1ccc2ccccc2c1,salt,1,PAQWAJ
C1=CC=C(C=C1)C(C1=CC=CC=C1)C1=CC=CC=C1,CC1=C(C)C=C(C)C(=C1)C,failed,0,
CCOP(O)=O,CCOP(=O)(OCC)C1NCCCNC(c2ccccc2OCCOCCOc2ccccc12)P(=O)(OCC)OCC,hydrate,3,XOWVEK
[NH3]C1CCCCC1[NH3],OC(C(O)C(=O)[O])C(=O)[O],hydrate,3,ZAVYAW
n1nc(N=Nc2nn[n]n2)n[n]1,CN1N=N[N](=C1N)C,hydrate,3,VOBVUE
OC(=O)C1=CC=CC=C1,CC1(C)C2CCC1(C)C(=O)C2,failed,0,
O=N(=O)C1=N[N]C(=C1C1=NN=NN1)N(=O)=O,NN1N=NNC1=[NH2],salt,1,VUSSAG
COc1cc(Cc2c[nH]c(N)nc2N)cc(OC)c1OC,O=C([O])c1nccnc1C(=O)[O],hydrate,3,GOXZAY
c1ccc(nc1)N1N=C2C=CC=CN2[P]21N1C=CC=CC1=NN2c1ccccn1,Cl[P](Cl)(Cl)(Cl)(Cl)Cl,solvate,3,NIPWIV
COc1ccc(C=CC)cc1,OC(C#CC#CC(O)(c1ccccc1)c1ccccc1)(c1ccccc1)c1ccccc1,cocrystal,2,XOMLOA
[NH2]1CCCCC1,OC(=O)c1cc(ccc1O)S(=O)(=O)[O],hydrate,3,WIZXIN
CCc1c(CN2[NH]=C(C)C=C2C)c(CC)c(CN2N=C(C)C=C2C)c(CC)c1CN1N=C(C)C=C1C,O=[Cl](=O)(=O)[O],hydrate,3,UFOHIG
FI(F)(=O)[O],[NH4],hydrate,3,JELFUF
O=N(=O)c1cc(c([O])c(c1)N(=O)=O)N(=O)=O,CC1=[NH]C=CN1,salt,1,QAKYOS
CCCC[n]1ccc(cc1)c1cc[n](CCCCCC[n]2ccc(cc2)c2cc[n](CCCC)cc2)cc1,O=S(=O)([O])c1cc(c2ccc3c4c(ccc1c24)c(cc3S(=O)(=O)[O])S(=O)(=O)[O])S(=O)(=O)[O],hydrate,3,FASVII
O=C1CCC(=O)N1,OC(=O)C1=CC(=CC=C1)O,failed,0,
NC(=O)C1=CC=CC=C1N,CC1=NC=C(CO)C(=C1O)CO,failed,0,
O=C([O])C1=NN(C=N1)C(N(=O)=O)(N(=O)=O)N(=O)=O,[NH3]O,salt,1,TAPYIW
[NH3]c1ccc(cc1)C(C)=O,O=[Cl](=O)(=O)[O],salt,1,HIRMOL
O=C([O])c1[nH]cccc1,OO,cocrystal,2,ANINES
N#CC(C#N)=C1C=CC(C=C1)=C(C#N)C#N,c1ccc(cc1)C#CC(C#Cc1ccccc1)=C1c2ccccc2c2ccccc12,cocrystal,2,YAMZOC
C1C2=CC=CC=C2C2=CC=CC=C12,O=C1C2=CC=CC=C2C2=CC=CC=C12,failed,0,
OC(=O)CCCCC(O)=O,CC(=O)NC1=CC=C(O)C=C1,failed,0,
[NH3]Cc1cccc2ccccc12,CCCC#CC#CC(=O)[O],salt,1,ATEQUL
CC(=O)Oc1ccccc1C(O)=O,Cc1cc(C)nc(NS(=O)(=O)c2ccc(N)cc2)n1,cocrystal,2,VUGMIT
OC(=O)C1=CC=CC=C1,OC(=O)CCCCCC(O)=O,failed,0,
FC(F)(F)C(F)(F)S(=O)(=O)[N]S(=O)(=O)C(F)(F)C(F)(F)F,C[N](C)(C)C,salt,1,XEFCES
Cc1cc(O)cc(O)c1,c1cncc(c1)C=NN=Cc1cccnc1,cocrystal,2,HEFLUD
N#CC(C#N)=C([C](C#N)C#N)[C](C#N)C#N,C1CN2CC[N]3=C4C2=C2N1CC[N]1=C2C2=C4N(CCN2CC1)CC3,salt,1,SEJKEX
COc1ccccc1N1CC[NH2]CC1,OC(C(O)C(=O)[O])C(O)=O,hydrate,3,XAGZIS
Brc1ccc(cc1)[N]#N,CC1(C)C2CCC1(CS(=O)(=O)[O])C(=O)C2,salt,1,TIGTOU
FC1=CNC(=O)NC1=O,c1ccc(nc1)c1ccccn1,cocrystal,2,QABZOL
OC(=O)C(=O)[O],CC(C)c1ccc(C)cc1OCC(O)C[NH2]C(C)(C)C,salt,1,MIFPIA
C1CN2CC[NH]1CC2,F[P](F)(F)(F)(F)F,hydrate,3,YUZDII
Nc1[nH]c(N)nc(N)n1,OC(=O)c1cc(cc(c1)C(=O)[O])C(O)=O,hydrate,3,MAQBEM
[NH2]1CCOCC1,OC(=O)c1cc(ccc1O)S(=O)(=O)[O],hydrate,3,OMUXOK
CC1(C)N(I)C(=O)N(I)C1=O,Cc1ccncc1,cocrystal,2,AKIXOJ
Cc1c[nH]ccc1C,OC(=O)c1cc2ccccc2c(Cc2c(O)c(cc3ccccc23)C(=O)[O])c1O,solvate,3,WEMHOO
CC1=CC2=C(C=C1C)N(CC(O)C(O)C(O)CO)C1=NC(=O)NC(=O)C1=N2,CC1=CC=C(C=C1)C(N)=O,failed,0,
COC1=CC=CC(=C1)C(O)=O,NC(CCC(O)=O)C(O)=O,failed,0,
NC1=CC=C(C=C1)S(=O)(=O)C1=CC=C(N)C=C1,CN1C(=O)N(C)C2=C(NC=N2)C1=O,failed,0,
Oc1ccc2ccccc2c1c1c(O)ccc2ccccc12,NC1CCCCC1N,cocrystal,2,DIFFOO
CC(C)N(C(C)C)P1C2=[N](C)C=CN2c2ccccc2N2C=C[N](=C12)C,FC(F)(F)S(=O)(=O)[O],solvate,3,CUKJUP
[NH3]Cc1cc[nH]cc1,OC1=C([O])C(=O)C1=O,hydrate,3,BUBWUR
Oc1cc(Br)c(Br)c(Br)c1Oc1ccc(Br)cc1Br,COc1c(Br)cc(Br)cc1Oc1c(O)cc(Br)cc1Br,cocrystal,2,TEDDIP
NC(=O)C1=CC=CC=C1[N+](=O)[O-],CC1=CC2=C(C=C1C)N(CC(O)C(O)C(O)CO)C1=NC(=O)NC(=O)C1=N2,failed,0,
O=C([O])c1ccccc1N(=O)=O,[NH3]c1ccc(cc1)c1ccc([NH3])cc1,hydrate,3,SIMHEC
OP(O)(=O)[O],[NH3]CCc1ccc(O)cc1,salt,1,FOYSUI
COc1cc(O)c(CC=C(C)C)c(O)c1C(=O)C=Cc1ccc(O)cc1,O=C1CCCC(=O)N1,cocrystal,2,CUDCEM
O=N(=O)c1cc(c([O])c(c1)N(=O)=O)N(=O)=O,OC(=O)c1cc[nH]cc1,hydrate,3,UBEHOA
CC(C)C1CCC(C)CC1O,CC(C)CCCC(C)C1CCC2C3CC=C4CC(O)CCC4(C)C3CCC12C,cocrystal,2,CEXWUB
OC(=O)COc1cccc(Cl)c1Cl,NC1=Nc2cc(Cl)ccc2O1,cocrystal,2,RADGAF
OC(=O)CCCC(O)=O,COc1cc(OC)cc(C=Cc2ccc(O)cc2)c1,cocrystal,2,OWAWAL
CC1=CC(=C(C=C1)[N+](=O)[O-])[N+](=O)[O-],C1=CC2=CC3=CC=CC=C3C=C2C=C1,failed,0,
OC(=O)C1=CC=CC=C1,OC(=O)CCl,failed,0,
Cc1ccc(cc1)C(=O)OC(C(OC(=O)c1ccc(C)cc1)C(=O)[O])C(=O)[O],C[NH2]C(C)c1ccccc1,salt,1,ELEKEO
[NH3]CCCCCCCCCC[NH3],O=C([O])C1=CC=C(O1)C(=O)[O],salt,1,ZOGTIC
NC(=O)C1=CC=C(O)C=C1,CC(=O)OC1=CC=CC=C1C(O)=O,failed,0,
Cc1nc(C)c(Cl)c(N)n1,OC(=O)c1ccccc1,cocrystal,2,SIHMEE
COc1ccc(cc1)C1=C[P](Cc2ccc3ccccc3c12)(c1ccccc1)c1ccccc1,FC(F)(F)S(=O)(=O)[O],salt,1,ZONJEV
Fc1c(F)c(F)c(C2=NSS[N]2)c(F)c1F,[N]1SSN=C1c1ccccc1,cocrystal,2,QUNQUM
Cc1[nH]c(N)ccc1,O=N(=O)[O],salt,1,ERAVIC
c1ccccc1,N#CC(C#N)C(c1ccc(cc1)C#N)C12CC3CC4C1CC1C5CC6CC1C2C(C6)(C3)C45,cocrystal,2,TOPWEE
O=C1NCC[NH2]CC[NH2]CCNC(=O)c2cccc(n2)C(=O)NCC[NH2]CC[NH2]CCNC(=O)c2cccc1n2,O=C([O])c1ccc(cc1)N(=O)=O,solvate,3,LODHES
CS(=O)(=O)[N]S(C)(=O)=O,Cc1[nH]c(N)nc(N)n1,salt,1,NAGLIR
OC(=O)CC12CC3CC(C1)CC(C3)(CC(O)=O)C2,c1cc(ccn1)C=Cc1ccncc1,cocrystal,2,TEFSON
c1ccc(nc1)c1ccccn1,Fc1c(F)c(I)c(F)c(F)c1I,cocrystal,2,ISIJEZ
O=C1C=CC=CC=C1[O],[NH2]1CCOCCOCC[NH2]CCOCCOCC1,salt,1,FUYSOH
Fc1c(F)c(C=Cc2c(F)c(F)c(I)c(F)c2F)c(F)c(F)c1I,C(Oc1ccncc1)C(COc1ccncc1)(COc1ccncc1)COc1ccncc1,cocrystal,2,QACBAZ
O=S(=O)([O])[O],C(CC1=[NH]c2ccccc2N1)C1=[NH]c2ccccc2N1,hydrate,3,UHAYOS
OC(=O)C1=CC=CC=C1O,OC(=O)C1=CC(=CC=C1)F,failed,0,
C[N]1=NN2N=C1CCOCCC1=NN(N=[N]1C)C(C)(C)CCC2(C)C,O=[Cl](=O)(=O)[O],solvate,3,VELPUZ
CC(Oc1ccc(cc1Cl)N(=O)=O)C(O)=O,CC(Oc1ccc(Cl)cc1Cl)C(O)=O,cocrystal,2,IBUJAQ
O=C([O])c1ccc(cc1)N(=O)=O,N1C=[NH]c2ccccc12,salt,1,SUZZIW
OC(CC(O)=O)C(O)=O,NC(=O)C1=NC=CN=C1,failed,0,
O=C1CCCN1,CC1=CC(=CC=C1)C(O)=O,failed,0,
FC(F)(F)S(=O)(=O)[O],CC(C)C1COC2=C3OCC(C(C)C)[N]3=C(N12)P(c1ccccc1)c1ccccc1,salt,1,CEHQEO
CC(C)(CC(O)=O)C(O)=O,OC(=O)CCCCCCCC(O)=O,failed,0,
NC1=CC=CC(=C1)C(O)=O,CC1=NC=C(CO)C(=C1O)CO,failed,0,
C1=CC2=C3C4=C1C=CC1=C4C4=C(C=C1)C=CC1=C4C3=C(C=C2)C=C1,CC12CCC3C(CCC4=C3C=CC(=C4)O)C1CCC2O,failed,0,
NC1=CC=CC=C1N,OC1=CC=CC=C1[N+](=O)[O-],failed,0,
[OH]=C(NC1c2c3OCCOCCOCCOCCOc4cccc(C(=O)c2ccc3)c14)C=C,O=[Cl](=O)(=O)[O],hydrate,3,VOPYEF
OC(=O)C1=C(Br)C=CS1,Cc1nc(C)c(Cl)c(N)n1,cocrystal,2,SIHLED
NC(=O)C1=CN=CC=C1,CC1CCC2C(C)C(=O)OC3OC4(C)CCC1C23OO4,failed,0,
NC=[NH2],O=N(=O)[C](N(=O)=O)N(=O)=O,salt,1,MILQEG
CC1=C(C=CC=C1[N+](=O)[O-])[N+](=O)[O-],C1C2=CC=CC=C2C2=CC=CC=C12,failed,0,
NC1=CC=C(C=C1)[N+](=O)[O-],O=[N+]([O-])C1=CC(=CC(=C1)[N+](=O)[O-])[N+](=O)[O-],failed,0,
[NH4],O=N(=O)[N]N1C=NN=C1,salt,1,ZIXNIG
O=C([O])[O],CC(C)(C)[NH2]CCO,salt,1,FEHQER
c1ccccc1,CC(Cl)C1(O)CC(C)C(C)(OC(C)=O)C(=O)OCC2=CCN(C)CCC(OC1=O)C2=O,cocrystal,2,CEJXUK
[nH]1ccccc1,OC(=O)c1cc(C(O)=O)c(cc1C(O)=O)C(=O)[O],salt,1,IYUPIB
FC1=C(F)C(C(=C(F)C1=C(C#N)C#N)F)=C(C#N)C#N,Clc1ccc(cc1)C1=NN(CN(=N1)c1ccccc1)c1ccccc1,cocrystal,2,SIBFEO
OC1=CC=C(C=C1)[N+](=O)[O-],OC(=O)C=CC1=CC=CC=C1,failed,0,
Oc1ccc(cc1S(=O)(=O)[O])c1ccc(O)c(c1)S(=O)(=O)[O],[NH3]C(c1ccccc1)(c1ccccc1)c1ccccc1,solvate,3,KOVLUE
[NH2]1CCOCC1,O=N(=O)c1ccc([O])c(c1)N(=O)=O,salt,1,NINSOS
COc1c(N2CC[NH2]C(C)C2)c(F)cc2C(=O)C(=CN(C3CC3)c12)C(O)=O,COc1cc(ccc1O)C(=O)[O],hydrate,3,HIPGUM
F[P](F)(F)(F)(F)F,C([n]1ccc(cc1)c1ccncc1)[n]1ccc(cc1)c1ccncc1,salt,1,VITTUO
Nc1ncnc2NC=Nc12,OC(=O)CCCCC(O)=O,solvate,3,LOLCUL
S1C=C[n]2c1nnc1c2ccc2ccccc12,O=[Cl](=O)(=O)[O],salt,1,UNAGIA
O=N(=O)N=C1[N]N=NN1[O],[NH3]N,hydrate,3,EKUJUR
Oc1ccc(cc1)C1Oc2ccc3cc2C1C(=O)N1CCCC[NH2]CCCNC3CC(=O)NCCC1,O=[Cl](=O)(=O)[O],solvate,3,FACRUW
OC(=O)c1cc(cc(c1)C(O)=O)N1C(=O)c2ccccc2C1=O,c1ccncc1,cocrystal,2,QUTMAU
CC(=O)NC1=CC=C(O)C=C1,NC(=O)C1=CC=NC=C1,failed,0,
NC(=O)N1C2=CC=CC=C2C=CC2=CC=CC=C12,CCC1=C(O)C(=O)C=CO1,failed,0,
NN=C(N)[C](N(=O)=O)N(=O)=O,NNC(N)=[NH2],salt,1,LERKAY
COc1cc(cc(OC)c1O)C(=O)[O],[NH3]c1ccc(Cc2ccc([NH3])cc2)cc1,hydrate,3,QOQJUD
Oc1ccc(I)cc1,CC(=O)C1CCC2C3CC=C4CC(O)CCC4(C)C3CCC12C,cocrystal,2,WOMGOV
c1ccncc1,CC1CC=CC2C(O)C(C)(O)C(C)C3C(Cc4ccccc4)NC(=O)C23C(OC(C)=O)C2OC2C(C)(O)C1=O,cocrystal,2,ROVQUR
OC(=O)c1cccc(c1)[n]1ccc(cc1)c1ccncc1,OC(=O)c1cc(C(=O)[O])c(cc1C(=O)[O])C(O)=O,salt,1,CONJAS
COc1ccc(C[N](C)(C)Cc2ccc(OC)cc2)cc1,F[P](F)(F)(F)(F)F,salt,1,BOPTAC
CN1C(=C(O)C2=CC=CC=C2S1(=O)=O)C(=O)NC1=CC=CC=N1,OC(=O)C1CCC(=O)N1,failed,0,
I[I]I,C[N]1c2ccccc2N(C)c2ccccc12,salt,1,HDMPZI
c1cc(ccn1)c1ccncc1,OC(=O)CCSCCC(O)=O,cocrystal,2,SOVHEQ
OC(=O)c1cccc(c1)C(O)=O,COc1cc(OC)c(cc1C(=O)Nc1ccncc1)C(=O)Nc1ccncc1,cocrystal,2,VAPPEL
OC(=O)CCSCCC(O)=O,OC(=O)C1=CC=C(C=C1)[N+](=O)[O-],failed,0,
O=C([O])c1ccccc1SSc1ccccc1C(=O)[O],[nH]1ccccc1,salt,1,WUBHOQ
O=C1C(=C(C(=O)C(=C1C(c1ccccc1)(c1ccccc1)c1ccccc1)[O])C(c1ccccc1)(c1ccccc1)c1ccccc1)[O],CC[NH](CC)CC,solvate,3,TEBFEO
C1=CC=C2C(=C1)C=CC1=CC=CC=C21,C1C2=CC=CC=C2C2=CC=CC=C12,failed,0,
Nc1ccc(cc1)c1cc(cc(c1)c1ccc(N)cc1)c1ccc(N)cc1,O=N(=O)c1cc(cc(c1)N(=O)=O)C#N,hydrate,3,OJOBAT
NC(=O)C1=CC(=CC=C1)[N+](=O)[O-],CCCCCCCC(O)=O,failed,0,
CN1C2=C(C3=CC=C(N3)C(=C3C=CC(=N3)C(=C3C=[N](C)C(=C3)C(=C1C=C2)c1ccccc1)c1ccccc1)c1ccccc1)c1ccccc1,FC(F)(F)S(=O)(=O)[O],hydrate,3,MUKRIT
OC(=O)C1=CC=C(C=C1)[N+](=O)[O-],OC(=O)C1=CC(=CC=C1)[N+](=O)[O-],failed,0,
CC(CCC(=O)[O])C1CCC2C3CCC4CC(O)CCC4(C)C3CCC12C,[NH3]C(C)c1ccccc1,salt,1,WOFSUJ
NC1=NC2=CC=CC=C2S1,NC(N)=O,failed,0,
FC(F)(F)C(=O)C=C([O])C1=CC=CS1,CCCC[NH](CCCC)CCCC,salt,1,ATOWOV
CCCCCC(O)=O,c1cnccn1,cocrystal,2,LUNZAV
Clc1ccc(cc1)S(=O)(=O)[O],C[n]1c(C=Cc2ccc(O)cc2)ccc2ccccc12,salt,1,IBOZIM
C1CNC2=[NH]CCCN2C1,O=C([O])c1cncc(c1)C(=O)[O],hydrate,3,KIJVIK
CC=CC=CC(O)=O,NC1=Nc2c(Oc3cc(ncn3)c3ccc(cc3)C(F)(F)F)cccc2S1,cocrystal,2,MOXTUP
Oc1cccc(O)c1O,c1ccc2ncccc2c1,cocrystal,2,HEDSAM
Nc1nc(N)nc(n1)c1ccccc1,NC(=O)N1c2ccccc2C=Cc2ccccc12,cocrystal,2,BIXBOC
CN1C(=C(C)[N](=C1C1=[N](CC[N]2=C(C3=[N](C)C(=C(C)N3C)C)C(C)(C)CC2(C)C)C(C)(C)CC1(C)C)C)C,FC(F)(F)S(=O)(=O)[O],salt,1,TEPYEW
OC(=O)CC(O)(CC(=O)[O])C(O)=O,[NH2]1CCOCC1,hydrate,3,IJELUE
O=S(=O)([O])[O],CC1[NH2]C(C)C[NH2]C1,hydrate,3,DEYVAH
[NH3]C(Cc1ccccc1)C(=O)[O],CC(C)Cc1ccc(cc1)C(C)C(O)=O,cocrystal,2,BOSFEY
NC(=O)c1cccnc1,FC1=CNC(=O)NC1=O,hydrate,3,KUTGIS
NN1C(=[NH]N=C1C1=NNC(=[NH]1)N)N,O=N(=O)[O],hydrate,3,TAKMEB
Cc1ccccc1NC(=O)Nc1ccc(cc1)N(=O)=O,N1C=Nc2ncccc12,cocrystal,2,UDEJUK
C(c1ccccc1)[P](c1ccccc1)(c1ccccc1)c1ccccc1,Cc1ccc(Nc2ccc3cc(ccc3c2)S(=O)(=O)[O])cc1,solvate,3,NUZDOD
O=P1([O])OP(=O)([O])OP(=O)([O])OP(=O)([O])O1,[NH3]C1CC1,hydrate,3,BOQJOG
CN(C)c1ccc(cc1)C(C=C(C#N)C#N)=C1C=CC(C=C1)=C(C#N)C#N,c1ccccc1,cocrystal,2,GUGQUX
Clc1cccc(c1)C(=O)[O],COc1cc(C)[nH]c(N)n1,salt,1,VAQSAI
C1CC2CNCC1N2Cc1ccccc1,Oc1ccc(cc1)c1ccc(O)cc1,cocrystal,2,UZARIZ
COC(=O)c1cc2OCc3cc4COc5c(OCc4cc3COc2cc1C(=O)OC)c1ccccc1c1ccccc51,N#Cc1cc(C#N)c(cc1C#N)C#N,cocrystal,2,BEVHER
CCOC(=O)c1cc(CNc2cc(cc(c2)C(=O)OCC)C(=O)OCC)cc(c1)C(=O)OCC,C1CCCCOCCOCCOCCOCCOCCOCCC1,cocrystal,2,RAVYAQ
NC(=[NH2])c1ccc(cc1)C(N)=[NH2],O=C([O])c1cccc(c1)C(=O)[O],hydrate,3,ZEFSUB
OC(=O)C1=CC=CC=C1O,OC(=O)C1=CC=CC=C1F,failed,0,
COc1ccc2CN3C=C[N](=C3)Cc3ccc(OC)c(Oc4nc(Oc1c2)ccc4N(=O)=O)c3,F[P](F)(F)(F)(F)F,solvate,3,LIMHUO
[O]C(=O)[C][C]C(=O)C([O])=O,NC(=O)C1=NC=CN=C1,failed,0,
CCOP([O])(=S)OCC,C[NH2]C(C)C(O)c1ccccc1,salt,1,VEZWOM
O=C([O])CCCCCCCCC(=O)[O],Nc1cc[nH]cc1,salt,1,HIMDEO
OC1=CC2=CC=CC=C2C=C1,ClC1=C(Cl)C=C(Cl)C(=C1)Cl,failed,0,
C1=CC=C2C=CC=CC2=C1,CC(C)C1=C(O)C=C(C)C=C1,failed,0,
CC1=[NH]N(C(=C1)C)c1ccc(cn1)N(=O)=O,FC(F)(F)S(=O)(=O)[O],salt,1,PORNIV
CC(O)(CS(=O)(=O)c1ccc(F)cc1)C(=O)Nc1ccc(C#N)c(c1)C(F)(F)F,c1cc(ccn1)c1ccncc1,cocrystal,2,KIHZOR
C1CCC2OCCOCCOC3CCCCC3OCCOCCOC2C1,NS(O)(=O)=O,solvate,3,VEKKOL
OC(=O)c1ccc(C(O)=O)c(c1)C(O)=O,CN1C=NC2=C1C(=O)N(C)C(=O)N2C,cocrystal,2,UNITAN
NC1=NOC(=N1)[N]N(=O)=O,[NH3]N,salt,1,IJARAO
OC(=O)c1ccc(Br)c2ccccc12,c1cc(ccn1)c1ccncc1,cocrystal,2,OFOKIE
Oc1cc(O)cc(O)c1,CCN(CC)CC(=O)Nc1c(C)cccc1C,hydrate,3,TURNOM
OC(=O)CC(=CC(O)=O)C(O)=O,NC(=O)C1=CC=CC=C1[N+](=O)[O-],failed,0,
C1=CC=C(C=C1)C1=CC=CC=C1,N1C=CC2=CC=CC=C12,failed,0,
FC(F)(F)C(=O)[O],[Cl]1c2ccccc2c2ccccc12,hydrate,3,EGOFAL
c1cc(ccn1)C=Cc1ccncc1,OC(=O)CC(CC(O)=O)C(O)=O,cocrystal,2,JADGIF
Cc1cccc2SC(=[NH]c12)N,OC(=O)C1CCCCC1C(=O)[O],salt,1,UKIVAO
C(CCCCCN1C=NC=N1)CCCCN1C=NC=N1,OC(=O)c1cc(cc(c1)C(O)=O)C(O)=O,hydrate,3,WACLUJ
[NH3]O,O=C([O])C1=NN(C=N1)C(N(=O)=O)(N(=O)=O)N(=O)=O,salt,1,TAPYIW
COC1=CC=C(C=C1)C(N)=O,CC1=CC2=C(C=C1C)N(CC(O)C(O)C(O)CO)C1=NC(=O)NC(=O)C1=N2,failed,0,
[H](Cl)[Cl],Cl[C]([P](c1ccccc1)(c1ccccc1)c1ccccc1)[P](c1ccccc1)(c1ccccc1)c1ccccc1,salt,1,LITHIF
O=S(=O)([O])c1ccc2ccccc2c1,CN(C)c1ccc(cc1)C#Cc1ccc2c[n](C)ccc2c1,salt,1,SOCSUB
COC1=C(O)C=CC(=C1)C=CC(O)=O,CN1C(=C(O)C2=CC=CC=C2S1(=O)=O)C(=O)NC1=CC=CC=N1,failed,0,
c1cc(ccn1)c1ccncc1,CCCCC(O)=O,cocrystal,2,ZAQROC
Cc1[nH]c(NS(=O)(=O)c2c(C)cc(C)cc2C)ccc1,I[I]I,salt,1,SOCVIR
O=C1CCCC1,Cc1ccnc(NS(=O)(=O)c2ccc(N)cc2)n1,cocrystal,2,FALTAP
OC(=O)C1=CC=CC=C1,OC(=O)C1=CC=C(O)C=C1,failed,0,
O=S1(=O)CCCC1,O=S(=O)(c1ccccc1)c1cc(c(cc1S(=O)(=O)c1ccccc1)S(=O)(=O)c1ccccc1)S(=O)(=O)c1ccccc1,cocrystal,2,ZEKQAJ
O=N(=O)C1=CNN=C1N1N=NC(=N1)C1=NN=N[N]1,[NH4],salt,1,POPMUG
OC(=O)c1cc(ccc1O)S(=O)(=O)[O],N1N=C(C2=[NH]c3ccccc3N2)c2ccccc12,salt,1,VOTGAQ
IC1=CSC(S1)=C1SC=CS1,O=N(=O)c1ccc(cc1)N(=O)=O,cocrystal,2,GUWDEH
CCCC[N](C)(CCCC)CCCC,CC(C)(C)c1cc2Cc3cc(cc(Cc4cc(cc(Cc5cc(cc(Cc(c1)c2O)c5O)C(C)(C)C)c4[O])C(C)(C)C)c3O)C(C)(C)C,solvate,3,AGEYOD
C1=NC=CN=C1,CC(=O)NC1=CC=C(O)C=C1,failed,0,
O=[Cl](=O)(=O)[O],[O]C1=C([C](c2c[nH]ccc2)=C2N3C=CC=CC3=[NH]C2=[O])N2C=CC=CC2=[NH]1,hydrate,3,AHORIA
Oc1ccccc1C(=O)C1=C(N2C(=C(Cl)C(=C2C(=O)c2ccccc2O)Br)Cl)C(=C(Cl)N1)Cl,Cc1ccccc1,cocrystal,2,XENMUA
OC(C(=O)[O])c1ccccc1,[NH3]C(C)c1ccccc1,salt,1,PIVGEG
COC1=CC=C(C=C1)C(O)=O,OC(=O)CC(=CC(O)=O)C(O)=O,failed,0,
OC(=O)c1ccc(cc1)C(O)=O,Cc1cc(C)nc(N)n1,cocrystal,2,NIQNIL
O=N(=O)c1cc(cc(c1)N(=O)=O)C#N,CN1c2ccccc2c2ccccc12,cocrystal,2,KIZVAQ
O1C2=CC=CC=C2C2=CC=CC=C12,C1=CC=C(C=C1)C1=CC=CC=C1,failed,0,
OC(C1OC(OC1C(O)(c1ccccc1)c1ccccc1)(c1ccccc1)c1ccccc1)(c1ccccc1)c1ccccc1,C1CCNCC1,cocrystal,2,POPJOT
NC(=O)c1ccncc1,Oc1cccc(O)c1,cocrystal,2,VAKTUX
CC(=O)NC1=CC=CC=C1,NC(=O)C1=CN=CC=C1,failed,0,
Cc1cccc2cccnc12,Oc1ccc2ccccc2c1c1c(O)ccc2ccccc12,cocrystal,2,IWASEE
O=N(=O)c1cc(cc(c1)N(=O)=O)N(=O)=O,N1c2ccccc2Sc2ccccc12,cocrystal,2,PHNSNB10
[NH3]CCC,O=P([O])(c1ccccc1)c1ccccc1,salt,1,YORKOI
[NH4],O=C1NC(=O)C=C(N1)C(=O)[O],hydrate,3,AMOROT
[NH3]C1=[NH]C(=O)N(C=C1)C1CSC(CO)O1,O=C([O])C(=O)[O],hydrate,3,VISVOK
OC(=O)C1=CC(=O)C=C(O1)C(O)=O,CC1=CC(=O)C=C(C)O1,hydrate,3,OWOMAR
C[n]1ccc(NC(=O)Nc2ccncc2)cc1,FC(F)(F)S(=O)(=O)[O],solvate,3,OXULUP
OC(=O)c1cccc(O)c1,CC(CC(C)(C)O)=NNC(=O)c1ccncc1,cocrystal,2,DEYPOQ
COc1cc(C=CC(O)=O)ccc1O,NC(=O)c1ccncc1,cocrystal,2,KUGKUV
OC1=C(C=C(C=C1)[N+](=O)[O-])[N+](=O)[O-],C1=CC2=CC3=CC=CC=C3C=C2C=C1,failed,0,
O=N(=O)c1cccc(c1)S(=O)(=O)[O],NC(=[NH2])SCc1ccccc1,salt,1,YOCRUE
CC1=CC2=C(C=C1C)N(CC(O)C(O)C(O)CO)C1=NC(=O)NC(=O)C1=N2,NC1=CC=C(C=C1)C(O)=O,failed,0,
C[NH2]C(C)C(O)c1ccccc1,OP(=O)([O])[O],hydrate,3,EPHEDP
c1cc(ccn1)C=Cc1ccncc1,Oc1ccc(cc1)C1CC(=O)c2c(O)cc(O)cc2O1,cocrystal,2,OQEDOG
[NH3]C1C(O)Cc2ccccc12,COc1ccc2cc(ccc2c1)C(C)C(=O)[O],salt,1,EHAGED
c1cc(ccn1)C=Cc1ccncc1,OC(=O)c1cccc(F)c1,cocrystal,2,BOVVEP
COC1=CC2=C(C=C1)N(C(=C2CC(O)=O)C)C(=O)C1=CC=C(Cl)C=C1,OC(=O)CC(O)=O,failed,0,
[NH3]C(C)C,CC(CCC(=O)[O])C1CCC2C3CCC4CC(O)CCC4(C)C3CCC12C,hydrate,3,KARXUA
O=C1N(SSN2C(=O)c3ccccc3C2=O)C(=O)c2ccccc12,CN(=O)=O,cocrystal,2,OFEVAW
Nc1[nH]cccn1,OS(=O)(=O)[O],salt,1,UPASUA
Clc1cccc(Cl)c1Nc1ccccc1CC(=O)[O],[NH3]C(CO)(CO)CO,salt,1,TUDPIR
OS(=O)(=O)[O],Cc1cc(cc(C)c1Oc1nc(Nc2ccc(cc2)C#N)[nH]c(N)c1Br)C#N,solvate,3,LIKVUY
Cc1cc(C)[n]2C(CI)COc2c1,I[I]I,salt,1,SUCKUZ
BrC=C1CSC2=[N](c3ccccc3)C(=NN12)c1ccccc1,Br[Br]Br,salt,1,JENGIV
NC1=CC2=CC=CC=C2C=C1,CC1=C(C=CC=C1[N+](=O)[O-])[N+](=O)[O-],failed,0,
[NH3]CCc1cnc2N(N=C(C)c2c1c1ccc(Cl)cc1)c1ccc(C)cc1,FC(F)(F)C(=O)[O],solvate,3,VIPCUW
[NH2]1CCC(CC1)CCCC1CC[NH2]CC1,O=C([O])c1ccc(cc1)C(=O)[O],salt,1,FUHDUI
O=[Cl](=O)(=O)[O],Oc1cccc2ccc[nH]c12,salt,1,LEKLEW
[O]N1N=NN=C1C1=NNC(=N1)N=[N]=[N],[NH4],hydrate,3,TILSIS
Cc1c[nH]ccc1,ClC1=C([O])C(=O)C(=C([O])C1=O)Cl,hydrate,3,OCANIQ
CN1CCC2(CC1)c1ccc(OCCCCOc3ccc(cc3)C3(CCN(C)CC3)c3ccc(OCCCCOc4ccc2cc4)cc3)cc1,Cc1ccc(C)cc1,cocrystal,2,DENFUX
c1ccc(cc1)[C]1C(=C1c1ccccc1)c1ccccc1,[H](Cl)Cl,salt,1,GEBCAV
[NH3]N,FC(F)(F)C1=NC(=N[N]1)[C](N(=O)=O)N(=O)=O,hydrate,3,EHIVOJ
OC(=O)c1ccc(cc1)C1=C2NC(=CC3=NC(=C(C4=CC=C(N4)C=C4C=CC1=N4)c1ccc(cc1)C(O)=O)C=C3)C=C2,CNC,cocrystal,2,SOKCUU
[NH4],[NH3]CCCC(O)(P(O)(=O)[O])P(O)(=O)[O],hydrate,3,JEFFAF
OC(=O)c1cc(cc(c1)N(=O)=O)N(=O)=O,CN(C)c1ccc(cc1)C(=O)c1ccccc1,hydrate,3,UKEXAM
Oc1c(Cc2c(O)c(cc3ccccc23)C(=O)[O])c2ccccc2cc1C(=O)[O],Cc1cc[nH]cc1,salt,1,TAPGAU
CC1=C(N)C=CC(=C1)[N+](=O)[O-],OC1=CC=C(C=O)C=C1,failed,0,
OC(=O)c1ccc(C[n]2ccc(cc2)c2ccncc2)cc1,OC(=O)c1ccc(C(=O)[O])c2ccccc12,salt,1,QIZWIJ
OC1=CC=CC=C1[N+](=O)[O-],C1=CC=C(C=C1)C(C1=CC=CC=C1)C1=CC=CC=C1,failed,0,
c1ccncc1,COc1cc(CC=C)cc(CN2c3ccccc3N=C2c2cc(CC=C)cc(OC)c2O)c1O,cocrystal,2,PILSIN
OC(=O)c1cccc(O)c1O,CC1=C(C=C(C#N)C(=O)N1)c1ccncc1,cocrystal,2,JEJHEP
NC1=CC=C(C=C1)C(O)=O,CN1C=NC2=C1C(=O)N(C)C(=O)N2C,failed,0,
NC(=O)C1=CC=CC=C1O,CCCCCCCC(O)=O,failed,0,
CCCCCCCC(O)=O,NC(=O)C1=CC=C(N)C=C1,failed,0,
OC(=O)c1ccc(cc1)N(=O)=O,Cc1cc(C)nc(NS(=O)(=O)c2ccc(N)cc2)n1,cocrystal,2,PAVKUU
OCP(=O)([O])CO,[NH3]c1ccccc1,salt,1,AQOHIY
OC(=O)C1=CC=CC=C1O,OC(=O)CCSCCC(O)=O,failed,0,
CN1C(=O)CC(=O)N(C)C1=O,Nc1ccc(cc1)N(=O)=O,cocrystal,2,QIGVIL
O=N(=O)[O],[NH3]c1cc(ccc1C)N(=O)=O,salt,1,WOVXEN
Oc1cccc(Br)c1,Oc1ccc(cc1)C1(CCC(=O)CC1)c1ccc(O)cc1,hydrate,3,LAWVEL
[NH4],CC1CCC(CC1)C(C)CP(O)(=O)[O],hydrate,3,QIXMOZ
CCNC1=CC=C(C=C1)[N+](=O)[O-],CCN(C(=O)N(CC)C1=CC=CC=C1)C1=CC=CC=C1,failed,0,
OC(=O)Cc1ccccc1CC(O)=O,NC(=O)c1ccncc1,cocrystal,2,ERAHAJ
CC1=CC(=CC=C1)C(O)=O,NC(N)=O,failed,0,
[NH4],O=N(=O)C1=NN=C(N1)C1=C(C(=N[N]1)N(=O)=O)N(=O)=O,hydrate,3,NOLSUG
Nc1ccc(cc1)S(=O)(=O)N=C1NC=CS1,CN1CCN(C)C1=O,cocrystal,2,KAWTIP
NC(N)=O,CN1N(C(=O)C=C1C)C1=CC=CC=C1,failed,0,
Oc1ccccc1Cl,Oc1ccc(cc1)C1(CCC(=O)CC1)c1ccc(O)cc1,hydrate,3,LAWVUB
CN(C)C(=O)C1=C(c2ccc(C)cc2)c2ccccc2C1=C,Cc1ccc(cc1)S(O)(=O)=O,cocrystal,2,HICWUM
CCCC[N](CCCC)(CCCC)CCCC,O=C1C(=C([O])C1=Nc1ccc(cc1)C#N)Nc1ccc(cc1)C#N,salt,1,IXEPIN
c1cc(ccn1)C=Cc1ccncc1,Oc1cc(O)cc(O)c1,solvate,3,ROPHOV
OC1=CC=CC(=C1)C=O,CC1=C(C=C(C=C1)[N+](=O)[O-])[N+](=O)[O-],failed,0,
Ic1ccc(cc1)C(=O)[O],O=N(=O)c1ccc(cc1)N1CC[NH2]CC1,hydrate,3,NEBVUP
CN1C=[N](CC(C)(C)C)c2ccc[n](C)c12,FC(F)(F)S(=O)(=O)[O],salt,1,WICPEF
NC(=O)C1=CC=C(F)C=C1,NC(=O)C1=CC=CC=C1,failed,0,
CC(C)c1cccc(C(C)C)c1[N]1=CN2C(=C1)C=Cc1cccc(OCc3ccccc3)c21,O=N(=O)[O],salt,1,OHUZOJ
NC(=O)C1=CC=C(N)C=C1,OC(=O)CC(=CC(O)=O)C(O)=O,failed,0,
CC(CCC(O)=O)C1CCC2C3C(O)CC4CC(O)CCC4(C)C3CCC12C,CC(=O)c1ccc2ccccc2c1,cocrystal,2,NECPUG
OC1=CC=C(C=C1)[N+](=O)[O-],C1=CC=C2C(=C1)C=CC1=CC=CC=C21,failed,0,
O=N(=O)N1C2C3N(C4C1N(C(C(N2N(=O)=O)N3N(=O)=O)N4N(=O)=O)N(=O)=O)N(=O)=O,CN1C=CNC1=S,cocrystal,2,JOCSEC
Fc1c(I)c(F)c(I)c(F)c1I,Brc1ccc(cc1)N=Cc1ccccc1N(=O)=O,cocrystal,2,LOHSUA
O=C([O])C(=O)[O],[NH3]CC[NH2]CCO,hydrate,3,GAPVIE
C[NH](Cc1cc(Br)cc(Br)c1N)C1CCCCC1,O=C1[N]S(=O)(=O)c2ccccc12,salt,1,BOYMEH
CC(=O)Nc1ccc(O)cc1,OC(=O)C=CC(O)=O,cocrystal,2,JEMTEE
[NH3]CCCCCC[NH3],O=C([O])C(c1ccccc1)(c1ccccc1)c1ccccc1,salt,1,GAYDIX
NC1=CC(=CC=C1)[N+](=O)[O-],OC1=CC=C(O)C=C1,failed,0,
NC1=NC(=O)NC=C1,OC(=O)CC(O)=O,cocrystal,2,CUVDON
O=C(C1=CC=CC=C1)C(=O)C1=CC=CC=C1,C1=CC=C(C=C1)N=NC1=CC=CC=C1,failed,0,
c1ccc(cc1)C=Cc1cc(nc(c1)c1ccccn1)c1ccccn1,Oc1cc(O)cc(I)c1,cocrystal,2,ITUJAJ
OC(=O)CC(=CC(O)=O)C(O)=O,NC(=O)C1=CC=CC=C1N,failed,0,
OC1(CC[NH2]CC1)c1ccc(Cl)cc1,O=C([O])c1ccccc1,salt,1,EROSIO
OC1=CC=C(O)C=C1,OC(=O)C1=CC(=CC=C1)F,failed,0,
Fc1c(F)c(F)c(Cl)c(F)c1F,c1ccc2c(c1)c1cccc3cccc2c13,cocrystal,2,NEHDIQ
c1ccc2cc3ccccc3cc2c1,Fc1c(F)c(F)c2c(F)c(F)c(F)c(F)c2c1F,cocrystal,2,ECUTUR
OCc1ccccc1,Fc1ccc(cc1)C(=O)CCCN1CCC(CC1)N1C(=O)Nc2ccccc12,cocrystal,2,DUJXEN
CC(=NNC(N)=[NH2])C(C)=NNC(N)=[NH2],O=S(=O)([O])[O],hydrate,3,HIZWIA
OC(C(=O)[O])c1ccccc1,CCC(O)(C(N)=[NH2])c1ccccc1,salt,1,NUTVUT
O=C([O])C(NC(=O)C(=O)NC(C(=O)[O])c1ccccc1)c1ccccc1,[NH3]C(C)c1ccccc1,hydrate,3,DOJQOI
OC(=O)C1=CC=CC=C1F,CC1=CC2=C(C=C1C)N(CC(O)C(O)C(O)CO)C1=NC(=O)NC(=O)C1=N2,failed,0,
CC1c2cc(C(C)c3cc(C(C)c4cc(C(C)c5cc1c(O)cc5O)c(O)cc4O)c(O)cc3O)c(O)cc2O,c1ncc(C=Cc2cncnc2)cn1,solvate,3,MIDQEW
NC1=NC2=NC(=NC3=NC(=NC(=N1)N23)N)N,Nc1nc(N)nc(N)n1,cocrystal,2,SUHBAZ
OC(=O)c1cc(O)c(O)c(O)c1,C1N2CN3CN1CN(C2)C3,hydrate,3,XOKVIE
COC1=CC=CC=C1C(O)=O,CCCCCCCC(O)=O,failed,0,
O=N(=O)[O],NN1C(=[NH]N=C1C1=NNC(=[NH]1)N)N,hydrate,3,TAKMEB
CC(=O)c1c(C)[nH]c2ccc(Cl)cc2c1c1ccccc1,O=[Cl](=O)(=O)[O],salt,1,NUQVAX
O=C1C2=CC=CC=C2C2=CC=CC=C12,C1C2=CC=CC=C2C2=CC=CC=C12,failed,0,
Fc1c(F)c(I)c(F)c(F)c1I,O1C=NC=C1C1=CSC=C1,cocrystal,2,LOWLOC
COc1cc[nH]cc1,O=C1NC(=O)C=C([O])N1,hydrate,3,MUYVIM
COC1=CC=CC(=C1)C(O)=O,OC1=CC=C(O)C=C1,failed,0,
CC(=O)C1=CC=C(N)C=C1,OC1=CC=C(C=C1)[N+](=O)[O-],failed,0,
NC(N)=[NH2],CS(=O)(=O)[N]S(C)(=O)=O,salt,1,LOSCIF
NC(N)=O,c1ccc(C=Cc2ccncc2)nc1,cocrystal,2,HAGHAB
CCOC(=O)C(=O)OCC,OC(=O)c1cc(O)cc(O)c1,hydrate,3,OKEKIZ
CC(C)[NH]1C(C)CC(C)N1C(C)C,O=N(=O)c1cc(c([O])c(c1)N(=O)=O)N(=O)=O,salt,1,DIJYEB
[NH3]C12CC3CC(CC(C3)C1)C2,O=C1[N]S(=O)(=O)c2ccccc12,hydrate,3,LIXYID
[NH3]C1CCC2C(C1)C(=[NH2])Nc1ccccc21,O=S(=O)([O])[O],hydrate,3,NUWHOF
COC1=C(C=C(C=C1[N+](=O)[O-])[N+](=O)[O-])[N+](=O)[O-],CC1=C(C=C(C=C1[N+](=O)[O-])[N+](=O)[O-])[N+](=O)[O-],failed,0,
CN(C)C(N(C)C)=[N](C)C,COC(=O)[C](C(=O)c1c(C)cc(C)cc1C)c1c(C)cc(C)cc1C,salt,1,NIGLIY
NC(=O)c1ccc(N)cc1,OC(=O)C=CC(O)=O,cocrystal,2,UFEVOT
OC(=O)CCCCCC(=O)[O],CC[NH]1CCN(CC1)c1cc2N(C=C(C(O)=O)C(=O)c2cc1F)C1CC1,hydrate,3,KEBGOR
C1CC2=CC=CC3=C2C1=CC=C3,C1=CC=C2C=CC=CC2=C1,failed,0,
O=C1NC(=O)[CH]C(=O)N1,C[NH](C)c1cccc2cccc(N(C)C)c12,solvate,3,KEDZAV
C(N1C=CN=C1C1=NC=CN1CC1=CC=CC=N1)C1=CC=CC=N1,OC(=O)CCCCCCCC(O)=O,failed,0,
CC(C)(CC(O)=O)C(O)=O,OC(=O)CCCCCC(O)=O,failed,0,
OC(=O)c1ccc(Cl)cc1,O=C(NCc1ccncc1)C(=O)NCc1ccncc1,cocrystal,2,SUGXAW
OC(=O)C=CC(O)=O,NC(=O)N1C2=CC=CC=C2C=CC2=CC=CC=C12,failed,0,
Nc1[nH]c(nc(N)n1)c1ccc(Br)cc1,OC(=O)CC(=O)[O],salt,1,UPEDEA
CCCCCCCC(O)=O,NC(=O)C1=CC(=CC=C1)N,failed,0,
F[P](F)(F)(F)(F)F,C[NH](C)CCN1C(=O)c2ccc3c4ccc5C(=O)N(CC[NH](C)C)C(=O)c6ccc(c7ccc(C1=O)c2c37)c4c56,salt,1,KUMTEU
COC1=CC2=C(C=C1)N(C(=C2CC(O)=O)C)C(=O)C1=CC=C(Cl)C=C1,OC(=O)C1=C(O)C2=CC=CC=C2C=C1,failed,0,
F[P](F)(F)(F)(F)F,CC[N]1=CN(CC2=CC(=O)Oc3ccc(C)cc23)C=N1,salt,1,PIQPOX
Cc1c(C)c(C)c(C)c(C)c1C,ClC1=C(Cl)C(=O)C(=C(Cl)C1=O)Cl,cocrystal,2,CLAHMB
CN1C=NC2=C1C(=O)NC(=O)N2C,OC(=O)c1cc(O)cc(O)c1,cocrystal,2,HOWLUD
[I](c1ccccc1)c1ccccc1,F[P](F)(F)(F)(F)F,salt,1,YATLOX
CC(=C)C1=C2CC(CC2C(C)(OC1c1ccccc1)c1ccccc1)(C(O)=O)C(O)=O,c1ccccc1,cocrystal,2,IHASUH
Oc1ccccc1O,C(C=CC=Cc1ccncc1)=CC=Cc1ccncc1,cocrystal,2,XEDXEN
FC(F)(F)S(=O)(=O)[O],CC1=CC(=[N]2N1P1OP2OP2OP(O1)[N]1=C(C)C=C(C)N21)C,salt,1,PUVJIA
[NH3]CC[NH3],Oc1ccc(cc1O)C(=O)[O],hydrate,3,VABPUL
[OH],CC=C1C[N]2(C)CCC34C2CC1C(=C3Nc1ccccc41)C=O,salt,1,GEJKOX
O=S(=O)([O])[O],CCOC(=O)NC(N)=[NH2],salt,1,LORQUF
CC(=O)OC1=CC=CC=C1C(O)=O,NC(N)=O,failed,0,
O=S(=O)([O])[O],NC1=NC(=[NH2])NC(=O)N1,hydrate,3,HIRBAN
COC1=CC2=C(C=C1)N(C(=C2CC(O)=O)C)C(=O)C1=CC=C(Cl)C=C1,OC(CC(O)=O)C(O)=O,failed,0,
CC1=CC(=C(C=C1)[N+](=O)[O-])[N+](=O)[O-],NC1=CC=CC2=CC=CC=C12,failed,0,
O=[Cl](=O)(=O)[O],COc1ccc(cc1)c1c2ccccc2[n](C)c2ccccc12,salt,1,VEJWAI
O=[Cl](=O)(=O)[O],Nc1[nH]ccc(c1)C(O)=O,salt,1,VIKFUU
N#CC(C#N)=C(C#N)C#N,[O]N(=N([O])C12CCC(CC1)C2)C12CCC(CC1)C2,cocrystal,2,RAYLOS
CCCCNc1cc(cc(c1Oc1ccccc1)S(N)(=O)=O)C(O)=O,O=C1CCCCN1,cocrystal,2,PUBNIM
NC(N)=[NH2],O=S(=O)([O])c1ccc(Oc2ccc(cc2)S(=O)(=O)[O])cc1,solvate,3,QOWXAB
S=P([S])(N1CCOCC1)N1CCOCC1,[NH2]1CCOCC1,salt,1,GUHMAX
Cc1cccc(NC(=O)c2cccc(c2)C(=O)Nc2cccc(C)n2)n1,OC(=O)CCCC(O)=O,cocrystal,2,YALKIF
NC1=[NH]C=CS1,CC1(C)C(=CC2=C([O])C(=CC3=[N](CCCS(=O)(=O)[O])c4ccccc4C3(C)C)C2=O)N(CCCS(=O)(=O)[O])c2ccccc12,hydrate,3,CIRYUZ
OC(=O)c1ccc(O)cc1,COc1ccc(cc1)C(N)=O,cocrystal,2,LIDPIA
C[N](C)(CC(=O)[O])c1ccccc1,OC(=O)C(Cl)Cl,cocrystal,2,VAHYEL
CC(=O)[O],Cc1[nH]c(N)c(C)c2Nc3ccccc3c12,salt,1,ADMINA
O=C(NCCCCCCNC(=O)c1ccncc1)c1ccncc1,OC(=O)CCCCCCCCCCC(O)=O,cocrystal,2,CUJNEB
OC(=O)c1ccc(cc1)N(=O)=O,CNC=O,cocrystal,2,XIYGUK
OC(C(=O)[O])c1ccccc1,CC(C[NH]1CCCCC1)C(O)(c1ccccc1)c1ccccc1,salt,1,PEFBEH
COC1=CC2=C(C=C1)N(C(=C2CC(O)=O)C)C(=O)C1=CC=C(Cl)C=C1,OC(=O)C=CC(O)=O,failed,0,
NC(N)=O,CC1=CC(=CC=C1)C(N)=O,failed,0,
O=C([O])CC(=O)[O],Nc1[nH]cccc1,salt,1,VATVET
CN(=O)=O,O=C1N(SSN2C(=O)c3ccccc3C2=O)C(=O)c2ccccc12,cocrystal,2,OFEVAW
OC(=O)C1=CC2=CC=CC=C2C=C1,CC12CCC3C(CCC4=C3C=CC(=C4)O)C1CCC2O,failed,0,
CN1C(=O)NC(=O)C=C1CO,Cc1nc(N)nc(N)n1,hydrate,3,HIMMAS
OC(=O)C1=CC=CC=C1,OC(=O)C1=CC=CC=C1O,failed,0,
COc1ccc2nc(cc(N(C)C)c2c1[NH](C)C)N(C)C,O=[Cl](=O)(=O)[O],salt,1,CABLAV
COc1ccc2nccc(C(O)C3CC4CC[NH]3CC4C=C)c2c1,O=C([O])Cc1ccccc1,hydrate,3,TUZCUO
C(N1C=C[N](=C1)c1ccccc1)c1ccccc1,F[P](F)(F)(F)(F)F,salt,1,HUDFAO
C[P](C)(C)C,O=C1C2=CC(SC2=C2SC(C=C12)=[C](C#N)C#N)=C(C#N)C#N,salt,1,PIKCOB
Cc1cccc(C)c1O,Oc1cc(Cl)cc(Cl)c1,cocrystal,2,EDCDMP10
CCCCCCCC(O)=O,CC1=CC=CC=C1C(N)=O,failed,0,
CC(O)(P(O)(O)=O)P(O)(=O)[O],[NH3]CCCCCC[NH3],hydrate,3,DEKQAP
[NH3]c1ccc(Cc2ccc([NH3])cc2)cc1,O=S(=O)([O])c1cccc2c1cccc2S(=O)(=O)[O],hydrate,3,KIXJUX
C[NH](C)[PH]123Oc4c5Cc6cccc(Cc7cccc(Cc8cccc(Cc4ccc5)c8O1)c7O2)c6O3,c1ccccc1,cocrystal,2,HEMHUC
CC12CCC3C(CC(=C)C4=CC(=O)C=CC34C)C1CCC2=O,OC(=O)C=CC(O)=O,cocrystal,2,HORNAE
OC(=O)C1=CC=C(O)C=C1,OC(=O)CCSCCC(O)=O,failed,0,
O=[Cl](=O)(=O)[O],[NH3]Nc1nnc(N[NH3])nn1,salt,1,FIPLUN
Nc1[nH]cc(Br)cc1,OC(=O)c1ccccc1C(=O)[O],salt,1,SUZBEV
O=C1C(=O)C(=C1[O])[O],[NH3]c1c(C)c(C)c([NH3])c(C)c1C,salt,1,ZEJSOZ
CN1C=[NH]C=C1,OC(=O)C(=O)[O],hydrate,3,VUYQUE
NS(=O)(=O)c1cc2c(cc1Cl)N(CNS2(=O)=O)N=O,C1CCC2OCCOCCOC3CCCCC3OCCOCCOC2C1,cocrystal,2,JAPGAJ
OC(=O)C1=CC(=CC=C1)[N+](=O)[O-],OC1=CC=C(O)C=C1,failed,0,
CC1=CC=C(C=C1)C(O)=O,OC(=O)C=CC(O)=O,failed,0,
[NH3]c1ccc(cc1)N(=O)=O,OC(=O)c1cc(ccc1O)S(=O)(=O)[O],hydrate,3,VIPVOH
CC(C)NC(=O)C(=O)[O],[NH3]C(C)C,hydrate,3,SIMRAI
Cc1cccc(NC(=O)C(C)(C)C)n1,Cc1ccc(cc1)C(O)=O,cocrystal,2,CILLUG
[NH3]c1ccc(cc1Cl)c1ccc([NH3])c(Cl)c1,O=S(=O)([O])[O],salt,1,AXAQEW
F[P](F)(F)(F)(F)F,CN1c2cccc3N(C)c4cccc5c4[C](c23)c2c1cccc2C5(C)C,salt,1,JEQRAB
NC(=O)c1ccncc1,OC(=O)c1ccc(cc1Cl)N(=O)=O,cocrystal,2,TUQTUX
CCOC(=O)c1ccccc1N,CN(C)C=NN=CN(C)C,cocrystal,2,GAXSUV
CC(=O)C1CCC2C3CCC4=CC(=O)CCC4(C)C3CCC12C,OC(=O)c1cc(O)cc(O)c1,hydrate,3,ZIYVAI
CC1(C)N([O])C(=[N]([O])C1(C)C)c1ccc(cc1)C#Cc1cccc(n1)C#Cc1ccc(cc1)C1=[N]([O])C(C)(C)C(C)(C)N1[O],Cc1ccccc1,cocrystal,2,ERIQOL
O[N]1(CCCCC1)CC[N]1([O])CCCCC1,[O][Cl](=O)(=O)=[O],salt,1,BAYDEK
O=[N+]([O-])C1=CC=C(C=C1)[N+](=O)[O-],O=[N+]([O-])C1=CC(=CC=C1)[N+](=O)[O-],failed,0,
COC1=CC2=C(C=C1)N(C(=C2CC(O)=O)C)C(=O)C1=CC=C(Cl)C=C1,OC(=O)CCC(O)=O,failed,0,
O=C[O],[NH3]Cc1ccc(OC)cc1,salt,1,PEXTAQ
Nc1ccccc1N,Oc1ccccc1O,hydrate,3,PUVNID
Oc1cccc(O)c1,NC(=O)c1ccncc1,cocrystal,2,VAKTUX
F[P](F)(F)(F)(F)F,O=N(=O)c1ccc([n]2ccc(C=CC=Cc3cc4CCCN5CCCc(c3)c45)cc2)c(c1)N(=O)=O,salt,1,CUBRAT
N1C=CN=C1,N1C=CC=N1,failed,0,
N#Cc1ccc(C[N]2=CNC=N2)cc1,Cc1ccc(cc1)S(=O)(=O)[O],salt,1,TEXLER
O=C([O])c1cc(C(=O)[O])c(cc1C(=O)[O])C(=O)[O],[NH3]C(C)c1ccccc1,hydrate,3,EZOBAZ
CC(C)[NH]=C1C=C2N(c3ccc(Cl)cc3)c3ccccc3N=C2C=C1Nc1ccc(Cl)cc1,CS(=O)(=O)[O],hydrate,3,GESHET
NC(=[NH2])NC(N)=S,O=C([O])c1cccc(c1)N(=O)=O,hydrate,3,LAJJUF
c1cc(ccn1)C=Cc1ccncc1,IC#Cc1cccc(c1)C#CI,cocrystal,2,ZEHSOX
BrP(=[N]=P(Br)(c1ccccc1)c1ccccc1)(c1ccccc1)c1ccccc1,Br[Br]Br,salt,1,WETBAC
CC(O)=O,CN1C=NC2=C1C(=O)N(C)C(=O)N2C,failed,0,
Br[Br]Br,Br[P](c1ccccc1)(c1ccccc1)c1ccccc1,salt,1,SUHJIO
O=[Cl](=O)(=O)[O],C1COCCOCCOc2cc(ccc2OCCOCCO1)C(Cc1cc[nH]c2ccccc12)Cc1cc[nH]c2ccccc12,salt,1,ZAZQOJ
OC(=O)C1=CC=CC=C1,COC1=CC2=C(C=C1)N(C(=C2CC(O)=O)C)C(=O)C1=CC=C(Cl)C=C1,failed,0,
N1C2=CC=CC=C2C2=CC=CC=C12,O=C1C2=CC=CC=C2C2=CC=CC=C12,failed,0,
CNC(=S)NC,Fc1c(F)c(I)c(F)c(I)c1F,solvate,3,HAMNES
OC(=O)C1=CC=CC=C1,OC(=O)CCCCC(O)=O,failed,0,
[NH4],CS(=O)([O])=S,salt,1,BEXSAY
CC1=NC=C(CO)C(=C1O)CO,NC(=O)C1=CC(=CC=C1)F,failed,0,
I[I],N#Cc1cc[n]cc1,salt,1,NULBIF
c1ccccc1,Nc1ccccc1P(c1ccccc1)c1ccccc1,cocrystal,2,AMACEY
CC1=CC(=O)NC(=S)N1,NC1=NC(=CC(=O)N1)N,solvate,3,YOZWER
COc1ccc2c(Nc3c(C)[nH]ccc23)c1,OC(=O)C=CC(=O)[O],hydrate,3,WOMFUD
OC(=O)C1=CC=CC=C1[N+](=O)[O-],OC(=O)C1=CC(=CC=C1)[N+](=O)[O-],failed,0,
[NH3]C(CC1=CNc2ccccc12)C(=O)NC(CCC(O)=O)C(=O)[O],C[N]1=CN(C2OC(COP(O)(=O)[O])C(O)C2O)C2=C1C(=O)NC(=N2)N,hydrate,3,SEKXIP
CC(=O)Oc1ccccc1C(=O)NC1=NC=C(S1)N(=O)=O,Nc1ccc(C(O)=O)c(O)c1,cocrystal,2,MABMUA
N1C=CC=N1,N1N=CC=N1,failed,0,
CS(=O)(=O)[O],[NH3]c1ccc(O)cc1,salt,1,PAQNOO
OC(=O)c1ccc(Cl)cc1N(=O)=O,O=C(c1ccccc1)c1ccncc1,cocrystal,2,UHAQOJ
CC1[NH2]CCNC(C)(C)CC(C)[NH2]CCNC(C)(C)C1,O=C([O])c1ccc2ccccc2c1,solvate,3,WUXJAA
Nc1ccc(cc1)N(=O)=O,Nc1ccc(cc1)C(O)=O,cocrystal,2,RILJEB
c1ccccc1,COC(=O)NC(=S)Nc1ccccc1NC(=S)NC(=O)OC,cocrystal,2,OHAHAH
CC(=[OH])NC1c2c3OCCOCCOCCOCCOc4cccc(C(=O)c2ccc3)c14,O=[Cl](=O)(=O)[O],salt,1,VOPXOO
CC(=O)C1CCC2C3CC=C4CC(O)CCC4(C)C3CCC12C,OC(=O)C1=C(O)C=CC2=CC=CC=C12,failed,0,
CC(=O)c1cccnc1,Fc1c(I)c(F)c(I)c(F)c1I,cocrystal,2,ZEBMOM
O=N(=O)c1cc(cc(c1)N(=O)=O)N(=O)=O,CC(=O)c1ccc2ccccc2c1,cocrystal,2,MESWEP
OC(=O)C1=CC=C(F)C=C1,C1=NC=CC(=C1)C1=CC=NC=C1,failed,0,
CC(=O)[O],CCCC[P](CCCC)(CCCC)C=C[P](CCCC)(CCCC)CCCC,solvate,3,YAPCIB
CC1[NH2]C(C)CN(C1)c1c(F)c(F)c2C(=O)C(=CN(C3CC3)c2c1F)C(O)=O,O=N(=O)[O],hydrate,3,CURHUV
COC1=C(O)C=CC(=C1)C=O,OC1=CC=CC2=CC=CC=C12,failed,0,
CCCCCCN1[P]N(C)c2ccccc12,FC(F)(F)S(=O)(=O)[O],salt,1,VADLAP
NC(CCC(O)=O)C(O)=O,NC(=O)C1=CC=CC=C1[N+](=O)[O-],failed,0,
CCCc1[nH]ccc(c1)C(N)=S,OC(=O)C(=O)[O],hydrate,3,LUTPOI
CC12CCC3C(CCC4=C3C=CC(=C4)O)C1CCC2O,O=C1NC(=O)C2=CC=CC=C12,failed,0,
O=N(=O)c1cc(c([O])c(c1)N(=O)=O)N(=O)=O,CC1=[NH]C(=CC(=O)N1)C,hydrate,3,OWIWUN
O=C1C2=CC=CC=C2C2=CC=CC=C12,C1CC2=CC=CC3=C2C1=CC=C3,failed,0,
O=N(=O)c1cc(c([O])c(c1)N(=O)=O)N(=O)=O,CN(C)c1ccc(C)c2[nH]c(C)cc(N(C)C)c12,hydrate,3,YECRAB
c1ccc(cc1)[PH](c1ccccc1)c1ccccc1,FS(=O)(=O)[N]S(F)(=O)=O,salt,1,ZUWCAV
COC1=CC=C(C=C1)C(O)=O,NC(=O)C1=CC=CC=C1,failed,0,
[nH]1cccc(Oc2ccccc2)c1,OS(=O)(=O)[O],salt,1,GETGUH
NC1=CC=C(C=C1)C(O)=O,OC(=O)C1=CC=CC=C1O,failed,0,
C1C[NH]2CC[NH]1CC2,OC(=O)CC(O)(CC(=O)[O])C(=O)[O],hydrate,3,FIQQIJ
OCc1c[nH]ccc1,OC(=O)c1cccc2cccc(c3cccc4cccc(C(=O)[O])c34)c12,salt,1,KAXWOV
O=N(=O)N1C2C3N(C4C1N(C(C(N2N(=O)=O)N3N(=O)=O)N4N(=O)=O)N(=O)=O)N(=O)=O,CN(C)P(=O)(N(C)C)N(C)C,cocrystal,2,ZASWIB
O=C([O])c1cccc(c1)N(=O)=O,[NH3]Cc1ccccc1,salt,1,HUKJAZ
C1=NC=CN=C1,BrC1=CC=C(Br)C=C1,failed,0,
NC(=O)C1=CC=C(O)C=C1,NC(=O)C1=CC=CC=C1,failed,0,
FC(F)(F)C(=O)[O],NC1=[NH]N=C(N)C2=N([O])ON=C12,hydrate,3,TENHAY
[NH3]C(CC(=O)c1ccccc1[NH3])C(O)=O,O=S(=O)([O])[O],hydrate,3,WOCJON
[NH3]C(CC1=C[NH]=CN1)C(=O)[O],OC(C(O)C(=O)[O])C(O)=O,salt,1,IXAVEI
Brc1ccc(cc1)C1C=CC2CCC[NH]3CCC1C2C3=O,Cc1ccc(cc1)S(=O)(=O)[O],salt,1,ANEYUO
OP(=O)([O])[O],[NH3]CCNCC[NH3],hydrate,3,JEKGUB
Nc1ccccc1C(O)=O,CN1N(c2ccccc2)C(=O)C(=C1C)N,cocrystal,2,IFEGAE
NC1=CC=C(C=C1)C(O)=O,CC1=C(C)C=C(C=C1)C(O)=O,failed,0,
OC(=O)C1=C(O)C=CC=C1O,NC(=O)CN1CCCC1=O,failed,0,
CCOC1=CC=CC=C1C(N)=O,OC(=O)C1=CC(=CC=C1)O,failed,0,
NC(CCC(O)=O)C(O)=O,COC1=CC=CC(=C1)C(N)=O,failed,0,
O=C1NC=CC=C1,Oc1cccc(Cl)n1,cocrystal,2,PYOCHP
C[n]1cccc(c1)C=C1Sc2ccc(Br)cc2C1=O,F[P](F)(F)(F)(F)F,solvate,3,ODAYAX
N#CC(=Cc1c2ccccc2cc2ccccc12)c1ccccc1,N#Cc1cc(C#N)c(cc1C#N)C#N,cocrystal,2,NIJLOK
Oc1ccc2ccccc2c1c1c(O)ccc2ccccc12,CCN1C2C(N(C)C1=O)N(CC)C(=O)N2C,hydrate,3,RACFOS
OC(=O)C1=CC(=CC=C1)F,C1=NC=CC(=C1)C1=CC=NC=C1,failed,0,
Cc1cc(C)cc(C)c1,OC(C#CC#CC(O)(c1ccccc1)c1ccccc1)(c1ccccc1)c1ccccc1,cocrystal,2,DERJAM
OC(=O)[O],CN(C)C(=[NH]c1ccc([NH]=C(N(C)C)N(C)C)cc1)N(C)C,hydrate,3,LOLRUD
CC(C)(C)c1cc(Nc2cccc3cccnc23)c([O])c(Nc2cccc3cccnc23)c1,Cc1ccccc1,cocrystal,2,KIMGOF
C[NH](C)CCC1=CNc2ccc(CC3COC(=O)N3)cc12,OC(=O)C(=O)[O],salt,1,QIQKEI
OC(=O)C=CC(=O)[O],Nc1[nH]c(N)nc(N)n1,hydrate,3,ARUDAS
O=[Cl](=O)(=O)[O],NN1N=[NH]C(=N1)N,salt,1,JEKMEV
NC1=CC=C(C=C1)C(O)=O,OC(=O)C1=CC=CC=C1,failed,0,
COc1cccc(OC)c1C1=[O]c2ccccc2C(=C1)O,O=[Cl](=O)(=O)[O],hydrate,3,YILNEM
O=C([O])c1[nH]c2ccccc2cc1,OC1=C(Cl)C(=O)C(=C(Cl)C1=O)O,hydrate,3,FEHMAJ
CC1=CC(=O)[NH]=C(N)N1,OP(O)(=O)[O],salt,1,XOWKOK
[NH4],NC1=C(C(=O)NN1)N(=O)=O,salt,1,KOBXUU
O=C1NC(=O)NC(=O)N1,CCN1C(=Nc2c(N)ncnc12)Br,hydrate,3,BADCUR
c1ccc2c(c1)c1cccc3cccc2c13,O=C1OC(=O)c2cc3C(=O)OC(=O)c3cc12,cocrystal,2,VIPYOL
CC(C)CC(=O)C(=O)[O],[NH3]C(CC1=CNC=[NH]1)C(=O)[O],solvate,3,WEZBUY
OC(=O)CC(O)(CC(O)=O)C(O)=O,NC(=O)N1C2=CC=CC=C2C=CC2=CC=CC=C12,failed,0,
COc1cc(ccc1O)C(=O)[O],[NH2]1CCNCC1,hydrate,3,VESZOL
NNC(=O)C1=CC=NC=C1,CC1=NC=C(CO)C(=C1O)CO,failed,0,
OC(C(O)C(=O)[O])C(O)=O,O=C1C2[NH2]CCCC2C(=O)N1Cc1ccccc1,hydrate,3,FIRQED
CC1(C)C2CCC1(C)C(=O)C2=O,CC(CCC(O)=O)C1CCC2C3CCC4CC(O)CCC4(C)C3CC(O)C12C,cocrystal,2,YOMKAN
NC(=NO)C1=NN([O])N=N1,[NH3]O,salt,1,ISEFAP
FC(F)(F)C(=O)[O],N(C1=C[N](=NO1)c1ccccc1)c1ccccc1,salt,1,GIBRUI
O=C([O])C1[NH2]CCC1,CC(C)Cc1ccc(cc1)C(C)C(O)=O,cocrystal,2,EQAKOZ
Cc1ccc(cc1N1c2ccccc2[P](C=C1c1ccccc1)(c1ccccc1)c1ccccc1)N(=O)=O,FC(F)(F)S(=O)(=O)[O],solvate,3,UBUQAL
FC(F)(F)S(=O)(=O)[O],C[P]1(C)P(P([P]1(C)C)C(C)(C)C)C(C)(C)C,salt,1,GUQWIA
[NH2](CCC1=CNc2ccccc12)C1CCCCC1,O=C([O])C=CC(=O)[O],salt,1,YITWIL
Cc1ccc(cc1)c1ccc(cc1)C(=O)[O],[NH3]C(C)c1ccccc1,salt,1,MUNBUT
Cc1[nH]c(N)nc(C)c1,CS(=O)(=O)[N]S(C)(=O)=O,salt,1,LONSAI
[NH4],FC(F)(F)c1ccccc1P(=S)([S])c1ccccc1C(F)(F)F,solvate,3,YOKROG
OC1=C([O])C(=O)C1=O,[NH3]C(CO)C(O)=O,salt,1,BUTBOJ
C[N](C)(C)C,OC(=O)c1ccccc1C(=O)[O],salt,1,KEPNOI
CC(C)c1cc(C(C)C)c(C(=O)c2ccc(cc2)C(=O)[O])c(c1)C(C)C,[NH3]C,salt,1,ZAKNIL
C[N]1=CN(C=C1)C(C)(C)C,CN1C=CN=C1[P](F)(F)(C(F)(F)C(F)(F)F)(C(F)(F)C(F)(F)F)C(F)(F)C(F)(F)F,salt,1,UXIPOJ
c1cc2ccc3ccc4ccc5ccc6ccc1c1c2c3c4c5c61,N#Cc1nc2c(nc1C#N)c1nc(C#N)c(nc1c1nc(C#N)c(nc21)C#N)C#N,cocrystal,2,XAPDOL
Clc1ccccc1CNS(=O)(=O)[O],CCCC[N](CCCC)(CCCC)CCCC,salt,1,FOYTOF
CN1C=NC2=C1C(=O)N(C)C(=O)N2C,OC=O,failed,0,
CC(=O)C1CCC2C3CC=C4CC(O)CCC4(C)C3CCC12C,OC(=O)C1=C(O)C=CC(=C1)O,failed,0,
OC1=CC=CC(=C1)[N+](=O)[O-],C(C1=CC=CC=C1)C1=CC=CC=C1,failed,0,
Nc1ncccn1,OC(=O)c1ccc(I)cc1,cocrystal,2,VEJTIR
CC(C)C1=CC=C(C)C=C1,CC12CCC(CC1)C(C)(C)O2,failed,0,
F[P](F)(F)(F)(F)F,CC[N](CC)(CC)Cc1c(F)c(F)c(F)c(F)c1F,salt,1,WANKAZ
c1ccc2ccccc2c1,[NH3]C(C(=O)NC1C2SCC(=C(N2C1=O)C(=O)[O])C)C1=CCC=CC1,hydrate,3,MEGXOL
CN(C)c1cc[nH]cc1,OP(O)(=O)c1cc(cc(c1)P(O)(=O)[O])P(O)(=O)[O],salt,1,LACVOB
CS(=O)(=O)Nc1ccc(cc1Oc1ccccc1)N(=O)=O,c1cc(ccn1)c1ccncc1,cocrystal,2,LAKLOC
c1cc2cccc3c4cccc5cccc(c(c1)c23)c45,O=C1C2=NNN=C2C(=O)c2nc3C(=O)C4=NNN=C4C(=O)c3nc12,hydrate,3,IBOHAL
FC(F)(F)S(=O)(=O)[O],CC(C)(C)[NH]=Cc1ccccc1Br,salt,1,RIMXAP
CN1C(=O)N(C)C2=C(NC=N2)C1=O,[NH3]CCNC(=O)[O],cocrystal,2,WUYROX
NC(=O)C1=CN=CC=C1,COC1=C(O)C=CC(=C1)C=CC(=O)CC(=O)C=CC1=CC(=C(O)C=C1)OC,failed,0,
CCCCCCCC(O)=O,CC1=CC=C(C=C1)C(O)=O,failed,0,
CC(C)c1cccc(C(C)C)c1N1C=[N](C(=C1)C1N(C(C)(C)C)C(C)(C)CC1(C)C)c1c(cccc1C(C)C)C(C)C,FC(F)(F)S(=O)(=O)[O],solvate,3,MISHII
CC(NC(C(CCc1ccccc1)N(=O)=O)C(=O)[O])c1cccc2ccccc12,[NH3]C(C)c1cccc2ccccc12,salt,1,XOHQAP
N#Cc1ccccc1,Cc1cc(C)c(N2C(=O)c3cc(Br)c4C(=O)N(C(=O)c5cc(Br)c(C2=O)c3c45)c2c(C)cc(C)cc2C)c(C)c1,cocrystal,2,TURPUU
O=[Cl](=O)(=O)[O],FC(F)(F)c1ccc(cc1)c1[o]cc(c2ccccc2)c(c1)c1ccccc1,salt,1,GIPBUE
OC(CC(O)=O)C(=O)[O],CC[NH]1CCN(CC1)c1cc2N(C=C(C(O)=O)C(=O)c2cc1F)C1CC1,hydrate,3,WEGGAU
CCC(=CC(=O)[O])c1ccccc1,[NH3]C(C)c1ccccc1,salt,1,ZOHPER
[NH3]CC[NH3],O=[Cl](=O)(=O)[O],hydrate,3,FUSVEU01
OC(C(O)C(=O)[O])C(O)=O,CN1C=[NH]C=C1,salt,1,ZAMXIU
Nc1cc(F)nc(N)c1F,C1COCCOCCOCCOCCOCCO1,cocrystal,2,PEGXEG
[NH3]C(C(=O)NC(C(=O)[O])c1ccccc1)c1cccc2ccccc12,COC(=O)C(O)CC(C)C,solvate,3,MAVVAG
N#CC(C#N)=C1C=C[C](C=C1)=C(C#N)C#N,CN(C)C(=CC=[N](C)C)N1c2ccccc2N(C)c2ccccc12,salt,1,VADKAN
Nc1ccccc1C(=O)[O],[NH2]1CC[NH2]CC1,salt,1,ALORAV
O=S(=O)([O])c1ccc2cc(ccc2c1)S(=O)(=O)[O],Cc1cc(C)c([I]c2c(C)cc(C)cc2C)c(C)c1,salt,1,ZESCEJ
Fc1c(F)c(I)c(F)c(F)c1I,c1ccc2cc3cc4ccccc4cc3cc2c1,cocrystal,2,WOBPOW
FP1(=S)OP(=S)([S])c2cccc3cccc1c23,c1ccc(cc1)N1C=[N](c2ccccc2)C(=N1)c1ccccc1,salt,1,UWIVON
OC1=C(Cl)C(=O)C(=C(Cl)C1=O)[O],Cc1c[nH]cc(C)c1,salt,1,CECPUY
C1CC2=CC=CC3=C2C1=CC=C3,C1=CC2=CC3=CC=CC=C3C=C2C=C1,failed,0,
Oc1ccccc1,COc1ccc2c(Nc3c(C)nccc23)c1,cocrystal,2,VUKSIG
[NH3]N,O=N(=O)C1=NN(C=N1)[C](N(=O)=O)N(=O)=O,salt,1,UKIJAB
Cl[Cl]Cl,C[N](C)(C)C,salt,1,FAHXOF
CC1=CC2=C(C=C1C)N(CC(O)C(O)C(O)CO)C1=NC(=O)NC(=O)C1=N2,NC(=O)C1=CC(=CC=C1)F,failed,0,
c1ccc(cc1)C1=C(c2ccccc2)[C](c2ccccc2)C(=C1c1ccccc1)c1ccccc1,CN1C=[N](C)C(=C1C)C,solvate,3,BEDGAT
OC(=O)c1cc2NC=[NH]c2cc1C(O)=O,O=S(=O)([O])[O],hydrate,3,YOTRUV
CCCc1c(CCC)c2N(C=C[n]2c2ncccc12)c1ccccc1,F[P](F)(F)(F)(F)F,salt,1,OPIDAU
O=C(C=Cc1ccc2ccc3cccc4ccc1c2c34)c1ccc2ccccc2c1,N#CC(C#N)=C1C=CC(C=C1)=C(C#N)C#N,cocrystal,2,XIGPEL
Cc1nc(N)nc(N)n1,OC(=O)CCCCC(O)=O,cocrystal,2,ROGQUA
OC(=O)C=CC(O)=O,COC1=CC=C(C=C1)C(O)=O,failed,0,
OC(=O)CCCCCCCC(O)=O,CC(C(C)C(O)=O)C(O)=O,failed,0,
CC1CCC2C(C)C(=O)OC3OC4(C)CCC1C23OO4,NC(=O)C1=CN=CC=C1,failed,0,
NC(=[NH2])NC(N)=[NH2],O=N(=O)[N]C1=C([N]N=C1N(=O)=O)N(=O)=O,hydrate,3,TATYAQ
CC1=CC=CC=C1C,C1CC2=CC=CC3=C2C1=CC=C3,failed,0,
Oc1ccc(cc1)C1=CC(=O)c2c(O)cc(O)cc2O1,NC(=O)N1c2ccccc2C=Cc2ccccc12,hydrate,3,JINHIB
OC1=C(C=C(C=C1)[N+](=O)[O-])[N+](=O)[O-],O=C(C1=CC=CC=C1)C1=CC=CC=C1,failed,0,
CC(C)(C)NC1=[NH]CCc2ccccc12,FC(F)(F)S(=O)(=O)[O],salt,1,SOWREC
OC(=O)c1cc2ccccc2c(Cc2c(O)c(cc3ccccc23)C(=O)[O])c1O,C[NH2]C,solvate,3,TAPGIC
OC(=O)c1ccc(cc1C(O)=O)N(=O)=O,Cc1ccc(N)cc1,cocrystal,2,CUBKER
CC1=CC(=CC=C1)C(O)=O,OC(=O)C1=CN=CC=C1,failed,0,
OC(=O)C=Cc1ccc(O)cc1,NC(=O)c1cccnc1,cocrystal,2,SOLBEC
[Br]1c2ccccc2c2ccccc12,CS(=O)(=O)[O],salt,1,EXIZOD
OC(=O)C1=CN=CC=C1,OC(=O)C1=CC(=CC=C1)F,failed,0,
FC(F)(F)S(=O)(=O)[O],FC(F)(F)[S]1c2ccccc2c2ccccc12,salt,1,OTOZIJ
CCOc1ccccc1C(N)=O,O=C1NS(=O)(=O)c2ccccc12,cocrystal,2,VUHFIO
CC1=CC=CC=C1C(N)=O,NC(CCC(O)=O)C(O)=O,failed,0,
[NH3]NC(=O)N[NH3],NC1=C([N]N=C1N(=O)=O)N(=O)=O,salt,1,AQOSAB
O=C([O])CCC(=O)[O],[NH3]CCc1ccc(O)cc1,hydrate,3,MEDGEJ
Cc1[nH]c(N)nc(C)c1,Fc1c(F)c(c(F)c(F)c1C(=O)[O])C(=O)[O],hydrate,3,INONIK
OC(=O)c1ccccc1O,CCOc1ccccc1C(N)=O,cocrystal,2,REHSAA
Nc1cccc(O)c1,O=N(=O)c1cc[n]([O])cc1,cocrystal,2,NPOAPL
O=N(=O)[N]C1=NN2C(=NN=C2[N]N(=O)=O)N=N1,[NH4],hydrate,3,MINHOJ
[Br](n1ccccc1)n1ccccc1,O=[Cl](=O)(=O)[O],salt,1,DOWBIC
Nc1[nH]ccnc1,Oc1cc([nH]c(c1)C(=O)[O])C(=O)[O],salt,1,MORPIV
C1=CC=C2C(=C1)C=CC1=CC=CC=C21,S1C2=CC=CC=C2SC2=CC=CC=C12,failed,0,
O=S(=O)(Nc1ccccc1)c1ccccc1,Fc1c(F)c(I)c(F)c(F)c1I,cocrystal,2,PIWRAS
O=N(=O)[C](C#N)N(=O)=O,C[N](C)(N)N,salt,1,DOYHIJ
CN1C=C[N](=C1)CP(c1ccccc1)c1ccccc1,F[P](F)(F)(F)(F)F,salt,1,NEWSIU
OC(C(O)C(O)(c1ccccc1)c1ccccc1)C(O)(c1ccccc1)c1ccccc1,c1ccncc1,cocrystal,2,YIQBOR
OC(=O)C1=CC=CC=C1F,OC(=O)C=CC(O)=O,failed,0,
Nc1ccc(F)cc1,O=N(=O)N1CN(CN(CN(C1)N(=O)=O)N(=O)=O)N(=O)=O,cocrystal,2,ZEZHET
[NH3]CC[NH3],OC(=O)C(=O)[O],hydrate,3,PEPMOM
CN1C=NC2=C1C(=O)N(C)C(=O)N2C,OC(=O)C(F)(F)F,failed,0,
O=N(=O)[O],OC(=O)c1cc2NC=[NH]c2cc1C(O)=O,salt,1,KOFZOW
c1ccccc1,COC(=O)C12CCC(C1C1CCC3C4(C)CC5=C(Nc6ccccc56)C(C)(C)C4CCC3(C)C1(C)CC2)C(C)=C,cocrystal,2,GEKRIZ
C(C1=CC=CC=C1)C1=CC=CC=C1,C1CC2=CC=CC3=C2C1=CC=C3,failed,0,
Cc1cccc(C)c1NC(=O)C(=O)Nc1c(C)cccc1C,Oc1c(F)c(F)c(F)c(F)c1F,cocrystal,2,NIPVEO
[NH3]Cc1cccc2ccccc12,O=C([O])c1ccc2cc3ccccc3cc2c1,salt,1,BIBLIJ
CCN=C(C)N,CCNC(C)=N,cocrystal,2,NENPAA
NC(CCC(O)=O)C(O)=O,NC(=O)C1=CC(=CC=C1)F,failed,0,
CSC(=NNc1ccccc1)N=[NH]c1ccccc1,I[I]I,salt,1,CUCGEM
CN1CCN(CC1)C1=Nc2ccccc2NC2=C1C=C(C)S2,Oc1cccc(O)c1,cocrystal,2,RACHOW
OC(=O)CSC1=NN=C(Br)N1c1ccc(C2CC2)c2ccccc12,COC(C)(C)C,cocrystal,2,MOPRUI
FC(F)(F)S(=O)(=O)[O],CC(C)N1C(C2=C[N](=CN2c2c(cccc2C(C)C)C(C)C)c2c(cccc2C(C)C)C(C)C)C(C)(C)CC1(C)C,solvate,3,MISGUT
OC(=O)c1cccc(O)c1,FC1=CNC(=O)NC1=O,cocrystal,2,IQIKUQ
COCC[n]1ccc(cc1)C=Cc1ccc(cc1)N(c1ccccc1)c1ccccc1,Cc1ccc(cc1)S(=O)(=O)[O],hydrate,3,SIGXUF
[NH2]1CCOCC1,CN1C(=O)N(C)C(=C(C(c2ccc(cc2)N(=O)=O)C2=C(O)C=C(C)OC2=O)C1=O)[O],salt,1,LAQQED
[NH3]C(c1ccccc1)c1c(O)ccc2ccccc12,OC(C(O)C(=O)[O])C(O)=O,salt,1,VEYSEY
C#Cc1ccc(cc1)C#C,c1cc(ccn1)C#Cc1ccncc1,cocrystal,2,RUXMED
NC1=NNC(=[NH2])N1,OP(=O)[O],salt,1,GAXJUM
C1COC2=NNC(=C2C1)c1ccccc1,O=C1NN=C(c2ccccc2)C21CCC2,cocrystal,2,UQIWAV
OC(=O)c1ccc(Cl)cc1,CC(=O)Nc1ccc(I)cn1,cocrystal,2,PEGCUD
OC(=O)C1=C2C(=CS1)C1=CSC(=C1C1=C(SC=C1C1=CSC(=C21)C(O)=O)C(O)=O)C(O)=O,c1ccc2ncccc2c1,cocrystal,2,WOKYAZ
COC1=C(O)C=CC(=C1)C=O,OC1=CC2=CC=CC=C2C=C1,failed,0,
c1ccc2c(c1)N(c1ccc(cc1)c1ccc(cc1)N1c3ccccc3c3ccccc13)c1ccccc21,N#Cc1cc(C#N)c(cc1C#N)C#N,hydrate,3,AGOPIY
C[N](C)=C(N)N=C(N)N,CC(=Cc1ccccc1)C=C1SC(=S)N(CC(=O)[O])C1=O,hydrate,3,MAXJEE
OC(=O)c1cc(O)c(O)c(O)c1,O=C1CCC(=O)N1,solvate,3,DUNDOH
[NH3]CCCCCC,Clc1ccc(cc1)C=CC(=O)[O],salt,1,JEPYEJ
CN1c2[nH]c(ccc2)N(C)c2cccc(n2)N(C)c2cccc(n2)N(C)c2cccc1n2,O=[Cl](=O)(=O)[O],solvate,3,LEWLOP
COc1cc(ccc1O)C(O)=O,NNC(=O)c1ccncc1,cocrystal,2,FOSFUQ
CN1C=NC2=C1C(=O)N(C)C(=O)N2C,NC1=CC=C(C=C1)S(=O)(=O)NC1=NC=CS1,failed,0,
CCC(=O)N(C1CC(C)[NH](CCc2ccccc2)CC1C)c1ccccc1,OS(=O)(=O)[O],salt,1,JINPAX
O=P([O])[O],CC1[NH2]CC[NH2]C1,hydrate,3,GUYCUA
[NH4],OP(O)(=O)[O],salt,1,VITPIA
OC(=O)CC(O)(CC(O)=O)C(O)=O,COC1=CC2=C(C=C1)N(C(=C2CC(O)=O)C)C(=O)C1=CC=C(Cl)C=C1,failed,0,
COc1ccc(c(OC)c1)C12CC3(CC(C1)(CC(C2)(C3)c1ccc(OC)cc1OC)c1ccc(OC)cc1OC)c1ccc(OC)cc1OC,Cc1ccc(C)cc1,cocrystal,2,TUTYOZ
CCC(F)(F)C1=CC(=NC2=C1C(=C(S2)C(N)=O)N)N1CCC(CC1)S(C)(=O)=O,NC(=O)C1=CN=CC=C1,failed,0,
Oc1c(F)c(F)c(F)c(F)c1F,Cc1ccc(cc1)c1cc(cc(c1)c1ccc(C)cc1)c1ccc(C)cc1,cocrystal,2,NEDJUF
O=C1CN2C(=[NH]c3ccccc23)c2ccccc2N1,O=N(=O)[O],salt,1,QOBMAX
N1C=C[NH]=C1c1ccccc1,OC(=O)C1(CCC1)C(=O)[O],salt,1,VARHIG
CC(C(=O)[O])c1ccc(cc1)C=C1CCCCC1=O,[NH3]C1CCCCC1,salt,1,FIXZIZ
O=C([O])C(=O)[O],Cc1cc(C)c2ccc(N)[nH]c2n1,hydrate,3,MUTLUJ
O=C1NC(=S)NC=C1,C1CCC2OCCOCCOC3CCCCC3OCCOCCOC2C1,cocrystal,2,LOFDAL
NC1=CC=C(C=C1)C(O)=O,NC1=CC(=CC(=C1)N)C(O)=O,failed,0,
[NH4],O=N(=O)c1cc(c([O])c(c1[O])N(=O)=O)N(=O)=O,salt,1,BIKWEX
c1cc(ccn1)c1ccncc1,OC(=O)c1cc(F)c(F)c(F)c1F,cocrystal,2,FOWSAM
CC(=O)NC1=CC=C(O)C=C1,NC(N)=O,failed,0,
Oc1ccccc1C(=O)[O],Nc1[nH]nc(c(N)n1)c1cccc(Cl)c1Cl,solvate,3,SAVWEU
c1cc(ccn1)c1ccncc1,CNC(=S)NN=Cc1ccc(O)cc1O,solvate,3,QAXYOG
O=C([O])c1cc(cc(c1)N(=O)=O)N(=O)=O,C(CN1C=[NH]c2ccccc12)CN1C=[NH]c2ccccc12,salt,1,NEDHAH
OC(=O)CCCCC(O)=O,O=C(NCCCCCCNC(=O)c1ccncc1)c1ccncc1,cocrystal,2,CUJMOK
[NH3]C(C)C1CCCCC1,OC(C(=O)[O])c1ccccc1,hydrate,3,QEMZEO
O=N(=O)C1=C([N]C(=N1)C1=NC(=C([N]1)N(=O)=O)N(=O)=O)N(=O)=O,C1CCN2CCC[NH]=C2CC1,salt,1,IHUGAW
c1cc(ccn1)C=Cc1ccncc1,CC(=NNC(N)=S)c1ccc(O)cc1O,cocrystal,2,QAYBEA
CC(C(C)C(O)=O)C(O)=O,OC(=O)CCCCCC(O)=O,failed,0,
CC1=CC2=C(C=C1C)N(CC(O)C(O)C(O)CO)C1=NC(=O)NC(=O)C1=N2,OC(=O)C1=CC=CC=C1O,failed,0,
NC(=O)C1=CC=CC=C1[N+](=O)[O-],OC(=O)CC(=CC(O)=O)C(O)=O,failed,0,
I[I]I,CCCCCCCCCCCCN1C=[N](CCCCCCCCCCCC)C2CCCCC12,salt,1,DAKJEI
FC1=C(F)C(C(=C(F)C1=C(C#N)C#N)[F])=C(C#N)C#N,CC1(C)CC(CC(C)(C)N1[O])[N]1CCC1,salt,1,LOJCIW
S1C=CC=C1C1=CC=C(S1)c1ccncc1,Fc1c(F)c(F)c(I)c(F)c1F,cocrystal,2,KETWIS
Fc1c(F)c(F)c(I)c(I)c1F,OC(=CC(=O)c1ccccc1)c1ccncc1,cocrystal,2,AWUWOH
CC(C)c1ccc(C)cc1O,c1ccc2nc3ccccc3nc2c1,cocrystal,2,WUTDEX
CCCC[n]1ccn(C)c1,FC(F)(F)S(=O)(=O)[O],salt,1,LAZRUA
OC(C(O)C(O)=O)C(O)=O,COC1=CC2=C(C=C1)N(C(=C2CC(O)=O)C)C(=O)C1=CC=C(Cl)C=C1,failed,0,
OC(=O)c1cc(ccc1O)S(=O)(=O)[O],[NH2]1CCCC1,hydrate,3,OMUYAX
C[NH]1CC[NH2]Cc2ccc(C[NH2]CC[NH](C)CC[NH2]Cc3ccc(C[NH2]CC1)cc3)cc2,O=S(=O)([O])[O],hydrate,3,SUXLIH
OC(=O)c1cc(cc(c1)C(=O)[O])N=Nc1cc(cc(c1)C(=O)[O])C(O)=O,NC(N)=[NH2],hydrate,3,KIJVEH
C1COCCOCc2[nH]c(COCCOCCO1)ccc2,O=N(=O)c1cc(c([O])c(c1)N(=O)=O)N(=O)=O,hydrate,3,DONMEY
Oc1ccccc1C(F)=C(F)c1ccccc1,C1COCCOCCNCCOCCOCCN1,cocrystal,2,OWOYIJ
O=N(=O)[N]C1=C(N=N[N]1)N(=O)=O,[NH3]O,salt,1,OHOQEJ
Nc1cc[n]2cc3Cc4ccccc4c3c(c3ccccc3)c2c1,CS(=O)(=O)[O],salt,1,TATZOE
Nc1ccc(cc1)C(O)=O,Nc1ccc(cc1)N(=O)=O,cocrystal,2,RILJEB
OC(=O)C1=CC=C(Cl)C=C1,OC(=O)C1=CC=CC=C1Cl,failed,0,
Fc1c(F)c(I)c(F)c(F)c1I,CN(C)C(=S)N(C)C,cocrystal,2,ATAJUD
NC(N)=[NH2],[N]=[N]=NC1=NN=N[N]1,hydrate,3,DOXKOR
CCOS(=O)(=O)OCC,O=N(=O)N1C2C3N(C4C1N(C(C(N2N(=O)=O)N3N(=O)=O)N4N(=O)=O)N(=O)=O)N(=O)=O,cocrystal,2,CUMHUQ
Cc1ccccc1,CC(C)c1ccc(cc1)N=P(C)(C)c1cc(C)cc2c1Nc1c2cc(C)cc1P(C)(C)=Nc1ccc(cc1)C(C)C,cocrystal,2,CAGPUY
O=[Cl](=O)(=O)[O],[nH]1ccc(cc1)C=Cc1cc[nH]cc1,salt,1,MIFBAH
CCN1C(=O)SC(C1=S)=C1SC(=O)N(CC)C1=S,c1cc2cccc3c4cccc5cccc(c(c1)c23)c45,cocrystal,2,QOLRIV
COc1ccc(Cl)cc1N=NN=P(N1CCOCC1)(N1CCOCC1)C(C#N)=C(C)N1CCCC1,c1ccccc1,cocrystal,2,QUKVUO
OC(=O)C=CC(O)=O,NC(=O)C1=CC=CC=C1O,failed,0,
CC1=C(C=C(C=C1)[N+](=O)[O-])[N+](=O)[O-],CC1=C([N+](=O)[O-])C(=C(C=C1[N+](=O)[O-])[N+](=O)[O-])C,failed,0,
c1cc(ccn1)c1ccncc1,Nc1ccc(cc1)C(O)=O,cocrystal,2,UDUZOI
C1CCN2CCC[NH]=C2CC1,S=C([S])OCc1ccccc1,salt,1,IHELUD
O=C(C=Cc1ccncc1)C=Cc1ccncc1,Oc1cc(O)cc(O)c1,solvate,3,KOLSIO
[NH3]CCNc1ccc(cc1)N(=O)=O,CCC(=O)[O],salt,1,QEPJIF
OC1=CC(=CC=C1)O,CC(=O)NC1=CC=C(O)C=C1,failed,0,
F[P](F)(F)(F)(F)F,CC1=C(C)[n]2c(S1)c(c1ccccc1)c(c1ccccc1)c1ccccc21,salt,1,SIRSIY
NC(=O)C1=CC=NC=C1,COC1=CC=C(C=C1)C(O)=O,failed,0,
OC(=O)C(=O)[O],[NH3]Cc1ccccc1,hydrate,3,AJUMOH
CC(CCC1CC1(C)C)C1CCC2(C)C3CCC4C(C)(C)C(O)CCC4(C)C3=CCC12C,CC,cocrystal,2,BEHKAB
NC1=[NH]C(=O)NC=C1,O=C([O])c1cccnc1,hydrate,3,DUZNIW
ClC1=CC(=CC=C1)Cl,C1=CC=C2C=CC=CC2=C1,failed,0,
Nc1cc(ccc1C(=O)[O])N(=O)=O,CCCC[NH2]CCCC,salt,1,EYUKAM
Nc1cc[nH]cc1,O=C1C=C([O])C(=O)C=C1[O],hydrate,3,YEJSAH
c1ccccc1,CC(CCC(O)=O)C1CCC2C3C(O)CC4CC(O)CCC4(C)C3CC(O)C12C,cocrystal,2,WEYNUJ
NC1=CC=C(C=C1)C(O)=O,CN1C(=C(O)C2=CC=CC=C2S1(=O)=O)C(=O)NC1=CC=CC=N1,failed,0,
FC(F)(P(=O)([O])[O])P(=O)([O])C(F)(F)P(=O)([O])[O],[NH4],hydrate,3,DOWMIN
[nH]1ccc(cc1)C=Cc1cc[nH]cc1,O=N(=O)[O],salt,1,HUKQEJ
NC(=O)C1=CC=C(C=C1)[N+](=O)[O-],CC1=NC=C(CO)C(=C1O)CO,failed,0,
[NH3]Cc1ccccc1,Clc1cccc(c1)C1C(C(=C)CON1c1ccc(cc1)C(=O)[O])c1ccc2ccccc2c1,salt,1,PIGGOC
CC(C)(C)CN1C=[N](CC(C)(C)C)c2cc3ccccc3cc12,F[P](F)(F)(F)(F)F,solvate,3,YOKREW
CC1C2CCC3(C)C=CC(=O)C(=C3C2OC1=O)C,ON(=O)=O,cocrystal,2,LIWHUU
O=[N+]([O-])C1=CC=C(C=C1)[N+](=O)[O-],C1=CC2=CC3=CC=CC=C3C=C2C=C1,failed,0,
[P]1N(C=CN1C1CCCCC1)C1CCCCC1,I[I]I,salt,1,XEVJUE
OC(=O)C1=CC=C(O)C=C1,CCCCCCCC(O)=O,failed,0,
FC(F)(F)S(=O)(=O)[O],CC(C)N1C(=C(C)[N](=C1[P][P](CP(c1ccccc1)c1ccccc1)(c1ccccc1)c1ccccc1)C(C)C)C,solvate,3,ZIJWAU
C[n]1ccc(cc1)c1cc[n](C)cc1,O=S(=O)([O])c1ccc2OCCOCCOCCOc3cc(ccc3OCCOCCOCCOc2c1)S(=O)(=O)[O],hydrate,3,FETTOP
CCN1C=C(C(O)=O)C(=O)c2cc(F)c(N3CC[NH2]C(C)C3)c(F)c12,OC(=O)c1cccc(c1)C(=O)[O],hydrate,3,CURKAD
N(c1ccccc1)C(Nc1ccccc1)=Nc1ccccc1,OC(=O)C(Cl)(Cl)Cl,cocrystal,2,VEKTAG
FC(F)(I)C(F)(F)C(F)(F)C(F)(F)C(F)(F)C(F)(F)C(F)(F)C(F)(F)I,O=C(NCCNC(=O)c1cccnc1)c1cccnc1,cocrystal,2,BOMWUX
CN1C=NC2=C1C(=O)N(C)C(=O)N2C,OC(=O)c1ccccc1,cocrystal,2,AFEREK
OC(=O)c1ccc(O)cc1,NNC(=O)c1ccncc1,hydrate,3,BICQUB
[NH4],O=N(=O)C1=C2N=N[N]N2C(N=[N]=[N])N2N=NN=C12,hydrate,3,LINRIN
FC(F)(F)S(=O)(=O)[N]S(=O)(=O)C(F)(F)F,CCN1C=[N](C)C(=C1Br)Br,salt,1,AGOCOQ
CCC1CN2CCC34C2CC1C1CC2(O)OC(CO)C5OC31N(C25)c1ccccc41,Cl,hydrate,3,YULNEZ
Nc1[nH]cnc2NC=[NH]c12,Cc1ccc(cc1)S(=O)(=O)[O],hydrate,3,DUMYIU
OC(=O)CCCCC(O)=O,S1C=CC(=C1)C=Cc1ccncc1,cocrystal,2,ROJCEA
OC(=O)Cc1ccccc1,NC(=O)c1ccccc1,cocrystal,2,MECHAF
[NH4],OC(C(O)C(O)C(=O)[O])C(O)C(O)=O,salt,1,WASBUO
OP(F)(=O)[O],CC[NH](CC)CC,salt,1,XOMPIY
CC(=O)OCC1OC(O)C(OC(C)=O)C(OC(C)=O)C1OC1OC(COC(C)=O)C(OC(C)=O)C(OC(C)=O)C1OC(C)=O,Cc1ccccc1,cocrystal,2,NUZRUV
OC(=O)CC(C(CC(O)=O)C(=O)[O])C(=O)[O],Oc1cccc2ccc[nH]c12,hydrate,3,DUJMUS
CC(=O)C1CCC2C3CC=C4CC(O)CCC4(C)C3CCC12C,OC(=O)C1=CC2=CC=CC=C2C=C1O,failed,0,
CC1=CC2=C(C=C1)C=C(C)C=C2,CC1=CC2=CC=CC=C2C=C1C,failed,0,
O=N(=O)[O],[NH2]1CCN2CC[NH2]Cc3ccccc3OCC[NH](CCOc3ccccc3C1)CCOc1ccccc1C[NH2]CC2,hydrate,3,BURKEF
O=C1[N]S(=O)(=O)c2ccccc12,[NH3]CCCCCCC[NH3],hydrate,3,VUNNAU
CN1c2cc(C)c(C)cc2N=C2C(=NC(=O)N=C12)O,Oc1cc2ccccc2cc1O,hydrate,3,LUNMPO10
CNC(=O)c1cc(Oc2ccc(NC(=O)Nc3ccc(Cl)c(c3)C(F)(F)F)cc2)ccn1,Cc1ccc(cc1)S(O)(=O)=O,solvate,3,HOLKEB
[NH4],Nc1c(c(N)c(c([O])c1N(=O)=O)N(=O)=O)N(=O)=O,hydrate,3,IBOPOG
CC1=CC2=C(C=C1C)N(CC(O)C(O)C(O)CO)C1=NC(=O)NC(=O)C1=N2,NC(=O)C1=CC=CC=C1O,failed,0,
C1CC2=CC=CC3=C2C1=CC=C3,N#CCCC#N,failed,0,
N1C2=CC=CC=C2C2=CC=CC=C12,OC1=CC=CC=C1[N+](=O)[O-],failed,0,
CC=CC,Cc1cc(Cl)cc(C2=NC(=NO2)CS(C)(=O)=O)c1NC(=O)C1=CC(=NN1c1ncccc1Cl)Br,cocrystal,2,XEBPAY
C[NH]1CCN(CC1)C1=Nc2ccccc2NC2=C1C=C(C)S2,O=C([O])c1cccnc1,salt,1,TAQNUV
F[P](F)(F)(F)(F)F,CSc1nc2ccc3cccc4ccc([n]1C)c2c34,salt,1,OTOFEJ
C[P]1(c2ccccc2)C2=C(Sc3ccccc23)C2=C1c1ccccc1S2,FC(F)(F)S(=O)(=O)[O],salt,1,XOJBUU
CC1=CC=C(C=C1)C(O)=O,OC(CC(O)=O)C(O)=O,failed,0,
Nc1[nH]c(N)nc(N)n1,O=C([O])c1cc(C(=O)[O])c(cc1C(=O)[O])C(=O)[O],hydrate,3,QETPIP
COc1cc(ccc1O)C=NN1C=[NH]N=C1,O=N(=O)[O],salt,1,PEGWOQ
[NH3]C(Cc1ccccc1)C(=O)NNc1ccccc1,Oc1ccc(cc1)C(=O)[O],solvate,3,VIBBUG
COC(=O)c1cc(O)c(O)c(O)c1,CN1C=NC2=C1C(=O)N(C)C(=O)N2C,cocrystal,2,DIJVOH
O=C1CCC(=O)N1,OC(=O)C1=CC=CC=C1,failed,0,
CN(C)c1cc[nH]cc1,CC(C)(C)c1cc(cc(c1[O])C(C)(C)C)N(=O)=O,salt,1,RADDIK
[NH3]C(CC1=C[NH]=CN1)C(=O)[O],O=C([O])c1ccc(cc1)N(=O)=O,salt,1,FUQFEE
c1cc2ccc3cccc4ccc(c1)c2c34,N#Cc1nc2c(nc1C#N)c1nc(C#N)c(nc1c1nc(C#N)c(nc21)C#N)C#N,solvate,3,XAPCUQ
[NH3]CCC[NH2]CC[NH2]CCC[NH3],OP(=O)([O])[O],hydrate,3,EDOKAJ
OC1=C(Cl)C(=O)C(=C(Cl)C1=O)[O],[nH]1ccc(cc1)C#Cc1ccncc1,salt,1,ABUHUA
Clc1ccc(cc1)C1CC(=NN1C1=NC(=C(S1)N1C=NC=N1)c1ccccc1)c1ccc(Cl)cc1,Clc1ccc(cc1)C1CC(=NN1C1=NC(=C(S1)[C]1C=CC=C1)[n]1cnccn1)c1ccc(Cl)cc1,cocrystal,2,BAKLOQ
C1=CC=C2C=CC=CC2=C1,C1=CC=C2C(=C1)C=CC1=CC=CC=C21,failed,0,
Oc1cc(O)cc(c1)c1c2ccccc2cc2ccccc12,CC(C)OC(=O)c1ccccc1,cocrystal,2,REKKAT
C1CN2CCN1CC2,Oc1ccc(cc1)c1nc(nc(n1)c1ccc(O)cc1)c1ccc(O)cc1,solvate,3,MABWAR
OC(CC(O)=O)C(O)=O,OC(=O)C1=CC=C(F)C=C1,failed,0,
[NH3]Cc1ccccc1,O=C([O])c1cccc(c1C(=O)[O])N(=O)=O,hydrate,3,FELFAG
O=C1CCCCOc2ccc(OCCCCC(=O)OCCOCCOc3cccc4c(OCCOCCO1)cccc34)cc2,O=C1N2CC#CC#CCN3C(=O)c4ccc5C(=O)N(CC#CC#CCN6C(=O)c7ccc1c1c(ccc(C6=O)c71)C2=O)C(=O)c1ccc(C3=O)c4c51,solvate,3,IVUNUI
OC(=O)c1ccccc1O,NC1=NC(=O)N(C=C1)C1OC(CO)C(O)C1O,cocrystal,2,SALCYS
OC1=[NH]C=CN1,FC(F)(F)C(=O)[O],salt,1,HIPVAH
N#CC(C#N)=C(C#N)C#N,N1c2ccccc2C2=C1c1ccccc1S2,cocrystal,2,VIFFEV
OCC(O)C1OC(=O)C(=C1O)O,CC1=CC=CC=C1C(N)=O,failed,0,
NC(=O)C1=CC=C(N)C=C1,OC(=O)CCCCC(O)=O,failed,0,
CC1=CC2=CC=CC=C2N1,N1C=CC2=CC=CC=C12,failed,0,
CCCCCCCCCC(O)=O,CCCCCCCCCCCC(O)=O,failed,0,
Cc1ccc2ccccc2n1,Oc1ccc2ccccc2c1c1c(O)ccc2ccccc12,cocrystal,2,IWARUT
Cc1ccc(cc1)C1=N[N](=C(N1Nc1ccccc1)c1ccc(C)cc1)c1ccccc1,FC(F)(F)S(=O)(=O)[O],salt,1,OSABER
NC(=S)C(N)=S,C1COCCOc2ccccc2OCCOCCO1,cocrystal,2,FIYXAM
O=N(=O)[O],[NH3]CCN(CC[NH3])CC[NH3],salt,1,FOTLIK
OC(=O)CC(=CC(O)=O)C(O)=O,COC1=CC=CC(=C1)C(O)=O,failed,0,
O=N(=O)c1ccc(cc1)S(=O)(=O)[O],CCCCC(O)COc1ccc(NC(=O)CC[N](C)(C)C)cc1,salt,1,UHAWOP
N#Cc1ccncc1,Oc1cccc(O)c1,cocrystal,2,KIHZAD
O=C([O])CCCCC(=O)[O],CCOc1ccccc1OCC[NH2]C(C)Cc1ccc(OC)c(c1)S(N)(=O)=O,hydrate,3,WIGZUJ
BrC1=C(Br)C(=O)C(=C(Br)C1=O)Br,Nc1cccc2c(N)cccc12,cocrystal,2,UBUQIU01
CC(C)CN1C=Nc2c(N)[nH]c3ccccc3c12,O=C([O])CCC(=O)[O],hydrate,3,QUFDIF
Oc1cc(cc(O)c1O)C(=O)[O],[NH2]1C=Nc2ccccc12,salt,1,CIZSAJ
F[P](F)(F)(F)(F)F,CC1(C)c2cccc3Oc4cccc5Oc6cccc1c6[C](c45)c23,salt,1,JEQRIJ
[NH3]C(C)(C)C[NH2]C(C)C,OC(CC(=O)[O])C(=O)[O],salt,1,DEVGEQ
C1=CC2=CC3=CC=CC=C3C=C2C=C1,CC1=CC(=C(C=C1)[N+](=O)[O-])[N+](=O)[O-],failed,0,
OC(=O)C=CC(=O)[O],[NH3]C(C(C)C)C(O)=O,salt,1,NUZMIG
CC(CCCCC(O)=O)C1CCC2C3C(O)CC4CC(O)CCC4(C)C3CC(O)C12C,C=C#N,cocrystal,2,QOVZIK
O=C([O])C1[NH2]CCC1,Oc1cc(O)c2C(=O)C=C(Oc2c1)c1ccc(O)c(O)c1,cocrystal,2,EJEQIV
OC(=O)c1c(F)cccc1F,c1cc(ccn1)C=Cc1ccncc1,cocrystal,2,BOVYIW
CCCCN1C=C[N](=C1C)C,CS(=O)(=O)[O],salt,1,UZADEG
OC(=O)C=CC(O)=O,CC1=CC=C(C=C1)C(O)=O,failed,0,
O=N(=O)C1=NN2C=N[N]C2=N1,[NH4],hydrate,3,BOFQOG
CCCC[N](CCCC)(CCCC)CCCC,[N]=C=Nc1ccc(cc1)N=Nc1ccc(cc1)N=C=[N],hydrate,3,VIYNUN
[NH2](C1CCCCC1)C1CCCCC1,CC1CC1(Cc1ccccc1)C(=O)[O],salt,1,MISXIW
OC(=O)C(O)=O,OC(=O)C1=CC(=CC=C1)F,failed,0,
OC(=O)C1=CC=C(O)C=C1,OCC(O)C1OC(=O)C(=C1O)O,failed,0,
OC(=O)C(O)=O,CN1N=NC2=C(N=CN2C1=O)C(N)=O,cocrystal,2,ACESEI
c1cc(ccn1)c1ccc(cc1)c1ccncc1,CN(c1cccc(c1)C(O)=O)C(=O)N(C)c1cccc(c1)C(O)=O,solvate,3,BIFFON
[OH3],OC(=O)c1ccc(C(O)=O)c2c1cc(cc2S(=O)(=O)[O])N(=O)=O,hydrate,3,XEMMEI
CC(=O)NC1=NN=C(S1)S(N)(=O)=O,NC(=O)c1cccnc1,hydrate,3,RUYGUO
[NH4],O=C(CC#N)[C](C#N)C#N,salt,1,VELPAE
CC12CCC3C(CCC4=C3C=CC(=C4)O)C1CCC2O,CN1C=NC2=C1C(=O)NC(=O)N2C,failed,0,
Cc1ccnc(N)n1,OC(=O)c1ccccc1Cl,cocrystal,2,OZETIY
OC(=O)C1=CC=C(Br)C=C1,OC(=O)C1=CC=C(O)C=C1,failed,0,
O=C1NCc2ccc(CNC(=O)c3cccc(c3)C(=O)NCc3ccc(CNC(=O)c4cccc1c4)cc3)cc2,CCCCN(CCCC)C(=O)CCC(=O)N(CCCC)CCCC,cocrystal,2,REKNON
O=C([O])C1[NH2]CCC1,OC(=O)CSCc1ccccc1,cocrystal,2,XITMIA
N1=N[N]N=N1,NN1C(=[NH]N=C1N)N,salt,1,LARPON
CC([NH]1CCCC1)C(O)c1ccccc1,Nc1ccc(Cl)cc1C(=O)[O],salt,1,DUMJUS
CNC(=O)C1=C(SC([S]1)=C1SC(=C(SC)S1)SC)C(=O)NC,O=[Cl](=O)(=O)[O],salt,1,DIBYAP
COC1=CC=C(C=C1)C(O)=O,OC(=O)C1=CC=CC=C1O,failed,0,
O=N(=O)[N]C1=NON=C1C1=NON=C1[N]N(=O)=O,[NH2]=C1NN=NN1,hydrate,3,CIWWOW
Oc1ccccc1O,CN1c2cccc(n2)N(C)c2cccc(n2)N(C)c2cccc(n2)N(C)c2cccc1n2,cocrystal,2,VIKVOB
O=C1CN(N=CC2=CC=C(O2)N(=O)=O)C(=O)N1,NC(=O)c1ccccc1N,cocrystal,2,JEDJAH
OC1=C(Br)C(=O)C(=C(Br)C1=O)O,c1cnc(nc1)c1ncccn1,hydrate,3,EBAWEK
OC(c1ccccc1)(c1ccccc1)c1ccc(cc1)C(O)(c1ccccc1)c1ccccc1,Cc1ccncc1,cocrystal,2,HITKEE
NC1=CC=CC=C1[N+](=O)[O-],NC(=O)C1=CN=CC=C1,failed,0,
FC(F)=C[I]c1ccccc1,FC(F)(F)S(=O)(=O)[O],salt,1,BEVVOR
O=N(=O)[O],[N]=[N]=Nc1nc2NC=[NH]c2c(N=[N]=[N])n1,salt,1,BORQIM
[NH3]NC(=O)NN,O=N(=O)[N]N1N=NN=C1C1=NN=NN1[N]N(=O)=O,salt,1,REJMUR
[NH2](CC[NH2]Cc1c[nH]ccc1)Cc1c[nH]ccc1,O=N(=O)[O],salt,1,HORGAY
CC(=O)OC(c1ccccc1)C1(O)N(C(=O)c2ccccc12)S(=O)(=O)c1ccc(C)cc1,c1ccccc1,cocrystal,2,POJZET
[NH3]C(CCCNC(N)=[NH2])C(=O)[O],Oc1ccc(O)c(c1)C(=O)[O],hydrate,3,EWINAZ
CCCCCCCCCCCCCC[N](C)(C)C,Oc1ccccc1C(=O)[O],hydrate,3,HABVIP
O=C(NN=Cc1ccccn1)c1ccncc1,OC(=O)CCCCC(O)=O,hydrate,3,LATCUG
Oc1ccc2ccccc2c1c1c(O)ccc2ccccc12,O=P(c1ccccc1)(c1ccccc1)c1ccccc1,cocrystal,2,UMETEL
O=[Cl](=O)(=O)[O],C[NH](Cc1ccc2ccccc2n1)C1CCCCC1N(C)Cc1ccc2ccccc2n1,salt,1,ONONAJ
OC(=O)C1=CC(=CC=C1)F,OC(=O)C=CC(O)=O,failed,0,
COc1ccc2cc(ccc2c1)C(C)C(=O)[O],[NH3]C(C)c1ccccc1O,hydrate,3,PAMPIF
OC1CC2[NH]3CC(O)C2(C=C1)c1cc2OCOc2cc1C3,O=N(=O)c1cc(c([O])c(c1)N(=O)=O)N(=O)=O,solvate,3,LOBNUO
CCCN(CCC)[c]1c(N(CCC)CCC)c1N(CCC)CCC,FC(F)(F)S(=O)(=O)[N]S(=O)(=O)C(F)(F)F,salt,1,APIWAZ
FC1=C(F)C(C(=C(F)C1=C(C#N)C#N)F)=C(C#N)C#N,O1c2cccc3Oc4cccc5Oc6cccc1c6N(c23)c45,solvate,3,TEWQEV
c1ccccc1,Oc1c(CC(=O)NCC2=CC=CO2)c2OC(=O)Cc2c2OC(=O)Cc12,cocrystal,2,OXANEI
OC(=O)c1cccc(c1)C(=O)[O],Nc1[nH]cnc2NC=Nc12,solvate,3,XIVBOV
OC(=O)CC(O)=O,NC1=NC=C(Br)N=C1Br,failed,0,
Oc1cccc(C(=O)[O])c1O,[NH3]Cc1ccccc1O,hydrate,3,NAXDEZ
[C]c1[c][c][c][c][c]1,CC1(C)OC(C)(C)c2cc3c(cc12)C1=C2c4cc5c(cc4C2=C2c4cc6c(cc4C2=C31)C(C)(C)OC6(C)C)C(C)(C)OC5(C)C,cocrystal,2,KASCIQ
COC1=CC=CC=C1C(N)=O,OC(=O)C1=CN=CC=C1,failed,0,
Cc1ccc(cc1)S(=O)(=O)[O],CC1(C)OC2OC3C(O)C[NH2]CC3C2O1,hydrate,3,DILCAE
CC(C)C(C(N)=O)c1ccccc1,OC(=O)c1ccccc1O,cocrystal,2,ONODAY
NC1=[NH]C2=C([NH]=CN2)C(=O)N1,O=N(=O)[O],hydrate,3,HUMNEI
COc1ccc2[nH]c(cc(N(C)C)c2c1[NH](C)C)N(C)C,O=N(=O)c1cc(c([O])c(c1)N(=O)=O)N(=O)=O,solvate,3,CABKUO
FC1=C(F)C2=NSN=C2C(=C1F)F,S1C=CSC1=C1SC=CS1,cocrystal,2,PETCEA
O=C1C(=O)c2cccnc2c2ncccc12,Fc1c(I)c(F)c(I)c(F)c1I,cocrystal,2,POLROB
Cc1c[nH]c(N)cc1,Oc1ccc(Cl)cc1C(=O)[O],salt,1,NEQCOD
CC12CCC(CC1)C(C)(C)O2,CC1=CC2=CC=CC=C2N1,failed,0,
CC1=CC(=NN1)C,Oc1ccc(cc1)C1(CCCCC1)c1ccc(O)cc1,cocrystal,2,WAPTAI
COc1cccc[n]1I([n]1ccccc1OC)c1ccccc1,FC(F)(F)S(=O)(=O)[O],solvate,3,AKUSUW
c1ccccc1,CC(N1C=CC(=N1)c1ccccc1)(N1C=CC(=N1)c1ccccc1)N1C=CC(=N1)c1ccccc1,cocrystal,2,FIJXEE
O=S(=O)([O])c1ccc2ccc(cc2c1)S(=O)(=O)[O],N[n]1ccc(cc1)c1cc[n](N)cc1,hydrate,3,SILSUF
IC1=C(I)SC(S1)=C1SC2=C(SCCS2)S1,FC1=CC(C(=CC1=C(C#N)C#N)F)=C(C#N)C#N,cocrystal,2,QINDOI
[NH3]c1ccc(Br)c(C)c1,O=[Cl](=O)(=O)[O],salt,1,CUDCOU
FC(F)(F)S(=O)(=O)[O],C[P](c1ccccc1)(c1ccccc1)C1=C(SC=C1)C1=NC=CS1,salt,1,VEQKOU
O=C1c2cccc3OCCOCCOCCOCCOc4cccc1c4C(=O)c23,[O]N(O)=O,hydrate,3,NEYBOI
Cc1ccc(cc1)S(=O)(=O)[O],COC(=O)C(Cc1ccccc1)[P](c1ccccc1)(c1ccccc1)c1ccccc1,salt,1,KEDVUL
CC1=CC2C3C=C(C)C(NC3=O)C1NC2=O,OC(=O)c1cc(cc(c1)C(O)=O)C(O)=O,hydrate,3,YEPJIN
[NH3]CCCCCC[NH3],O=S(=O)([O])[O],hydrate,3,WICBOB
NC(=O)C1=CC=CC=C1,CC1=CC(=CC=C1)C(O)=O,failed,0,
[NH3]C(C([NH3])c1ccccc1)c1ccccc1,O=C([O])Cc1cccc(CC(=O)[O])c1,solvate,3,UDOLEF
NC(=O)c1ccncc1,OC(=O)CCCCCCCCCCCBr,cocrystal,2,LUNMUC
C[NH]1CC[NH2]CC1,OC(=O)C(=O)[O],salt,1,TODDUN
Cc1c(C)c2cccnc2c2ncccc12,Oc1c(O)c(Cl)c(Cl)c(Cl)c1Cl,cocrystal,2,QOLMIP
NC1=CC=CC(=C1)C(O)=O,OC(=O)CCSCCC(O)=O,failed,0,
NC(CCC(O)=O)C(O)=O,NC(=O)C1=CC(=CC=C1)[N+](=O)[O-],failed,0,
FC(F)(F)S(=O)(=O)[O],CCN(CC)C=CC1=C(CC)C(=[NH]C(=N1)C)C,salt,1,TITTOF
Brc1cc(cc(c1[O])N(=O)=O)N(=O)=O,COC1CC23[NH](CC=C2C=C1)CC(OC)c1cc(OC)c(OC)cc31,salt,1,ERYSTM10
C[N](C)(C)Cc1ccccc1,[OH],hydrate,3,QIJDES
NC1=CC=CC=C1C(O)=O,OC(CC(O)=O)C(O)=O,failed,0,
CC1=CC=C(C=C1)C(O)=O,OC(=O)CCl,failed,0,
c1cc(ccn1)c1ccncc1,OC1=CC(=O)c2ccccc2C1=O,cocrystal,2,GUNWIX
I[I]I,COc1cc2[n]3c4ccccc4c4ccccc4c3c(I)c(c3ccc(Cl)cc3)c2cc1OC,solvate,3,PAQMUS
COc1ccc(c(N)c1)N(=O)=O,Nc1ccc(cn1)N(=O)=O,cocrystal,2,IMIDAL
CN1C=NC2=C1C(=O)N(C)C(=O)N2C,OC(=O)C1=CC=C(F)C=C1,failed,0,
C1=CC=C2C=CC=CC2=C1,NCCCCCCCCN,failed,0,
BrBr[Br],CC[P](c1ccccc1)(c1ccccc1)c1ccccc1,salt,1,BAFTOT
FC(F)(F)C(=O)[O],CCOC(=O)CC1C[NH]2CCC3=C(Nc4ccccc34)C2CC1C(=O)OCC,salt,1,SUFXAV
CC1=CC=C(C=C1)C(O)=O,OC(=O)C(Cl)Cl,failed,0,
NC1=CC=C(C=C1)C(O)=O,COC1=CC2=C(C=C1)N(C(=C2CC(O)=O)C)C(=O)C1=CC=C(Cl)C=C1,failed,0,
Cc1ccnc(N)n1,Cc1ccccc1C(O)=O,cocrystal,2,WICZUF
[NH4],Cc1c(Cl)cccc1OCC(=O)[O],salt,1,QAZGUW
COC1=CC2=C(C=C1)N(C(=C2CC(O)=O)C)C(=O)C1=CC=C(Cl)C=C1,OC(=O)C=CC(O)=O,failed,0,
[NH4],O=N(=O)[N]C1=NC(=NO1)CN1N=NN=C1[N]N(=O)=O,salt,1,RANGUM
c1ccc2nc3ccccc3nc2c1,OC(=O)c1c(O)cc(O)cc1O,cocrystal,2,XIPVAU
CC12CCC3C(CCC4=C3C=CC(=C4)O)C1CCC2O,OC(=O)C1=CC2=CC=CC=C2C=C1,failed,0,
NC1=NC(=CC(=O)N1)N,CC1=CC(=O)NC(=S)N1,solvate,3,YOZWIV
ClC1=C(Cl)C(=O)C(=C(C#N)C1=O)C#N,S1c2ccccc2c2ccccc12,cocrystal,2,KUQXIG
O=C([O])c1cc(cc(c1)N(=O)=O)N(=O)=O,C[NH2]c1ccccc1,salt,1,PEZMUC
CN1C=NC2=C1C(=O)NC(=O)N2C,OC(=O)c1cc(Cl)ccc1O,cocrystal,2,CSATBR
CC(=O)NC1=CC=C(O)C=C1,O=C1NS(=O)(=O)C2=CC=CC=C12,failed,0,
O=C1ON=C([N]1)C1=NON=C1[N]N(=O)=O,[NH4],salt,1,YIMXOK
NC(N)=NC1=NC(=CS1)CSCCC(N)=NS(N)(=O)=O,O=C1NS(=O)(=O)C2=CC=CC=C12,failed,0,
F[P](F)(F)(F)(F)F,NC(=[NH2])SCc1cccc(CSC(N)=N)c1,hydrate,3,CAZLEY
Nc1[n](O)c(N)c(c(N)[n]1O)N(=O)=O,O=N(=O)C1=C([N]C(=N1)C1=NC(=C([N]1)N(=O)=O)N(=O)=O)N(=O)=O,salt,1,WELNAG
NC1=CC=C(C=C1)[N+](=O)[O-],OC1=CC=CC=C1C1=CC=CC=C1,failed,0,
O=C1C(=O)C(=C1NCCc1[nH]cccc1)NCCc1[nH]cccc1,O=N(=O)[O],salt,1,NIZXIE
Cc1c(Cl)cccc1Nc1ccccc1C(=O)[O],Nc1[nH]nc(c(N)n1)c1cccc(Cl)c1Cl,solvate,3,YEMZID
[NH4],O=N(=O)C1=NN([O])N=N1,salt,1,IMUWOD
O=Cc1ccc(C=O)cc1,C#Cc1ccc(cc1)C#C,cocrystal,2,AWOJON
O=C([O])C(c1ccccc1)c1ccccc1,[NH3]CCC,salt,1,YABFIS
NC(=O)N1c2ccccc2C=Cc2ccccc12,Nc1nc(N)nc(n1)c1ccccc1,cocrystal,2,BIXBOC
OC(C(O)C(O)=O)C(O)=O,NC(=O)C1=NC=CN=C1,failed,0,
[nH]1ccccc1c1ccccn1,Nc1cccc(c1)S(=O)(=O)[O],hydrate,3,WOLLOB
Fc1ccc(OCC(=O)[O])cc1,[NH4],salt,1,ZOWWIT
NCC=C,CCCCCCCCCCO,cocrystal,2,WELDOK
[NH3]C1=C(N)NC(=[NH2])NC1=O,O=S(=O)([O])[O],salt,1,HACDEU
OC(C#C)(c1ccccc1)c1ccccc1Cl,C1CN2CCN1CC2,cocrystal,2,VAWLAG
[nH]1cccc2ccccc12,OC(=O)C=CC(=O)[O],salt,1,RABYID
NC(=O)C1=CC=C(C=C1)[N+](=O)[O-],OC(=O)C1=CN=CC=C1,failed,0,
FC(F)(F)S(=O)(=O)[O],CN(C)c1cc[n](cc1)P(C)C,salt,1,DITBAK
NC(=O)C1=NC=CN=C1,OC(C(O)C(O)C(O)=O)C(O)C(O)=O,failed,0,
OC(=O)c1ccc(O)c(O)c1,c1ccc2nc3ccccc3nc2c1,solvate,3,TEWREW
OC(=O)C(F)(F)F,COc1ccc(cc1)N1C(=O)c2ccc3C(=O)N(C(=O)c4ccc(C1=O)c2c34)c1ccc(OC)cc1,cocrystal,2,QEFCEJ
OC(=O)C1=CC(=CC=C1)F,OC1=CC=C(O)C=C1,failed,0,
C1=CC2=CC3=CC=CC=C3C=C2C=C1,C1=CC=C2C(=C1)C=C1C=CC3=C4C(=CC=C3)C=CC2=C14,failed,0,
c1ccc(cc1)C#CC(C#Cc1ccccc1)=C1c2ccccc2c2ccccc12,N#CC(C#N)=C1C=CC(C=C1)=C(C#N)C#N,cocrystal,2,YAMZOC
OC(=O)c1cc(cc(c1[O])N(=O)=O)N(=O)=O,[NH3]C(C)c1ccccc1,salt,1,INELUI
[NH3]O,O=N(=O)N=C1[N]N=NN1[N]N(=O)=O,salt,1,CUPZEU
OC(=O)CCl,OC(=O)CC1=CC=CC=C1,failed,0,
OC(=O)CCCCCC(O)=O,OC(=O)C1=CC=CC=C1,failed,0,
[NH3]C(CC1=CNc2ccccc12)C(=O)[O],COc1ccc2cc(ccc2c1)C(C)C(O)=O,hydrate,3,RODSOU
OC(=O)C1=CC(=CC=C1)[N+](=O)[O-],OC(=O)C1=CC(=CC(=C1)[N+](=O)[O-])[N+](=O)[O-],failed,0,
Cc1cc(C)c(c(C)c1)C1(O)c2ccccc2Oc2ccccc12,Brc1ccccc1,cocrystal,2,DECCAR
NC(=O)C1=CC=CC=C1,NC(=O)C1=CC(=CC=C1)F,failed,0,
NC(=O)CN1CCCC1=O,OC(=O)C=CC(O)=O,failed,0,
Fc1c(Br)c(F)c(Br)c(F)c1Br,c1ccc2c(c1)ccc1ccccc21,cocrystal,2,QEVWOG
OC(=O)CC(=CC(O)=O)C(O)=O,NC1=CC=CC=C1C(O)=O,failed,0,
OC(=O)C1=CC(=CC=C1)F,O=C1CCCN1,failed,0,
FC(F)(F)C(=O)[O],C[NH](C)C12CC(=CC(CC3=C1C=CC(=O)N3)C2C=C)C(O)=O,hydrate,3,OFIHAN
CC1=NN(c2ccccc2)C(=C1[P](c1ccccc1)(c1ccccc1)c1ccccc1)[O],c1ccccc1,cocrystal,2,WALTUZ
OC(=O)C(F)(F)C(F)(F)C(F)(F)C(F)(F)C(O)=O,CN1C=NC2=C1C(=O)N(C)C(=O)N2C,cocrystal,2,UVIMES
OC(=O)C1=CN=CC=C1,NC(=O)C1=CC(=CC=C1)F,failed,0,
N1C=[NH]c2ccccc12,Oc1ccc(cc1C(=O)[O])N(=O)=O,salt,1,LUCQUX
Cc1ccc(C)cc1,Cc1c(CSC2=NN=NN2c2ccccc2)c(C)c(CSC2=NN=NN2c2ccccc2)c(C)c1CSC1=NN=NN1c1ccccc1,cocrystal,2,ONECAM
OC1=C(C=C(C=C1[N+](=O)[O-])[N+](=O)[O-])[N+](=O)[O-],CC1=C(C=C(C=C1)[N+](=O)[O-])[N+](=O)[O-],failed,0,
Cc1ccccc1,CC1=C(C(c2ccccc2SCCc2ccccc2)C2=C(COC2=O)N1)C(O)=O,cocrystal,2,TIDXEJ
S=C([S])N1CCOCCOCCN(CCOCCOCC1)C(=S)[S],CC[NH](CC)CC,salt,1,SUDSAO
O=C([O])CC1=CNc2ccccc12,C[N]1=CN(C2OC(CO)C(O)C2O)C2=C1C(=O)NC(=N2)N,hydrate,3,GATSAV
O=N(=O)c1cc(c([O])c(c1)N(=O)=O)N(=O)=O,C[n]1cccc(c1)C(N)=O,salt,1,MNICPC
[NH3]C(C(=O)NC1C2SCC(=C(N2C1=O)C(=O)[O])C)C1=CCC=CC1,COC(=O)c1cccc(O)c1,cocrystal,2,VOQKOB
OC(=O)c1cc(cc(c1)C(=O)[O])C(O)=O,CN1CC(=O)NC1=[NH2],hydrate,3,JOCBAH
O=C1C=CC(=O)c2ccccc12,O=N(=O)N1C2C3N(C1C1N(C(C(N3N(=O)=O)N1N(=O)=O)N2N(=O)=O)N(=O)=O)N(=O)=O,cocrystal,2,ROSMIX
CC(C)c1cc(C(C)C)c(NC(C)=CC(C)=Nc2c(cc(cc2C(C)C)C(C)C)C(C)C)c(c1)C(C)C,Cc1ccccc1,cocrystal,2,NUBBAR
CN(C)c1cc[nH]cc1,Clc1cc(cc(Cl)c1[O])N(=O)=O,salt,1,NUKBIE
CCCC[N](CCCC)(CCCC)CCCC,OC(=O)c1ccc(cc1)C(=O)[O],salt,1,ALURUW
NC1=NC=C(Br)N=C1Br,OC(=O)CCC(O)=O,failed,0,
Nc1c[nH]ccc1,OC(=O)c1c(C(=O)[O])c(C(O)=O)c(C(=O)[O])c(C(O)=O)c1C(=O)[O],salt,1,BAXZAC
OC(=O)Cc1cccc2ccccc12,c1ccc2nc3ccccc3cc2c1,cocrystal,2,NOVSIA
N#Cc1ccccc1,Nc1nnc(c(N)n1)c1cccc(Cl)c1Cl,cocrystal,2,ROKVEW
CC(C)N1C=[N](C(C)C)C(=C1C)C,O=C=[P],salt,1,VOBCOH
Fc1nc(F)c(F)c(I)c1F,Cc1ccccc1,cocrystal,2,FAQYOP
NC(=[NH2])NCC1CCC(CC1)C(=O)Oc1ccccc1C(=O)OCc1ccccc1,O=C1[N]S(=O)(=O)c2ccccc12,hydrate,3,YIDTOX
C1COCCOCCOCCOCCOCCO1,Oc1cccc(c1)N(=O)=O,hydrate,3,CEHGUR
OC(=O)C1=CC=CC=C1O,CC1=CC=C(C=C1)C(O)=O,failed,0,
CN1N=NC2=C(N=CN2C1=O)C(N)=O,OC(=O)c1cc(O)ccc1O,hydrate,3,TOFDUR
CC1=CC(=NS(=O)(=O)O1)O,COc1cc(OC)c2C(=O)C3(Oc2c1Cl)C(C)CC(=O)C=C3OC,hydrate,3,GEPJIW
O=C([O])c1nccnc1C(=O)[O],Nc1[nH]c(N)nc(N)n1,hydrate,3,XUJXAE
C[NH](C)CCCC[NH](C)C,[S]C#N,salt,1,MOWGOV
CC1=C(C=C(C=C1[N+](=O)[O-])[N+](=O)[O-])[N+](=O)[O-],CC1=C([N+](=O)[O-])C(=C(C=C1[N+](=O)[O-])[N+](=O)[O-])C,failed,0,
CC1(O)CCC2C3CCC4CC5=NNC=C5CC4(C)C3CCC12C,CC1(O)CCC2C3CCC4CC5=C(CC4(C)C3CCC12C)C=NN5,solvate,3,AVEQIC
Cc1ccccn1,OC(c1ccccc1)(c1ccccc1)C(O)(c1ccccc1)c1ccccc1,cocrystal,2,FEPBOS
BrC1=CC=C(Br)C=C1,ClC1=CC(=CN=C1)Cl,failed,0,
OC(=O)c1ccc(Cl)cc1N(=O)=O,c1cnccn1,cocrystal,2,OBULUU
N#C[N]c1[nH]c(nc(n1)[N]C#N)[N]C#N,Nc1[nH]c(N)nc(N)n1,hydrate,3,KIFQAS
OC(=O)c1cccc([n]1[O])C(=O)[O],Nc1[nH]c(N)nc(N)n1,hydrate,3,TOTTAZ
OC(=O)c1cc(O)c(O)c(O)c1,CCOC(=O)Nc1ccc(NCc2ccc(F)cc2)cc1N,cocrystal,2,YETKOA
OC(=O)C1=CC=CC=C1,OC(=O)CCCC(O)=O,failed,0,
CN(C)c1ccc(C=CN2C=C[N](=C2)C)cc1,O=S(=O)([O])c1cccc2ccccc12,salt,1,CISJEV
O=S(=O)([O])[O],NC(=[NH2])NN=Cc1ccc(cc1)C=NNC(N)=[NH2],hydrate,3,JUXROL
N1C=C[NH]=C1C1=NC=CN1,OC(C(O)C(=O)[O])C(O)=O,hydrate,3,SOMCAA
OC(C(=O)[O])c1ccc2ccccc2c1,[NH3]C(C)c1ccccc1,salt,1,MEGVEZ
CC1=CC=CC=C1C(N)=O,OC(=O)C1=CN=CC=C1,failed,0,
OC(=O)c1ccccc1C(=O)[O],CC1=CC2=[O]C(=CC3=CC(=CC(=C23)O1)O)C,hydrate,3,CILZAA
CC1=CC=C(C=C1)C(O)=O,OC(=O)C1=CC=CC=C1,failed,0,
OC(=O)C(O)=O,CNC(=O)NC,cocrystal,2,KIDXEC
OC1=CC2=CC=CC=C2C=C1,NC(=O)C1=CN=CC=C1,failed,0,
O=[Cl](=O)(=O)[O],C=CC[n]1cc2ccc3c[n](CC=C)cc4ccc(c1)c2c34,salt,1,ECAXOV
O=N(=O)[O],Nc1[nH]cc(cc1)C(O)=O,salt,1,RAGJOB
CCCc1[nH]ccc(c1)C(N)=S,Cc1ccc(cc1)S(=O)(=O)[O],salt,1,LISJOQ
FC(F)(F)c1cccc(NC(=O)Nc2cccc(c2)C(F)(F)F)c1,O=P(c1ccccc1)(c1ccccc1)c1ccccc1,cocrystal,2,VUWPUA
O=N(=O)c1cc(c([O])c(c1)N(=O)=O)N(=O)=O,Cc1[nH]c(NS(=O)(=O)c2ccc(N)cc2)nc(C)c1,salt,1,RILQOU
OC1=CC=C(O)C=C1,OC(=O)C1=CC=C(F)C=C1,failed,0,
[NH3]Cc1ccccc1,OC(=O)c1ccc2ccccc2c1,salt,1,LICPIY
Oc1ccc(cc1)C(=O)[O],COc1ccc2nccc(C(O)C3CC4CC[NH]3CC4C=C)c2c1,solvate,3,VAMGAV
Oc1ccccc1O,O=C1Nc2cc(OCCCCN3CCN(CC3)c3cccc4SC=Cc34)ccc2C=C1,cocrystal,2,TUBFII
O=N(=O)c1ccc2c3ccc(cc3C(=C(C#N)C#N)c2c1)N(=O)=O,S1C=CSC1=C1SC=CS1,solvate,3,AHAWUD
[NH3]Cc1ccc(cc1)C#CC#C,O=C([O])CNC(=O)C(=O)NCC(=O)[O],hydrate,3,XOXRAE
Fc1c(F)c(I)c(F)c(F)c1I,O=C(Nc1ccccn1)c1ccncc1,cocrystal,2,UXASIY
F[P](F)(F)(F)(F)F,CC(C)C1=CC2=C(C)C=C(C=C3C=CC(C=C3)=[N]=NC3=C4C(=CC=C(C=C4C(=C3)C)C(C)C)C)C2=C(C)C=C1,salt,1,EFERAK
OC(=O)C(F)(F)F,CN1C=NC2=C1C(=O)N(C)C(=O)N2C,failed,0,
O=C1NC(=C2C(=O)NC(=C12)c1ccc[n](Cc2ccccc2)c1)c1ccc[n](Cc2ccccc2)c1,F[P](F)(F)(F)(F)F,solvate,3,KEZZIC
O=C1NC=CC=C1,Fc1c(F)c(F)c(I)c(F)c1F,cocrystal,2,FAPJUF
CC(C)Nc1cc2[N](=C3C=CC=CC3=Nc2cc1Nc1ccc(Cl)cc1)c1ccc(Cl)cc1,OP(O)(=O)[O],hydrate,3,JIXQEP
CC1(C)CC(=O)OCC2=CC[NH]3CCC(OC(=O)C1)C23,O=N(=O)c1cc(c([O])c(c1)N(=O)=O)N(=O)=O,salt,1,FOMSIJ
CC[NH](CC)CC,Cc1cc(nc(Cl)c1C#N)C(C#N)=C(N)[C](C#N)C#N,salt,1,YANBEY
O=N(=O)c1ccc(cc1)N(=O)=O,Ic1ccc(I)cc1,cocrystal,2,YESZEB
CC1(C)C2CCC1(CS(=O)(=O)[O])C(=O)C2,COc1ccc2CC3[NH](CCc4cc5OCOc5cc34)Cc2c1OC,salt,1,FAVPUN
OC1=CC=CC=C1O,C1=CC=C2C=CC=CC2=C1,failed,0,
CC1=CC2=C(C=C1C)N(CC(O)C(O)C(O)CO)C1=NC(=O)NC(=O)C1=N2,OC(=O)C1=CC=CC=C1[N+](=O)[O-],failed,0,
C1COCCSC(SCCOCCOCCSC(SCCO1)c1ccc2ccccc2c1)c1ccc2ccccc2c1,c1ccccc1,cocrystal,2,ROHCEA
OC(c1ccccc1)(c1ccccc1)c1cc(Cl)cc(Cl)c1c1c(Cl)cc(Cl)cc1C(O)(c1ccccc1)c1ccccc1,CC1CCNC1=O,cocrystal,2,CIWHUM
FC(F)(F)S(=O)(=O)[N]S(=O)(=O)C(F)(F)F,CC[N]12CCN(CC1)CC2,salt,1,REMMUT
N1N=CC=N1,N1C=CC=N1,failed,0,
OC(=O)C(Cc1ccccc1)NC(=O)c1ccc(Cl)cc1,CC(C)CC(NC(=O)c1ccc(Cl)cc1)C(O)=O,cocrystal,2,KOKZAP
[NH3]C12CC3CC(CC(C3)C1)C2,OP(O)(=O)c1cc(cc(c1)P(O)(=O)[O])P(O)(=O)[O],hydrate,3,YOFSES
[NH2]1CCOCC1,O=C([O])C12N3COCN1C(=O)N1COCN(C3=O)C21C(=O)[O],solvate,3,TUWBAO
NC1=NN=NN1,OC(=O)c1cc(O)cc(O)c1,hydrate,3,ADUNIA
CC1CC(NC(C)=O)(C(C)C[NH]1CCc1ccccc1)c1ccccc1,OS(=O)(=O)[O],salt,1,YOLKIT
CN(CC(c1ccccc1)c1ccccc1)C(=O)C=CC(=O)N(C)CC(c1ccccc1)c1ccccc1,O=C1NCc2ccc(CNC(=O)c3cccc(c3)C(=O)NCc3ccc(CNC(=O)c4cccc1c4)cc3)cc2,cocrystal,2,UJURUM
Nc1cc(ccc1C(=O)[O])N(=O)=O,C[NH2]C,salt,1,EYUJUF
[NH4],O=N(=O)C1=N[N]C(=C1N(=O)=O)C1=NN=N[N]1,salt,1,KOZJIW
Fc1c(F)c(F)c(C(=O)[O])c(c1F)C(=O)[O],c1ccc(cc1)[P](c1ccccc1)(c1ccccc1)c1ccccc1,hydrate,3,LOFNEC
NC(N)=[NH2],O=S(=O)([O])CCCCS(=O)(=O)[O],solvate,3,TUQMUN
CC(=O)NC1=NN=C(S1)S(N)(=O)=O,OC(=O)CC(O)=O,failed,0,
[NH3]C(C)c1ccccc1,CCCC1CCC(CC)(CC(=O)[O])C2=C1c1cccc(CC)c1N2,salt,1,SABJOU
O=S(=O)([O])c1ccc(cc1)C(c1ccc(cc1)S(=O)(=O)[O])(c1ccc(cc1)S(=O)(=O)[O])c1ccc(cc1)S(=O)(=O)[O],NC(=[NH2])c1ccc(cc1)C(c1ccc(cc1)C(N)=[NH2])(c1ccc(cc1)C(N)=[NH2])c1ccc(cc1)C(N)=[NH2],hydrate,3,IFAROA
NC(=O)C1=CC=CC=C1,NC(=O)C1=CC(=CC=C1)N,failed,0,
OC(=O)C1=CC=C(I)C=C1,COC1=CC=C(C=C1)C(O)=O,failed,0,
Oc1c(cc(cc1N(=O)=O)N(=O)=O)C(=O)[O],[NH3]c1ccc(cc1)S(=O)(=O)NC1=NOC(=C1)C,salt,1,TUJPEV
O=N(=O)[O],[NH2]1CC[NH2]CC[NH2]CC[NH2]CC[NH2]CC[NH2]CC1,hydrate,3,CARZIE
Cc1cc(C)c(N2CC[N](=C2S)c2c(C)cc(C)cc2C)c(C)c1,FC(F)(F)S(=O)(=O)[O],salt,1,PAJLIY
CC12CCC(CC1)C(C)(C)O2,CC1(C)C2CCC(C2)C1=C,failed,0,
COC1=C(O)C=CC(=C1)C=CC(=O)CC(=O)C=CC1=CC(=C(O)C=C1)OC,OC(=O)C1=CC=C(O)C=C1,failed,0,
OC(=O)c1ccccc1C(O)=O,O=P(c1ccccc1)(c1ccccc1)c1ccccc1,cocrystal,2,NUDMOO
CN(C)C(N)=NC(N)=[NH2],O=C([O])C=Cc1ccccc1,hydrate,3,EGOHER
NC(=O)C1=CC(=CC=C1)[N+](=O)[O-],OC(=O)CC(=CC(O)=O)C(O)=O,failed,0,
CC(C(=O)[O])c1ccccc1,[NH3]C(C)c1ccccc1,salt,1,NMACEP
OC(=O)c1cc(C(O)=O)c(cc1C(O)=O)C(O)=O,CC1=CC(=NN1)c1ccccc1,cocrystal,2,ZEBDAO
C1C2=CC=CC=C2C2=CC=CC=C12,CC1=CC(=C(C=C1)[N+](=O)[O-])[N+](=O)[O-],failed,0,
CCCCCCN1C(=O)c2ccc3C(=O)N(CCCCCC)C(=O)c4ccc(C1=O)c2c34,C1COCCOc2cccc3c(OCCOCCOCCOCCOc4cccc5c(OCCOCCO1)cccc45)cccc23,solvate,3,WILKUY
C[NH]=C(N)N,O=S(=O)([O])c1cccc(c1)P(c1ccccc1)c1ccccc1,salt,1,GELCEG
O=C1C=CC(=O)C=C1,O=C1c2ccc(cc2)C(=O)c2ccc(cc2)C(=O)c2ccc3C(=O)c4ccc(cc4c3c2)C(=O)c2ccc1cc2,cocrystal,2,DUPCUP
[NH3]c1ccc(O)cc1,Oc1ccccc1C(=O)[O],salt,1,MUYDUI
CN(C)c1ccc(cc1)N(C)C,N#Cc1cc(C#N)c(cc1C#N)C#N,cocrystal,2,TPDTCB
OC1=C(O)C(=O)C1=O,C[N]1(CCCCC1)CC(=O)[O],cocrystal,2,CAPKUB
C1=CC2=CC3=CC=CC=C3C=C2C=C1,O=C1C2=CC=CC=C2C2=CC=CC=C12,failed,0,
CC1=CC=CC=C1[N+](=O)[O-],OC(=O)C1=CC=CC=C1O,failed,0,
NC1=CC=CC=C1C(O)=O,CCCCCCCC(O)=O,failed,0,
[NH4],O=C([O])[O],hydrate,3,KOYRUN
O=C1Nc2ccccc2N1,OC1=C(Cl)C(=O)C(=C(Cl)C1=O)O,cocrystal,2,CUWPOC
NC1=[NH]N=NN1CCN=[N]=[N],O=[Cl](=O)(=O)[O],hydrate,3,AJARIN
OC(=O)c1ccccc1O,CCC(C)=NNC(=O)c1ccncc1,cocrystal,2,UBILAW
[nH]1cccc(c1)c1ccccc1,OC1=C([O])C(=O)C1=O,salt,1,VUQXEL
Cc1ccc(cc1)S(=O)(=O)[O],NC1=[NH]c2ccccc2S1,salt,1,NIQRUB
OC(=O)CCl,OC(=O)C(Cl)Cl,failed,0,
COc1[nH]c(N)nc(OC)c1,OC(=O)c1cccc(n1)C(=O)[O],hydrate,3,CIDCOI
NC1=Nc2ccc(OC(F)(F)F)cc2S1,OC(=O)CCCC(O)=O,cocrystal,2,NAQNAX
NC(=O)C1=CC=C(F)C=C1,OCC(O)C1OC(=O)C(=C1O)O,failed,0,
OC(=O)c1c(F)c(F)c(c(F)c1F)C(=O)[O],[NH3]CCCOC,salt,1,LOQZEZ
[NH2]=C(Nc1ccccn1)Nc1ccccn1,O=S(=O)([O])[O],hydrate,3,PADGAF
Cc1ccc(cc1)S(=O)(=O)[O],COc1cc2N3C4C5C(CC3=O)OCC=C3C[NH]6CCC4(C6CC53)c2cc1OC,hydrate,3,DATHOW
C1=CC=C2C=CC=CC2=C1,CC12CCC3C(CCC4=C3C=CC(=C4)O)C1CCC2O,failed,0,
O=[Cl](=O)(=O)[O],Oc1ccc(O)c(c1)[S]1CCCC1,salt,1,CUMLAX
[NH3]C(CCCNC(N)=[NH2])C(=O)[O],OC(=O)CC(=O)[O],hydrate,3,MUPNUG
Oc1cc(O)cc(c1)c1c2ccccc2cc2ccccc12,O=N(=O)c1ccccc1,cocrystal,2,REKKUN
CC1CC2CC(=O)C3(O)CCC[NH]4CCCC2(O)C34C1,O=N(=O)[O],hydrate,3,IJURIR
CCOc1ccc(cc1)C=Cc1cccc[n]1C,Cc1ccc(cc1)S(=O)(=O)[O],hydrate,3,HUKZIX
[NH3]O,NC1=N[N]C(O1)=C1N=NN=N1,hydrate,3,CIMNEV
NC1=CC=C(C=C1)C(O)=O,NC1=CC=CC=C1[N+](=O)[O-],failed,0,
ClC1=C(Cl)C(=O)C(=C(C#N)C1=O)[C]#N,C[n]1ccc(cc1)C#N,salt,1,PESBAT
CN1C2C=C(C)C(C3C=C(C)C2C(=O)N3C)C1=O,OC(C#CC#CC(O)(c1ccccc1)c1ccccc1)(c1ccccc1)c1ccccc1,cocrystal,2,TUPLUN
O=N(=O)[O],CC1=CNC(=[NH]Cc2ccccc2O)S1,salt,1,IXOCIJ
COc1cc(C#N)c(cc1OC)c1ccc(O)cc1,OC(C(F)(F)F)C(F)(F)F,cocrystal,2,MUSSUR
CC[N](CC)(CC)CC,FC(F)(F)S(=O)(=O)C(=C[C](S(=O)(=O)C(F)(F)F)S(=O)(=O)C(F)(F)F)S(=O)(=O)C(F)(F)F,salt,1,BAYLAR
Cc1ccccc1,Cc1ccc(cc1)S(=O)(=O)N1CCCN(Cc2ccccc2N(CCC1)S(=O)(=O)c1ccc(C)cc1)S(=O)(=O)c1ccc(C)cc1,cocrystal,2,FOLXEJ
Cc1c(C)c(C)c(C)c(C)c1C,N#CC(C#N)=C(C#N)C#N,cocrystal,2,VEQQUE
CCCCCCN1C=C(I)C(=O)NC1=O,C1CN2CCN1CC2,cocrystal,2,VIXLAR
[NH3]C(C)c1ccccc1,ClCC(=O)[O],salt,1,HISRIK
CC1=CC=C(C)C2=CC=CC=C12,CC1=CC2=C(C=C1)C=C(C)C=C2,failed,0,
O=C([O])COCC(=O)[O],Cc1[nH]c(N)nc(N)n1,hydrate,3,ROGQOU
COc1c(O)c2C(=O)Oc3c(OC)c([O])cc4C(=O)Oc(c1OC)c2c34,[nH]1ccccc1,salt,1,ILUCIB
c1ccc(cc1)[n]1ccc(cc1)c1cc[n](cc1)c1ccccc1,FC1=C(F)C(C(=C(F)C1=[C](C#N)C#N)F)=[C](C#N)C#N,solvate,3,YEVJUH
[NH3]CC1OC(C1F)C1=NC(=NO1)c1ccc(Cl)cc1,FC(F)(F)C(=O)[O],salt,1,CADFOF
ClC1=CC=CC=C1Cl,BrC1=CC=C(Br)C=C1,failed,0,
OC(=O)c1ccc(Cl)cc1,c1ccc2c(c1)cccc2C=Cc1ccncc1,cocrystal,2,DEWCIV
C[NH2]C(C)C(O)c1ccccc1,O=C([O])C1CCC(=O)N1,hydrate,3,FIRGUL
[nH]1c2ccccc2cc2ccccc12,Nc1ccc(c(O)c1)C(=O)[O],salt,1,XANSEO
FC1=CC(C(=CC1=C(C#N)C#N)F)=C(C#N)C#N,S1C(Sc2ccccc12)=C1Sc2ccccc2S1,cocrystal,2,BITROL
C(Cc1ccncc1)c1ccncc1,COC(=O)NC(=S)Nc1ccccc1NC(=S)NC(=O)OC,cocrystal,2,EBUDAI
Fc1c(F)c(F)c(I)c(F)c1F,c1ccncc1,cocrystal,2,NAFXEA
CC(C)(C)C(=O)[O],[NH3]Cc1cccc2ccccc12,salt,1,ISETEF
[NH3]C12CC3CC(CC(C3)C1)C2,OC(=O)[O],salt,1,GOMJUO
[NH3]C(CC(C)C)C(=O)[O],[NH3]C(CCSC)C(=O)[O],cocrystal,2,BERNIV
NC(=S)c1cc[nH]cc1,OS(=O)(=O)[O],salt,1,JECLEM
COC(=O)C=Cc1cccnc1,Oc1cc(O)c(I)cc1I,cocrystal,2,QUQPID
[NH3]C(C)c1ccccc1,CCCCC1=C(CC(NC(=O)OC(C)(C)C)C(=O)[O])ON=C1OC,salt,1,SEQLUV
C[N](C)(C)C,[O]C#N,salt,1,YODGON
OC(=O)c1ccc(F)cc1,Nc1ncccn1,cocrystal,2,VEJQAG
NC(=O)c1ccncc1,CC(CC(O)=O)c1ccc(F)cc1,cocrystal,2,UYOVAG
[NH3]c1cccc(Cl)c1C,O=[Cl](=O)(=O)[O],hydrate,3,LUNVEY
C[NH](C)CC(=O)[O],OO,cocrystal,2,BONGES
O=C([O])c1ccc(C(=O)[O])c(c1)N(=O)=O,NC(N)=[NH2],hydrate,3,XOVLOM
OCC(O)C1OC(=O)C(=C1O)O,NC1=CC=CC=C1C(O)=O,failed,0,
N#CCCC#N,NC(N)=O,failed,0,
Cc1ccc(Nc2nc[n](CC(=O)[O])c3ccc(Cl)nc23)cc1,Br,hydrate,3,UNESAI
Oc1cc(cc(c1)C(=O)[O])C(=O)[O],NC(=[NH2])NC(N)=S,hydrate,3,ERAWOM
OC(=O)CC(C(O)=O)c1ccccc1,c1cc(ccn1)c1ccncc1,cocrystal,2,TUCNIR
C1CC[S](C1)C1=Cc2ccccc2O1,FC(F)(F)S(=O)(=O)[O],salt,1,XOMQUP
O=N(=O)[c]1nnnn1,C[n]1nnn(C)c1N,salt,1,SIGNOM
CN(C)C(=O)C=CC(=O)N(C)C,S=C1NCc2ccc(CNC(=S)c3cccc(n3)C(=S)NCc3ccc(CNC(=S)c4cccc1n4)cc3)cc2,cocrystal,2,AXORIO
CN1C(NNC(N)=[NH2])C(NNC(N)=[NH2])N(C)C1=O,O=N(=O)[O],salt,1,GEMMUH
C(N1C=C[N](=C1)c1ccccc1N=Nc1ccccc1)c1ccccc1,F[P](F)(F)(F)(F)F,salt,1,IFUJIE
Cc1ccccc1,O=C1NC(=O)C2C1C1c3cc4ccccc4cc3C2c2cc3ccccc3cc12,cocrystal,2,KIDMOA
OC(=O)CCC(O)=O,COC1=C(Cl)C2=C(C(=O)C3(O2)C(C)CC(=O)C=C3OC)C(=C1)OC,failed,0,
N1c2ccccc2Sc2ccccc12,N#Cc1cc(C#N)c(cc1C#N)C#N,cocrystal,2,ROMQOC
OC(=O)C=CC1=CC=CC=C1,CN1C(=C(O)C2=CC=CC=C2S1(=O)=O)C(=O)NC1=CC=CC=N1,failed,0,
CC1(CO)C(O)CCC2(C)C(CC=C3C(O)COC3=O)C(=C)CCC12,COc1cc(ccc1O)C(O)=O,cocrystal,2,GIHCIL
CC1=CC2=C(C=C1C)N(CC(O)C(O)C(O)CO)C1=NC(=O)NC(=O)C1=N2,COC1=CC=C(C=C1)C(O)=O,failed,0,
O=[N+]([O-])C1=CC(=CC=C1)[N+](=O)[O-],CC(=O)NC1=CC=CC=C1,failed,0,
C1CNCCN1,Fc1c(F)c(I)c(F)c(I)c1F,cocrystal,2,WIGTAK
OC(=O)C1(CCC1)C(=O)[O],[NH3]CCCCCCCCC,salt,1,TOKTAP
O=C([O])c1ccc2ccccc2c1,[NH3]C(C)c1ccccc1,salt,1,KOMZOC
C[NH2]C1CC(c2ccc(Cl)c(Cl)c2)c2ccc(OC)cc12,Cc1ccc(cc1)C(=O)OC(C(OC(=O)c1ccc(C)cc1)C(=O)[O])C(O)=O,solvate,3,SALYEK
O=C1C=C([O])C(=O)C=C1[O],Nc1cc[nH]cc1,hydrate,3,YEJSAH
O=P([O])(c1ccccc1)c1ccccc1,[NH2]1CCNCC[NH2]CCNCC1,hydrate,3,NIGZAF
CC(C(C)C(O)=O)C(O)=O,OC(=O)CCCCCCCCC(O)=O,failed,0,
OC(=O)CCCCCCCCC(O)=O,CC(CCCC(O)=O)CC(O)=O,failed,0,
O=C1CNC(=O)CN1,OC(=O)C(O)=O,hydrate,3,QANMEY
OC(C(O)C(O)=O)C(O)=O,CC1=NC(=NC(=C1)C)NS(=O)(=O)C1=CC=C(N)C=C1,failed,0,
FC(F)(F)S(=O)(=O)[O],Cc1ccc([I]c2ccccc2C(O)=O)cc1,hydrate,3,MAMGIU
O=C(NCC[NH](CCNC(=O)c1ccc(cc1)N(=O)=O)CCNC(=O)c1ccc(cc1)N(=O)=O)c1ccc(cc1)N(=O)=O,O=[Cl](=O)(=O)[O],solvate,3,GADGEZ
Cc1cc(C)nc(C)c1,Fc1c(F)c(F)c(I)c(F)c1F,cocrystal,2,LEZPIQ
Cc1ccc(cc1)C(=S)N=N,Cc1ccc(cc1)C(=S)NN,cocrystal,2,PAKJAQ
[NH4],[NH3]CCCC(O)(P(=O)([O])[O])P(=O)([O])[O],hydrate,3,JEFFUZ
OC1CCC(CC1)C(O)CC1N2C=[NH]C=C2c2cccc(F)c12,OP(O)(=O)[O],hydrate,3,ZAYFOY
O=N(=O)[O],FC(OC(F)(F)F)C1=[NH]c2ccccc2N1,salt,1,HOCYON
OC(=O)c1ccc(Oc2cc(Oc3ccc(cc3)C(O)=O)cc(Oc3ccc(cc3)C(O)=O)c2)cc1,S(Sc1ccncc1)c1ccncc1,hydrate,3,YISNOG
Cc1[nH]c(N)nc(C)c1,OP(O)(=O)[O],salt,1,RUFGEF
Cc1ccc(C)c2C3c4ccccc4C(c12)C1=C3C(=O)C=CC1=O,Cc1ccc(C)cc1,cocrystal,2,MEXNOS
NC(N)=O,NC(=O)C1=CC=CC=C1[N+](=O)[O-],failed,0,
OC(=O)c1cccc(c1)C(O)=O,S(Sc1ccncc1)c1ccncc1,cocrystal,2,VORLOE
O=C([O])C(=O)[O],[NH3]CCC1=C[NH]=CN1,salt,1,EXOQOY
CCOC(=O)N1CCC(CC1)=C1C2=C(CCC3=C1N=CC=C3)C=C(Cl)C=C2,OC(=O)C=CC(O)=O,failed,0,
OC(CC(O)=O)C(O)=O,CC1=NC(=NC(=C1)C)NS(=O)(=O)C1=CC=C(N)C=C1,failed,0,
OC(=O)c1cccc2ccccc12,O=P(c1ccccc1)(c1ccccc1)c1ccccc1,cocrystal,2,EXUKAJ
c1ccccc1,OC1C2OC3OC1C(OC(=O)c1ccc(F)cc1)C(O3)C2OC(=O)c1ccc(F)cc1,cocrystal,2,UDAPAT
Nc1cccc2[nH]cccc12,Oc1ccc(cc1)C(=O)[O],salt,1,AYIVOV
C[P](CP(c1ccccc1)c1ccccc1)(CP(c1ccccc1)c1ccccc1)CP(c1ccccc1)c1ccccc1,FC(F)(F)S(=O)(=O)[O],salt,1,OPEFEV
NC(=O)c1ccncc1,OC(=O)c1cc(O)ccc1O,cocrystal,2,LAGTAR
O=C1NC(=S)NC(=C1)[O],COc1[nH]c(N)nc(OC)c1,hydrate,3,FOYPAM
Cc1ccccc1C(O)=O,O=C(NCc1ccncc1)C(=O)NCc1ccncc1,cocrystal,2,WADXUX
[NH3]C(C1CCCC(C1)[NH]1CCOCC1)c1ccccc1,Cc1ccc(cc1)S(=O)(=O)[O],salt,1,RIWQUN
O=N(=O)c1cccc(c1)S(=O)(=O)[O],CC(C)=NNC1=[NH]c2ccccc2S1,salt,1,KIDLOB
NC1=NC(=[NH]C(=O)N1)N,O=N(=O)[O],salt,1,LEJYIJ
Cc1ccnc(C)c1,OC(C#CC#CC(O)(c1ccccc1)c1ccccc1)(c1ccccc1)c1ccccc1,cocrystal,2,CUMQAC
N#Cc1cc(C#N)c(cc1C#N)C#N,[O]n1ccccc1SSc1ccccn1[O],hydrate,3,RIRPIR
N#CC(C#N)=C1C=CC(C=C1)=C(C#N)C#N,CCCCCCCCCCc1ccc2c(SC3=C2Sc2cc(ccc32)c2ccccc2C)c1,cocrystal,2,HESHIA
[NH2]1CCCC1,OC(C(O)C(=O)[O])C(O)=O,hydrate,3,XOJQUK
OC(=O)CC(O)=O,O=C1Nc2cc(OCCCCN3CCN(CC3)c3cccc4SC=Cc34)ccc2C=C1,cocrystal,2,PUXXIS
C1=CC=C2C=CC=CC2=C1,OC1=CC=CC=C1,failed,0,
C1C[N]2(CCC1CC2)IN12CCC(CC1)CC2,O=C1N([I]N2C(=O)c3ccccc3S2(=O)=O)S(=O)(=O)c2ccccc12,salt,1,FODPIB
[nH]1ccc(cc1)C=Cc1cccc(c1)C1C(C(C1c1cccc(C=Cc2ccncc2)c1)c1cc[nH]cc1)c1cc[nH]cc1,F[P](F)(F)(F)(F)F,hydrate,3,JOYCOS
Fc1c(F)c(I)c(F)c(I)c1F,C1CNCCN1,cocrystal,2,WIGTAK
FC1=CNC(=O)NC1=O,O=C([O])C1[NH2]CCC1,cocrystal,2,RISBUU
OC(=O)c1ccccc1C(=O)[O],c1ccc(cc1)[P](c1ccccc1)(c1ccccc1)c1ccccc1,salt,1,TUZDAU
FC(F)(F)S(=O)(=O)[O],CCCCCCCCCCCC[N]1=C(I)N(c2ccccc2)c2ccccc12,salt,1,NEDQEV
OC(=O)CCCCC(O)=O,COC1=CC2=C(C=C1)N(C(=C2CC(O)=O)C)C(=O)C1=CC=C(Cl)C=C1,failed,0,
O=[N+]([O-])C1=CC(=CC=C1)[N+](=O)[O-],CC1=C([N+](=O)[O-])C(=C(C=C1[N+](=O)[O-])[N+](=O)[O-])C,failed,0,
[NH2]1CCCCCC1,Clc1ccc(cc1)C(=O)[O],salt,1,XIMBZA
NC(=O)C1=NC=CN=C1,OC(=O)CCCCCCCC(O)=O,failed,0,
CC(CCCC(O)=O)CC(O)=O,OC(=O)CCCC(O)=O,failed,0,
CCCCCCC[N]1(C)CCCC1,F[P](F)(F)(F)(F)F,salt,1,QOQBAZ
OP(=O)([O])[O],[NH2]1CCC(CC1)Cc1ccccc1,hydrate,3,IYUNIZ
CCNCC,NC1=C(C#N)C(c2ccc(Cl)cc2)C2(SC(=O)NC2=O)C(c2ccc(Cl)cc2)C1(C#N)C#N,solvate,3,LUKJEH
COC(N)=[NH2],N1=N[N]N=N1,salt,1,UQEYAT
N1C=[NH]C=C1,O=N(=O)c1cc(c([O])c(c1)N(=O)=O)N(=O)=O,hydrate,3,XENTES
OC(=O)c1ccc(C(=O)[O])c(c1)c1cc(ccc1C(=O)[O])C(O)=O,[NH2]1CC[NH2]CCC1,solvate,3,FIVGAV
O=C1C(=C(C(=O)C(=C1N(=O)=O)[O])N(=O)=O)[O],[NH4],salt,1,AMONAN10
[NH3]C(C(=O)NC1C2SCC(=C(N2C1=O)C(=O)[O])C)C1=CCC=CC1,Oc1ccc(O)cc1,hydrate,3,VOQLAO
O=S(=O)([O])[O],[NH3]CC[NH](C(C)C)C(C)C,hydrate,3,LORLIP
Cc1cc(C)c(c(C)c1)C(=O)[P]C(=O)c1c(C)cc(C)cc1C,CN(C)C(=[NH2])N(C)C,solvate,3,IFORUU
OC(=O)CCCCCCC(O)=O,OC(=O)CCCCC(O)=O,failed,0,
[NH3]c1ccc(cc1)C(O)=O,O=P[O],salt,1,LIBPOE
c1ccc2nc3ccccc3nc2c1,Oc1cc(O)c2C(=O)C(=C(Oc2c1)c1ccc(O)c(O)c1)O,cocrystal,2,YUFGAJ
OC(CN1C=NC=N1)(CN1C=NC=N1)c1ccc(F)cc1F,OC(=O)c1ccccc1O,cocrystal,2,EZEGIA
FC(F)(F)C(=O)[O],[NH2]=C1NC(C2C(CN=[N]=[N])C(CN=[N]=[N])C(Cl)C32CNC(=[NH2])N3)C(=O)N1,salt,1,NUXYEM
OC(=O)CC(=CC(O)=O)C(O)=O,OC(=O)C1=CC=CC=C1F,failed,0,
C[NH]1CCC(CC1C1=[NH]c2ccccc2N1)NC(=O)Nc1ccc(cc1)C#N,OC(=O)C=CC(=O)[O],salt,1,NIWYIF
CN1CC(=O)NC1=[NH2],O=S(=O)([O])c1ccccc1,salt,1,GUPXIB
O=C1N(C2CCCCC2)C(=O)c2ccc3c4ccc5C(=O)N(C6CCCCC6)C(=O)c6ccc(c7ccc1c2c37)c4c56,c1cc2ccc3ccc4ccc5ccc6ccc1c1c2c3c4c5c61,cocrystal,2,ODAFIL
c1ccccc1,N#CN=C1SCC(C(c2ccccc2)c2ccccc2)N1Sc1ccccc1,cocrystal,2,QELBOY
[NH3]CCCC,CC1(C)COP(=O)([O])OC1c1ccccc1Cl,salt,1,BOPTAE
CN(Cc1ccccc1)C1=[N](C(=C(S1)c1ccccc1)[S])c1ccccc1,c1ccccc1,cocrystal,2,FUPNOU
c1ccccc1,ON=C(c1ccccc1)c1cc(Br)ccc1NC(=O)C=C,cocrystal,2,KAZCUK
O=C([O])c1cccc(c1C(=O)[O])N(=O)=O,CN1CC(=O)NC1=[NH2],hydrate,3,EQATOH
OP(=O)([O])[O],NC1=[NH]N=CN1,salt,1,ALOTIE
OP(O)(=O)[O],NC1=[NH]N=CN1,hydrate,3,EDUVUW
NC1=[NH]c2ccccc2S1,O=C1[N]S(=O)(=O)c2ccccc12,salt,1,EPUHAB
S=P1(N2CC[NH2]CCNCCN1CC2)c1ccccc1,O=S(=O)([O])[O],hydrate,3,ACUBAC
Cc1ccc(cc1)S(=O)(=O)[O],OC1=[NH]CCC1,salt,1,PIXZIJ
O=N(Cc1ccccc1)(Cc1ccccc1)Cc1ccccc1,I[I]I,salt,1,AJESEQ
OC(=O)C1=CC(=CC(=C1)[N+](=O)[O-])[N+](=O)[O-],COC1=CC(=CC(=C1)OC)C(O)=O,failed,0,
N(C1=CC=CC=C1)C1=CC=CC=C1,CCNC1=CC=C(C=C1)[N+](=O)[O-],failed,0,
OC1=C(Cl)C(=O)C(=C(Cl)C1=O)[O],[NH3]C(CC(C)C)C(O)=O,salt,1,CADPAB
Cc1[nH]c2c(cc1)ccc1ccc(C)nc21,O=S(=O)([O])OOS(=O)(=O)[O],hydrate,3,HOFVEE
CC1=CC=CC=C1C(N)=O,OCC(O)C1OC(=O)C(=C1O)O,failed,0,
CC(C)CC1=CC=C(C=C1)C(C)C(O)=O,ClC1=CC=C(Br)C=C1,failed,0,
CC1CCOP([O])(=S)O1,[NH4],salt,1,CAGWEM
OC1=CC=C(C=C1)C1=CC=CC=C1,NC1=CC=C(C=C1)[N+](=O)[O-],failed,0,
Fc1c(F)c(I)c(F)c(F)c1I,CC1=CC(=O)c2ccccc2C1=O,cocrystal,2,ORADAO
OC(=O)C1=CC=C(Br)C=C1,COC1=CC=C(C=C1)C(O)=O,failed,0,
OC(=O)c1nc(C(=O)[O])c(nc1C(=O)[O])C(O)=O,Oc1cccc2ccc[nH]c12,hydrate,3,GAHCAW
CN1C(=C([O])c2ccccc2S1(=O)=O)C(=O)Nc1[nH]cccc1,c1cnccn1,cocrystal,2,SOHXEU
OC(=O)CCCC(O)=O,NC(=O)CN1CCCC1=O,failed,0,
COC1=CC=CC(=C1)C(O)=O,OC(CC(O)=O)C(O)=O,failed,0,
CC(C)P(=O)(C(C)C)c1ccccc1[S],CC(C)[P]1(CSc2ccccc12)C(C)C,salt,1,IZIXEX
O=S1[n]2ccccc2c2cccc[n]12,FC(F)(F)S(=O)(=O)[O],solvate,3,TEKSAH
OC(=O)C1=CC=CC=C1O,CC(C)C1CCC(C)CC1O,failed,0,
[NH4],CCN1CCN(CC1)c1cc2N(C=C(C(=O)[O])C(=O)c2cc1F)C1CC1,hydrate,3,PILSEK
NC(CCC(O)=O)C(O)=O,NC1=CC=CC=C1C(O)=O,failed,0,
CC(C)CCCC(C)C1CCC2C3CC=C4CC(O)CCC4(C)C3CCC12C,CC(CCCC(C)(C)O)C1CCC2C(CCCC12C)=CC=C1CC(O)CCC1=C,cocrystal,2,HUPKAH
Oc1ccc(cc1C(=O)[O])N(=O)=O,Nc1cc[nH]cc1,salt,1,ACACUE
COc1cc2Sc3cc(OC)c(OC)cc3Sc2cc1OC,N#CC(C#N)=C(C#N)C#N,cocrystal,2,SAMTEF
c1ccc(C=NN=Cc2ccccn2)nc1,OC(=O)Cc1ccc(Cl)cc1,cocrystal,2,SUZQIO
Cc1ccccc1,C1CC2=CC3=C4C5=C(C=CC6=C5C5=C(C=C1C2=C45)c1ccccc61)c1ccccc31,cocrystal,2,XOKVOI
CC1(C)CC(C)(c2ccc(O)cc2)c2ccccc2O1,C1CCNCC1,cocrystal,2,UHOXEV
OC(=O)C1=CN=CC=C1,CC1=NC=C(CO)C(=C1O)CO,failed,0,
Cc1ccc(cc1)S(=O)(=O)[O],COC(=O)c1ccc[n](c1)N=C(c1ccccc1)c1ccccc1,solvate,3,GOWRET
N#CC(C#N)=C1C=CC(C=C1)=C(C#N)C#N,O=C1Nc2ccccc2C=C1,cocrystal,2,VEVGEK
CC1=NC=C(CO)C(=C1O)CO,NC(=O)C1=CC(=CC=C1)[N+](=O)[O-],failed,0,
C1=CC=C2C(=C1)C1=CC=CC3=C1C2=CC=C3,C1=CC=C2C(=C1)C=CC1=CC=CC=C21,failed,0,
OC(C#CC#CC(O)(c1ccccc1)c1ccccc1)(c1ccccc1)c1ccccc1,O=C1NC2C=CC1C1NC(=O)C2C=C1,hydrate,3,XETZOM
O=N(=O)c1cc(cc(c1)N(=O)=O)N(=O)=O,S1c2ccccc2c2ccccc12,cocrystal,2,DBTTNB
O=C1[N]S(=O)(=O)c2ccccc12,C[NH]=C1C[N](=C(c2ccccc2)c2cc(Cl)ccc2N1)[O],salt,1,KEWGAY
CN1C=C(NC(=O)C2=CC(=CN2C)NC(=O)CNC(N)=[NH2])C=C1C(=O)NCCC(N)=[NH2],O=S(=O)([O])[O],hydrate,3,NETRSN
OC1C(O)C(=O)NC1C(=O)[O],[NH4],hydrate,3,HOGZIN
OC(=O)c1cccc(c1C(=O)[O])N(=O)=O,[NH2]1CC[NH2]CC1,hydrate,3,QEDLEU
CCOC(=O)C1[NH2]C(C)C=CC1,O=N(=O)c1cc(c(c(c1)N(=O)=O)S(=O)(=O)[O])N(=O)=O,salt,1,WAFRIH
CC[NH](CC)CC(=O)Nc1c(C)cccc1C,O=[Cl](=O)(=O)[O],salt,1,CESZOS
FC(F)(F)S(=O)(=O)[O],[NH2]1CCN2CC[NH2]CCN(CC1)CCOCC2,salt,1,CEJFII
CC1=NC=C(CO)C(=C1O)CO,COC1=CC=CC(=C1)C(N)=O,failed,0,
NC(=O)CN1CCCC1=O,OC(=O)C=CC(O)=O,failed,0,
COC1=CC=CC(=C1)C(N)=O,CC1=NC=C(CO)C(=C1O)CO,failed,0,
[NH3][NH3],NC(=O)NC1=NON=C1C1=NN=N[N]1,hydrate,3,VOWCOC
CCNC(=S)NN=C(C)c1[nH]cccc1,O=N(=O)[O],salt,1,MEMDUG
OC(=O)C(O)=O,COC1=CC=C(C=C1)C(O)=O,failed,0,
C1=CC=C2C(=C1)C=CC1=CC=CC=C21,ClC1=CC=CC=C1Cl,failed,0,
CCOC(=O)C1C2OC3(C4C2C(=NN4c2ccccc2)c2ccccc2)C(=O)N(C(=O)C13C(=O)OCC)C(C)(C)C,CCOC(=O)C1C2OC3(C4C2N(N=C4c2ccccc2)c2ccccc2)C(=O)N(C(=O)C13C(=O)OCC)C(C)(C)C,solvate,3,VIYKOG
O1C(=Nc2ccccc12)C=Cc1ccncc1,N#Cc1cc(C#N)c(cc1C#N)C#N,cocrystal,2,EWOJIM
Br[Br]Br,Cc1ccccn1[Br]n1ccccc1C,salt,1,EFINUG
CC[NH]1CCN(CC1)c1cc2N(C=C(C(O)=O)C(=O)c2cc1F)C1CC1,Oc1cccc(c1)C(=O)[O],hydrate,3,WEQRUJ
OC(C(=O)[O])(c1ccccc1)c1ccccc1,[nH]1c2ccccc2cc2ccccc12,salt,1,TITWUS
OC(C#CC#CC(O)(c1ccccc1)c1ccccc1)(c1ccccc1)c1ccccc1,Cc1cc(C)c(C=O)c(C)c1,cocrystal,2,YEXQAT
FC1=CN(C2CCCO2)C(=O)NC1=O,NC(=O)c1ccncc1,cocrystal,2,DOXFAZ
O=N(=O)c1ccc2N=C(C(N3CCCCC3)c2c1)N1CCCCC1,c1ccccc1,cocrystal,2,QAVHOO
NC(=O)c1cccnc1,COc1ccc2N(C(=C(CC(=O)OCC(O)=O)c2c1)C)C(=O)c1ccc(Cl)cc1,cocrystal,2,KARFIV
C(Nc1c[nH]ccc1)c1cc[nH]cc1,O=N(=O)[O],salt,1,DOXLUZ
CC1=C(C=CC=C1[N+](=O)[O-])[N+](=O)[O-],C1=CC=C2C(=C1)C=CC1=CC=CC=C21,failed,0,
COc1cccc2c(OC)cccc12,Fc1c(F)c(F)c(F)c(F)c1F,cocrystal,2,ITUBEH
[NH2]1CC[NH2]CC1,O=C([O])C1=CC(=O)C=C(O1)C(=O)[O],hydrate,3,APOKUM
OC(=O)C1=CC=CC=C1,NC1=CC=C(C=C1)C(O)=O,failed,0,
C(N1C=[NH]C=C1)C1=[NH]c2ccccc2N1,O=N(=O)[O],salt,1,GEPQIE
N#CCCCCC#N,FC(F)(I)C(F)(F)C(F)(F)C(F)(F)C(F)(F)C(F)(F)I,cocrystal,2,EBIJAB
CC(=O)NC1=CC=CC=C1,CC(=O)C1=CC=C(N)C=C1,failed,0,
NC(N)=[NH2],COc1cc(O)c(cc1S(=O)(=O)[O])C(=O)c1ccccc1,solvate,3,HIFFAD
O=C([O])CC1=CNc2ccccc12,C[n]1cnc(N)c2NC=Nc12,hydrate,3,HICVEU
NC(CCC(O)=O)C(O)=O,NC(=O)C1=CC=CC=C1N,failed,0,
OC(=O)C=CC(O)=O,Cc1cncc(C)c1,cocrystal,2,RESHED
OC(=O)c1ccc(cc1Cl)N(=O)=O,NC(=O)c1ccncc1,cocrystal,2,TUQTUX
OC(=O)c1ccccc1O,N1C=CN=C1,cocrystal,2,ZOCPIU
NC(=O)c1cc(cc(c1)N(=O)=O)N(=O)=O,Nc1ccc(cc1)C(O)=O,hydrate,3,LIDREY
CC1=[NH]C=CN1,CC(C)Cc1ccc(cc1)C(C)C(=O)[O],salt,1,YOJHIR
Cc1ccc(C)cc1,NC(=O)c1ccc(cc1)C(c1ccccc1)(c1ccccc1)c1ccccc1,cocrystal,2,OGENUJ
O=N(=O)C1=C[N]C=N1,CC[N](CC)(CC)CC,salt,1,MEHXAZ
C(Cc1ccncc1)Cc1ccncc1,Oc1c(Br)cc(cc1Br)S(=O)(=O)c1cc(Br)c(O)c(Br)c1,solvate,3,ENADAZ
CCC(N1CCCC1=O)C(N)=O,OC(=O)C(O)=O,cocrystal,2,XOGPAM
Cc1c(O)cccc1O,c1cc(ccn1)c1ccncc1,cocrystal,2,UBUHOQ
NC1=CC=CC(=C1)C(O)=O,OC(=O)C1=CC=CC=C1,failed,0,
FC(F)(F)S(=O)(=O)[N]S(=O)(=O)C(F)(F)F,CCN(CC)C(N(CC)CC)=[N](CC)CC,salt,1,FABCOD
[NH3]NC1=CC(=[NH]N1)N,O=N(=O)N=C1NN=N[N]1,hydrate,3,ITELEB
OC1(CC[NH](CCCC(=O)c2ccc(F)cc2)CC1)c1ccc(Cl)cc1,O=C([O])C=CC(=O)[O],hydrate,3,XOLHIR
[NH3]NC(=O)C(=O)N[NH3],O=N(=O)C1=C([O])C(=NN1)N(=O)=O,hydrate,3,EREQOK
OC(=O)C1CCC(CC1)C(O)=O,Nc1ncccn1,cocrystal,2,NAXSOW01
Clc1cc(Cl)c([O])c(C=O)c1,Nc1cc[nH]cc1,hydrate,3,BOTYUE
O=N(=O)c1cc(c([O])c(c1)N(=O)=O)N(=O)=O,[NH3]C(C)(C)CC([NH3])(C)C,salt,1,SEKHOG
OC(=O)C1=CC(=CC=C1)[N+](=O)[O-],OC(=O)C(O)=O,failed,0,
O=C([O])C(OC(=O)c1ccccc1)C(OC(=O)c1ccccc1)C(=O)[O],[NH3]CC1(C)CC([NH3])CC(C)(C)C1,hydrate,3,CEWCOX
OC(=O)CCCCC(O)=O,OC(=O)CCCCCCC(O)=O,failed,0,
OC(=O)C1=CC=CC=C1O,OC(=O)C1=CC=CC=C1[N+](=O)[O-],failed,0,
Oc1ccccc1C=O,COc1ccc(cc1)C1=C(N=C(N1)c1cc(ccc1O)N(=O)=O)c1ccc(OC)cc1,cocrystal,2,RESQOW
O=N(=O)[O],[NH3]C(C)(C)C([NH3])(C)C,salt,1,XAJTUY
O=[Cl](=O)(=O)[O],ClC12CC[NH](CC1)CC2,salt,1,QUNCLB
CC([NH2]c1ccccc1)CC#N,O=P1([O])Oc2ccc3ccccc3c2c2c(O1)ccc1ccccc21,solvate,3,SORRIB
O=S(=O)([O])c1ccc2ccccc2c1,COC1=CC=C2C(=CC1=[OH])C(CCc1cc(OC)c(OC)c(OC)c21)NC(C)=O,salt,1,QAFGUD
N[NH]=C1NN=C(N1N)C1=NON=C1N,O=N(=O)[O],hydrate,3,XODFIJ
c1ccncc1,OC(=O)CN1C(=O)c2ccc(cc2C1=O)C(=O)c1ccc2C(=O)N(CC(O)=O)C(=O)c2c1,cocrystal,2,ROKWIZ
c1cnc2nc(ccc2c1)c1ccc2cccnc2n1,Fc1c(F)c(I)c(F)c(F)c1I,cocrystal,2,KETXAM
FC1=C(F)C(C(=C(F)C1=C(C#N)C#N)F)=C(C#N)C#N,N1C2=CC=C1C(=C1C=CC(=N1)C(=C1NC(=C(c3ccccc3)C3=NC(=C2c2ccccc2)C=C3)C=C1)c1ccccc1)c1ccccc1,solvate,3,GIJYEF
FC(F)(F)C(=O)[O],[NH3]C(CO)(CO)CO,salt,1,SAFXAA
[NH3]c1ccccc1,OC(C(O)C(=O)[O])C(O)=O,salt,1,CELWIB
COc1ccc(cc1OC)C(=O)[O],Cc1ccc[nH]c1N,salt,1,ESOWUG
CC1=CC(=CC=C1)C(N)=O,NC(=O)C1=CN=CC=C1,failed,0,
Cc1cc2ccccc2cc1C,OC(=O)c1cccc(c1)N(=O)=O,cocrystal,2,WORXUW
C[n]1ccc(NC(=O)Nc2cc[n](C)cc2)cc1,O=N(=O)[O],solvate,3,OXUMAW
N1C2=CC=CC=C2C2=CC=CC=C12,OC1=CC=CC(=C1)[N+](=O)[O-],failed,0,
NC1=CC=CC(=C1)C(O)=O,OC(CC(O)=O)C(O)=O,failed,0,
O=S(=O)([O])[O],S=P1(N2CCC[NH2]CCNCCCN1CC2)c1ccccc1,hydrate,3,ACOZOI
O=S(=O)([O])[O],[NH3]C1C(C)C([NH3])C(C)C([NH3])C1C,hydrate,3,SURLIA
C[N]1(CCOCC1)CC(=O)[O],Oc1ccc(c(c1)N(=O)=O)N(=O)=O,cocrystal,2,XIHNOS
CCC[N](CCC)(CCC)CCC,OC(=O)[O],hydrate,3,DEVLUP
OC(=O)CCCCC(O)=O,Nc1nc(N)nc(n1)c1ccc(Br)cc1,solvate,3,UPEDUQ
CC1OC(C)C2CN(CC2C=C1)S(=O)(=O)c1ccc(C)cc1,CC1CCC2CN(CC2C(C)O1)S(=O)(=O)c1ccc(C)cc1,cocrystal,2,ZEDDEU
O=C([O])c1ccccc1N=[N]=[N],[NH2](Cc1ccccc1)Cc1ccccc1,salt,1,UKIXES
NC(=O)C1=CN=CC=C1,CC(=O)NC1=CC=C(O)C=C1,failed,0,
Cc1ccc(cc1)S(=O)(=O)NC(Cc1ccccc1)C(=O)[O],[NH3]C(C)c1ccccc1,salt,1,UFUWUO
CCC1c2cc(C(CC)c3cc(C(CC)c4cc(C(CC)c5cc1c(O)c(C)c5O)c(O)c(C)c4O)c(O)c(C)c3O)c(O)c(C)c2O,[O][n]1ccc(cc1)c1ccccc1,solvate,3,VAKJUQ
COC=C(C(=O)OC)c1ccccc1Oc1cc(Oc2ccccc2C#N)ncn1,CCOC(=O)C(=O)OCC,cocrystal,2,DIZVEQ
IC1=CC=C(I)C=C1,O=[N+]1C=CN([O-])C=C1,failed,0,
O=C([O])CCCCC(=O)[O],O=C(Nc1cc[nH]cc1)Nc1cc[nH]cc1,hydrate,3,DIGCAY
O=C(NCC(c1ccccc1)c1ccccc1)C=CC(=O)NCC(c1ccccc1)c1ccccc1,O=C1NCc2cccc(CNC(=O)c3ccc(cc3)C(=O)NCc3cccc(CNC(=O)c4ccc1cc4)c3)c2,solvate,3,GAFKAA
CN(C)c1cc[nH]cc1,Oc1ccccc1C=CC(=O)[O],hydrate,3,IJOBER
OC(=O)c1cc(ccc1C(=O)[O])N(=O)=O,Cc1[nH]cc(cc1)C(N)=O,hydrate,3,GEHWUP
CC[NH](CC)CC=CC[NH](CC)CC,F[P](F)(F)(F)(F)F,salt,1,TIQLAG
O=[Cl](=O)(=O)[O],CSC1=C(SC)SC(S1)=[C]1c2ccc(OCCO)cc2[C](=C2SC(=C(SC)S2)SC)c2ccc(OCCO)cc12,solvate,3,QOSCUW
O=[Cl](=O)(=O)[O],CCC1=NN2C([N]3=C(N=C2S1)N(Cc1ccccn1)C(=N3)CC)c1ccccc1O,salt,1,HIBRAP
Clc1ccc(cc1)[N]1=C(N2C=CC=CC2=C1)c1ccccn1,O=[Cl](=O)(=O)[O],salt,1,YIHFEB
O=C1C(=C(C(=O)C(=C1N(=O)=O)[O])N(=O)=O)[O],[S]1C(SC=C1C1=[NH]C=CN1)=C1SC=CS1,solvate,3,JIQHEX
NC1=CC=CC(=C1)C(O)=O,NC(=O)C1=CC=CC=C1,failed,0,
OC(=O)C1=CC=C(F)C=C1,OC(=O)C1=CC=CC=C1O,failed,0,
CC1(C)OC(C(O1)C(O)(c1ccccc1)c1ccccc1)C(O)(c1ccccc1)c1ccccc1,NC1CCCCNC1=O,cocrystal,2,DIFTIW
NC(N)=O,NC(=O)C1=CC=CC=C1N,failed,0,
N1C=CC=N1,N1C=CN=C1,failed,0,
O=C([O])C=CC=CC(=O)[O],[NH3]CCCC,salt,1,BUCQEV
CCOc1ccc(cc1)C=Cc1ccncc1,CCCCCCCCOc1ccc(cc1)N=Nc1c(F)c(F)c(I)c(F)c1F,cocrystal,2,CAFJUR
[NH3]NC(NN)=[NH]N,[O]N1N=NC(=N1)C1=NN=NN1[O],hydrate,3,LUKCUR
[I](c1ccccc1)c1ccc(Cc2ccc([I]c3ccccc3)cc2)cc1,FC(F)(F)S(=O)(=O)[O],salt,1,ROLLIN
O=C1CC(=O)NC(=O)N1,NC(N)=S,cocrystal,2,KIPWEO
CC1=NC=C(CO)C(=C1O)CO,OC(=O)C1=CC=C(F)C=C1,failed,0,
OP(O)(=O)[O],[NH3]c1ccccc1Br,salt,1,EBECAS
CC1=CC2=C(C=C1)C=C(C)C=C2,CC1=CC2=CC=CC(=C2C=C1)C,failed,0,
S1C(C(C=Cc2ccccc2)[N]2=C1Sc1ccccc21)c1ccccc1,O=[Cl](=O)(=O)[O],salt,1,HOSHIH
O=[N+]([O-])C1=CC(=CC(=C1)[N+](=O)[O-])[N+](=O)[O-],NC1=CC=C(C=C1)[N+](=O)[O-],failed,0,
OC1=C(Cl)C(=O)C(=C(Cl)C1=O)O,S1C=CSC1=C1SC=CS1,cocrystal,2,SOCFAU
O=C1NC(=O)NC(=O)N1,NC(=O)NC(N)=O,hydrate,3,AMIGUA
Nc1ccc(cc1)C(=O)[O],[NH2]1CCOCCOCCOCC1,hydrate,3,MAZZUJ
CC[N](CC(=O)OC)(CC(=O)OC)CC(=O)OC,FC(F)(F)S(=O)(=O)[O],salt,1,SEMRUY
Clc1ncccn1,Oc1cc(O)c2CC(OC(=O)c3cc(O)c(O)c(O)c3)C(Oc2c1)c1cc(O)c(O)c(O)c1,hydrate,3,FONGAT
CC1(C)C2CCC1(C)C(=O)C2,OC(=O)C1=CC=CC=C1,failed,0,
OCCOCC[N]1([O])CCN(CC1)C1=Nc2ccccc2Sc2ccccc12,OC(=O)C=CC(O)=O,cocrystal,2,PAWGIF
[NH2]1CC[NH2]CC1,O=C([O])c1ccc(cc1)N(=O)=O,salt,1,BAFMEE
N1C2=CC=CC=C2C2=CC=CC=C12,O=[N+]([O-])C1=CC=C(C=C1)[N+](=O)[O-],failed,0,
Cc1cc[nH]c2ccccc12,Clc1cc(ccc1C(=O)[O])N(=O)=O,salt,1,CANWAT
Oc1ccc2ccccc2c1c1c(O)c(cc2ccccc12)c1cc2ccccc2c(c1O)c1c(O)ccc2ccccc12,Cc1ccccc1S(C)=O,solvate,3,ETISIJ
OC(C1CC2c3ccccc3C1c1ccccc21)(c1ccc(Cl)cc1)c1ccc(Cl)cc1,NC1CCCCC1,cocrystal,2,BOLSOK
O=C1CCCC(=O)N1,OC(=O)C1=CC=CC=C1O,failed,0,
NC(=O)N1c2ccccc2C=Cc2ccccc12,CC(=O)Nc1cccc(c1)C(O)=O,cocrystal,2,AFIROA
c1ccc(cc1)c1ccncc1,OC(=O)c1cccc(O)c1,cocrystal,2,HONTOU
CC(N1N=[N](C)C(=C1I)c1ccc(cc1)C(F)(F)F)c1ccccc1,FC(F)(F)S(=O)(=O)[O],salt,1,KECQIV
[NH3]N,N([N]C1=NN=NN1C1=N[N]N=N1)C1=NN=NN1C1=N[N]N=N1,salt,1,WAHQEF
CN(C)c1ccc2nc3ccc(cc3[s]c2c1)N(C)C,O=[Cl](=O)(=O)[O],salt,1,XUVREM
Cc1ccc(O)c(c1)C1=[NH]c2cc(C)c(C)cc2N1,FC(F)(F)S(=O)(=O)[O],salt,1,UVUTIR
FC(F)(F)S(=O)(=O)[O],CC(C)c1cccc(C(C)C)c1N1C=C[N](=C1)C(=Nc1ccccc1)c1ccccc1,salt,1,JEWDAU
OC(=O)C1=CC=C(Cl)C=C1,COC1=CC=C(C=C1)C(O)=O,failed,0,
C(C1=CC=CC=C1)C1=CC=CC=C1,OC1=CC=C(C=C1)[N+](=O)[O-],failed,0,
OC(=O)C1=CC(=CC=C1)[N+](=O)[O-],OC(=O)C1=CC=CC=C1[N+](=O)[O-],failed,0,
CC1[NH2]CC[NH2]C1,O=P([O])[O],hydrate,3,GUYCOU
Nc1[nH]cccc1N(=O)=O,OS(=O)(=O)[O],hydrate,3,SEQBOF
Cc1ccc(cc1)S(=O)(=O)[O],COc1cc2C3CC(O)C(C[NH]3CCc2cc1OCC(F)(F)F)CC(C)C,salt,1,ZASZAY
CN1c2ccccc2N=C1c1ccncc1,ON=Cc1c(F)c(F)c(Br)c(F)c1F,cocrystal,2,VITKIT
OC(=O)C1=CC(=CC=C1)F,OC(=O)C(O)=O,failed,0,
COc1ccc(cc1)C(C1=C(O)CC(C)(C)CC1=O)C1=C([O])CC(C)(C)CC1=O,CC[NH2]CC,salt,1,HUGLED
CC(C(O)=O)c1ccc(c(F)c1)c1ccccc1,CCC(N1CCCC1=O)C(N)=O,cocrystal,2,OFEZOS
Cc1cc(C)c(c(C)c1)S(=O)(=O)[O],CN(C)c1ccc(C=Cc2cc[n](C)cc2)cc1,salt,1,SIHLOL
COc1c2Cc3cc(O)cc(Cc4cc(O)cc(Cc5cc(cc(Cc1cc(c2)C(C)(C)C)c5OC)C(C)(C)C)c4O)c3O,C,hydrate,3,GURROB
[NH3]CCC1=CNc2ccccc12,CC(=O)c1ccc(OCC(=O)[O])cc1,salt,1,CAYNOJ
OC(=O)C1=CC=CC=C1O,OC(=O)C1=CC(=CC=C1)[N+](=O)[O-],failed,0,
O=S(=O)([O])[O],C[NH2]C(C)(C)Cc1ccccc1,hydrate,3,NILXOV
Cc1ccccc1C(O)=O,Cc1cc(Cl)nc(N)n1,cocrystal,2,EXEZIR
Cc1cc2Cc3cc(C)cc(c3OP(=O)([O])Oc2c(c1)C(C)(C)C)C(C)(C)C,Nc1[nH]cnc2NC=Nc12,solvate,3,ADALEW
OC(=O)CCCCCCCCC(O)=O,OC(=O)CCCCCC(O)=O,failed,0,
CC(C)(CO)CO,CC(N)(CO)CO,failed,0,
[NH3]c1cccc(C)c1,O=S(=O)([O])c1cccc2c1cccc2S(=O)(=O)[O],salt,1,PAWDUO
O=C1CN(N=CC2=CC=C(O2)N(=O)=O)C(=O)N1,Nc1ccc(cc1)C(O)=O,cocrystal,2,ORUXOP
c1cc2ccc3cccc4ccc(c1)c2c34,Fc1c(F)c(I)c(F)c(F)c1I,cocrystal,2,FARNOD01
Nc1c(F)c(N)c(Cl)c(F)c1F,C1COCCOCCOCCOCCOCCO1,cocrystal,2,YALRAH
Fc1c(F)c(I)c(F)c(F)c1I,O1c2cccc3ncc4Oc5cccc6ncc1c(c56)c4c23,cocrystal,2,LEFSUO
[NH3]CCN,Clc1cccc(Cl)c1Nc1ccccc1CC(=O)[O],hydrate,3,LULSAP
[NH2]1CC[NH2]CC1,O=C([O])c1ccccn1,hydrate,3,EVAZIM
NC1=CC(=CC(=C1)N)C(O)=O,CC1=C(C)C=C(C=C1)C(O)=O,failed,0,
[NH3]CC[NH2]CC[NH2]CC[NH3],OC(=O)C=CC(=O)[O],hydrate,3,CINLUH
CC1=CC=C(C=C1)[N+](=O)[O-],OC(=O)C1=CC=CC=C1O,failed,0,
NS(=O)(=O)c1ccc(cc1)C(O)=O,COC1=CC=CNC1=O,cocrystal,2,FURYAU
OC(=O)CC(O)=O,COC1=CC2=C(C=C1)N(C(=C2CC(O)=O)C)C(=O)C1=CC=C(Cl)C=C1,failed,0,
O1C2=CC=CC=C2C2=CC=CC=C12,C(C1=CC=CC=C1)C1=CC=CC=C1,failed,0,
CC[NH]1CC(CC1CO)NC(=O)c1cc(Cl)c(N)cc1OC,O=C([O])c1ccc2cc3ccccc3cc2c1,hydrate,3,PETQAH
CC1(C)C(=O)NC(=O)C1(C)C,O=P(c1ccccc1)(c1ccccc1)c1ccccc1,cocrystal,2,QUFKEI
OC(=O)c1cc(C(O)=O)c(cc1C(=O)c1ccccc1)C(=O)c1ccccc1,c1ccncc1,cocrystal,2,XIFSUB
CC(=O)[O],C[n]1ccc2c(C)c3Nc4ccc(O)cc4c3c(C)c2c1,hydrate,3,VABGEK
C(N1C=CN=C1C1=NC=CN1Cc1ccncc1)c1ccncc1,OC(=O)CCCCCCC(O)=O,cocrystal,2,DOSZIW
OC(=O)C1=CC=CC=C1F,OC(=O)C(O)=O,failed,0,
O=C(NN=Cc1cccnc1)c1ccccn1,OC(=O)CCCCCCCC(O)=O,cocrystal,2,KECKEL
Cc1cc(C)c(C(N)=O)c2OC(=C[n]12)c1ccc(Br)cc1,O=[Cl](=O)(=O)[O],salt,1,SOCPUX
OC(=O)CCCCCC(O)=O,OC(=O)CCCC(O)=O,failed,0,
Fc1c(F)c(F)c(C(=O)OCC#CC#CCOC(=O)c2c(F)c(F)c(F)c(F)c2F)c(F)c1F,CCCCCCOc1ccc(cc1)C(=O)OCC#CC#CCOC(=O)c1ccc(OCCCCCC)cc1,cocrystal,2,QOHXOB
OC(=O)CCl,OC(=O)C=CC1=CC=CC=C1,failed,0,
CC(C)(CO)CO,N#CCCC#N,failed,0,
[NH4],FC(F)(F)CP(=O)[O],salt,1,MOMYIA
O=S1(=O)N=C2C3=NS(=O)(=O)N=C3C3=C([N]S(=O)(=O)[N]3)C2=N1,c1ccc(cc1)[P](c1ccccc1)(c1ccccc1)c1ccccc1,solvate,3,SOHHEG
[NH4],[O]N1N=NC(=N1)C#N,salt,1,ZERZED
NC(=O)C1=CC=CC=C1,OC(=O)C1=CC=CC=C1,failed,0,
NC(=O)C1=CC(=CC=C1)[N+](=O)[O-],CC1=NC=C(CO)C(=C1O)CO,failed,0,
C(Cc1ccncc1)Cc1ccncc1,OC(=O)CCCCC(O)=O,cocrystal,2,TACCAD
C1C[NH](Cc2ccccc2)C2CCCC2N(C1)Cc1ccccc1,F[P](F)(F)(F)(F)F,salt,1,QEYBOP
CN1C=NC2=C1C(=O)NC(=O)N2C,CC12CCC3C(CCC4=C3C=CC(=C4)O)C1CCC2O,failed,0,
CCCCCCCCCCCCC(=O)[O],[NH3]Cc1ccc(Cl)cc1,salt,1,WADMUM
Oc1ccc(cc1)C1(c2ccc(O)cc2)c2ccccc2c2ccccc12,c1cc(ccn1)c1ccncc1,cocrystal,2,LAPLOE
CCOP(=O)(C[S]1c2ccccc2c2ccccc12)OCC,FC(F)(F)S(=O)(=O)[O],salt,1,SOXCUH
O=S(=O)([O])c1ccccc1,[NH3]CCCCCCCCCCCC,salt,1,UKEWAK
Cc1c(cc(cc1N(=O)=O)C(O)=O)N(=O)=O,c1cc(ccn1)C=Cc1ccncc1,cocrystal,2,LAPVAA
C1=CC=C(C=C1)C(C1=CC=CC=C1)C1=CC=CC=C1,OC1=CC=C(C=C1)[N+](=O)[O-],failed,0,
CC1=CC=C(C=C1)C(O)=O,NC(=O)C1=CC=CC=C1,failed,0,
CN1C(=O)N(C)C(=C(C(c2ccc(cc2)N(=O)=O)C2=C(O)c3ccccc3OC2=O)C1=O)[O],[NH2]1CCOCC1,salt,1,XATTIZ
OC(=O)CCCCCCC(O)=O,OC(=O)CCCCCCCCC(O)=O,failed,0,
Cc1cccc[n]1[O],CCC1c2cc(C(CC)c3cc(C(CC)c4cc(C(CC)c5cc1c(O)c(C)c5O)c(O)c(C)c4O)c(O)c(C)c3O)c(O)c(C)c2O,cocrystal,2,FAJZUO
O=C1CCC(=O)N1,O=P(c1ccccc1)(c1ccccc1)c1ccccc1,cocrystal,2,XILVEU01
CCCCCCCC(O)=O,CC1=CC(=CC=C1)C(N)=O,failed,0,
OC(=O)c1ccccc1O,NC(=O)c1ccc(O)cc1,cocrystal,2,PAHHEO
OC(=O)C1=CC=CC=C1O,OCC(O)C1OC(=O)C(=C1O)O,failed,0,
CC[N](CC)(CC)CC,O=[Cl](=O)(=O)[O],salt,1,PIKDOC
[H](OC(=O)c1ccc(Br)cc1)[O]C(=O)c1ccc(Br)cc1,[NH2]1CCCCC1,salt,1,JADSAI
OC(=O)c1cccc(c1C(=O)[O])N(=O)=O,[NH3]c1ccc(I)cc1,salt,1,EKELUB
NNC(=O)c1ccncc1,O=C1CN(N=CC2=CC=C(O2)N(=O)=O)C(=O)N1,hydrate,3,KEFXOM
IC#CC(=O)Oc1ccccc1,c1ccc2nc3ccccc3nc2c1,cocrystal,2,BOPZUF
CN(C)c1cc[nH]cc1,O=C([O])c1ccc(cc1N(=O)=O)N(=O)=O,salt,1,KOBMAP
FC(F)(F)S(=O)(=O)[O],CC(C)N1c2cc(C)cc3c2N2c4c(cc(C)cc4C3(C)C)N(C(C)C)[P]12C,salt,1,SIMQUE
COC1=CC2=C(C=C1)N(C(=C2CC(O)=O)C)C(=O)C1=CC=C(Cl)C=C1,OC(CC(O)=O)C(O)=O,failed,0,
OC(=O)CCCCCCC(=O)[O],C(N1C=C[NH]=C1C1=NC=CN1)c1ccccn1,salt,1,XECQEE
O=C([O])c1ccc(cc1)c1ccc(cc1)C(=O)[O],CC[N](CC)(CC)CC,hydrate,3,WOQWAA
c1ccccc1,O=C1C(=C(c2ccccc2)c2c3ccccc3c3ccccc3c2C(=C1c1ccccc1)c1ccccc1)c1ccccc1,cocrystal,2,EPOHUP
O=[Cl](=O)(=O)[O],CC(=O)Nc1cc(C)c(C)cc1[S]1c2ccccc2Sc2ccccc12,salt,1,NIJKOG
OC(=O)c1ccccc1SSc1ccccc1C(O)=O,OC(=O)c1ccc(I)cc1,solvate,3,BEPCIM
FC(F)(F)S(=O)(=O)[N]S(=O)(=O)C(F)(F)F,CC[n]1cccc(c1)C#N,salt,1,WOLLIT
C1C2=CC=CC=C2C2=CC=CC=C12,C1=CC=C2C(=C1)C=CC1=CC=CC=C21,failed,0,
Cc1nc2ccccc2nc1C,Oc1ccc2ccc(O)cc2c1,cocrystal,2,CEXJUO
Brc1ccccc1COS(=O)(=O)[O],CCCC[N](CCCC)(CCCC)CCCC,salt,1,FOYTEV
CON1N=N[N]C1=NN(=O)=O,NC1=[NH]N=CN1,salt,1,ZESPAQ
N#Cc1ccc(C[N]2=CNC=N2)cc1,OC(=O)c1cc(ccc1O)S(=O)(=O)[O],hydrate,3,TEXLIV
CN(C)c1cc[nH]cc1,ClC1=C(Cl)C(=S)C(=C(Cl)[N]1)Cl,salt,1,PEWLAI
c1ccc2c(c1)c1ccccc1c1ccccc21,Fc1c(F)c(I)c(F)c(F)c1I,cocrystal,2,RINPOW
[NH3]c1cccc(C)c1C,OP(O)(=O)[O],salt,1,YALWUE
CC(C)c1cccc(C(C)C)c1OP(=O)([O])[O],[NH2]1CC[NH2]CC1,salt,1,GEGFEH
ClC1CC2CCCCN2C(=NS(=O)(=O)C1)C(Cl)(Cl)Cl,c1ccccc1,cocrystal,2,QUSPAY
c1cnc2c(c1)ccc1cccnc21,Oc1c(Cl)cccc1Cl,cocrystal,2,GIYXIZ
N1C=CC=N1,OC(=O)c1ccccc1O,cocrystal,2,GAHZOI
COC1=CC=CC(=C1)C(O)=O,OC(=O)C=CC(O)=O,failed,0,
OC1=CC=CC=C1[N+](=O)[O-],C1=CC=C2C=CC=CC2=C1,failed,0,
Oc1ccc(F)cc1C(=O)C1=CN2CC[N](=C2C(=C1)N(=O)=O)Cc1ccc(Cl)nc1,O=[Cl](=O)(=O)[O],salt,1,KATHEV
CC[NH](CC)CC,O=C([O])C1CSC(=S)N1,salt,1,AFEQOU
C[n]1ccccc1NC(=O)c1cccc(n1)C(=O)Nc1cccc[n]1C,FC(F)(F)S(=O)(=O)[O],salt,1,GABDOE
O=S(=O)([O])[O],[NH3][NH]=C(NN)NN,salt,1,ABUWEC
CC1(C)C(=[NH]c2ccccc12)C1=CNc2ccccc2N=CC(=CNc2ccccc2N=C1)C1=[NH]c2ccccc2C1(C)C,FC(F)(F)S(=O)(=O)[O],salt,1,CASRAS
[NH3]C(C)C,O=P1(=O)[O]P(=O)(=O)[O]P(=O)(=O)[O]1,salt,1,GIKTAV
CN1C(=C(O)C2=CC=CC=C2S1(=O)=O)C(=O)NC1=CC=CC=N1,OC(=O)CCC1=CC=C(O)C=C1,failed,0,
Fc1nc(F)c(F)c(Br)c1F,c1ccccc1,cocrystal,2,FOFZAE
COC1=CC=C(C=C1)C(O)=O,OC(=O)C1=CC=C(O)C=C1,failed,0,
CC(Oc1ccccc1)C(O)=O,O=C([O])C1[NH2]CCCC1,hydrate,3,WAHDUF
O=C(C1=CC=CC=C1)C(=O)C1=CC=CC=C1,C1CC2=CC=CC3=C2C1=CC=C3,failed,0,
CCCN(CCC)C1=[NH]CCCN1,OC(=O)[O],salt,1,IQAQUN
NC(N)=[NH]C(N)=S,O=C([O])CCCCC(=O)[O],hydrate,3,NUQRIC
OC(=O)c1ccc(O)cc1,FC1=CN(C2CCCO2)C(=O)NC1=O,cocrystal,2,DOXFED
FC(F)(F)S(=O)(=O)[O],COC1=CC2=[S]c3cc(OC)cc(OC)c3C(=C2C(=C1)OC)c1ccccc1,salt,1,HIKPAV
NC(=O)c1cnccn1,OC(=O)c1ccc2ccccc2c1O,cocrystal,2,REBXON
O=C(COc1cccc2ccc[nH]c12)Nc1cccc2ccc[nH]c12,O=[Cl](=O)(=O)[O],salt,1,CUWVUM
CC1(C)C2CCC1(CS(=O)(=O)NC1CCCCC1NS(=O)(=O)CC13CCC(CC1O)C3(C)C)C(O)C2,c1ccccc1,hydrate,3,OTEKAA
FC1=CN(C2CCCO2)C(=O)NC1=O,CN1C(=O)N(C)C2=C(NC=N2)C1=O,hydrate,3,DOXFIH
CC1=C(C)C=C(C)C(=C1)C,C1CC2=CC=CC3=C2C1=CC=C3,failed,0,
c1ccc(cc1)P(=[N]=P(c1ccccc1)(c1ccccc1)c1ccccc1)(c1ccccc1)c1ccccc1,OP(O)(=O)OP1(=O)OP(=O)([O])OP(=O)([O])O1,hydrate,3,NIXKEN
CC[N](CC)(CC)CC,S=C([S])c1ccc(cc1)C(=S)[S],salt,1,VINCEC
Cc1cc(O)cc(O)c1,N#Cc1cc(C#N)c(cc1C#N)C#N,cocrystal,2,EWAMUL
C1=CC2=CC3=CC=CC=C3C=C2C=C1,OC1=CC=CC=C1[N+](=O)[O-],failed,0,
O=[N+]([O-])C1=CC(=CC(=C1)[N+](=O)[O-])[N+](=O)[O-],O=[N+]([O-])C1=CC(=CC=C1)[N+](=O)[O-],failed,0,
N#Cc1c(C#N)c(C#N)[c](C#N)c1C#N,C[N](C)c1ccc(cc1)N(C)C,salt,1,FEMWEZ
C1CNC2=[NH]CCCN2C1,O=C([O])C=CC(=O)[O],salt,1,KIJXIM
NN1C(=[NH]N=C1N)N,O=N(=O)C1=N[N]C(=C1NC1=NN=NN1)N(=O)=O,salt,1,CANJOT
CC(CCC(N)=O)C1CCC2C3C(O)CC4CC(O)CCC4(C)C3CC(O)C12C,Cc1cccc(O)c1,cocrystal,2,GOVQAJ
[NH3]Cc1ccccc1,O=S(=O)([O])c1ccc(cc1)C#Cc1ccc(cc1)C#Cc1ccc(cc1)S(=O)(=O)[O],solvate,3,PECYEE
Oc1ccccc1,Fc1c(F)c(F)c(C=O)c(F)c1F,cocrystal,2,VAQDAW
CCCC[N](CCCC)(CCCC)CCCC,S=CNC(=S)[S],salt,1,DEBNED
OC(=O)C=CC(O)=O,CCOC(=O)N1CCC(CC1)=C1C2=C(CCC3=C1N=CC=C3)C=C(Cl)C=C2,failed,0,
C[n]1ccccc1CCN(C(=O)C(=O)N(CCc1cccc[n]1C)S(=O)(=O)C(F)(F)F)S(=O)(=O)C(F)(F)F,FC(F)(F)S(=O)(=O)[O],solvate,3,POFTEM
N#CCCCCC#N,FC(F)(I)C(F)(F)C(F)(F)C(F)(F)I,cocrystal,2,EBIHUT
IC1=CC=C(I)C=C1,CC1=CC=[N+]([O-])C=C1,failed,0,
F[P](F)(F)(F)(F)F,Cc1cc(C)c(N2C=C[N](=C2)CC(C)(C)O)c(C)c1,salt,1,QIGNOM
OC1=CC=CC2=CC=CC=C12,CC12CCC3C(CCC4=C3C=CC(=C4)O)C1CCC2O,failed,0,
Oc1ccc2ccccc2c1C=NN1CCOCC1,Fc1c(F)c(F)c(I)c(F)c1F,cocrystal,2,AJOHOZ
CCCC[N](CCCC)(CCCC)CCCC,CN(C)C1=NC(=O)C2=C(SC(S2)=C2SC(=C(C)S2)C)[N]1,salt,1,YOKHOW
OC(=O)C1=CC(=CC=C1)F,OC(=O)CC(=CC(O)=O)C(O)=O,failed,0,
NC1=[NH]N=C(N)N1,OP(=O)([O])c1ccnc(c1)c1cc(ccn1)P(O)(=O)[O],hydrate,3,YUNPIJ
OC(=O)CCSCCC(O)=O,OC(=O)C1=CC=C(O)C=C1,failed,0,
C1=CC=C2C(=C1)C1=CC=CC3=C1C2=CC=C3,C1CC2=CC=CC3=C2C1=CC=C3,failed,0,
NC1=CC=CC(=C1)C(O)=O,OC(=O)CC(=CC(O)=O)C(O)=O,failed,0,
OC(=O)c1ccc2cc(ccc2c1)C(O)=O,CC1=Nc2ccccc2N1Cc1ccccc1CN1C(=Nc2ccccc12)C,cocrystal,2,ATOVOX
[OH],[NH2]1C2CCC3[NH2]C2CCC13,salt,1,UBEJIU
Oc1ccc(cc1)C=Cc1cc(O)cc(O)c1,O=C1CCC(=O)N1,cocrystal,2,DEVYIP
Fc1c(F)c(I)c(F)c(F)c1I,C1N2CN3CN1CN(C2)C3,cocrystal,2,QIHCOZ
F[P](F)(F)(F)(F)F,CN1C(=NC(=C1c1ccccc1)c1ccccc1)C=CC1=[N](C)c2ccccc2C1(C)C,salt,1,XAJROS
OC1=C([O])C(=O)C1=O,[NH3]CCc1ccc(O)cc1,salt,1,XOKSAT
CC1=CC=C(C=C1)C(O)=O,NC(N)=O,failed,0,
CN1C=N[n]2c3ccccc3c(c3ccccc3)c(c3ccccc3)c12,FC(F)(F)S(=O)(=O)[O],salt,1,FOSQIR
FC(F)(F)S(=O)(=O)[O],OCCc1c([I]c2ccccc2)ccc2ccccc12,salt,1,XEPMIR
OC(=O)c1cc(O)c(O)c(O)c1,CC1=NC=C(N1CCO)N(=O)=O,cocrystal,2,VOKYEC
FS(=O)(=O)[N]S(F)(=O)=O,CCCC[P](c1ccccc1)(c1ccccc1)c1ccccc1,salt,1,HATQEC
O=P([O])([O])C[NH2]CP(=O)([O])[O],[NH2]1CC[NH2]Cc2ccc(C[NH2]CC[NH2]CC[NH2]Cc3ccc(C[NH2]CC1)cc3)cc2,hydrate,3,KAPKAO
NC1=CC=CC(=C1)C(O)=O,CC1=CC2=C(C=C1C)N(CC(O)C(O)C(O)CO)C1=NC(=O)NC(=O)C1=N2,failed,0,
OC(=O)C1=CC=C(C=C1)[N+](=O)[O-],OC(=O)C1=CN=CC=C1,failed,0,
CC(=O)Oc1ccccc1C(=O)[O],CCc1[nH]c(N)nc(N)c1c1ccc(Cl)cc1,solvate,3,KICVUP
Nc1c2C(=O)c3ccccc3C(=O)c2c(Br)cc1S(=O)(=O)[O],[nH]1ccccc1,salt,1,PABAQS
OC1=CC(=CC(=C1)O)O,CC12CCC3C(CCC4=C3C=CC(=C4)O)C1CCC2O,failed,0,
Oc1c(C#N)c(C#N)c(O)c(C#N)c1C#N,c1cc2ccc3cccc4ccc(c1)c2c34,cocrystal,2,TEXPOB
NC(=O)C1=CC=CC=C1,COC1=C(O)C=CC(=C1)C=CC(O)=O,failed,0,
O=N(=O)c1ccc(OP(=O)([O])Oc2ccc(cc2)N(=O)=O)cc1,[OH3],salt,1,DEVMUM
COC(=O)c1ccncc1,Cc1cc2c(cc1C(=C)c1ccc(cc1)C(O)=O)C(C)(C)CCC2(C)C,cocrystal,2,DEXVOV
Cc1ccc2NC(=O)C(C3N(c4ccccc4)C4(C(=O)Nc5ccc(C)cc45)C(=C3Nc3ccccc3)C(=O)OC(C)(C)C)c2c1,COC(C)(C)C,cocrystal,2,XIYNAX
OC1=CC=C(C=C1)[N+](=O)[O-],OC(=O)C1=CC=CC=C1O,failed,0,
NC(=O)C1=CC=C(C=C1)[N+](=O)[O-],OC(=O)C=CC(O)=O,failed,0,
O=C(NCCON(=O)=O)c1cccnc1,OC(=O)c1ccc2ccccc2c1O,cocrystal,2,CUWFOS
c1cc(ccn1)C=Cc1ccncc1,COC(=S)Nc1ccccc1,cocrystal,2,UHORUF
[NH3]CC(C)O,O=C([O])c1ccc(cc1)N(=O)=O,salt,1,LIHBIO
N#CC1=C([N]C=N1)C#N,c1ccc(cc1)[P](c1ccccc1)(c1ccccc1)c1ccccc1,salt,1,GUNQUC
[NH3]CC1CC2CCN1CC2C=C,C=CC1CN2CCC1CC2CNC(=O)[O],hydrate,3,VARBIA
CCCSc1ccc2[NH]=C(NC(=O)OC)Nc2c1,Cc1ccc(cc1)S(=O)(=O)[O],salt,1,TILYEV
NC(=O)C1=CC=CC=C1,NC1=CC=CC=C1C(O)=O,failed,0,
[NH3]N,O=N(=O)[N]N1C(=NN=C1C1=NN=C([N]N(=O)=O)N1[N]N(=O)=O)[N]N(=O)=O,hydrate,3,JUQMUG
ClC(Cl)S(=O)(=O)[O],[NH4],salt,1,COJHOC
OC1=CC=CC=C1[N+](=O)[O-],NC1=CC=CC2=CC=CC=C12,failed,0,
[S]C(N1C=CC=N1)(N1C=CC=N1)N1C=CC=N1,CN(C)[C]([C](N(C)C)N(C)C)N(C)C,salt,1,QOGBOD
CC1CCC(O)CC1,CC(CCC(N)=O)C1CCC2C3C(O)CC4CC(O)CCC4(C)C3CC(O)C12C,cocrystal,2,QAZGUU
NC(=O)c1c(F)c(F)c(F)c(F)c1F,NC(=O)c1ccccc1,cocrystal,2,ESATOH
O=[Cl](=O)(=O)[O],N1N=NC(=N1)c1[nH]cccc1,hydrate,3,HUFHOG
O=C(C=Cc1ccncc1)C=Cc1ccncc1,Oc1cc(O)cc(O)c1,hydrate,3,APAMEK
[NH2]=C1NC(=O)NC=C1F,Oc1c(cc(cc1N(=O)=O)N(=O)=O)C(=O)[O],hydrate,3,XOQRAZ
CN(C)c1cc[nH]cc1,O=C([O])c1ccc2OCOc2c1,salt,1,ZUHBIP
NC1=CC=CC2=CC=CC=C12,C1=CC=C2C=CC=CC2=C1,failed,0,
OC(CC(O)=O)C(O)=O,COC1=CC=CC=C1C(N)=O,failed,0,
COc1ccc(cc1)P(=S)([S])OC1CC(C)CCC1C(C)C,CC[NH](CC)CC,salt,1,SEMMEG
NC1=CC(=CC=C1)O,OC1=CC(=CC=C1)O,failed,0,
[NH3]C(C(O)c1ccccc1)c1ccccc1,O=C([O])CC1=CC=CS1,solvate,3,HURMOX
O=C1NCc2ccc(CNC(=O)c3cccc(c3)C(=O)NCc3ccc(CNC(=O)c4cccc1c4)cc3)cc2,O=C(CCCCC(=O)NCC(c1ccccc1)c1ccccc1)NCC(c1ccccc1)c1ccccc1,solvate,3,IHIGAH
COc1ccc(OC)c2C3c4ccccc4C(c12)C1=C3C(C=CC1=C(C#N)C#N)=C(C#N)C#N,c1ccccc1,cocrystal,2,MEXPEK
CCOP(=O)(CC(=O)[O])c1ccccc1,[NH3]C(C)c1ccccc1,salt,1,GIVQOR
NC1=C([N]N=C1N(=O)=O)N(=O)=O,[NH4],hydrate,3,HINWUY
N#CC(C#N)=C(C#N)C#N,CCC1C(C=C(C#N)N(C)c2ccccc2)C(C#N)(C#N)C1(C#N)C#N,cocrystal,2,JACZAO
[NH3]CCC[NH](C)C,OP(=O)([O])[O],hydrate,3,EXOFOM
CC1=CC=C(C=C1)C(O)=O,OC(=O)C(O)=O,failed,0,
N#CCc1ccccc1,N#Cc1cc(C#N)c(cc1C#N)C#N,cocrystal,2,REGWIJ
O=[Cl](=O)(=O)[O],[nH]1ccc(cc1)c1ccccc1,salt,1,ZUXBIG
NC1=CC=C(N)C=C1,NC(=O)C1=CC=CC=C1,failed,0,
c1cc(ccn1)c1ccncc1,Cc1cc(cc(C)c1OCC(O)=O)C(c1cc(C)c(OCC(O)=O)c(C)c1)c1ccccc1N(=O)=O,cocrystal,2,VOJREU
Clc1cc(cc(Cl)c1[O])S(=O)(=O)c1cc(Cl)c([O])c(Cl)c1,[NH2]1CC[NH2]CC1,solvate,3,AVOJOL
OC(=O)CCCCCC(O)=O,CC(CCCC(O)=O)CC(O)=O,failed,0,
C1COC(C1)OOC1CCCO1,OC1C=CC23OC(=O)OC2(C1O)C1OC1C(O)C3O,cocrystal,2,OXUDIW
O=N(=O)c1ccc(cc1)S(=O)(=O)Nc1cc(c(cc1[N]S(=O)(=O)c1ccc(cc1)N(=O)=O)N(=O)=O)N(=O)=O,C[NH2]C,solvate,3,JIMNID
NC1=[NH]N=C(N)S1,O=S(=O)([O])[O],salt,1,YAZLOA
CC1=[NH]C=CN1,O=C([O])C=CC(=O)[O],hydrate,3,RUFFAA
NC1=CC=C(N)C=C1,NC1=CC=CC=C1N,failed,0,
OC(=O)c1ccc(cc1)C(O)=O,N1c2ccccc2N=C1c1ccncc1,cocrystal,2,OMESOP
OC1=C(C=C(C=C1[N+](=O)[O-])[N+](=O)[O-])[N+](=O)[O-],CC1=C([N+](=O)[O-])C(=C(C=C1[N+](=O)[O-])[N+](=O)[O-])C,failed,0,
NC1=[NH]C(=O)N(C=C1)C1OC(CO)C(O)C1O,O=N(=O)[O],salt,1,CYTIDN01
O=C1CC(=O)NC(=O)N1,Nc1ccc(cc1)C(O)=O,cocrystal,2,RIPYAT
OC(=CC(=O)c1ccc(cc1)c1ccccc1)c1ccccc1,OC(=CC(=O)c1ccccc1)c1ccc(cc1)c1ccccc1,cocrystal,2,KOMVIS
[NH2]1CC[NH2]CC1,NS(=O)(=O)[O],salt,1,IRUDUU
Fc1c(F)c(I)c(F)c(F)c1I,OC(=CC(=O)c1ccccn1)c1ccccn1,cocrystal,2,TAXYUP
C[O],CN(C1CCCCC1)[P](N(C)C1CCCCC1)(N(C)C1CCCCC1)N(C)C1CCCCC1,solvate,3,KEPXIO
CC(CCC(O)=O)C1CCC2C3C(O)CC4CC(O)CCC4(C)C3CC(O)C12C,CNc1ccccc1,cocrystal,2,GUNPOU
[O]n1ccc(cc1)c1ccncc1,IC#Cc1cccc2cc3cccc(C#CI)c3cc12,cocrystal,2,GARVON
CCC1c2cc(C(CC)c3cc(C(CC)c4cc(C(CC)c5cc1c(O)c(C)c5O)c(O)c(C)c4O)c(O)c(C)c3O)c(O)c(C)c2O,Ic1cccc[n]1[O],hydrate,3,FAKBOL
CN(C)C(N)=[NH2],CC(CCCC1=COC=C1)C(CC1C(=CCC2C(C)(C)CCCC12C)C)OS(=O)(=O)[O],salt,1,SAVCAT
OC(=O)C1=CC=CC=C1[N+](=O)[O-],OC(CC(O)=O)C(O)=O,failed,0,
FC(F)(F)C(=O)[O],CC1=C(C(=NO1)C)c1cc2NC(=O)Nc2c(c1)c1c(C)ccc2[nH]cccc12,salt,1,VIFCUM
C[N]1=NN(N2CCOCC2)C(=C1)c1ccc(Br)cc1,FC(F)(F)S(=O)(=O)[O],salt,1,AMECUT
c1cnccn1,OC(=O)c1cccc(C(O)=O)c1C(O)=O,hydrate,3,LIQSOW
CCN1C=Nc2c(N)ncnc12,O=C1NC(=O)C(C(=O)N1)(c1ccccc1)c1ccccc1,cocrystal,2,QEDFEK
CCN1C(Sc2ccccc12)=C(I)C1=[N](C)c2ccc(I)cc2C1(C)C,O=[Cl](=O)(=O)[O],salt,1,OBUHUP
NC(=O)Nc1ccccc1,OC(=O)c1cc(cc(c1)N(=O)=O)N(=O)=O,cocrystal,2,NEMSUT
C([n]1ccc(cc1)c1ccncc1)c1ccc(C[n]2ccc(cc2)c2ccncc2)cc1,F[P](F)(F)(F)(F)F,solvate,3,PAZSIV
NC(N)=[NH2],[O]C1=NC(=NN1)N=NC1=NNC(=N1)[O],hydrate,3,KOBNOI
Oc1c(cc(cc1N(=O)=O)N(=O)=O)N(=O)=O,NC(=O)CC1=CNc2ccccc12,cocrystal,2,ZILLUB
OC(=O)CCCCC[P](c1ccccc1)(c1ccccc1)c1ccccc1,FC(F)(F)S(=O)(=O)[N]S(=O)(=O)C(F)(F)F,salt,1,TONXIG
NNC(=O)c1ccncc1,OC(=O)CC(O)=O,cocrystal,2,FADGEY
OC(=O)CCCCC(O)=O,NC(=O)N1C2=CC=CC=C2C=CC2=CC=CC=C12,failed,0,
CN1C(=O)N(C)C2=C(NC=N2)C1=O,NC1=CC=C(C=C1)S(=O)(=O)C1=CC=C(N)C=C1,failed,0,
[O][n]1ccc2ccccc2c1c1[n]([O])ccc2ccccc12,Oc1ccc2ccccc2c1c1c(O)ccc2ccccc12,solvate,3,HIMGUF
NC1=CC=CC=C1C(O)=O,NC(CCC(O)=O)C(O)=O,failed,0,
OC(=O)CCCCCCC(O)=O,OC(=O)CCCCCC(O)=O,failed,0,
C1CCC2[NH](C1)CC13CC2CC2CCC[NH](C4CCCC1N4)C32,O=[Cl](=O)(=O)[O],salt,1,PAMPCL
OC(=O)C1=CC=CC=C1O,CC1=CC=CC=C1[N+](=O)[O-],failed,0,
Fc1c(F)c(F)c2c(F)c(F)c(F)c(F)c2c1F,c1ccc2c(c1)c1ccccc1c1ccccc21,cocrystal,2,ECUVON
CN1C(=O)N(C)C2=C(NC=N2)C1=O,CC(=O)NS(=O)(=O)c1ccc(N)cc1,cocrystal,2,HOCCUZ
[NH2](C1CCCCC1)C1CCCCC1,O=C([O])Cc1ccccc1,hydrate,3,CEPFEL
COc1ccccc1N1CC[NH](CC1)CC(O)COc1cccc2ccccc12,O=C([O])c1ccncc1,salt,1,OHEQOK
CC1(O)Cc2ccccc2C(=O)O1,OC(=O)Cc1ccccc1C(O)=O,cocrystal,2,HISGEY
O=[P]1(=O)O[P](=O)(=O)O[P](=O)(=O)O[P](=O)(=O)O1,[NH3]CCC[NH3],hydrate,3,JEKJAK
CCOP([O])(=S)c1ccccc1,[NH3]C(C)c1ccc(C)cc1,salt,1,QAKBIO
CC1(C)OC(C(O1)C(O)(c1ccc(F)cc1)c1ccc(F)cc1)C(O)(c1ccc(F)cc1)c1ccc(F)cc1,Cc1ccccn1,cocrystal,2,NODDES
FC(F)(F)S(=O)(=O)[O],CN1c2ccccc2[N](=C1c1ccc(C)cc1)C,salt,1,ONIQAG
[O]n1ccn([O])cc1,NC(=O)c1ccc(O)cc1,hydrate,3,VIGGIC
OC(CC(O)=O)C(=O)[O],O=C1C=CCC2C3CCC[NH]4CCCC(CN12)C34,hydrate,3,GEZPEK
FC(F)(F)S(=O)(=O)[O],COc1ccc([NH2]Cc2ccc(cc2)C(F)(F)F)cc1,salt,1,SEDSIE
OC1=CC=CC=C1[N+](=O)[O-],NC1=CC=C(N)C=C1,failed,0,
CC(=O)C1CCC2C3CCC4=CC(=O)CCC4(C)C3CCC12C,CN1C=NC2=C1C(=O)NC(=O)N2C,failed,0,
OC1=CC=CC2=CC=CC=C12,C1=CC=C2C=CC=CC2=C1,failed,0,
Oc1ccc(CCN2C(=O)c3cc4C(=O)N(CCc5ccc(O)c(O)c5)C(=O)c4cc3C2=O)cc1O,c1ccc2ncccc2c1,cocrystal,2,OSITAM
O=C1C=CC=C2C3C[NH2]CC(C3)CN12,OC(C(O)C(=O)[O])C(O)=O,hydrate,3,XOHBIJ
[NH3]c1ccc(F)cc1,O=P1([O])OP(=O)([O])OP(=O)([O])OP(=O)([O])OP(=O)([O])OP(=O)([O])O1,hydrate,3,VAZXUS
CC(=O)c1ccc(OCC(=O)[O])cc1,[NH3]CCC1=CNc2ccccc12,salt,1,CAYNOJ
OC(=O)c1cc(ccc1O)S(=O)(=O)[O],[NH3]CCc1ccc(O)c(O)c1,hydrate,3,ATOLIF
Cc1ccc2ccc[nH]c2c1,Nc1c(I)cc(I)c(C(=O)[O])c1I,hydrate,3,MOLROY
n1nn[c](n1)N=N[c]1nnnn1,[NH3]N,hydrate,3,ECIWUI
O=C([O])C(=O)[O],CC[NH]1CCN(CC1)c1cc2N(C=C(C(O)=O)C(=O)c2cc1F)C1CC1,hydrate,3,PILSIO
OC(=O)C1=CC(=CC(=C1)[N+](=O)[O-])[N+](=O)[O-],OC(=O)C1=CC(=CC=C1)[N+](=O)[O-],failed,0,
NC(=O)c1ccccn1,CCCCNc1cc(cc(c1Oc1ccccc1)S(N)(=O)=O)C(O)=O,cocrystal,2,FEDHAA
OC(=O)c1cc(O)ccc1O,CC(=O)C1CCC2C3CCC4=CC(=O)CCC4(C)C3CCC12C,cocrystal,2,CUSZIA
F[P](F)(F)(F)(F)F,CCC1=[N](Cc2ccc3ccccc3n2)C=CN1Cc1ccc2ccccc2n1,salt,1,HAMROF
OC(=O)CCCCCCCCC(O)=O,NC(=O)c1cccnc1,cocrystal,2,NUKZOJ
COc1ccc(cc1)C(=O)[O],[NH2]1CCN(CC1)c1ccccc1,hydrate,3,YEDZEQ
[NH4],CCOP(O)(=O)[O],salt,1,NUNRUJ
O=C1CCC(=O)N1I[Cl]IN1C(=O)CCC1=O,c1ccc(cc1)[P](c1ccccc1)(c1ccccc1)c1ccccc1,solvate,3,WEZBAE
CC1=C(O)C(=O)C=CO1,CNCc1ccc(cc1)C1=C2CCNC(=O)c3cc(F)cc(N1)c23,cocrystal,2,JIBMEQ
OC(=O)c1cc(O)cc(O)c1,CCOc1ccccc1C(N)=O,hydrate,3,ODIDEN
Cc1cc[nH]c(N)c1,Cc1ccc(cc1)C(=O)[O],salt,1,UWIJUH
CC[N](CC)(CC)CC,CC(C)(C)NC(=O)c1cc(cc(NC(=O)c2cc(cc(NC(=O)C(C)(C)C)c2[O])C(C)(C)C)c1[O])C(C)(C)C,solvate,3,FEVSEF
O=N(=O)[O],OC(=O)c1cc[nH]c(c1)c1[nH]c(cc(c1)C(O)=O)C(=O)[O],hydrate,3,CICZEV
CC1=CSC(=N1)N,OC(=O)CCCCCCC(O)=O,cocrystal,2,UGOSAM
Cc1nc(nc2SC(=C(N3C=CC=C3)c12)C1=NN=C(O1)N1CCOCC1)c1ccccc1,S1C=CC=C1,cocrystal,2,ITUWOK
NC(N)=O,NC(=O)C1=CC(=CC=C1)F,failed,0,
c1cc(ccn1)C=Cc1ccncc1,Nc1ccc(C(O)=O)c(O)c1,cocrystal,2,PEXNAJ
Cc1[n]([O])c(C)c(C)[n]([O])c1C,FC(F)(I)C(F)(F)I,cocrystal,2,LOXFAH
O=N(=O)[O],O[N]12CC[N](O)(CC1)CC2,salt,1,JEZLOT
CC1=CC(=NN1)C,OC(=O)CC1=CC=CC=C1NC1=C(Cl)C=CC=C1Cl,failed,0,
CC(=O)c1ccccc1,CC(CCC(N)=O)C1CCC2C3C(O)CC4CC(O)CCC4(C)C3CC(O)C12C,cocrystal,2,VIZRIG
OC(=O)CCCCCC(O)=O,CC(C(C)C(O)=O)C(O)=O,failed,0,
C1N2CN3CN1CN(C2)C3,CC(C)c1ccc(C)c(O)c1,cocrystal,2,WUTFAV
NC(=O)C1=CC=CC=C1N,NC(=O)C1=CC=CC=C1,failed,0,
OCC(O)C1OC(=O)C(=C1O)O,NC(=O)C1=CC=C(O)C=C1,failed,0,
C1=CC=C2C=CC=CC2=C1,ClC1=CC=C(Cl)C=C1,failed,0,
OC(=O)CCC(O)=O,CC(C(O)=O)C1=CC(=CC=C1)C(=O)C1=CC=CC=C1,failed,0,
CCOC(C)[PH](C(C)(C)C)C(C)(C)C,FC(F)(F)S(=O)(=O)[O],salt,1,TONNAN
CC(C)C(=O)Nc1cccc(NC(=O)C(C)C)n1,CC1(CC2(C)CC(C)(C1)C(=O)NC2=O)C#Cc1ccc(cc1)c1cnccn1,cocrystal,2,AJOGAJ
ClC1=C(Cl)C(=O)C(=C(C#N)C1=O)[C]#N,C[n]1ccc(cc1)C(N)=O,salt,1,PESCAU
O1c2cccc3Oc4cccc5Oc6cccc1c6N(c23)c45,FC1=C(F)C(C(=C(F)C1=C(C#N)C#N)F)=C(C#N)C#N,solvate,3,TEWQEV
C1COc2ccccc2OCC2=CC=C(COc3ccccc3OCCOc3ccccc3O1)O2,CN(=O)=O,cocrystal,2,NETKOM
O=C1NC=CC=C1,Fc1c(F)c(I)c(F)c(I)c1F,cocrystal,2,FAPKEQ
c1ccncc1,CC1(C)OC(C(O1)C(O)(c1ccccc1)c1ccccc1)C(O)(c1ccccc1)c1ccccc1,cocrystal,2,TAMLIF
CC1=CC(=CC=C1)C(O)=O,CC1=CC2=C(C=C1C)N(CC(O)C(O)C(O)CO)C1=NC(=O)NC(=O)C1=N2,failed,0,
O=N(=O)[O],[NH3]c1ccccc1C#N,salt,1,YODQAK
NC(N)=O,CCC(c1ccc(O)cc1)=C(CC)c1ccc(O)cc1,cocrystal,2,NOCTAD
CC(=O)NC1=CC=C(O)C=C1,OC(=O)CCC(O)=O,failed,0,
NC(N)=NC1=NC(=CS1)CSCCC(N)=NS(N)(=O)=O,NC(=O)C1=CN=CC=C1,failed,0,
O=C1CN(N=CC2=CC=C(O2)N(=O)=O)C(=O)N1,COc1cc(C=O)ccc1O,cocrystal,2,LEWSUD
CC[N](CC)(CC)CC,O=C1C2=C(SC(=S)S2)[C]([O])C2=C1SC(=S)S2,salt,1,FUGFES
N#CC(C#N)=C1C=CC(C=C1)=C(C#N)C#N,Nc1ccc2ccc3c(N)ccc4ccc1c2c34,cocrystal,2,WEMHEB
CC(CCCC(O)=O)CC(O)=O,OC(=O)CCCCCCC(O)=O,failed,0,
CCCCCC[n]1ccc(cc1)C1=C2C(=O)NC(=C2C(=O)N1)c1cc[n](CCCCCC)cc1,F[P](F)(F)(F)(F)F,hydrate,3,KEZZAU
CNC,OC(=O)c1ccc(cc1)C1=C2NC(=CC3=NC(=C(C4=CC=C(N4)C=C4C=CC1=N4)c1ccc(cc1)C(O)=O)C=C3)C=C2,cocrystal,2,SOKCUU
O=N(=O)c1ccc([O])c(c1)N(=O)=O,ON=Cc1cc[nH]cc1,salt,1,VOJGIN
CC1=CC=C(C=C1)C(O)=O,OC(=O)C1=CC=C(O)C=C1,failed,0,
O=C(CC(c1ccccc1)c1ccccc1)NCCCCCCNC(=O)CC(c1ccccc1)c1ccccc1,O=C1NCc2ccc(CNC(=O)c3cccc(c3)C(=O)NCc3ccc(CNC(=O)c4cccc1c4)cc3)cc2,hydrate,3,MIMWOV
O=C([O])CCC(=O)[O],[NH4],salt,1,WERCEB
CC(C)c1cccc(C(C)C)c1[N]1=CN(C2CCCCC2)C(=O)c2ccccc12,FC(F)(F)S(=O)(=O)[O],salt,1,USANAF
CN1C=C[N](=C1)C,F[P](F)(F)(F)(F)F,salt,1,XUTPOR
Clc1ccc(cc1Cl)C(=O)[O],[NH3]C(C)(C)C,salt,1,TATJAD
C1COCCOCCOCCOCCOCCO1,Nc1nc(F)c(Cl)c(N)c1Cl,cocrystal,2,PEGXIK
OC(c1cccc(c1)C(O)(C(F)(F)F)C(F)(F)F)(C(F)(F)F)C(F)(F)F,C1CN2CCN1CC2,cocrystal,2,TEXVAV
CC1=CC(=CC=C1)C(N)=O,CC1=CC2=C(C=C1C)N(CC(O)C(O)C(O)CO)C1=NC(=O)NC(=O)C1=N2,failed,0,
O=N(=O)[O],Nc1[nH]cnc2NC=[NH]c12,salt,1,BIDRUB12
COC1=CC=C(C=C1)C(O)=O,OC(=O)CCSCCC(O)=O,failed,0,
OC(=O)CCCCCCCCCCC(O)=O,O=C(NN=Cc1cccnc1)c1cccnc1,hydrate,3,KECKOV
CC(C)OC(=O)C1=C(C)NC(=C(C1c1cccc(C)n1)N(=O)=O)C,c1ccccc1,cocrystal,2,GUHGAR
O=C(CC#N)[C](C#N)C#N,[NH4],salt,1,VELPAE
O=C1NC(=O)C2=CC=CC=C12,OC(=O)C1=CC=CC=C1,failed,0,
c1ccc2cc3c(ccc4ccccc34)cc2c1,Fc1c(F)c(I)c(F)c(F)c1I,cocrystal,2,WOBQIR
[NH3]CCc1ccc(O)c(O)c1,O=C([O])c1cc(cc(c1)N(=O)=O)N(=O)=O,salt,1,MIYLOV
OC(=O)C=CC(O)=O,CC(=O)NC1=CC=C(O)C=C1,failed,0,
O=P([O])[O],NC(N)=[NH2],solvate,3,BACDIS
c1ccc2nccnc2c1,Cc1cc2cc3cc(C)c(cc3nc2cc1N1C(=O)C2(C)CC(C)(CC(C)(C2)C1=O)C(O)=O)N1C(=O)C2(C)CC(C)(CC(C)(C2)C1=O)C(O)=O,solvate,3,YAWJIP
OC(=O)C1=CC=CC=C1O,OC(=O)C(O)=O,failed,0,
Clc1cccc(Cl)c1Nc1ccccc1CC(=O)[O],[NH3]CCC[NH3],solvate,3,ZOTFIB
[NH3]CC,O=C([O])CCC(=O)[O],hydrate,3,UHISAI
Cc1ccc(cc1)c1nc(nc(n1)c1ccc(C)cc1)c1ccc(C)cc1,O=N(=O)c1cc(cc(c1)N(=O)=O)N(=O)=O,cocrystal,2,WOJWIB
C[N]1=C(I)N(C=C1)c1ccc(cc1)N1C=C[N](=C1I)C,FC(F)(F)S(=O)(=O)[O],salt,1,ITUPAP
FC(F)(F)S(=O)(=O)[O],C(CC1=Nc2cc[n](Cc3ccccc3)cc2N1)C1=Nc2cc[n](Cc3ccccc3)cc2N1,hydrate,3,HISMED
N1C(=[NH]c2c1c1ccccc1c1ccccc21)c1ccccc1,O=N(=O)c1cc(c([O])c(c1)N(=O)=O)N(=O)=O,solvate,3,TOQXAB
OC(=O)c1cc(cc(c1)C(=O)[O])C(O)=O,CC1=[NH]C=CN1,salt,1,LODSUW
CCOc1ccc(cc1)C(=O)[O],[NH2]1CCN(CC1)c1ccccc1,hydrate,3,YEDZAM
CC1(C)C2CCC1(CS(=O)(=O)[O])C(=O)C2,[NH3]C(C(O)c1ccccc1)c1ccccc1,hydrate,3,LEWQUB
CCCC[n]1ccc(cc1)c1cc[n](CCCC)cc1,CSC1=C(SC)SC(S1)=C1SC(=C(S1)C(=O)[O])C(O)=O,hydrate,3,UKOMEO
n1nn[n]n1,[NH3]O,salt,1,HIPVOU
CC(=O)NC1=CC=CC=C1C,CC(=O)NC1=CC=C(C)C=C1,failed,0,
C(C1=CC=CC=C1)C1=CC=CC=C1,C1=CC=C(C=C1)C1=CC=CC=C1,failed,0,
OC(=O)C=CC(=O)[O],COC(=O)C=C1CC[NH](CC2CCCCN2C(=O)Cc2ccc(Cl)c(Cl)c2)C1,salt,1,PABHEF
c1cc(ccn1)c1ccncc1,Cc1cc(O)cc(O)c1,cocrystal,2,LIRBOF
O=C([O])c1cc(cc(c1)N(=O)=O)N(=O)=O,COc1cc2N3C4C5C(CC3=O)OCC=C3C[NH]6CCC4(C6CC53)c2cc1OC,solvate,3,KELXUV
c1ccc2cc3c(ccc4ccccc34)cc2c1,FC1=C(F)C(=O)C(=C(F)C1=O)F,cocrystal,2,KEMBIR
Cl[Cl]Cl,C[N](C)(C)CCCl,salt,1,FAHXIZ
O=S(=O)([O])[O],C[NH]1CCC23C4Oc5c(O)ccc(CC1C2C=CC4O)c35,hydrate,3,CIMNAN
NC(=O)N1C2=CC=CC=C2C=CC2=CC=CC=C12,OC(=O)CCCCC(O)=O,failed,0,
OC(=O)CCl,Nc1ccc(cn1)N(=O)=O,cocrystal,2,TETXUL
CC(O)CN1C(=NC=C1N(=O)=O)C,CC(C)c1ccc(C)c(O)c1,cocrystal,2,HOPJAB
[NH3]c1cc(Cl)c([NH3])cc1Cl,Cc1ccc(cc1)S(=O)(=O)[O],salt,1,TEZMET
CCCCCCCC(O)=O,NC1=CC=CC=C1C(O)=O,failed,0,
c1ccc2c(c1)c1ccccc21,Fc1c(F)c(F)c2c(F)c(F)c(F)c(F)c2c1F,cocrystal,2,ASAKOU
[NH3]C1CCCCC1[NH3],OC(=O)CC(O)(CC(=O)[O])C(=O)[O],hydrate,3,MACNIP
O=C1NC=CC=C1,CCCCNc1cc(cc(c1Oc1ccccc1)S(N)(=O)=O)C(O)=O,cocrystal,2,FEDFUS
[NH3]C(C)C(=O)NC(C)C(=O)[O],C1COCCOCCOCCOCCOCCO1,hydrate,3,PAVPUX
[NH2]1CCOCC1,Cc1cc([NH]=Nc2c([O])ccc3ccccc23)c(cc1Cl)S(=O)(=O)[O],salt,1,CUSGOP
N1C=CC2=CC=CC=C12,CC1=CC2=CC=CC=C2N1,failed,0,
CS(=O)(=O)[O],COC(=O)NC1=[NH]c2cc(ccc2N1)C(=O)c1ccccc1,hydrate,3,MIJDIU
Nc1ccc(cc1)S(=O)(=O)[N]C1=NC=CS1,CC1=[NH]CCN1,salt,1,XIFPEI01
O=S(=O)([O])c1cccc2c1cccc2S(=O)(=O)[O],[NH3]CC(O)=O,hydrate,3,TIXGIQ
CC(C)C1=C(C)N(C)N(c2ccccc2)C1=O,Oc1cc(O)cc(O)c1,solvate,3,YACFEQ
Nc1ccc(cc1)S(=O)(=O)N=C1NC=CS1,CCOC(=O)CC(=O)OCC,cocrystal,2,KAWYUG
C#C,COc1c2Cc3cc(O)cc(Cc4cc(O)cc(Cc5cc(cc(Cc1cc(c2)C(C)(C)C)c5OC)C(C)(C)C)c4O)c3O,hydrate,3,EBENAD
CN(C)C(=[NH2])NC(N)=[NH2],O=C([O])C(=O)[O],hydrate,3,PAJBUY
Oc1cc(O)cc(O)c1,CN1CC(=Cc2ccncc2)C(=O)C(C1)=Cc1ccncc1,cocrystal,2,POLMEK
COc1cc(C=CC(O)=O)ccc1O,O=C1CN(N=CC2=CC=C(O2)N(=O)=O)C(=O)N1,cocrystal,2,WOVQUW
O=N(=O)[O],Clc1cccc(c1)N1CC[NH](CCCN2N=C3C=CC=CN3C2=O)CC1,salt,1,FIRHAS
OC1C2OC3OC1C(OC(=O)c1ccc(F)cc1)C(O3)C2OC(=O)c1ccc(F)cc1,c1ccccc1,cocrystal,2,UDAPAT
[NH4],COC1(NC(=O)C(C(=O)[O])c2ccc(O)cc2)C2OCC(=C(N2C1=O)C(=O)[O])CSC1=NN=NN1C,hydrate,3,BEZSUU
CC(=O)C1=CC=C(N)C=C1,NC(=O)CC#N,failed,0,
OC(=O)CC(O)=O,OC(=O)C1=CC=CC=C1,failed,0,
CC1(C)C2CCC1(CS(=O)(=O)[O])C(=O)C2,[NH3]CC(C(O)=O)c1ccccc1,salt,1,YICMAY
OC1(C2=CC3=C(S2)C2=C(S3)C3=C(S2)C=C(S3)C2(O)c3ccccc3c3ccccc23)c2ccccc2c2ccccc12,CC1(C)CC(N)CC(C)(C)N1[O],solvate,3,JUNDUR
OC(=O)CCC#CC#CC#CCCC(O)=O,O=C1CCCC(=C1)NCc1ccncc1,cocrystal,2,QIPMIL
c1cc(ccn1)c1ccncc1,CCc1cccc(NS(=O)(=O)c2ccc(F)cc2)c1,cocrystal,2,JAKCIL
OC(=O)C1=CC=CC=C1,OC(=O)C(O)=O,failed,0,
[O]N1[N]N=C(N=[N]=[N])[N]1,[NH4],salt,1,ICASIQ
OS(=O)(=O)[O],[NH3]c1cc(ccc1C)N(=O)=O,salt,1,WOVXOX
[O]n1ccccc1C(=O)c1ccccc1,c1ccccc1,cocrystal,2,RIWFOW
c1ccccc1,COC(=O)C1=CN(C)C2CC1c1cccc3NC=C(C2)c13,cocrystal,2,SENWOB
OC(=O)CCCC(O)=O,CC(C)(CC(O)=O)C(O)=O,failed,0,
C1CNC(=[NH]C1)CCC1=[NH]CCCN1,OC(=O)c1cc(cc(c1)N(=O)=O)C(=O)[O],salt,1,XAVTAP
F[P](F)(F)(F)(F)F,C=CC[n]1cccc2ccc3ccc(nc3c12)N1C=NC=N1,salt,1,FITWEM
CN1C=[NH]C=C1C(=NO)N(=O)=O,O=N(=O)[O],salt,1,PEHXOQ
CC1=CC(=CC=C1)C(N)=O,NC(CCC(O)=O)C(O)=O,failed,0,
CC1=C(C=CC(C)=CC=CC(C)=CC(O)=O)C(C)(C)CCC1,c1cc(ccn1)N=Nc1ccncc1,cocrystal,2,VENPIR
O=C(c1ccccc1)c1ccccc1,OC(C#CC#CC(O)(c1ccccc1)c1ccccc1)(c1ccccc1)c1ccccc1,cocrystal,2,SOGHAX
c1ccc(cc1)P(=[N]=P(c1ccccc1)(c1ccccc1)c1ccccc1)(c1ccccc1)c1ccccc1,OS(=O)(=O)[O],solvate,3,SUZYOB
N#Cc1cc(C#N)c(cc1C#N)C#N,N#Cc1ccc(C=Cc2ccc(cc2)C=Cc2ccc(cc2)C#N)cc1,cocrystal,2,NIPLUW
COC1=CC=CC=C1C(O)=O,NC(=O)C1=CC=NC=C1,failed,0,
COC1=CC=CC(=C1)C(N)=O,OC(=O)CC(=CC(O)=O)C(O)=O,failed,0,
C[N]1=C(N)N(N)N=N1,[N]=[N]=[N],salt,1,SASPAE
Oc1ccccc1,CN1c2ccccc2P(=O)(c2ccccc2)c2ccccc12,cocrystal,2,MPPZPO
NC1=CC=CC=C1[N+](=O)[O-],OC1=CC2=CC=CC=C2C=C1,failed,0,
Cc1ccc(C)cc1,OC(=O)C(Cc1ccccc1)NC(=O)c1ccc(cc1)C(=O)NC(Cc1ccccc1)C(O)=O,hydrate,3,FILQUP
CCN(CC)CC(=O)Nc1c(C)cccc1C,Oc1cc(O)cc(O)c1,hydrate,3,TURNOM
OC1=CC=C(O)C=C1,NC(=O)C1=CC=C(C=C1)[N+](=O)[O-],failed,0,
NC(=O)C1=CN=CC=C1,OC(=O)C1=NC=CN=C1,failed,0,
C1=CC=C(C=C1)C1=CC=CC=C1,CC(C)(C)CO,failed,0,
CCOC(=O)Nc1ccc(NCc2ccc(F)cc2)cc1N,OC(=O)c1ccc(O)cc1,hydrate,3,YETKAM
OC1=C([O])C(=O)C1=O,Cc1[nH]cc(CO)c(CO)c1O,hydrate,3,CANFAC
O=P([O])(c1ccccc1)c1ccccc1,Nc1[nH]cccc1,hydrate,3,MUCJOK
O=C1NC=C(C=C1)P(=O)(C1=CNC(=O)C=C1)C1=CNC(=O)C=C1,OC(=O)C=C,cocrystal,2,XAQZAR
[NH3]C1C(=O)N(C)c2ccccc2c2ccccc12,Cc1ccc(cc1)C(=O)OC(C(OC(=O)c1ccc(C)cc1)C(=O)[O])C(O)=O,hydrate,3,KUJYIY
NC(=O)N1C2=CC=CC=C2C=CC2=CC=CC=C12,NCCCCC(N)C(O)=O,failed,0,
Cc1ccc(cc1)N=C1OC2(OC31C(=O)N1CCCc4cccc(C3=O)c14)C(=O)N1CCCc3cccc(C2=O)c13,c1ccccc1,cocrystal,2,TLQULZ
NC(CCC(O)=O)C(O)=O,NC(=O)C1=CC=CC=C1O,failed,0,
COc1cccc(C=NNC(=O)c2cc[nH]cc2)c1O,O=N(=O)[O],salt,1,MUDGAV
Oc1ccc2cc(ccc2c1)C(=O)[O],[NH2]1CC[NH2]CC1,hydrate,3,KUFBOD
O[n]1ccccc1,CS(=O)(=O)[N]S(C)(=O)=O,salt,1,QUSLUL
OC(=O)C1=CC(=CC(=C1)[N+](=O)[O-])[N+](=O)[O-],OC(=O)C1=CC=CC=C1,failed,0,
O=N(=O)[O],CN1[NH]=CC=C1,salt,1,TEFFOD
[NH3]c1cccc(C)c1C,OP(=O)([O])OP(O)(=O)[O],salt,1,PUJFOQ
NC(=O)C1=CC(=CC=C1)N,NC(N)=O,failed,0,
FC(F)(F)S(=O)(=O)[O],CC(O)[P]1(C2CCCC1CCC2)c1ccccc1,salt,1,NATBUF
O=C([O])CCC(=O)[O],Cc1[nH]c(N)ccc1,hydrate,3,YUGRAW
I[I]I,CC(C)c1cccc(C(C)C)c1N1P2N3C(=C1c1ccccc1)C=CC=C3C(=[N]2c1c(cccc1C(C)C)C(C)C)c1ccccc1,salt,1,SEBGIR
Oc1ccc(cc1)C12CC3CC(C1)CC(C3)(C2)c1ccc(O)cc1,[O]n1ccc(cc1)c1ccn([O])cc1,cocrystal,2,TEFRUS
FC(F)(F)S(=O)(=O)[O],Brc1ccc(cc1)[S]1CCCC1=CI,salt,1,JIYJUA
OCC(O)C1OC(=O)C(=C1O)O,NC(=O)c1ccncc1,cocrystal,2,OXOGUF
[O]P(=S)(c1ccccc1)c1ccccc1,C[NH](Cc1ccccc1)C(C)C,salt,1,NUZJAW
Cc1cc(C)c([S])c(C)c1,c1ccc(cc1)[P](c1ccccc1)(c1ccccc1)c1ccccc1,salt,1,VALWUA
CC1=[NH]c2ccccc2NC(C)(C)C1,O=[Cl](=O)(=O)[O],salt,1,NILNEB
N1C2=CC=CC=C2C2=CC=CC=C12,CC1=C(C=C(C=C1)[N+](=O)[O-])[N+](=O)[O-],failed,0,
NS(O)(=O)=O,C1COCCOCCOCCOCCO1,cocrystal,2,KOGSII
CC1=NC=C(CO)C(=C1O)CO,OC(=O)C1=CC(=CC=C1)O,failed,0,
OC(C(O)C(=O)[O])C(O)=O,N#Cc1ccc(cc1)C1CCCC2=C[NH]=CN12,salt,1,SUKNER
NC(=O)C1=CC=CC=C1N,NC(=O)C1=CN=CC=C1,failed,0,
Oc1ccc(cc1)c1nc(nc(n1)c1ccc(O)cc1)c1ccc(O)cc1,c1cc(ccn1)C#CC#Cc1ccncc1,cocrystal,2,MABTUI
[NH2]1CCOCC1,CN1C(=O)N(C)C(=C(C(c2ccc(cc2)N(=O)=O)C2=C(O)c3ccccc3OC2=O)C1=O)[O],salt,1,XATTIZ
OC(=O)CC(O)(CC(O)=O)C(=O)[O],CCCC1=NN(C)C2=C1N=C(NC2=O)c1cc(ccc1OCC)S(=O)(=O)N1CC[NH](C)CC1,hydrate,3,FEDTEO
OC(=O)C1=CC=CC=C1[N+](=O)[O-],OC(=O)C=CC(O)=O,failed,0,
C[n]1ccccc1[P](F)(c1ccccc1)c1ccccc1,FC(F)(F)S(=O)(=O)[O],salt,1,PUVZEN
O=N(=O)c1cc(c([O])c(c1)N(=O)=O)N(=O)=O,COC(=O)c1cc[nH]cc1,salt,1,UBEJES
CC1CCCCC1,CC1(C)CC(C)(c2ccc(cc2)N2C(=O)c3ccccc3N=C2c2ccccc2)c2ccccc2O1,cocrystal,2,CRQZMC
O=[Cl](=O)(=O)[O],NNC(=O)C1=CN[NH]=C1,salt,1,NORXUR
Cc1cccc2C(=N[N](C)(C)c12)O,O=N(=O)[O],salt,1,YIJHEE
NN1C=[NH]N=C1,O=N(=O)C1=C([O])C(=NN1)N(=O)=O,hydrate,3,EREQUQ
FC(F)(F)S(=O)(=O)[O],C[N](C)=C1C=CN(C=C1)P(P(P(C)C(C)(C)C)C(C)(C)C)C(C)(C)C,salt,1,GUQWEW
CC[NH]1CC2(C)CCC(O)C34C1C(CC23)C12CC(C(=O)CC41)C(=C)C2O,CC(=O)[O],hydrate,3,SOXWOS
CN(C)c1cc(cc(F)c1N(=O)=O)N1CCOCC1,Fc1cc(cc(F)c1N(=O)=O)N1CCOCC1,cocrystal,2,VOBZAQ
OC(=O)COc1ccccc1C=O,CN1C=NC2=C1C(=O)N(C)C(=O)N2C,hydrate,3,TENPAF
CCOS(=O)(=O)[O],O=C(NN=C(c1cc[nH]cc1)c1ccccc1)C1=CC=CO1,hydrate,3,OVEZIB
OC(=O)C1=CC(=CC=C1)O,CC1=CC2=C(C=C1C)N(CC(O)C(O)C(O)CO)C1=NC(=O)NC(=O)C1=N2,failed,0,
O=N(=O)[N]C1=NON=C1C1=NON=C1[N]N(=O)=O,NNC(N)=[NH2],salt,1,CIWNUT
[S]1C=CSC1=C1SC=CS1,CC1(C)CC(CC(C)(C)N1=O)OC(=O)c1ccccc1S(=O)(=O)[O],solvate,3,LAYTOV
CCOC1=CC=C(NC(C)=O)C=C1,CC(=O)NC1=CC=CC=C1,failed,0,
NC(N)=O,COC1=CC=CC(=C1)C(O)=O,failed,0,
N1C=[NH]N=C1,OS(=O)(=O)[O],salt,1,NOHBUL
OC(=O)C1=CN=CC=C1,NC(=O)C1=CC=C(F)C=C1,failed,0,
OC(=O)[O],CC(C)CN1C=C[N](=C1)CC(C)C,salt,1,HEGLUD
OC(=O)C1=CC=CC=C1[N+](=O)[O-],OC(=O)CC(=CC(O)=O)C(O)=O,failed,0,
FC(F)(F)S(=O)(=O)[O],C[N]1=NN(C=C1c1cc(cc(c1)C1=CN(N=[N]1C)c1c(C)cc(C)cc1C)C1=CN(N=[N]1C)c1c(C)cc(C)cc1C)c1c(C)cc(C)cc1C,hydrate,3,KOCDIS
c1ccccc1,OC1(C2=CC3=C(S2)SC(=C3)C2(O)c3ccccc3c3ccccc23)c2ccccc2c2ccccc12,cocrystal,2,PONRAL
CCC(C)=NNC(=O)c1ccncc1,OC(=O)c1cccc(O)c1,cocrystal,2,FADHOJ
c1cc(ccn1)C=Cc1ccncc1,OC(=O)CC12CC3CC(C1)CC(C3)(CC(O)=O)C2,cocrystal,2,TEFSON
CN1C(=C(O)C2=CC=CC=C2S1(=O)=O)C(=O)NC1=CC=CC=N1,OC1=CC=CC=C1O,failed,0,
N1C(=Nc2ccccc12)C=Cc1cc[nH]cc1,O=C([O])c1ccc(cc1)N(=O)=O,salt,1,WOLTEZ
OC(=O)C1=CC=C(O)C=C1,NC(CCC(O)=O)C(O)=O,failed,0,
Oc1cc2ccccc2cc1O,CCCN1c2ccccc2N=C2C(=O)NC(=O)N=C12,cocrystal,2,PALXND10
NC(=O)C1=CC=CC=C1,NC(=O)C1=CC=C(N)C=C1,failed,0,
CCCc1ccc(cc1)C#Cc1ccc(cc1)C(=O)[O],[NH3]C(C)c1ccccc1,salt,1,LIMBIU
CC(O)C1=NN=C(C(C)O)N1N,CC(O)C(=O)NNC(=O)C(C)O,cocrystal,2,JESVIN
c1cc(ccn1)c1ccncc1,Oc1ccc(cc1)C(=O)c1ccc(O)cc1,cocrystal,2,TEKKID
C1=CC=C2C(=C1)C=CC1=CC=CC=C21,C1=CC=C2C(=C1)C=CC1=C2C=CC2=CC=CC=C12,failed,0,
CCCCCCCC(O)=O,OC(=O)C1=CC=CC=C1[N+](=O)[O-],failed,0,
O=N(=O)c1cc(cc(c1)N(=O)=O)N(=O)=O,Ic1c(c(I)c(c(I)c1N(=O)=O)N(=O)=O)N(=O)=O,cocrystal,2,ORIMOT
O=CC=Cc1ccccc1,OC(=O)c1ccc(O)cc1,cocrystal,2,OKURIY
NC(=O)c1ccccc1,OC(=O)c1ccccc1O,cocrystal,2,URISAQ
Oc1ccc(CCC(=O)c2c(O)cc(O)cc2O)cc1,NC(=O)c1ccncc1,cocrystal,2,YUCBOQ
BrC1=CN2CC3CC(CN4CCCCC34)C2CC1=O,O=C1CCC(=O)N1,cocrystal,2,BEYPEA
OC(=O)C=CC1=CC=CC=C1,OC(=O)CCl,failed,0,
[NH3]c1cc(OC)cc(OC)c1,O=P1([O])OP(=O)([O])OP(=O)([O])OP(=O)([O])O1,hydrate,3,TUZJIH
C1=CC=C(C=C1)C1=CC=CC=C1,OC1=CC=CC(=C1)C=O,failed,0,
N1C=CC=N1,OC(=O)CC1=CC=CC=C1NC1=C(Cl)C=CC=C1Cl,failed,0,
O=[Cl](=O)(=O)[O],[NH2]1Cc2ccccc2OCCOCCOc2ccccc2CNc2ccccc2OCCOCCOc2ccccc12,solvate,3,MAWYIS
CC(C)[NH](Cc1ccccn1)Cc1cc(C)cc(CN(CC(O)=O)Cc2[nH]cccc2)c1O,F[P](F)(F)(F)(F)F,hydrate,3,EQAYEB
NC1=CC=C(C=C1)C(O)=O,OCC(O)C1OC(=O)C(=C1O)O,failed,0,
N#C[N]C#N,CC(C)=NNC(N)=[NH2],salt,1,SOBWIR
CC1=CC(=CC=C1)C(N)=O,CCCCCCCC(O)=O,failed,0,
OC(=O)CCCCCCCC(O)=O,OC(=O)CCCCCCCCC(O)=O,failed,0,
OC(=O)C(O)=O,COC1=CC=CC(=C1)C(O)=O,failed,0,
C1=CC=C(C=C1)C(C1=CC=CC=C1)C1=CC=CC=C1,C(C1=CC=CC=C1)C1=CC=CC=C1,failed,0,
[O]c1cc[nH]cc1,OC(=O)C1CCC(CC1)C(O)=O,cocrystal,2,WIGNIL
CC(=O)NC1=NN=C(S1)S(N)(=O)=O,Nc1ccc(cc1)C(O)=O,cocrystal,2,DACBIW01
[NH4],NC1=NC2=NN=NN2N=C1[C](N(=O)=O)N(=O)=O,hydrate,3,QECQAT
COC1=CC=CC(=C1)C(O)=O,OC(=O)C(O)=O,failed,0,
CCCCCCCC(O)=O,OC(=O)C1=CC(=CC=C1)O,failed,0,
O=[Cl](=O)(=O)[O],N1[NH]=CC(=C1)C1=CNN=C1,hydrate,3,YASTES
CN(c1[nH]cccc1)C(=O)c1ccccc1,O=[Cl](=O)(=O)[O],salt,1,YAMVIT
COc1cc2N3C4C5C(CC3=O)OCC=C3C[NH]6CCC4(C6CC53)c2cc1OC,OCC(NC(=O)c1ccc(cc1)N(=O)=O)C(=O)[O],solvate,3,XUYZOH
[NH3]CCO,O=N(=O)c1ccc([O])cc1,salt,1,MEXHEG
CN1N=NC2=C(N=CN2C1=O)C(N)=O,OC(=O)C(O)=O,cocrystal,2,ACESEI
OC(=O)CCCCC(O)=O,c1ccc2N3N=NC=C3C=Cc2c1,cocrystal,2,AXUSET
c1cc(ccn1)c1ccncc1,CCCCCCCCCCCCC#CC#CCCCCCCCCC(O)=O,cocrystal,2,TUVYER
O=C([O])c1ccc2ccccc2c1,[NH3]Cc1cccc(C)c1,salt,1,XITSEA
Cc1ccc2NC(=S)Nc2c1,Fc1c(I)c(F)c(I)c(F)c1I,cocrystal,2,DEYSOT
OCC(O)C1OC(=O)C(=C1O)O,COC1=CC=CC(=C1)C(N)=O,failed,0,
[NH2]=C(Nc1ccccc1)Nc1ccccc1,O=S(=O)([O])[O],hydrate,3,XAGWUX
CC12c3ccccc3C(C)(c3ccccc13)C(=C2C#N)C#CC1=C(C#N)C2(C)c3ccccc3C1(C)c1ccccc21,Cc1ccccc1,cocrystal,2,RIWXUQ
F[P](F)(F)(F)(F)F,Cc1ccc(cc1)C1=CC(=C2C=CC=CN12)N=C1C=C([N]2=C1C=CC=C2)c1ccc(C)cc1,solvate,3,VAMPUV
NC(=O)N1C2=CC=CC=C2C=CC2=CC=CC=C12,CC(O)C(N)=O,failed,0,
Fc1c(F)c(I)c(F)c(F)c1I,N1c2ccccc2Sc2ccccc12,cocrystal,2,TAWFAB
[NH3]C(C)c1ccccc1,O=C([O])C(=O)[O],salt,1,YUPYEN
O=N(=O)c1cc(c([O])c(c1)N(=O)=O)N(=O)=O,NN1C(=[NH]N=C1N)N,salt,1,XOKKAK
Oc1ccc2c(OC3=CC(=O)C=CC3=C2c2ccccc2C(=O)[O])c1,Nc1cc[nH]cc1,hydrate,3,CAGRAH
OC(C(O)C(=O)[O])C(O)=O,[NH3]CCO,hydrate,3,XAGDAK
C1CNC(=[NH]C1)CCC1=[NH]CCCN1,O=C([O])c1ccnc2c1ccc1c(ccnc21)C(=O)[O],solvate,3,MUGRUC
N#CP(C#N)C#N,C1CN2CCN1CC2,cocrystal,2,SAPJUS
Cc1ccc2c(ccc(O)c2c2c(O)ccc3cc(C)ccc23)c1,FC1=C(F)C(=O)C(=C(F)C1=O)F,cocrystal,2,RUCDEZ
Oc1ccc(cc1)C12CC3CC(C1)CC(C3)(C2)c1ccc(O)cc1,c1cc(ccn1)C=Cc1ccncc1,cocrystal,2,TEFRIG
NC(=O)C1=CC=CC=C1N,OC(=O)CC(=CC(O)=O)C(O)=O,failed,0,
CC[N]1=C(C)SCC1,N#CC(C#N)=C1C=CC(C=C1)=[C](C#N)C#N,salt,1,EMZTCN10
CC1=CC=C(C=C1)C(N)=O,OC(=O)C1=CN=CC=C1,failed,0,
Oc1ccc(cc1)C1=C2C=CC(=N2)C(=C2NC(=C(c3ccc(O)cc3)C3=NC(=C(C4=CC=C1N4)c1ccc(O)cc1)C=C3)C=C2)c1ccc(O)cc1,C(Cc1ccncc1)c1ccncc1,cocrystal,2,NAFPOC
Oc1c2Cc3cccc(Cc4cccc(Cc5cccc(Cc6cccc(Cc1ccc2)c6O)c5O)c4O)c3O,Brc1ccccc1,cocrystal,2,UFAQOI
NC(N)=[NH]CCC1NC(=O)C(Cc2ccccc2)NC1=O,O=N(=O)[O],salt,1,WANZOB
CC1[NH](CC1O)C(c1ccccc1)c1ccccc1,CC1(C)C2CCC1(CS(=O)(=O)[O])C(=O)C2,solvate,3,EYISOX
C[N](C)(C)CC(O)CC(O)=O,OC(C(O)C(=O)[O])C(=O)[O],salt,1,PUBDIZ
FC(F)(F)S(=O)(=O)[O],C[S]1C=CSC=CSC=C[S](C)C=CSC=C1,salt,1,DOKXAF
O=C1C2=NNN=C2C(=O)c2nc3C(=O)C4=NNN=C4C(=O)c3nc12,c1cc2ccc3ccc4ccc5ccc6ccc1c1c2c3c4c5c61,hydrate,3,IBOHOZ
CCCC[N](CCCC)(CCCC)CCCC,O=N(=O)c1ccc2[N]N=Nc2c1,hydrate,3,GUNSUE
IC#Cc1ccc(cc1)C#CI,c1cc(ccn1)C=Cc1ccncc1,cocrystal,2,ZEHSUD
O=N(=O)c1cc(c([O])c(c1)N(=O)=O)N(=O)=O,[NH3]c1ccc2ccc3cccc4ccc1c2c34,solvate,3,KAZZIY
COc1cc2CCNC(=CC(N)=NC(=O)c3ccccc3)c2cc1OC,c1ccccc1,cocrystal,2,VELZIV
[nH]1ccccc1c1ccccn1,OS(=O)(=O)[O],salt,1,UCOGAV
OC1=C([O])C(=O)C1=O,[NH3]CC1(C)CC([NH3])CC(C)(C)C1,hydrate,3,JARKIZ
COc1ccc(cc1)C=Cc1ccncc1,Fc1c(F)c(I)c(F)c(I)c1F,cocrystal,2,HIZBEY
O=P1([O])Oc2ccc3ccccc3c2c2c(O1)ccc1ccccc21,CC([NH2]c1ccccc1)CC#N,solvate,3,SORRIB
O=[Cl](=O)(=O)[O],O=C1CCCC2C3C[NH]4CCCCC4C(C3)CN12,salt,1,LPNECL
Oc1ccc(c2c1c1c(O)ccc(c21)N(=O)=O)N(=O)=O,CC1=CC(=O)C=C(C)O1,cocrystal,2,KEZZUK
OC(=O)C1=CN=CC=C1,NC(=O)C1=CC=CC=C1O,failed,0,
NC(=O)CN1CCCC1=O,OC(=O)CCC(O)=O,failed,0,
N#CC(C#N)=C1C=CC(C=C1)=C(C#N)C#N,O1c2cccc3ccc4Oc5cccc6ccc1c(c56)c4c23,cocrystal,2,PINHID
c1ccc(cc1)N=S=Nc1ccccc1,Fc1c(F)c(F)c2c3N=S=Nc3c(F)c(F)c2c1F,cocrystal,2,NEMHIW
FC(c1nn[n]n1)(N(=O)=O)N(=O)=O,[NH4],salt,1,WOZDIA
CN(C)c1ccc(cc1)[c]1cccccc1,O=[Cl](=O)(=O)[O],salt,1,QOKLEH
[NH4],OC(=O)CNC(=O)C(=O)NCC(=O)[O],hydrate,3,XOXNUU
OC(CC(O)=O)C(O)=O,OC(=O)C1=CC=C(C=C1)[N+](=O)[O-],failed,0,
O=S(=O)([O])c1cccc2c1cccc2S(=O)(=O)[O],CCN1C=C(C(O)=O)C(=O)c2cc(F)c(cc12)N1CC[NH2]CC1,hydrate,3,LOQLEK
Clc1ccc(cc1)S(=O)(=O)CC(=O)[O],C[NH](CCO)CCO,salt,1,GIMTON
CC(=O)OC1=CC=CC=C1C(O)=O,NC(=O)C1=CC=C(O)C=C1,failed,0,
[NH4],O=N(=O)[C](C1=NN=C(O1)[C](N(=O)=O)N(=O)=O)C1=NN=C(O1)[C](N(=O)=O)N(=O)=O,hydrate,3,DEVJOG
N#Cc1ccccc1c1ccc(C[NH]2CCOCC2)cc1,O=N(=O)[O],salt,1,DUTFUU
OC(=O)c1ccc(Cl)cc1N(=O)=O,N1N=Nc2ccccc12,cocrystal,2,LIXSEU
OC(C(O)C(=O)[O])C(=O)[O],Cc1[nH]c2nc(N)ccc2c(C)c1,salt,1,PAHLER
Cc1ccc(cc1)S(=O)(=O)[O],COc1ccc(C=Cc2cc[n](C)cc2)cc1OC,salt,1,LABYOG
CC1=CN(Cc2ccc(CN3C=C(C)C(=O)NC3=O)cc2)C(=O)NC1=O,Nc1nc(N)nc(N)n1,solvate,3,WOMGIP
OC(=O)C1=CC=CC=C1,OC1=CC=CC2=C1N=CC=C2,failed,0,
OC(=O)c1cc(O)ccc1O,O=C1NC=CC=C1N(=O)=O,cocrystal,2,PEKREE
OC(=O)C1=CC=C(F)C=C1,NC(N)=O,failed,0,
Oc1cc2ccccc2cc1O,CN1c2cc(C)c(C)cc2N=C2C(=NC(=O)N=C12)O,hydrate,3,LUNMPO10
O=N(=O)N=C1[N]N=NN1CCN1N=N[N]C1=NN(=O)=O,NNC(NN)=[NH]N,hydrate,3,XANQEK
OC1=C(Br)C(=O)C(=C(Br)C1=O)[O],Cc1c[nH]cc(C)c1,salt,1,YIKQEQ
O=S(=O)([O])[S],[NH3]CC([NH3])C,hydrate,3,RAZPOA
C1=CC=C2C=CC=CC2=C1,ClC1=CC=CC=C1Cl,failed,0,
CC1=CC2=C(C=C1C)N(CC(O)C(O)C(O)CO)C1=NC(=O)NC(=O)C1=N2,CC1=CC=C(C=C1)C(O)=O,failed,0,
c1ccc2cc3ccccc3cc2c1,O=C1SC(=O)c2cc3C(=O)SC(=O)c3cc12,cocrystal,2,TPYMAN
C[NH2]C(C)C(O)c1ccccc1,CC1(C)COP(=O)([O])OC1c1ccccc1,salt,1,FILGAI
NC(=O)c1cccnc1,OC(=O)c1ccc(O)cc1O,solvate,3,DINSEA
OC(=O)CCCCC(O)=O,O=C(Nc1ccc(cc1)C1(CCCC1)C#N)c1cccnc1NCc1ccncc1,cocrystal,2,JIFBUY
CC1=CC2=C(C=C1C)N(CC(O)C(O)C(O)CO)C1=NC(=O)NC(=O)C1=N2,OC(=O)C1=CC=C(O)C=C1,failed,0,
Fc1c(C#N)c(C#N)c([O])c(C#N)c1C(F)(F)F,CCCC[N](CCCC)(CCCC)CCCC,salt,1,GOMLUQ
CC1=CC=CC=C1C(N)=O,C1=NC=CC(=C1)C1=CC=NC=C1,failed,0,
NC(=O)C1=CC=CC=C1O,CC1=CC2=C(C=C1C)N(CC(O)C(O)C(O)CO)C1=NC(=O)NC(=O)C1=N2,failed,0,
Cc1cc(c(N)cc1Cl)S(=O)(=O)[O],Cc1[nH]cccc1,hydrate,3,BIRFEP
CCOC(=O)C1=C2NC(=NC3=C2C(=C(C(=[NH]3)C)C(=O)OC)[NH]=C1N)SC,O=[Cl](=O)(=O)[O],hydrate,3,JOCXAC
NS(=O)(=O)c1cc(C(O)=O)c(NCC2=CC=CO2)cc1Cl,Cc1ccc(cc1)C(N)=O,solvate,3,ESAWEC
CCCCN1C=C[N](=C1)C,O=N(=O)[O],salt,1,AZISAG
CC1=CC=C(C=C1)C(O)=O,CC1=CC2=C(C=C1C)N(CC(O)C(O)C(O)CO)C1=NC(=O)NC(=O)C1=N2,failed,0,
OC(CC(O)=O)C(O)=O,COC1=CC2=C(C=C1)N(C(=C2CC(O)=O)C)C(=O)C1=CC=C(Cl)C=C1,failed,0,
O=S(=O)([O])[O],COc1ccc(OCC=N[NH2]C(N)=N)cc1,salt,1,CUZJIQ
CC1=NC=C(CO)C(=C1O)CO,NC(=O)C1=CC=CC=C1[N+](=O)[O-],failed,0,
Cc1ccc(cc1)S(=O)(=O)[O],CCN1C(Sc2ccccc12)=CC=CC=CC1=[N](CC)c2ccccc2S1,hydrate,3,DAKCAU
[NH3]N,n1nn[c](n1)N=N[c]1nnnn1,salt,1,ECIXAP
CC(=O)NC1=CC=C(O)C=C1,CC(=O)OC1=CC=CC=C1C(O)=O,failed,0,
[NH4],Oc1ccccc1C=Nc1ccc(cc1)C(=O)[O],salt,1,YOLBIN
CC(C)(C)c1cc(C(c2ccccc2)c2ccccc2)c(OP(O)(=O)[O])c(c1)C(c1ccccc1)c1ccccc1,CC[NH](CC)CC,salt,1,CIQXOS
NC(=O)C1=CC=C(N)C=C1,OC(=O)CCCC(O)=O,failed,0,
S=C1NC=CC(=S)N1,O=N(=O)c1ccc2OCCOCCOCCOCCOCCOc2c1,hydrate,3,IFINER
O=C[O],Cc1[nH]c2cc(N)ccc2c(C)c1,salt,1,TIBKUL
OC(=O)C1=CC=CC=C1,NC(=O)C1=CC=CC=C1,failed,0,
C(CNC1(c2ccccc2)c2ccccc2Sc2ccccc12)NC1(c2ccccc2)c2ccccc2Sc2ccccc12,Cc1ccc(C)cc1,cocrystal,2,XESPUJ
CC1=CC=C(C=C1)C(O)=O,OC(=O)CCSCCC(O)=O,failed,0,
O=[Cl](=O)(=O)[O],C1Cc2c([nH]c(c3CCc4cccnc4c23)c2ccccc2)c2ncccc12,hydrate,3,TEWBEC
C1=CC2=CC3=CC=CC=C3C=C2C=C1,CC1=C(C=CC=C1[N+](=O)[O-])[N+](=O)[O-],failed,0,
FC(F)(F)S(=O)(=O)[O],Cc1cc(C)c([I]c2ccccc2C2=Nc3ccc(cc3N2)N(=O)=O)c(C)c1,salt,1,LIMDAP
Nc1cccc(F)c1,CC(CCC(O)=O)C1CCC2C3C(O)CC4CC(O)CCC4(C)C3CC(O)C12C,cocrystal,2,YAZTIC
OC1=C(C=C(C=C1)[N+](=O)[O-])[N+](=O)[O-],C1C2=CC=CC=C2C2=CC=CC=C12,failed,0,
OC(=O)c1cc(cc(c1)S(=O)(=O)[O])C(O)=O,CC(C)[NH2]C(C)C,hydrate,3,RISKUB
CCCCOC(=O)c1ccc(O)cc1,NC(=O)c1ccncc1,cocrystal,2,PAGCAE
OC(C(O)C(O)C(O)=O)C(O)C(O)=O,NC(=O)C1=NC=CN=C1,failed,0,
OC(=O)C=CC(O)=O,NC(=O)C1=CC=CC=C1[N+](=O)[O-],failed,0,
OC(=O)CCCC(O)=O,Cc1cc(C)nc(N)n1,cocrystal,2,NEBWIC
C[NH]1CCC2(CCCC1C2O)c1cc(ccc1F)N(=O)=O,Cc1ccc(cc1)C(=O)OC(C(OC(=O)c1ccc(C)cc1)C(=O)[O])C(O)=O,solvate,3,UFUGUY
N1C=[NH]C=C1,O=C1NC(=S)NC(=C1)[O],salt,1,QOBZAM
CC(=C)C(=O)OC1CC(C)(C)[NH2]C(C)(C)C1,C=CS(=O)(=O)[O],salt,1,LEPYEM
CC1=CC2=C(C=C1)C=C(C)C=C2,CC1=CC=C(C)C2=CC=CC=C12,failed,0,
Cc1[nH]c2nc(N)ccc2c(C)c1,O=N(=O)c1cc(c([O])c(c1)N(=O)=O)N(=O)=O,salt,1,MUTMAQ
C[N]1=CN(CCCN2C(=O)c3ccc4C(=O)N(CCCN5C=C[N](=C5)C)C(=O)c5ccc(C2=O)c3c45)C=C1,O=N(=O)c1cc(c([O])c(c1)N(=O)=O)N(=O)=O,salt,1,SEKCUJ
CS(=O)(=O)N(Cl)S(C)(=O)=O,C1COCCOCCOCCOCCOCCO1,cocrystal,2,KEZYUJ
CCC1=C(CC)C2=CC3=NC(=CC4=C(C(C)C)c5c(N4)c4NC(=C(C(C)C)c4c4ccccc54)C=C4[NH]=C(C=C1N2)C(=C4C)C)C(=C3C)C,CC(=O)[O],solvate,3,DORCEU
CN(C)c1ccc(C=Cc2cc[n](cc2)c2cncc(n2)[n]2ccc(cc2)C=Cc2ccc(cc2)N(C)C)cc1,F[P](F)(F)(F)(F)F,solvate,3,UXESUM
CC(C)NC(C)C,CCOP1(=O)N=C(NC(=C1c1ccccc1)C(F)(F)C(F)(F)F)C(F)(F)C(F)(F)F,cocrystal,2,FEHNUC
O=C(Nc1ccc(cc1)C#N)Nc1ccc(cc1)C#N,NC(N)=O,cocrystal,2,HEZTEL
FC(F)(F)C(=O)[O],CCC12CCC[NH]3CCC4=C(C13)N(c1ccccc41)C(CO)(C2)C#Cc1ccc(Br)cc1,salt,1,IDIREW
Nc1cc[nH]cc1,Oc1ccc(cc1F)C(=O)[O],hydrate,3,MOYREY
CC1=CCP(=O)(C1)c1ccccc1,CC1(C)OC(C(O1)C(O)(c1ccccc1)c1ccccc1)C(O)(c1ccccc1)c1ccccc1,solvate,3,HIBBUQ
OC(=O)C1=CC=CC=C1,OC(=O)CC(O)=O,failed,0,
CC(=O)Nc1ccccn1,Cc1ccc(cc1)C(O)=O,cocrystal,2,CILLAM
CC(=O)C1C(OC(=O)c2c(O)cc(O)c(C)c12)C1(OC(=CC1=O)C)C(N)=O,c1ccccc1,cocrystal,2,OGOTIQ
NC1=[NH]CCS1,Clc1ccc(Cl)c(OCC(=O)[O])c1,salt,1,RADDUW
N#CC(C#N)=C1C=CC(C=C1)=[C](C#N)C#N,Cc1c[n](Cc2ccc(I)cc2)cc(C)c1,salt,1,ROKCOK
NC(=O)C1=CC=CC=C1O,OC(=O)C1=CC(=CC=C1)O,failed,0,
[NH4],O=S(=O)([O])C(S(=O)(=O)[O])S(=O)(=O)[O],hydrate,3,AXOBEW
CC1=C[NH]=CN1,O=C([O])CCC(=O)[O],solvate,3,HOLNIG
NC(=O)C1=CC=CC=C1N,CC1=CC2=C(C=C1C)N(CC(O)C(O)C(O)CO)C1=NC(=O)NC(=O)C1=N2,failed,0,
NC(=O)C1=CN=CC=C1,COC1=CC=C(C=C1)C(N)=O,failed,0,
OC(=O)C(OC(=O)c1ccccc1)C(OC(=O)c1ccccc1)C(=O)[O],[NH3]CCCCN,hydrate,3,RAZBID
C[N](C)(C)CC(O)CC(N)=O,CC1(C)C(CCC1(C)C(O)=O)C(=O)[O],hydrate,3,ROKWAP
C(Sc1ccncc1)c1ccncc1,OC(=O)c1ccc(I)cc1,cocrystal,2,ROMFAC
CC(CCC(N)=O)C1CCC2C3C(O)CC4CC(O)CCC4(C)C3CC(O)C12C,CCCc1ccccc1,cocrystal,2,VIZROM
OC(C(=O)[O])c1cccc(Cl)c1,[NH3]CCO,salt,1,GEPNEW
O=N(=O)C1=C[N]N=N1,CN1C=C[N](=C1)C,salt,1,FEXLUR
CCOC1=CC=C(NC(C)=O)C=C1,NC(=O)C1=CC=CC=C1,failed,0,
OCc1[nH]cccc1,OP(O)(=O)[O],salt,1,EJEGAB
O=C1[N]S(=O)(=O)c2ccccc12,CN(C)c1ccn([I]n2ccc(cc2)N2CCCC2)cc1,solvate,3,TOWTAE
CN(C)c1ccc(NC(=O)NC(=O)CCc2ccccc2)cc1,CC(C)CCNC(=O)NC(=O)c1ccc(cc1)N(=O)=O,cocrystal,2,BUFXOP
O=N(=O)[N]N(=O)=O,NN1C(=[NH2])NN=C1C1=CNNC1=[NH2],salt,1,LIBMES
FC(F)(F)S(=O)(=O)[O],C[n]1cccc2cc(NC(=O)c3cccc(n3)C(=O)Nc3ccc4[n](C)cccc4c3)ccc12,hydrate,3,RISPUG
OC(=O)CCCCCC(O)=O,OC(=O)CCCCC(O)=O,failed,0,
Nc1ccc(cc1)S(=O)(=O)[N]c1ncccn1,[NH3]CCCC,hydrate,3,DEMCOO
N1N=Nc2ccccc12,CC1=NN(C(=C1)C)c1nnc(Nc2ccc(Br)cc2)nn1,cocrystal,2,XEMCUP
NC1=C(N(N=C1N(=O)=O)[N]N(=O)=O)N(=O)=O,[NH4],salt,1,AXIDAO
C[S](C)(C)=O,N1=NC(=N[N]1)N=NC1=N[N]N=N1,salt,1,BAVBEH
COC1=CC=CC=C1C(N)=O,CC1=NC=C(CO)C(=C1O)CO,failed,0,
NN1C(=NN2C(=[NH]N=C12)N)N,CN1N=C(C(=C1N(=O)=O)c1c(cc(c([O])c1N(=O)=O)N(=O)=O)N(=O)=O)N(=O)=O,hydrate,3,HIQSEJ
OC(=O)c1cc(cc(c1)N(=O)=O)C(=O)[O],[NH3]c1ccc(cc1)N=Nc1ccccc1,hydrate,3,KIWWIX
O=C(NCCCCCCCCNC(=O)c1cccnc1)c1cccnc1,FC(F)(I)C(F)(F)I,cocrystal,2,BONJOF
NN1C(=[NH]N=C1c1ccc(O)cc1)c1ccc(O)cc1,O=S(=O)([O])c1ccccc1,hydrate,3,VIMFUW
NC1=CC=CC(=C1)C(O)=O,NC(=O)C1=CN=CC=C1,failed,0,
N1C=CC=N1,N1C=NC=N1,failed,0,
O=[Cl](=O)(=O)[O],CC(=NNC(=O)C(=O)NN=C(C)c1[nH]cccc1)c1[nH]cccc1,hydrate,3,KUTREX
[NH3]CCc1ccc(O)c(O)c1,O=S(=O)([O])CCS(=O)(=O)[O],salt,1,ZIRWOQ
[NH3]O,O=N(=O)C1=C([N]C(=N1)C1=NC(=C([N]1)N(=O)=O)N(=O)=O)N(=O)=O,hydrate,3,BEMCON01
COC1=CC(=CC(=C1)OC)C(O)=O,NC1=CC=C(C=C1)C(O)=O,failed,0,
N#Cc1cc(C#N)c(cc1C#N)C#N,O=C(C=Cc1c2ccccc2cc2ccccc12)c1ccccc1,cocrystal,2,YIMZAY
OP(=O)([O])OP(O)(=O)[O],[NH3]C(C)(C)CO,salt,1,NETGIC
OC1=CC2=CC=CC=C2C=C1,C1=CC=C2C=CC=CC2=C1,failed,0,
C1C[n]2ccc(cc2)c2cc[n](CCC3=CN(CC[n]4ccc(cc4)c4cc[n](CCC5=CN1N=N5)cc4)N=N3)cc2,F[P](F)(F)(F)(F)F,salt,1,FUFXIQ
CC(=O)SC1CC2=CC(=O)CCC2(C)C2CCC3(C)C(CCC43CCC(=O)O4)C12,NC(=O)C1=CN=CC=C1,failed,0,
C[N](C)(C)CCO,O=C1NC(C(=O)[N]1)(c1ccccc1)c1ccccc1,salt,1,COXYUK
O=C([O])C(CC1=CNC=[NH]1)N1C(=O)c2cccc3cccc(C1=O)c23,c1ccc2ncccc2c1,cocrystal,2,WOVJIC
C1CC(CCC1NC1(c2ccccc2)c2ccccc2Sc2ccccc12)NC1(c2ccccc2)c2ccccc2Sc2ccccc12,Cc1ccc(C)cc1,cocrystal,2,HIXYUL
[O]N1N=NN=C1C1=NN=NN1[O],[NH3]NC(=O)N[NH3],hydrate,3,ZIBDOF
CN1C=NC2=C1C(=O)NC(=O)N2C,CC(=O)NC1=CC=C(O)C=C1,failed,0,
OC1=C(Cl)C(=O)C(=C(Cl)C1=O)O,O=C1CCCN1,cocrystal,2,SADTIC
Cc1ccccc1,c1ccc(cc1)c1nc(nc(n1)c1c(cccc1N1c2ccccc2c2ccccc12)N1c2ccccc2c2ccccc12)c1ccccc1,cocrystal,2,INONUX
Cc1ccc(C)cc1,O=C1N(C(=O)c2ccc3C(=O)N(C(=O)c4ccc1c2c34)c1ccccc1C(=O)c1ccccc1)c1ccccc1C(=O)c1ccccc1,cocrystal,2,YAWYED
Cc1ccc(cc1)C(=O)[O],CCc1[nH]c(N)nc(N)c1c1ccc(Cl)cc1,hydrate,3,PAFFIP
CC(C)COc1ccc(cc1C#N)C1=NC(=C(S1)C(=O)[O])C,Oc1cc[nH]cc1,hydrate,3,QEFDAK
C1C2=CC=CC=C2C2=CC=CC=C12,C1=CC=C(C=C1)C1=CC=CC=C1,failed,0,
NCCCCCCCCN,C1=CC=C2C=CC=CC2=C1,failed,0,
[NH3]C(C)c1ccccc1,CCOC(Cc1ccc(OC(C)C(=O)NCCc2ccc(CC)cc2)cc1)C(=O)[O],salt,1,PAPGET
Nc1ncnc2N(CC(=O)[O])C=Nc12,C[n]1cccc(c1)C(N)=O,hydrate,3,NICADN
OC(=O)CCCCCCC(O)=O,NC1=NC=C(Br)N=C1Br,failed,0,
FC(F)(F)C(=O)[O],[NH3]CCc1ccc(Oc2ccc(O)c(I)c2)cc1,salt,1,ITUCEH
O=S(=O)([O])[O],[NH3]c1ccc(O)c(c1)C(O)=O,hydrate,3,XAZQOH
FC(F)(F)S(=O)(=O)[O],C[n]1cccc2c(NC(=O)c3cccc(n3)C(=O)Nc3cccc4[n](C)cccc34)cccc12,hydrate,3,RISQAN
Fc1c(I)c(F)c(I)c(F)c1I,c1cc(ccn1)C#CC#Cc1ccncc1,cocrystal,2,XAYLUH
c1ccccc1,CC12CC(=O)CCC1C(=O)c1ccccc1C2OC(=O)c1ccc(Br)cc1,cocrystal,2,BESFEL
[H](F)[F],CC(C)c1cccc(C(C)C)c1N1C=C[N](=C1)c1c(cccc1C(C)C)C(C)C,solvate,3,IYITER
N1N=NN=C1C1=NON=C1OC1=NON=C1C1=NN=N[N]1,Nc1[nH]c(N)nc(N)n1,hydrate,3,ONIVOY
NC(CCC(O)=O)C(O)=O,CC1=CC(=CC=C1)C(O)=O,failed,0,
OCC(O)=O,NC(=O)N1C2=CC=CC=C2C=CC2=CC=CC=C12,failed,0,
COc1cc(cc(OC)c1OC)C1C2C(COC2=O)C(O)c2cc3OCOc3cc12,O=N(=O)c1ccccc1,hydrate,3,SIHXUC
CCCC[N](CCCC)(CCCC)CCCC,Oc1c(cc2ccccc2c1c1c([O])c(cc2ccccc12)c1c2ccccc2cc2ccccc12)c1c2ccccc2cc2ccccc12,salt,1,BUDBAF
[S]C#N,COc1cc(OC)c([I]c2ccc(Cl)cc2)c(OC)c1,salt,1,GUYKUJ
Fc1c(F)c(F)c(C=CC(=O)C=Cc2c(F)c(F)c(F)c(F)c2F)c(F)c1F,O=C(C=Cc1ccccc1)C=Cc1ccccc1,cocrystal,2,XOHWAU
CC1(C)CCCC(C)(C)[NH]1O,FC(F)(F)C(=O)[O],salt,1,TAFPEZ
NC1=CC=C(C=C1)C(O)=O,COC1=CC(=CC(=C1)OC)C(O)=O,failed,0,
OC(=O)C1=CC=CC=C1,NC1=CC=NC=C1,failed,0,
OC(=O)c1c(cc(cc1N(=O)=O)N(=O)=O)N(=O)=O,NC(=O)Nc1ccccc1,cocrystal,2,NEMTOO
N#Cc1ccc(cc1)N1c2ccc(cc2Sc2cc(ccc12)c1ccc(cc1)C#N)c1ccc(cc1)C#N,c1ccccc1,cocrystal,2,VOGJEK
NC(=O)CCC(N)=O,NC(=O)C1=CC=NC=C1,failed,0,
c1ccccc1,Oc1ccc(cc1)C(c1ccc(O)cc1)c1ccc(Br)cc1,cocrystal,2,XIMNOW
[NH2](C1CCCCC1)C1CCCCC1,CCC(=O)P(O)(=O)[O],salt,1,PIXTAU
Clc1ccc(cc1)C(c1ccc(Cl)cc1)C(Cl)(Cl)Cl,c1ccccc1,cocrystal,2,VEJRIO
OC(=O)C1=CC=CC=C1,COC(=O)C1=CC=C(C=C1)C(=O)OC,failed,0,
CCOC(=O)C1(Cc2ccccc2)C2C(C(CC1=O)C(=C[C]2N(=O)=O)N(=O)=O)N(=O)=O,CC[NH](CC)CC,salt,1,URITOF
CCCCCCCCCCCCOC1=CC2=CC=C([O]=C2C=C1OC)c1ccc(SCCCCCCCCCCCC)cc1,FC(F)(F)S(=O)(=O)[O],salt,1,VEJPIN
Cc1ccccc1,CCCN1C(=O)c2c(C#N)c(C#N)c3C(=O)N(CCC)C(=O)c4c(C#N)c(C#N)c(C1=O)c2c34,cocrystal,2,QIQMIP
C(Cc1ccncc1)c1ccncc1,OC(=O)c1ccc(C(O)=O)c(c1)N(=O)=O,cocrystal,2,GOQCOI
OC(=O)CC1NC(=O)C(CC(=O)[O])NC1=O,C(Cc1cc[nH]cc1)Cc1ccncc1,salt,1,UCEYEG
OC(=O)c1ccc(C(O)=O)c2ccccc12,c1cc(ccn1)C=Cc1ccncc1,hydrate,3,OPEKAW
NC(=O)C1=CC=C(F)C=C1,CN1C=NC2=C1C(=O)N(C)C(=O)N2C,failed,0,
BrC1=C(Br)C(=O)NC1=O,Brc1cnc2c(c1)C(=O)c1cc(Br)cnc21,cocrystal,2,DAMSAM
F[P](F)(F)(F)(F)F,C1[n]2ccn(Cc3nc4ccccc4nc3C[n]3ccn(Cc4nc5ccccc5nc14)c3)c2,solvate,3,REXCUT
[NH3]c1cccc2c(O)[nH]nc(O)c12,O=S(=O)([O])[O],salt,1,IJACAA
O=N(=O)[O],Nc1[nH]cc(cc1)C#N,salt,1,ROFGEZ
Cc1ccc(C)cc1,OC(=O)c1ccc(cc1)C(c1ccccc1)(c1ccccc1)c1ccccc1,cocrystal,2,LOJQUW
C1=CC=C2C=CC=CC2=C1,C1CC2=CC=CC3=C2C1=CC=C3,failed,0,
c1cc(ccn1)C=Cc1ccncc1,Fc1c(F)c(OC(=O)CCCCC2CCSS2)c(F)c(F)c1I,cocrystal,2,TAWCUS
OC(=O)C=CC(O)=O,OC(CN1C=NC=N1)(CN1C=NC=N1)c1ccc(F)cc1F,hydrate,3,XIYSIK
O=C1c2n[n]nc2C(=O)c2n[n]nc12,CC(C)[NH2]C(C)C,salt,1,IBOGUE
Nc1ccc(cc1)C(c1ccc(N)cc1)(c1ccc(N)cc1)c1ccc(N)cc1,C1CCOCC1,cocrystal,2,ZIQWEF
COC1=C(O)C=CC(=C1)C=O,CN1C(=C(O)C2=CC=CC=C2S1(=O)=O)C(=O)NC1=CC=CC=N1,failed,0,
CC1=CC(=[N]2N1P1OP2OP2OP(O1)[N]1=C(C)C=C(C)N21)C,FC(F)(F)S(=O)(=O)[O],salt,1,PUVJIA
FC(F)(F)S(=O)(=O)[O],CC(C)N(C(C)C)C1=C(C1=[N](C(C)C)C(C)C)[P](c1ccccc1)(c1ccccc1)c1ccccc1,solvate,3,ZORNOM
c1cc2ccc3ccc4ccc5ccc6ccc1c1c2c3c4c5c61,Fc1c(F)c(F)c2c(F)c(F)c(F)c(F)c2c1F,cocrystal,2,FETXOU
OC(C#CC#CC(O)(c1ccccc1)c1ccccc1Cl)(c1ccccc1)c1ccccc1Cl,O=C1NC=CC=C1,cocrystal,2,GIKZAB
O=[Cl](=O)(=O)[O],O=C(Nc1c[nH]ccc1)Nc1c[nH]cc(NC(=O)Nc2c[nH]ccc2)c1,hydrate,3,HOSNOU
CC1=CN(C2CC(O)C(COC(c3ccccc3)(c3ccccc3)c3ccccc3)O2)C(=O)NC1=O,c1ccccc1,cocrystal,2,LOWHEK
OC1=C(Cl)C=CC=C1Cl,OC1=C(Cl)C=C(Cl)C=C1,failed,0,
CC1=CC(=CC=C1)C(O)=O,CCCCCCCC(O)=O,failed,0,
CN(C)c1ccc(Cc2ccc(cc2)N(C)C)cc1,BrC(Br)(Br)Br,cocrystal,2,RERCAT
CC1=CC(=CC=C1)C(O)=O,OC(=O)C=CC(O)=O,failed,0,
OC(=O)C1=CC2=CC=CC=C2C=C1O,CC(=O)C1CCC2C3CC=C4CC(O)CCC4(C)C3CCC12C,failed,0,
O=N(=O)c1ccc(c(c1)N(=O)=O)S(=O)(=O)[O],C#CC[P](c1ccccc1)(c1ccccc1)c1ccccc1,salt,1,NOFFEX
OC(=O)C1=CC=CC=C1Cl,OC(=O)C1=CC=CC=C1,failed,0,
Cc1nc(C)c(C)nc1C,OC(=O)C1CCC(CC1)C(O)=O,cocrystal,2,XOGDII
N#CC(C#N)=C1C=CC(C=C1)=C(C#N)C#N,c1ccc2cc3cc4ccccc4cc3cc2c1,cocrystal,2,HIBFUW
CC[NH](CC)CC,Oc1c2Cc3cccc(Cc4cccc(Cc5cccc(Cc6cccc(Cc7cccc(Cc1ccc2)c7O)c6O)c5[O])c4O)c3O,solvate,3,FILGUF
[NH2]=C(NCCCCCCNC(=N)NC(=[NH2])Nc1ccc(Cl)cc1)NC(=N)Nc1ccc(Cl)cc1,O=C([O])[O],hydrate,3,AMASIS
O=N(=O)c1cc(c([O])c(c1)N(=O)=O)N(=O)=O,CC1=[NH]C(C)(C)CC(C)(C)N1,salt,1,SEKHUM
NC1=CC=NC=C1,OC(=O)C1=CC=CC=C1,failed,0,
[NH3]C1CC1,OP(=O)([O])OP(O)(=O)[O],hydrate,3,COQMOK
CCCCCCCC(O)=O,NC(=O)C1=CC=CC=C1[N+](=O)[O-],failed,0,
C1=CC2=CC3=CC=CC=C3C=C2C=C1,O=[N+]([O-])C1=CC(=CC=C1)[N+](=O)[O-],failed,0,
Clc1ccc(cc1)C(N1CC[NH2]CC1)c1ccccc1,O=N(=O)c1cc(c([O])c(c1)N(=O)=O)N(=O)=O,hydrate,3,LEFZIH
CCCN,CC1(C)OC(C(O1)C(O)(c1ccccc1)c1ccccc1)C(O)(c1ccccc1)c1ccccc1,cocrystal,2,SADDUW
ON=C(CCC(O)=O)C(O)=O,NC(=O)N1C2=CC=CC=C2C=CC2=CC=CC=C12,failed,0,
O=N(=O)[O],O=C1C=CNC=C1,salt,1,YAVTEU
N#CC(C#N)=C1C=CC(C=C1)=C(C#N)C#N,c1ccc2ccccc2c1,cocrystal,2,TCQNAP
CC1=CC=CC=C1C(O)=O,CCCCCCCC(O)=O,failed,0,
[NH3]O,O=N(=O)C1=N[N]C(=C1[O])N(=O)=O,hydrate,3,NOPPAM
N1C=CN=C1,OCC1=CC(=O)C(=CO1)O,cocrystal,2,FIFJEN
Fc1cc(F)c(F)c(C#Cc2cc(cc(c2)N(=O)=O)N(=O)=O)c1F,CN(C)c1ccc(cc1)C#Cc1cccnc1,cocrystal,2,VEXYOQ
C1C2=CC=CC=C2C2=CC=CC=C12,O1C2=CC=CC=C2C2=CC=CC=C12,failed,0,
c1ccc2nc3ccccc3cc2c1,Oc1ccc2ccc(O)cc2c1,cocrystal,2,XOHPOD
C[NH](C)CC[NH](C)C,O=S(=O)([O])S(=O)(=O)[O],hydrate,3,YECGAR
C[C](O)O,FS(=O)(=O)[O],salt,1,ACETFS
O=S(=O)([O])c1ccc2N=C(Sc2c1)c1ccccc1,C[NH]1CCOCC1,hydrate,3,WEHZAN
CCNC(=S)NN1C(=S)N(N)C23C(=O)c4ccccc4C12OC(=C3C#N)N,NC=C(N)O,cocrystal,2,TAGXEH
NC(=O)C1=CC=CC=C1[N+](=O)[O-],OC1=CC=C(O)C=C1,failed,0,
CC1CC(C)(c2ccc(O)cc2)c2ccccc2O1,CC1(C)CC(C)(c2ccc(O)cc2)c2ccccc2O1,solvate,3,TEFRII
NC(=O)C1=CC=CC=C1O,OC1=CC=C(O)C=C1,failed,0,
[NH3]O,O=N(=O)[N]=C1[N]N=N[N]1,hydrate,3,TEDRAX
O=N(=O)c1cc(cc(c1)N(=O)=O)C#N,c1ccncc1,cocrystal,2,CAYJOC
[NH4],Clc1ccncc1S(=O)(=O)[O],salt,1,XEHNOO
OC(=O)C1=C(O)C=CC(=C1)O,COC1=CC2=C(C=C1)N(C(=C2CC(O)=O)C)C(=O)C1=CC=C(Cl)C=C1,failed,0,
Oc1ccc(cc1)S(=O)(=O)c1ccc([O])cc1,[NH2]1CCC(CC1)CCCC1CCNCC1,hydrate,3,LIPXOX
IC#Cc1cc(cc(c1)N(=O)=O)N(=O)=O,Cc1nc(C)c(C)nc1C,cocrystal,2,KUWNEX
CC1=CC2=C(C=C1C)N(CC(O)C(O)C(O)CO)C1=NC(=O)NC(=O)C1=N2,NC(=O)C1=CC(=CC=C1)[N+](=O)[O-],failed,0,
COC1=C(O)C=CC(=C1)C=O,C1=CC=C2C=CC=CC2=C1,failed,0,
[H](O=P(c1ccccc1)(c1ccccc1)c1ccccc1)O=P(c1ccccc1)(c1ccccc1)c1ccccc1,Cl[I](Cl)(Cl)Cl,salt,1,WEZNUK
CCC1(CC)CC(C)(C)[N](=C1)c1c(cccc1C(C)C)C(C)C,FC(F)(F)S(=O)(=O)[O],salt,1,XIQHEO
CC1=C(C)SC(S1)=C1SC(=C(C)S1)C,N#Cc1cc(C#N)c(cc1C#N)C#N,cocrystal,2,ORASEG
Fc1c(F)c(Br)c(F)c(F)c1Br,CP(=O)(c1ccccc1)c1ccccc1,cocrystal,2,LICBAC
FC1=C(F)C(C(=C(F)C1=C(C#N)C#N)F)=C(C#N)C#N,COc1cc2Sc3cc(OC)c(OC)cc3Sc2cc1OC,cocrystal,2,TUJKUE
Ic1cccc[n]1[O],CCC1c2cc(C(CC)c3cc(C(CC)c4cc(C(CC)c5cc1c(O)c(C)c5O)c(O)c(C)c4O)c(O)c(C)c3O)c(O)c(C)c2O,hydrate,3,FAKBOL
COc1cc2N3C4C5C(CC3=O)OCC=C3C[NH]6CCC4(C6CC53)c2cc1OC,OC(CC(O)=O)C(=O)[O],hydrate,3,GEHWIA
OC1=CC=CC(=C1)C=O,OC1=CC=C(C=C1)[N+](=O)[O-],failed,0,
OC(=O)C1=CC(=CC=C1)O,OCC(O)C1OC(=O)C(=C1O)O,failed,0,
OC(=O)C1=CN=CC=C1,OC(=O)C1=CC=C(C=C1)[N+](=O)[O-],failed,0,
COC1=CC=CC=C1C(N)=O,OC(=O)CCSCCC(O)=O,failed,0,
N1C=CN=C1c1ccccn1,Fc1c(F)c(I)c(F)c(F)c1I,cocrystal,2,ZOGTUM
FC(F)(F)C(F)(F)[P](F)(F)(CC#N)(C(F)(F)C(F)(F)F)C(F)(F)C(F)(F)F,CC(C)N1C=[N](C(C)C)C(=C1C)C,salt,1,UXIHIV
OC(=O)C=CC1=CC=CC=C1,OC(=O)C1=CC=CC=C1,failed,0,
CC(=O)[O],[NH3]C(C)(C)C,hydrate,3,QURYEI
Cc1ccc(O)c2[nH]cccc12,FC(F)(F)S(=O)(=O)[N]S(=O)(=O)C(F)(F)F,salt,1,YIRLUK
Cc1ccc2ccc3ccc(C)nc3c2n1,Oc1cc(O)c2C(=O)C(=C(Oc2c1)c1ccc(O)c(O)c1)O,solvate,3,QOLLUA
[NH2]1CC[NH2]CC1,[NH3]C(C)(P(O)(=O)[O])P(=O)([O])[O],hydrate,3,FAHBOH
OC(=O)C=CC(O)=O,CC1=CC=CC=C1C(N)=O,failed,0,
Cc1cc(C)nc(N)n1,OC(=O)CC1=CNc2ccccc12,cocrystal,2,KEVLIJ
C1COCCN2CCOCCOCC[NH](CCO1)CCOCCOCC2,O=N(=O)c1cc(c([O])c(c1)N(=O)=O)N(=O)=O,hydrate,3,WEPHUV
OC1=CC=C(C=O)C=C1,CC1=C(N)C=CC(=C1)[N+](=O)[O-],failed,0,
CC1=CC=C(C=C1)[N+](=O)[O-],CC1=C([N+](=O)[O-])C(=C(C=C1[N+](=O)[O-])[N+](=O)[O-])C,failed,0,
Nc1ccccc1N,Oc1ccc(cc1)C1(CCCCC1)c1ccc(O)cc1,cocrystal,2,ZEHDUL
O=Cc1ccc(cc1)c1ccc2nc(cc(c3ccccc3)c2c1)c1ccccc1,Cc1ccccc1,cocrystal,2,FODKOB
COc1ccc(cc1)C=NNC(=O)c1ccncc1,Fc1c(F)c(I)c(F)c(F)c1I,cocrystal,2,PIRFIJ
NNC(=O)c1cc[nH]cc1,OC(=O)c1cc(cc(c1)C(=O)[O])C(O)=O,salt,1,BAJXET
C[n]1ccc(cc1)C=Cc1ccc(O)cc1,Cc1cc(C)c(c(C)c1)S(=O)(=O)[O],salt,1,LOWYUU
O=C1CCCN1,OC(=O)C1=CC=CC=C1F,failed,0,
CC(C)(C)N1C=C[N](=C1)C(C)(C)C,N#C[C](c1ccccc1)c1ccccc1,salt,1,VAJHOH
CCOC(=O)C1=C(C)c2ccccc2[I]1,FC(F)(F)S(=O)(=O)[O],salt,1,XUQWOY
Clc1ccccc1C=NN1C(=S)NN=C1c1ccccc1Cl,Clc1ccccc1C=NNC(=S)NN=Cc1ccccc1Cl,solvate,3,HUFWOV
OC(=O)c1ccc(O)c(O)c1,NC(=O)c1cnccn1,cocrystal,2,NUSMIZ
N(c1ccccc1)[P](Nc1ccccc1)(Nc1ccccc1)Nc1ccccc1,O=C([O])c1cc(cc(c1)C(=O)[O])C(=O)[O],salt,1,OTINUB
Oc1c(Cl)cc(Cl)c2c1C(=O)C(=C1OC3=C(Cl)C(=O)c4c(O)c(Cl)cc(Cl)c4C3=C21)Cl,c1ccccc1,cocrystal,2,ECHNYL
OC(=O)c1cc(cc(c1[O])N(=O)=O)N(=O)=O,[NH3]CCCN1C=CN=C1,salt,1,TIYZIM
CCCCCCCC(O)=O,NC(=O)C1=CC=CC=C1O,failed,0,
Nc1cc(nc(N)[n]1O)N1CCCCC1,Clc1ccc(c(Cl)c1)C(=O)[O],hydrate,3,BOFWIG
O=[Cl](=O)(=O)[O],COC1C([S](C)CC(=O)N(CC=C)CC=C)C2CCC1(C)C2(C)C,salt,1,ECUBOU
O=C1C=Cc2cc(cc(c2C1=NNc1ccccc1)S(=O)(=O)[O])S(=O)(=O)[O],[NH3]CCCCC([NH3])C(O)=O,hydrate,3,ZUCQIX
Oc1c(cc(cc1N(=O)=O)N(=O)=O)N(=O)=O,O=C1C(CCC1=Cc1ccccc1)=Cc1ccccc1,cocrystal,2,NIXKEK
Clc1cccc(Cl)c1Nc1ccccc1CC(=O)[O],Nc1c[nH]ccc1,hydrate,3,LULQOB
COc1ccc2c(ccc3c4cccc5[n]4c(c4ccccc54)c(c4ccccc4)c23)c1,FC(F)(F)S(=O)(=O)[O],salt,1,AFAYIS
O=S(=O)([O])c1cccc2c1cccc2S(=O)(=O)[O],[NH3]C(c1ccccc1)(c1ccccc1)c1ccccc1,hydrate,3,XOKXEC
FC(F)(F)S(=O)(=O)[N]S(=O)(=O)C(F)(F)F,CCCCN1c2ccccc2[N](C)c2ccccc12,solvate,3,UNICOM
CC(C)CC1=CC=C(C=C1)C(C)C(O)=O,CC(C)C1=C(O)C=C(C)C=C1,failed,0,
N#CC(C#N)=C(C=C1C=CC=CC=C1)c1ccccc1,c1ccccc1,cocrystal,2,FEMRAS
Clc1cc2C(=O)OC(=O)c3cc(Cl)c4c5c(Cl)cc6C(=O)OC(=O)c7cc(Cl)c(c1c4c23)c5c67,S1C=CSC1=C1SC=CS1,solvate,3,RIZXUX
CC(=O)Oc1ccccc1C(=O)NC1=NC=C(S1)N(=O)=O,OC(=O)c1cc(O)ccc1O,solvate,3,SOCMAA
NC(CCCN=C(N)N)C(O)=O,NC(=O)N1C2=CC=CC=C2C=CC2=CC=CC=C12,failed,0,
FC1=C(F)C(=O)C(=C(F)C1=O)F,c1ccc2cc3c(ccc4ccccc34)cc2c1,cocrystal,2,KEMBIR
COC(=O)OC,O=C(OC1=CC=CC=C1)OC1=CC=CC=C1,failed,0,
Cc1ccc2c(ccc(O)c2c2c(O)ccc3cc(C)ccc23)c1,FC1=C(F)C(=O)C(=C(F)C1=O)F,cocrystal,2,RUCDOJ
S1C=CSC1=C1SC=CS1,O=C1N(c2ccncc2)C(=O)c2ccc3C(=O)N(c4ccncc4)C(=O)c4ccc1c2c34,cocrystal,2,FEKDUY
OC(=O)CCC(=O)c1ccc(cc1)c1ccccc1,c1cc(ccn1)C=Cc1ccncc1,cocrystal,2,UCESAZ
OC(C(F)(F)F)(C(F)(F)F)C([O])(C(F)(F)F)C(F)(F)F,CC[NH](CC)CC,salt,1,VIDHUO
NC(CCC(O)=O)C(O)=O,CC1=CC=C(C=C1)C(N)=O,failed,0,
Oc1cccc2ccc[nH]c12,OC(=O)c1nccnc1C(=O)[O],hydrate,3,QERLUV
I[I]I,C[N](C)(C)CCOC(=O)CCC(=O)OCC[N](C)(C)C,salt,1,VALVOU
CCN1C=C(C(O)=O)C(=O)c2cc(F)c(cc12)N1CC[NH](C)CC1,OC(=O)CC(=O)[O],hydrate,3,FIBCOL
CC(C(C)C(O)=O)C(O)=O,OC(=O)CCCCCCCC(O)=O,failed,0,
[NH3]C1(CCCCC1)CCC(O)=O,FC(F)(F)C(=O)[O],salt,1,CEKZIE
O=C([O])c1cc(cc(c1)N(=O)=O)N(=O)=O,NNC(N)=[NH2],hydrate,3,IJAJUA
S1C2=CC=CC=C2C2=CC=CC=C12,O1C2=CC=CC=C2C2=CC=CC=C12,failed,0,
OC(=O)C1=CC=CC=C1O,COC1=CC2=C(C=C1)N(C(=C2CC(O)=O)C)C(=O)C1=CC=C(Cl)C=C1,failed,0,
Nc1[nH]ccnc1C(O)=O,O=S(=O)([O])[O],hydrate,3,AMATEO
c1ccc2C#CC#Cc3ccccc3C#CC#Cc2c1,N#CC(C#N)=C1C=CC(C=C1)=C(C#N)C#N,cocrystal,2,JOCVEC
O=C([O])C(c1ccccc1)(c1ccccc1)c1ccccc1,[NH3]CCCCCCCCCC[NH3],salt,1,GAYDUJ
CC(=O)NC1=CC=C(O)C=C1,OC(=O)CCCCC(O)=O,failed,0,
CCCCCCCC(O)=O,NC(=O)C1=CC(=CC=C1)F,failed,0,
OC1=CC=C(O)C=C1,NC(=O)C1=CC=CC=C1O,failed,0,
NN1C(=[NH]N=C1N)N,O=C1N=[N]([O])N=C2N1[N]C(=C2N(=O)=O)N(=O)=O,hydrate,3,GIWVEQ
F[P](F)(F)(F)(F)F,CN(C)c1ccc(cc1)N=Cc1cc[n](cc1)c1ccccc1,salt,1,XEGMEB
NC(=O)C1=CC(=CC=C1)[N+](=O)[O-],NC(CCC(O)=O)C(O)=O,failed,0,
OC(=O)CCCC(=O)[O],[NH3]CCCCC([NH3])C(=O)[O],salt,1,QOYKAQ
[NH2]1CCCCC1,OC1=C(C(C2=COc3ccccc3C2=O)C2=C([O])c3ccccc3OC2=O)C(=O)Oc2ccccc12,hydrate,3,SENFEA
CC1=CNC(=O)NC1=O,Oc1cccc(O)c1O,cocrystal,2,OGIYUA
NC(N)=[NH2],O=N(=O)[N]C1=NON=C1[N]([O])=NC1=NON=C1N=NC1=NON=C1N=[N]([O])C1=NON=C1[N]N(=O)=O,salt,1,OXOPEY
O=N(=O)C1=N[N]C(=C1N(=O)=O)N(=O)=O,NN1C=[NH]N=C1,salt,1,ZIZQUW
OC(=O)C1=CC(=CC=C1)F,OC(=O)CCSCCC(O)=O,failed,0,
O=C1NC(=O)[N]C(=O)N1,NC(=[NH2])c1ccccc1,hydrate,3,BUHMAU
[nH]1ccc(cc1)c1ccccc1,OC(C(O)C(=O)[O])C(O)=O,hydrate,3,CICMUX
CN1C(=O)NC(=O)C2=C1NC=[N]2C,Oc1cccc(O)c1C(=O)[O],hydrate,3,HOWLIR
CC(=O)NC1=NN=C(S1)S(N)(=O)=O,O=C1CCCCN1,cocrystal,2,MADGIK
Fc1c(F)c(F)c(I)c(F)c1F,Cc1cc(c(C)cc1c1ccncc1)c1ccncc1,cocrystal,2,UTUQIM
[O][n]1ccc(cc1)c1ccncc1,OC(=O)c1ccc(cc1)C(O)=O,cocrystal,2,TADQIB
NC(=O)C1=CC=C(N)C=C1,NC(CCC(O)=O)C(O)=O,failed,0,
OC(C(O)C(=O)[O])C(O)=O,CC(C)(C)CCC#CC1CC1C1=CNC=[NH]1,salt,1,IREPAW
OC(=O)C1=CC(=CC=C1)[N+](=O)[O-],OC(CC(O)=O)C(O)=O,failed,0,
OC(=O)CCCCC(O)=O,OC(=O)CCCCCCCC(O)=O,failed,0,
C1COCCOCCOCCOCCOCCO1,Nc1c(F)c(F)c2ccc(Cl)nc2c1F,cocrystal,2,SOVYOU
Oc1ccc(cc1C(=O)[O])N(=O)=O,C1[NH]2CN3CN1CN(C2)C3,hydrate,3,FIFFIK
CN(C)C(=[NH]c1ccc([NH]=C(N(C)C)N(C)C)cc1)N(C)C,OC(=O)[O],hydrate,3,LOLRUD
[NH2](Cc1ccccc1)Cc1ccccc1,COc1ccc2cc(ccc2c1)C(C)C(=O)[O],salt,1,FIWZUI
O=N(=O)c1cc(c([O])c(c1)N(=O)=O)N(=O)=O,CC1OC(CC1=O)C[N](C)(C)C,salt,1,TAPMEC
Nc1[nH]c(N)nc(N)n1,O=S(=O)([O])CCS(=O)(=O)[O],hydrate,3,VOKFAF
CN1C(=O)N(C)C2=C(NC=N2)C1=O,OC(=O)C(O)=O,cocrystal,2,XEJWUF
NC(=[NH2])NO,O=N(=O)[N]N(=O)=O,salt,1,LURWIE
C1[N]2=CN(C=C2)c2cccc(n2)N2C=C[N](=C2)Cc2ccc(C[N]3=CN(C=C3)c3cccc(n3)N3C=C[N](=C3)Cc3ccc1cc3)cc2,F[P](F)(F)(F)(F)F,solvate,3,VUQMIE
O=[Cl](=O)(=O)[O],COc1ccc([I]O)c(c1)S(=O)(=O)C(C)(C)C,salt,1,HIJFAL
CC(CCC(N)=O)C1CCC2C3C(O)CC4CC(O)CCC4(C)C3CC(O)C12C,CC(C)(C)CO,cocrystal,2,QAZHIJ
CC(=O)NC1=CC=CC=C1,CC(=O)C1=CC(=CC=C1)O,failed,0,
C[N](C)(C)c1ccccc1,[O][O][O],salt,1,KUDYOX
C1C2=CC=CC=C2C2=CC=CC=C12,CC1=C(C=CC=C1[N+](=O)[O-])[N+](=O)[O-],failed,0,
CC1=[NH]C=CN1,OC(C(O)C(=O)[O])C(O)=O,salt,1,IRATED
CNC=O,OC(c1ccccc1)(c1ccccc1)c1ccc(cc1)C(O)(c1ccccc1)c1ccccc1,cocrystal,2,IBOXUU
OC1=CC=CC=C1[N+](=O)[O-],C1=CC2=CC3=CC=CC=C3C=C2C=C1,failed,0,
Cc1ccc(cc1)C(=NNC(=O)c1ccncc1)c1ccccc1,OC(=O)c1ccccc1O,cocrystal,2,YUJRAY
COC(C(=O)[O])(c1ccccc1)C(F)(F)F,Brc1cncc(c1)C1[NH2]CCC1,salt,1,HIFWEC
c1ccc(cc1)c1ccc(cc1)[n]1ccc(cc1)c1ccncc1,FC(F)(F)S(=O)(=O)[O],salt,1,YIXKAU
CC[N](CC)=C1C=C[C](C=C1)[N]#N,F[P](F)(F)(F)(F)F,salt,1,DARWEY
CCCCCCCC(O)=O,NC(=O)C1=CC=CC=C1N,failed,0,
II[I],C[P](Cc1ccccc1C[P](C)(C(C)(C)C)C(C)(C)C)(C(C)(C)C)C(C)(C)C,salt,1,NIPRIO
OC(C(O)C(=O)[O])C(O)=O,OC(=O)c1[nH]cccc1,hydrate,3,DULGIB
Clc1ccc(CC(=O)[O])cc1,[NH3]Cc1ccccc1,hydrate,3,JUNHUY
O1N=C(N=C1C1=NN=N[N]1)C1=NOC(=N1)C1=NN=N[N]1,[NH4],hydrate,3,WIBXIS
OC(=O)C1=CC(=CC=C1)O,CCOC1=CC=CC=C1C(N)=O,failed,0,
CC1(OP(=O)([O])C(C)(OP1(=O)[O])P(O)(=O)[O])P(O)(=O)[O],[NH4],hydrate,3,TATPON
Oc1cc(O)cc(c1)C(=O)[O],CCc1[nH]c(N)nc(N)c1c1ccc(Cl)cc1,hydrate,3,PIPREO
OCCN1N=N[N]C1=NN(=O)=O,NN[C](N)NN,hydrate,3,HAJXEX
OCC(O)C1OC(=O)C(=C1O)O,OC(=O)C1=CC(=CC=C1)[N+](=O)[O-],failed,0,
CCC1c2cc(C(CC)c3cc(C(CC)c4cc(C(CC)c5cc1c(O)c(C)c5O)c(O)c(C)c4O)c(O)c(C)c3O)c(O)c(C)c2O,[O][n]1cccc2ccccc12,solvate,3,ZUBQEU
OP(O)(=O)[O],O=C(NN=Cc1[nH]cccc1)NN=Cc1ccccn1,hydrate,3,LOFFIX
CC1=CC(=O)N(N1)c1ccccc1,CC1=NN(C(=C1)O)c1ccccc1,cocrystal,2,OYADUQ
Nc1ccc(cc1)N(=O)=O,COC(=O)c1cc(cc(c1O)N(=O)=O)N(=O)=O,cocrystal,2,TELVIP
OC(=O)C(O)=O,Cc1cccc(C)c1NC(=O)CN1CCCC1=O,cocrystal,2,OYUZAM
CC[N](CC)(CC)CC,[OH],hydrate,3,WOBSAH
CC(=NNC(=O)c1cccnc1)c1[nH]cccc1,O=[Cl](=O)(=O)[O],salt,1,HAFWET
[NH3]CC(=O)NCC(O)=O,O=N(=O)[O],salt,1,GLGLYN10
O=N(=O)c1cc(c([O])c(c1)N(=O)=O)N(=O)=O,COc1ccc2[NH]=C(N)Sc2c1,solvate,3,TOVWAG
[NH3]C(CCC[NH]=C(N)N)C(=O)[O],O=C([O])CCCCCC(=O)[O],hydrate,3,AKOFUB
CC(C)C1=C(O)C=C(C)C=C1,C1=CC=C2C=CC=CC2=C1,failed,0,
OC(=O)CC1=CC=CC=C1NC1=C(Cl)C=CC=C1Cl,ClC1=NC=CC=N1,failed,0,
OC(=O)C(O)=O,OC(=O)C1=CC=C(O)C=C1,failed,0,
Cc1ccccc1,CC1=C2C(c3ccc(Br)cc3)C3=C(C)c4ccccc4N3P(Cl)N2c2ccccc12,cocrystal,2,DEHZOH
O=C1NCc2ccc(CNC(=O)c3cccc(c3)C(=O)NCc3ccc(CNC(=O)c4cccc1c4)cc3)cc2,O=P(NCCNP(=O)(c1ccccc1)c1ccccc1)(c1ccccc1)c1ccccc1,solvate,3,EZADEP
OC(=O)C1=CC=CC=C1,C1=CC=C2C=CC=CC2=C1,failed,0,
OC(=O)C1=CC(=CC=C1)O,C1=CC=C2C(=C1)C=CC1=CC=CC=C21,failed,0,
O=C1C2Cc3ccccc3CC1Cc1cc3CC4Cc5cc6CC7Cc8ccccc8CC(Cc6cc5CC(Cc3cc1C2)C4=O)C7=O,c1ccccc1,solvate,3,JANJUD
OC(=O)c1c(Br)c(Br)c(C(O)=O)c(Br)c1Br,N1C=CN=C1,hydrate,3,WIWHUH
OC(=O)C1=CN=CC=C1,NC(=O)C1=CC=CC=C1[N+](=O)[O-],failed,0,
